#
# A fatal error has been detected by the Java Runtime Environment:
#
#  SIGABRT (0x6) at pc=0x00007d98c9e969bc (sent by kill), pid=59982, tid=59984
#
# JRE version: OpenJDK Runtime Environment JBR-21.0.8+9-1163.69-jcef (21.0.8+9) (build 21.0.8+9-b1163.69)
# Java VM: OpenJDK 64-Bit Server VM JBR-21.0.8+9-1163.69-jcef (21.0.8+9-b1163.69, mixed mode, sharing, tiered, compressed oops, compressed class ptrs, g1 gc, linux-amd64)
# Problematic frame:
# C  [libc.so.6+0x969bc]  pthread_kill+0x12c
#
# Core dump will be written. Default location: Core dumps may be processed with "/usr/share/apport/apport -p%p -s%s -c%c -d%d -P%P -u%u -g%g -F%F -- %E" (or dumping to /home/ubuntu/repos/minecraft-lua-map-maker/ide-plugin/core.59982)
#
# If you would like to submit a bug report, please visit:
#   https://youtrack.jetbrains.com/issues/JBR
#

---------------  S U M M A R Y ------------

Command Line: -Daether.connector.resumeDownloads=false -Dawt.lock.fair=true -Dcompose.swing.render.on.graphics=true -Didea.classpath.index.enabled=false -Didea.config.path=/home/ubuntu/repos/minecraft-lua-map-maker/ide-plugin/build/idea-sandbox/IU-2025.3/config-test -Didea.force.use.core.classloader=true -Didea.log.path=/home/ubuntu/repos/minecraft-lua-map-maker/ide-plugin/build/idea-sandbox/IU-2025.3/log-test -Didea.paths.selector=IntelliJIdea2025.3 -Didea.plugins.path=/home/ubuntu/repos/minecraft-lua-map-maker/ide-plugin/build/idea-sandbox/IU-2025.3/plugins-test -Didea.system.path=/home/ubuntu/repos/minecraft-lua-map-maker/ide-plugin/build/idea-sandbox/IU-2025.3/system-test -Didea.use.core.classloader.for.plugin.path=true -Didea.vendor.name=JetBrains -Dintellij.platform.runtime.repository.path=/home/ubuntu/.gradle/caches/8.10.2/transforms/81e4360543fbb01d4f7fb470fa49803d/transformed/ideaIU-2025.3/modules/module-descriptors.dat -Dintellij.testFramework.rethrow.logged.errors=true -Dio.netty.allocator.type=pooled -Djava.nio.file.spi.DefaultFileSystemProvider=com.intellij.platform.core.nio.fs.MultiRoutingFileSystemProvider -Djava.system.class.loader=com.intellij.util.lang.PathClassLoader -Djava.util.zip.use.nio.for.zip.file.access=true -Djbr.catch.SIGABRT=true -Djdk.attach.allowAttachSelf=true -Djdk.http.auth.tunneling.disabledSchemes="" -Djdk.module.illegalAccess.silent=true -Djdk.nio.maxCachedBufferSize=2097152 -Djna.boot.library.path=/home/ubuntu/.gradle/caches/8.10.2/transforms/81e4360543fbb01d4f7fb470fa49803d/transformed/ideaIU-2025.3/lib/jna/amd64 -Djna.noclasspath=true -Djna.nosys=true -Dorg.gradle.internal.worker.tmpdir=/home/ubuntu/repos/minecraft-lua-map-maker/ide-plugin/build/tmp/test/work -Dplugin.path=/home/ubuntu/repos/minecraft-lua-map-maker/ide-plugin/build/idea-sandbox/IU-2025.3/plugins-test/luamap-idea-plugin -Dpty4j.preferred.native.folder=/home/ubuntu/.gradle/caches/8.10.2/transforms/81e4360543fbb01d4f7fb470fa49803d/transformed/ideaIU-2025.3/lib/pty4j -Dsplash=true -Dsun.io.useCanonCaches=false -Dsun.java2d.metal=true -Dsun.tools.attach.tmp.only=true -XX:JbrShrinkingGcMaxHeapFreeRatio=40 -XX:ReservedCodeCacheSize=512m -XX:+HeapDumpOnOutOfMemoryError -XX:-OmitStackTraceInFastThrow -XX:CICompilerCount=2 -XX:+IgnoreUnrecognizedVMOptions -XX:+UnlockDiagnosticVMOptions -XX:TieredOldPercentage=100000 -javaagent:/home/ubuntu/repos/minecraft-lua-map-maker/ide-plugin/build/coroutines-javaagent.jar -Xbootclasspath/a:/home/ubuntu/.gradle/caches/8.10.2/transforms/81e4360543fbb01d4f7fb470fa49803d/transformed/ideaIU-2025.3/lib/nio-fs.jar --add-opens=java.base/java.io=ALL-UNNAMED --add-opens=java.base/java.lang=ALL-UNNAMED --add-opens=java.base/java.lang.ref=ALL-UNNAMED --add-opens=java.base/java.lang.reflect=ALL-UNNAMED --add-opens=java.base/java.net=ALL-UNNAMED --add-opens=java.base/java.nio=ALL-UNNAMED --add-opens=java.base/java.nio.charset=ALL-UNNAMED --add-opens=java.base/java.text=ALL-UNNAMED --add-opens=java.base/java.time=ALL-UNNAMED --add-opens=java.base/java.util=ALL-UNNAMED --add-opens=java.base/java.util.concurrent=ALL-UNNAMED --add-opens=java.base/java.util.concurrent.atomic=ALL-UNNAMED --add-opens=java.base/java.util.concurrent.locks=ALL-UNNAMED --add-opens=java.base/jdk.internal.ref=ALL-UNNAMED --add-opens=java.base/jdk.internal.vm=ALL-UNNAMED --add-opens=java.base/sun.net.dns=ALL-UNNAMED --add-opens=java.base/sun.nio=ALL-UNNAMED --add-opens=java.base/sun.nio.ch=ALL-UNNAMED --add-opens=java.base/sun.nio.fs=ALL-UNNAMED --add-opens=java.base/sun.security.ssl=ALL-UNNAMED --add-opens=java.base/sun.security.util=ALL-UNNAMED --add-opens=java.desktop/com.sun.java.swing=ALL-UNNAMED --add-opens=java.desktop/com.sun.java.swing.plaf.gtk=ALL-UNNAMED --add-opens=java.desktop/java.awt=ALL-UNNAMED --add-opens=java.desktop/java.awt.dnd.peer=ALL-UNNAMED --add-opens=java.desktop/java.awt.event=ALL-UNNAMED --add-opens=java.desktop/java.awt.font=ALL-UNNAMED --add-opens=java.desktop/java.awt.image=ALL-UNNAMED --add-opens=java.desktop/java.awt.peer=ALL-UNNAMED --add-opens=java.desktop/javax.swing=ALL-UNNAMED --add-opens=java.desktop/javax.swing.plaf.basic=ALL-UNNAMED --add-opens=java.desktop/javax.swing.text=ALL-UNNAMED --add-opens=java.desktop/javax.swing.text.html=ALL-UNNAMED --add-opens=java.desktop/javax.swing.text.html.parser=ALL-UNNAMED --add-opens=java.desktop/sun.awt=ALL-UNNAMED --add-opens=java.desktop/sun.awt.X11=ALL-UNNAMED --add-opens=java.desktop/sun.awt.datatransfer=ALL-UNNAMED --add-opens=java.desktop/sun.awt.image=ALL-UNNAMED --add-opens=java.desktop/sun.font=ALL-UNNAMED --add-opens=java.desktop/sun.java2d=ALL-UNNAMED --add-opens=java.desktop/sun.swing=ALL-UNNAMED --add-opens=java.management/sun.management=ALL-UNNAMED --add-opens=jdk.attach/sun.tools.attach=ALL-UNNAMED --add-opens=jdk.compiler/com.sun.tools.javac.api=ALL-UNNAMED --add-opens=jdk.internal.jvmstat/sun.jvmstat.monitor=ALL-UNNAMED --add-opens=jdk.jdi/com.sun.tools.jdi=ALL-UNNAMED -Xms128m -Xmx2048m -Dfile.encoding=UTF-8 -Duser.country -Duser.language=en -Duser.variant -ea -Dawt.toolkit.name=XToolkit worker.org.gradle.process.internal.worker.GradleWorkerMain 'Gradle Test Executor 42'

Host: INTEL(R) XEON(R) PLATINUM 8559C, 8 cores, 31G, Ubuntu 22.04.5 LTS
Time: Fri Sep 18 16:49:40 2026 UTC elapsed time: 0.316408 seconds (0d 0h 0m 0s)

---------------  T H R E A D  ---------------

Current thread (0x00007d98c40378a0):  JavaThread "main"             [_thread_in_vm, id=59984, stack(0x00007d98c8619000,0x00007d98c8719000) (1024K)]

Stack: [0x00007d98c8619000,0x00007d98c8719000],  sp=0x00007d98c87177f0,  free space=1017k
Native frames: (J=compiled Java code, j=interpreted, Vv=VM code, C=native code)
C  [libc.so.6+0x969bc]  pthread_kill+0x12c

siginfo: si_signo: 6 (SIGABRT), si_code: -6 (SI_TKILL), si_pid: 59982 (current process), si_uid: 1000

Registers:
RAX=0x0000000000000000, RBX=0x00007d98c8718640, RCX=0x00007d98c9e969bc, RDX=0x0000000000000006
RSP=0x00007d98c87177f0, RBP=0x000000000000ea50, RSI=0x000000000000ea50, RDI=0x000000000000ea4e
R8 =0x00007d98c87178c0, R9 =0x0000000000000000, R10=0x0000000000000008, R11=0x0000000000000246
R12=0x0000000000000006, R13=0x0000000000000016, R14=0x00007d98c8717ad8, R15=0x0000000000000000
RIP=0x00007d98c9e969bc, EFLAGS=0x0000000000000246, CSGSFS=0x002b000000000033, ERR=0x0000000000000004
  TRAPNO=0x000000000000000e

XMM[0]=0x00007d98c4037fb0 0x00007d98c4037fa0
XMM[1]=0x0000000000000000 0x0000000000000000
XMM[2]=0x0000000000000000 0x0000000000000002
XMM[3]=0x00007d98c8716650 0x00007d98c8716650
XMM[4]=0x0000000000000000 0x00007d98c8716667
XMM[5]=0x0000000000000000 0x00007d98c4000090
XMM[6]=0x0000000000000000 0x00007d98c40378a0
XMM[7]=0x0000000000000000 0x0000000000000000
XMM[8]=0xff00000000000000 0x0000000000000000
XMM[9]=0x6161616161616161 0x6161616161616161
XMM[10]=0x6112150f040c040d 0x2404020013350a02
XMM[11]=0x0000000000000000 0x0000000174359406
XMM[12]=0x0000000000000000 0x0000000000000000
XMM[13]=0x0000000000000000 0x0000000000000000
XMM[14]=0x0000000000000000 0x0000000000000000
XMM[15]=0x0000000000000000 0x0000000000000000
  MXCSR=0x00001fa2


Register to memory mapping:

RAX=0x0 is null
RBX=0x00007d98c8718640 is pointing into the stack for thread: 0x00007d98c40378a0
RCX=0x00007d98c9e969bc: pthread_kill+0x000000000000012c in /lib/x86_64-linux-gnu/libc.so.6 at 0x00007d98c9e00000
RDX=0x0000000000000006 is an unknown value
RSP=0x00007d98c87177f0 is pointing into the stack for thread: 0x00007d98c40378a0
RBP=0x000000000000ea50 is an unknown value
RSI=0x000000000000ea50 is an unknown value
RDI=0x000000000000ea4e is an unknown value
R8 =0x00007d98c87178c0 is pointing into the stack for thread: 0x00007d98c40378a0
R9 =0x0 is null
R10=0x0000000000000008 is an unknown value
R11=0x0000000000000246 is an unknown value
R12=0x0000000000000006 is an unknown value
R13=0x0000000000000016 is an unknown value
R14=0x00007d98c8717ad8 is pointing into the stack for thread: 0x00007d98c40378a0
R15=0x0 is null

Top of Stack: (sp=0x00007d98c87177f0)
0x00007d98c87177f0:   0000000000000000 0000000000000000
0x00007d98c8717800:   0000000000000000 00007d98c8717e50
0x00007d98c8717810:   00007d98c8717e50 00007d98c980ac88
0x00007d98c8717820:   00007d983e00dd60 00007d98c871788c
0x00007d98c8717830:   00007d98c8717890 000000640100e0d0
0x00007d98c8717840:   0000000000000000 0000000000000000
0x00007d98c8717850:   0000000000000000 0000000000000000
0x00007d98c8717860:   0000000000000002 0000000000000000
0x00007d98c8717870:   0000000000000000 1dbf76a76bb63a00
0x00007d98c8717880:   00007d98c8718640 0000000000000006
0x00007d98c8717890:   00007d98c40378a0 00007d98ca118758
0x00007d98c87178a0:   00007d98c8717ad8 00007d98c9e42476
0x00007d98c87178b0:   00007d98ca01be90 00007d98c9e287f3
0x00007d98c87178c0:   0000000000000020 00007d98c978644b
0x00007d98c87178d0:   00007d98c8717940 00007d98c8c47d04
0x00007d98c87178e0:   00007d98c4000b70 00000001c997f480
0x00007d98c87178f0:   00007d98c8717ad8 0000000000000000
0x00007d98c8717900:   00007d98c8717a20 00007d98c9506d5d
0x00007d98c8717910:   00007d98c4037fa0 1dbf76a76bb63a00
0x00007d98c8717920:   00007d98c8718640 ffffffffffffff80
0x00007d98c8717930:   0000000000000002 1dbf76a76bb63a00
0x00007d98c8717940:   00007d98ca0622f0 ffffffffffffff80
0x00007d98c8717950:   0000000000000002 00007d98c4018980
0x00007d98c8717960:   00007d98ca0622f0 00007d98c8717ad8
0x00007d98c8717970:   0000000000000000 00007d98c9ea5413
0x00007d98c8717980:   00007d98c87179a0 00007d98ca061716
0x00007d98c8717990:   00007d98c40378a0 00007d98c8e23830
0x00007d98c87179a0:   00007d98c87179c0 00007d98ca06198d
0x00007d98c87179b0:   00007d98c40378a0 00007d98c40378a0
0x00007d98c87179c0:   00007d98c87179f0 00007d98c8e24137
0x00007d98c87179d0:   0000000000000001 1dbf76a76bb63a00
0x00007d98c87179e0:   0000000000000001 0000000000000001 

Instructions: (pc=0x00007d98c9e969bc)
0x00007d98c9e968bc:   00 31 c0 83 fa 01 76 7e 48 89 fb 41 89 f4 64 48
0x00007d98c9e968cc:   3b 3c 25 10 00 00 00 0f 84 c7 00 00 00 49 89 e6
0x00007d98c9e968dc:   41 ba 08 00 00 00 31 ff b8 0e 00 00 00 4c 89 f2
0x00007d98c9e968ec:   48 8d 35 6d c1 13 00 0f 05 31 c0 48 8d ab 74 09
0x00007d98c9e968fc:   00 00 ba 01 00 00 00 f0 0f b1 55 00 0f 85 ca 00
0x00007d98c9e9690c:   00 00 80 bb 73 09 00 00 00 74 59 45 31 ed 31 d2
0x00007d98c9e9691c:   87 93 74 09 00 00 83 fa 01 0f 8f bd 00 00 00 41
0x00007d98c9e9692c:   ba 08 00 00 00 31 d2 4c 89 f6 bf 02 00 00 00 b8
0x00007d98c9e9693c:   0e 00 00 00 0f 05 48 8b 84 24 88 00 00 00 64 48
0x00007d98c9e9694c:   2b 04 25 28 00 00 00 0f 85 9c 00 00 00 48 81 c4
0x00007d98c9e9695c:   90 00 00 00 44 89 e8 5b 5d 41 5c 41 5d 41 5e c3
0x00007d98c9e9696c:   0f 1f 40 00 44 8b ab d0 02 00 00 e8 84 56 05 00
0x00007d98c9e9697c:   44 89 e2 89 c7 44 89 ee b8 ea 00 00 00 0f 05 3d
0x00007d98c9e9698c:   00 f0 ff ff 76 85 41 89 c5 41 f7 dd eb 80 66 0f
0x00007d98c9e9699c:   1f 44 00 00 b8 ba 00 00 00 0f 05 89 c5 e8 52 56
0x00007d98c9e969ac:   05 00 44 89 e2 89 ee 89 c7 b8 ea 00 00 00 0f 05
0x00007d98c9e969bc:   41 89 c5 41 f7 dd 3d 00 f0 ff ff b8 00 00 00 00
0x00007d98c9e969cc:   44 0f 46 e8 e9 6d ff ff ff 0f 1f 00 48 89 ef e8
0x00007d98c9e969dc:   10 a8 ff ff e9 29 ff ff ff 0f 1f 00 48 89 ef e8
0x00007d98c9e969ec:   d0 a8 ff ff e9 36 ff ff ff e8 96 fb 09 00 66 0f
0x00007d98c9e969fc:   1f 44 00 00 f3 0f 1e fa c3 66 2e 0f 1f 84 00 00
0x00007d98c9e96a0c:   00 00 00 90 41 57 41 56 41 55 41 54 55 48 89 fd
0x00007d98c9e96a1c:   53 48 83 ec 28 64 48 8b 04 25 28 00 00 00 48 89
0x00007d98c9e96a2c:   44 24 18 31 c0 64 8b 04 25 d0 02 00 00 89 44 24
0x00007d98c9e96a3c:   0c 8b 57 10 4c 8d 77 10 89 d0 83 e0 7f 83 f8 33
0x00007d98c9e96a4c:   0f 8f a6 01 00 00 83 f8 2f 0f 8f f5 00 00 00 83
0x00007d98c9e96a5c:   f8 13 0f 8f e4 00 00 00 83 e2 70 0f 84 ab 00 00
0x00007d98c9e96a6c:   00 4c 8d 4f 20 64 4c 89 0c 25 f0 02 00 00 8b 5c
0x00007d98c9e96a7c:   24 0c 8b 17 41 bf ca 00 00 00 41 bd 81 08 00 00
0x00007d98c9e96a8c:   81 cb 00 00 00 80 85 d2 0f 85 20 03 00 00 89 d0
0x00007d98c9e96a9c:   f0 0f b1 5d 00 89 c2 85 c0 0f 85 0f 03 00 00 81
0x00007d98c9e96aac:   7d 08 fe ff ff 7f 0f 84 2a 05 00 00 c7 45 04 01 


Stack slot to memory mapping:

stack at sp + 0 slots: 0x0 is null
stack at sp + 1 slots: 0x0 is null
stack at sp + 2 slots: 0x0 is null
stack at sp + 3 slots: 0x00007d98c8717e50 is pointing into the stack for thread: 0x00007d98c40378a0
stack at sp + 4 slots: 0x00007d98c8717e50 is pointing into the stack for thread: 0x00007d98c40378a0
stack at sp + 5 slots: 0x00007d98c980ac88: <offset 0x000000000100ac88> in /home/ubuntu/.gradle/caches/8.10.2/transforms/81e4360543fbb01d4f7fb470fa49803d/transformed/ideaIU-2025.3/jbr/lib/server/libjvm.so at 0x00007d98c8800000
stack at sp + 6 slots: 0x00007d983e00dd60 is a pointer to class: 
java.lang.Throwable {0x00007d983e00dd60}
 - instance size:     5
 - klass size:        82
 - access:            public synchronized 
 - flags:             rewritten has_nonstatic_fields is_shared_boot_class has_localvariable_table has_final_method 
 - state:             fully_initialized
 - name:              'java/lang/Throwable'
 - super:             'java/lang/Object'
 - sub:               'java/lang/Exception'   'java/lang/Error'   
 - arrays:            'java/lang/Throwable'[]
 - methods:           Array<T>(0x00007d983fb6e670)
 - method ordering:   Array<T>(0x00007d983fb6e5f0)
 - local interfaces:  Array<T>(0x00007d983ee82ef8)
 - trans. interfaces: Array<T>(0x00007d983ee82ef8)
 - secondary supers: Array<T>(0x00007d983ee82ef8)
 - hash_slot:         30
 - bitmap:            0x0000000100000000
 - constants:         constant pool [428] {0x00007d983fb6d2f8} for 'java/lang/Throwable' cache=0x00007d983eb3bb20
 - class loader data:  loader data: 0x00007d98c41487c0 of 'bootstrap'
 - source file:       'Throwable.java'
 - inner classes:     Array<T>(0x00007d983fb6f770)
 - nest members:     Array<T>(0x00007d983fb6e568)
 - permitted subclasses:     Array<T>(0x00007d983ee74df8)
 - java mirror:       a 'java/lang/Class'{0x00000000ffe2c0c0} = 'java/lang/Throwable'
 - vtable length      15  (start addr: 0x00007d983e00df60)
 - itable length      2 (start addr: 0x00007d983e00dfd8)
 - ---- static fields (6 words):
 - private static final 'serialVersionUID' 'J' @144 
 - private static final 'UNASSIGNED_STACK' '[Ljava/lang/StackTraceElement;' @112 
 - private static final 'SUPPRESSED_SENTINEL' 'Ljava/util/List;' @116 
 - private static final 'NULL_CAUSE_MESSAGE' 'Ljava/lang/String;' @120 
 - private static final 'SELF_SUPPRESSION_MESSAGE' 'Ljava/lang/String;' @124 
 - private static final 'CAUSE_CAPTION' 'Ljava/lang/String;' @128 
 - private static final 'SUPPRESSED_CAPTION' 'Ljava/lang/String;' @132 
 - private static final 'EMPTY_THROWABLE_ARRAY' '[Ljava/lang/Throwable;' @136 
 - private static volatile '$$jb$additionalInfoSupplier' 'Ljava/util/function/Supplier;' @140 
 - static final synthetic '$assertionsDisabled' 'Z' @152 
 - ---- non-static fields (6 words):
 - private transient 'depth' 'I' @12 
 - private transient 'backtrace' 'Ljava/lang/Object;' @16 
 - private 'detailMessage' 'Ljava/lang/String;' @20 
 - private 'cause' 'Ljava/lang/Throwable;' @24 
 - private 'stackTrace' '[Ljava/lang/StackTraceElement;' @28 
 - private 'suppressedExceptions' 'Ljava/util/List;' @32 
 - non-static oop maps: 16-32 
stack at sp + 7 slots: 0x00007d98c871788c is pointing into the stack for thread: 0x00007d98c40378a0


---------------  P R O C E S S  ---------------

Threads class SMR info:
_java_thread_list=0x00007d98c4177000, length=9, elements={
0x00007d98c40378a0, 0x00007d98c4169cb0, 0x00007d98c416cef0, 0x00007d98c416e460,
0x00007d98c416fd00, 0x00007d98c4171340, 0x00007d98c41728d0, 0x00007d98c4174400,
0x00007d98c4175ab0
}

Java Threads: ( => current thread )
=>0x00007d98c40378a0 JavaThread "main"                              [_thread_in_vm, id=59984, stack(0x00007d98c8619000,0x00007d98c8719000) (1024K)]
  0x00007d98c4169cb0 JavaThread "Common-Cleaner"             daemon [_thread_blocked, id=59992, stack(0x00007d988db00000,0x00007d988dc00000) (1024K)]
  0x00007d98c416cef0 JavaThread "Reference Handler"          daemon [_thread_blocked, id=59993, stack(0x00007d988da00000,0x00007d988db00000) (1024K)]
  0x00007d98c416e460 JavaThread "Finalizer"                  daemon [_thread_blocked, id=59994, stack(0x00007d988d900000,0x00007d988da00000) (1024K)]
  0x00007d98c416fd00 JavaThread "Signal Dispatcher"          daemon [_thread_blocked, id=59995, stack(0x00007d988d800000,0x00007d988d900000) (1024K)]
  0x00007d98c4171340 JavaThread "Service Thread"             daemon [_thread_blocked, id=59996, stack(0x00007d988d700000,0x00007d988d800000) (1024K)]
  0x00007d98c41728d0 JavaThread "Monitor Deflation Thread"   daemon [_thread_blocked, id=59997, stack(0x00007d988d600000,0x00007d988d700000) (1024K)]
  0x00007d98c4174400 JavaThread "C2 CompilerThread0"         daemon [_thread_blocked, id=59998, stack(0x00007d988d500000,0x00007d988d600000) (1024K)]
  0x00007d98c4175ab0 JavaThread "C1 CompilerThread0"         daemon [_thread_blocked, id=59999, stack(0x00007d988d400000,0x00007d988d500000) (1024K)]
Total: 9

Other Threads:
  0x00007d98c415edb0 VMThread "VM Thread"                           [id=59991, stack(0x00007d988df00000,0x00007d988e000000) (1024K)]
  0x00007d98c414f080 WatcherThread "VM Periodic Task Thread"        [id=59990, stack(0x00007d989c058000,0x00007d989c158000) (1024K)]
  0x00007d98c4090700 WorkerThread "GC Thread#0"                     [id=59985, stack(0x00007d989cf00000,0x00007d989d000000) (1024K)]
  0x00007d9834007c00 WorkerThread "GC Thread#1"                     [id=60000, stack(0x00007d97f4991000,0x00007d97f4a91000) (1024K)]
  0x00007d9834008670 WorkerThread "GC Thread#2"                     [id=60001, stack(0x00007d97f4890000,0x00007d97f4990000) (1024K)]
  0x00007d9834068460 WorkerThread "GC Thread#3"                     [id=60002, stack(0x00007d9780700000,0x00007d9780800000) (1024K)]
  0x00007d9834068c70 WorkerThread "GC Thread#4"                     [id=60003, stack(0x00007d977ff00000,0x00007d9780000000) (1024K)]
  0x00007d98c40a1d10 ConcurrentGCThread "G1 Main Marker"            [id=59986, stack(0x00007d989cdff000,0x00007d989ceff000) (1024K)]
  0x00007d98c40a2cb0 WorkerThread "G1 Conc#0"                       [id=59987, stack(0x00007d989ccfe000,0x00007d989cdfe000) (1024K)]
  0x00007d98c4139720 ConcurrentGCThread "G1 Refine#0"               [id=59988, stack(0x00007d989c3f5000,0x00007d989c4f5000) (1024K)]
  0x00007d98c413a6d0 ConcurrentGCThread "G1 Service"                [id=59989, stack(0x00007d989c2f4000,0x00007d989c3f4000) (1024K)]
Total: 11

Threads with active compile tasks:
Total: 0

VM state: not at safepoint (normal execution)

VM Mutex/Monitor currently owned by a thread: None

Heap address: 0x0000000080000000, size: 2048 MB, Compressed Oops mode: 32-bit

CDS archive(s) mapped at: [0x00007d983e000000-0x00007d983fc7e000-0x00007d983fc7e000), size 29876224, SharedBaseAddress: 0x00007d983e000000, ArchiveRelocationMode: 1.
Compressed class space mapped at: 0x00007d9840000000-0x00007d9880000000, reserved size: 1073741824
Narrow klass base: 0x00007d983e000000, Narrow klass shift: 0, Narrow klass range: 0x100000000

GC Precious Log:
 CardTable entry size: 512
 Card Set container configuration: InlinePtr #cards 5 size 8 Array Of Cards #cards 12 size 40 Howl #buckets 4 coarsen threshold 1843 Howl Bitmap #cards 512 size 80 coarsen threshold 460 Card regions per heap region 1 cards per card region 2048
 CPUs: 8 total, 8 available
 Memory: 32094M
 Large Page Support: Disabled
 NUMA Support: Disabled
 Compressed Oops: Enabled (32-bit)
 Heap Region Size: 1M
 Heap Min Capacity: 128M
 Heap Initial Capacity: 128M
 Heap Max Capacity: 2G
 Pre-touch: Disabled
 Parallel Workers: 8
 Concurrent Workers: 2
 Concurrent Refinement Workers: 8
 Periodic GC: Disabled

Heap:
 garbage-first heap   total 237568K, used 72250K [0x0000000080000000, 0x0000000100000000)
  region size 1024K, 24 young (24576K), 11 survivors (11264K)
 Metaspace       used 1360K, committed 1472K, reserved 1114112K
  class space    used 74K, committed 128K, reserved 1048576K

Heap Regions: E=young(eden), S=young(survivor), O=old, HS=humongous(starts), HC=humongous(continues), CS=collection set, F=free, TAMS=top-at-mark-start, PB=parsable bottom
|   0|0x0000000080000000, 0x0000000080100000, 0x0000000080100000|100%| O|  |TAMS 0x0000000080000000| PB 0x0000000080000000| Untracked 
|   1|0x0000000080100000, 0x0000000080200000, 0x0000000080200000|100%|HS|  |TAMS 0x0000000080100000| PB 0x0000000080100000| Complete 
|   2|0x0000000080200000, 0x0000000080300000, 0x0000000080300000|100%|HC|  |TAMS 0x0000000080200000| PB 0x0000000080200000| Complete 
|   3|0x0000000080300000, 0x0000000080400000, 0x0000000080400000|100%|HS|  |TAMS 0x0000000080300000| PB 0x0000000080300000| Complete 
|   4|0x0000000080400000, 0x0000000080500000, 0x0000000080500000|100%|HC|  |TAMS 0x0000000080400000| PB 0x0000000080400000| Complete 
|   5|0x0000000080500000, 0x0000000080600000, 0x0000000080600000|100%| O|  |TAMS 0x0000000080500000| PB 0x0000000080500000| Untracked 
|   6|0x0000000080600000, 0x0000000080700000, 0x0000000080700000|100%| O|  |TAMS 0x0000000080600000| PB 0x0000000080600000| Untracked 
|   7|0x0000000080700000, 0x0000000080800000, 0x0000000080800000|100%| O|  |TAMS 0x0000000080700000| PB 0x0000000080700000| Untracked 
|   8|0x0000000080800000, 0x0000000080900000, 0x0000000080900000|100%| O|  |TAMS 0x0000000080800000| PB 0x0000000080800000| Untracked 
|   9|0x0000000080900000, 0x0000000080a00000, 0x0000000080a00000|100%| O|  |TAMS 0x0000000080900000| PB 0x0000000080900000| Untracked 
|  10|0x0000000080a00000, 0x0000000080b00000, 0x0000000080b00000|100%| O|  |TAMS 0x0000000080a00000| PB 0x0000000080a00000| Untracked 
|  11|0x0000000080b00000, 0x0000000080c00000, 0x0000000080c00000|100%|HS|  |TAMS 0x0000000080b00000| PB 0x0000000080b00000| Complete 
|  12|0x0000000080c00000, 0x0000000080d00000, 0x0000000080d00000|100%|HC|  |TAMS 0x0000000080c00000| PB 0x0000000080c00000| Complete 
|  13|0x0000000080d00000, 0x0000000080e00000, 0x0000000080e00000|100%|HS|  |TAMS 0x0000000080d00000| PB 0x0000000080d00000| Complete 
|  14|0x0000000080e00000, 0x0000000080f00000, 0x0000000080f00000|100%|HC|  |TAMS 0x0000000080e00000| PB 0x0000000080e00000| Complete 
|  15|0x0000000080f00000, 0x0000000081000000, 0x0000000081000000|100%| O|  |TAMS 0x0000000080f00000| PB 0x0000000080f00000| Untracked 
|  16|0x0000000081000000, 0x0000000081100000, 0x0000000081100000|100%| O|  |TAMS 0x0000000081000000| PB 0x0000000081000000| Untracked 
|  17|0x0000000081100000, 0x0000000081200000, 0x0000000081200000|100%| O|  |TAMS 0x0000000081100000| PB 0x0000000081100000| Untracked 
|  18|0x0000000081200000, 0x0000000081300000, 0x0000000081300000|100%| O|  |TAMS 0x0000000081200000| PB 0x0000000081200000| Untracked 
|  19|0x0000000081300000, 0x000000008135e730, 0x0000000081400000| 36%| O|  |TAMS 0x0000000081300000| PB 0x0000000081300000| Untracked 
|  20|0x0000000081400000, 0x0000000081500000, 0x0000000081500000|100%|HS|  |TAMS 0x0000000081400000| PB 0x0000000081400000| Complete 
|  21|0x0000000081500000, 0x0000000081600000, 0x0000000081600000|100%|HS|  |TAMS 0x0000000081500000| PB 0x0000000081500000| Complete 
|  22|0x0000000081600000, 0x0000000081700000, 0x0000000081700000|100%|HS|  |TAMS 0x0000000081600000| PB 0x0000000081600000| Complete 
|  23|0x0000000081700000, 0x0000000081800000, 0x0000000081800000|100%|HS|  |TAMS 0x0000000081700000| PB 0x0000000081700000| Complete 
|  24|0x0000000081800000, 0x0000000081900000, 0x0000000081900000|100%|HS|  |TAMS 0x0000000081800000| PB 0x0000000081800000| Complete 
|  25|0x0000000081900000, 0x0000000081a00000, 0x0000000081a00000|100%|HS|  |TAMS 0x0000000081900000| PB 0x0000000081900000| Complete 
|  26|0x0000000081a00000, 0x0000000081b00000, 0x0000000081b00000|100%|HS|  |TAMS 0x0000000081a00000| PB 0x0000000081a00000| Complete 
|  27|0x0000000081b00000, 0x0000000081c00000, 0x0000000081c00000|100%|HS|  |TAMS 0x0000000081b00000| PB 0x0000000081b00000| Complete 
|  28|0x0000000081c00000, 0x0000000081d00000, 0x0000000081d00000|100%|HS|  |TAMS 0x0000000081c00000| PB 0x0000000081c00000| Complete 
|  29|0x0000000081d00000, 0x0000000081e00000, 0x0000000081e00000|100%|HS|  |TAMS 0x0000000081d00000| PB 0x0000000081d00000| Complete 
|  30|0x0000000081e00000, 0x0000000081f00000, 0x0000000081f00000|100%|HS|  |TAMS 0x0000000081e00000| PB 0x0000000081e00000| Complete 
|  31|0x0000000081f00000, 0x0000000082000000, 0x0000000082000000|100%|HS|  |TAMS 0x0000000081f00000| PB 0x0000000081f00000| Complete 
|  32|0x0000000082000000, 0x0000000082100000, 0x0000000082100000|100%|HS|  |TAMS 0x0000000082000000| PB 0x0000000082000000| Complete 
|  33|0x0000000082100000, 0x0000000082200000, 0x0000000082200000|100%|HS|  |TAMS 0x0000000082100000| PB 0x0000000082100000| Complete 
|  34|0x0000000082200000, 0x0000000082300000, 0x0000000082300000|100%|HS|  |TAMS 0x0000000082200000| PB 0x0000000082200000| Complete 
|  35|0x0000000082300000, 0x0000000082400000, 0x0000000082400000|100%|HS|  |TAMS 0x0000000082300000| PB 0x0000000082300000| Complete 
|  36|0x0000000082400000, 0x0000000082500000, 0x0000000082500000|100%|HS|  |TAMS 0x0000000082400000| PB 0x0000000082400000| Complete 
|  37|0x0000000082500000, 0x0000000082600000, 0x0000000082600000|100%|HS|  |TAMS 0x0000000082500000| PB 0x0000000082500000| Complete 
|  38|0x0000000082600000, 0x0000000082700000, 0x0000000082700000|100%|HS|  |TAMS 0x0000000082600000| PB 0x0000000082600000| Complete 
|  39|0x0000000082700000, 0x0000000082800000, 0x0000000082800000|100%|HS|  |TAMS 0x0000000082700000| PB 0x0000000082700000| Complete 
|  40|0x0000000082800000, 0x0000000082900000, 0x0000000082900000|100%|HS|  |TAMS 0x0000000082800000| PB 0x0000000082800000| Complete 
|  41|0x0000000082900000, 0x0000000082a00000, 0x0000000082a00000|100%|HS|  |TAMS 0x0000000082900000| PB 0x0000000082900000| Complete 
|  42|0x0000000082a00000, 0x0000000082b00000, 0x0000000082b00000|100%|HS|  |TAMS 0x0000000082a00000| PB 0x0000000082a00000| Complete 
|  43|0x0000000082b00000, 0x0000000082c00000, 0x0000000082c00000|100%|HS|  |TAMS 0x0000000082b00000| PB 0x0000000082b00000| Complete 
|  44|0x0000000082c00000, 0x0000000082c00000, 0x0000000082d00000|  0%| F|  |TAMS 0x0000000082c00000| PB 0x0000000082c00000| Untracked 
|  45|0x0000000082d00000, 0x0000000082d00000, 0x0000000082e00000|  0%| F|  |TAMS 0x0000000082d00000| PB 0x0000000082d00000| Untracked 
|  46|0x0000000082e00000, 0x0000000082e00000, 0x0000000082f00000|  0%| F|  |TAMS 0x0000000082e00000| PB 0x0000000082e00000| Untracked 
|  47|0x0000000082f00000, 0x0000000082f00000, 0x0000000083000000|  0%| F|  |TAMS 0x0000000082f00000| PB 0x0000000082f00000| Untracked 
|  48|0x0000000083000000, 0x0000000083000000, 0x0000000083100000|  0%| F|  |TAMS 0x0000000083000000| PB 0x0000000083000000| Untracked 
|  49|0x0000000083100000, 0x0000000083100000, 0x0000000083200000|  0%| F|  |TAMS 0x0000000083100000| PB 0x0000000083100000| Untracked 
|  50|0x0000000083200000, 0x0000000083200000, 0x0000000083300000|  0%| F|  |TAMS 0x0000000083200000| PB 0x0000000083200000| Untracked 
|  51|0x0000000083300000, 0x0000000083300000, 0x0000000083400000|  0%| F|  |TAMS 0x0000000083300000| PB 0x0000000083300000| Untracked 
|  52|0x0000000083400000, 0x0000000083400000, 0x0000000083500000|  0%| F|  |TAMS 0x0000000083400000| PB 0x0000000083400000| Untracked 
|  53|0x0000000083500000, 0x0000000083500000, 0x0000000083600000|  0%| F|  |TAMS 0x0000000083500000| PB 0x0000000083500000| Untracked 
|  54|0x0000000083600000, 0x0000000083600000, 0x0000000083700000|  0%| F|  |TAMS 0x0000000083600000| PB 0x0000000083600000| Untracked 
|  55|0x0000000083700000, 0x0000000083700000, 0x0000000083800000|  0%| F|  |TAMS 0x0000000083700000| PB 0x0000000083700000| Untracked 
|  56|0x0000000083800000, 0x0000000083800000, 0x0000000083900000|  0%| F|  |TAMS 0x0000000083800000| PB 0x0000000083800000| Untracked 
|  57|0x0000000083900000, 0x0000000083900000, 0x0000000083a00000|  0%| F|  |TAMS 0x0000000083900000| PB 0x0000000083900000| Untracked 
|  58|0x0000000083a00000, 0x0000000083a00000, 0x0000000083b00000|  0%| F|  |TAMS 0x0000000083a00000| PB 0x0000000083a00000| Untracked 
|  59|0x0000000083b00000, 0x0000000083b00000, 0x0000000083c00000|  0%| F|  |TAMS 0x0000000083b00000| PB 0x0000000083b00000| Untracked 
|  60|0x0000000083c00000, 0x0000000083c00000, 0x0000000083d00000|  0%| F|  |TAMS 0x0000000083c00000| PB 0x0000000083c00000| Untracked 
|  61|0x0000000083d00000, 0x0000000083d00000, 0x0000000083e00000|  0%| F|  |TAMS 0x0000000083d00000| PB 0x0000000083d00000| Untracked 
|  62|0x0000000083e00000, 0x0000000083e00000, 0x0000000083f00000|  0%| F|  |TAMS 0x0000000083e00000| PB 0x0000000083e00000| Untracked 
|  63|0x0000000083f00000, 0x0000000083f00000, 0x0000000084000000|  0%| F|  |TAMS 0x0000000083f00000| PB 0x0000000083f00000| Untracked 
|  64|0x0000000084000000, 0x0000000084000000, 0x0000000084100000|  0%| F|  |TAMS 0x0000000084000000| PB 0x0000000084000000| Untracked 
|  65|0x0000000084100000, 0x0000000084100000, 0x0000000084200000|  0%| F|  |TAMS 0x0000000084100000| PB 0x0000000084100000| Untracked 
|  66|0x0000000084200000, 0x0000000084200000, 0x0000000084300000|  0%| F|  |TAMS 0x0000000084200000| PB 0x0000000084200000| Untracked 
|  67|0x0000000084300000, 0x0000000084300000, 0x0000000084400000|  0%| F|  |TAMS 0x0000000084300000| PB 0x0000000084300000| Untracked 
|  68|0x0000000084400000, 0x0000000084400000, 0x0000000084500000|  0%| F|  |TAMS 0x0000000084400000| PB 0x0000000084400000| Untracked 
|  69|0x0000000084500000, 0x0000000084500000, 0x0000000084600000|  0%| F|  |TAMS 0x0000000084500000| PB 0x0000000084500000| Untracked 
|  70|0x0000000084600000, 0x0000000084600000, 0x0000000084700000|  0%| F|  |TAMS 0x0000000084600000| PB 0x0000000084600000| Untracked 
|  71|0x0000000084700000, 0x0000000084700000, 0x0000000084800000|  0%| F|  |TAMS 0x0000000084700000| PB 0x0000000084700000| Untracked 
|  72|0x0000000084800000, 0x0000000084800000, 0x0000000084900000|  0%| F|  |TAMS 0x0000000084800000| PB 0x0000000084800000| Untracked 
|  73|0x0000000084900000, 0x0000000084900000, 0x0000000084a00000|  0%| F|  |TAMS 0x0000000084900000| PB 0x0000000084900000| Untracked 
|  74|0x0000000084a00000, 0x0000000084a00000, 0x0000000084b00000|  0%| F|  |TAMS 0x0000000084a00000| PB 0x0000000084a00000| Untracked 
|  75|0x0000000084b00000, 0x0000000084b00000, 0x0000000084c00000|  0%| F|  |TAMS 0x0000000084b00000| PB 0x0000000084b00000| Untracked 
|  76|0x0000000084c00000, 0x0000000084c00000, 0x0000000084d00000|  0%| F|  |TAMS 0x0000000084c00000| PB 0x0000000084c00000| Untracked 
|  77|0x0000000084d00000, 0x0000000084d00000, 0x0000000084e00000|  0%| F|  |TAMS 0x0000000084d00000| PB 0x0000000084d00000| Untracked 
|  78|0x0000000084e00000, 0x0000000084e00000, 0x0000000084f00000|  0%| F|  |TAMS 0x0000000084e00000| PB 0x0000000084e00000| Untracked 
|  79|0x0000000084f00000, 0x0000000084f00000, 0x0000000085000000|  0%| F|  |TAMS 0x0000000084f00000| PB 0x0000000084f00000| Untracked 
|  80|0x0000000085000000, 0x0000000085000000, 0x0000000085100000|  0%| F|  |TAMS 0x0000000085000000| PB 0x0000000085000000| Untracked 
|  81|0x0000000085100000, 0x0000000085100000, 0x0000000085200000|  0%| F|  |TAMS 0x0000000085100000| PB 0x0000000085100000| Untracked 
|  82|0x0000000085200000, 0x0000000085200000, 0x0000000085300000|  0%| F|  |TAMS 0x0000000085200000| PB 0x0000000085200000| Untracked 
|  83|0x0000000085300000, 0x0000000085300000, 0x0000000085400000|  0%| F|  |TAMS 0x0000000085300000| PB 0x0000000085300000| Untracked 
|  84|0x0000000085400000, 0x0000000085400000, 0x0000000085500000|  0%| F|  |TAMS 0x0000000085400000| PB 0x0000000085400000| Untracked 
|  85|0x0000000085500000, 0x0000000085500000, 0x0000000085600000|  0%| F|  |TAMS 0x0000000085500000| PB 0x0000000085500000| Untracked 
|  86|0x0000000085600000, 0x0000000085600000, 0x0000000085700000|  0%| F|  |TAMS 0x0000000085600000| PB 0x0000000085600000| Untracked 
|  87|0x0000000085700000, 0x0000000085700000, 0x0000000085800000|  0%| F|  |TAMS 0x0000000085700000| PB 0x0000000085700000| Untracked 
|  88|0x0000000085800000, 0x0000000085800000, 0x0000000085900000|  0%| F|  |TAMS 0x0000000085800000| PB 0x0000000085800000| Untracked 
|  89|0x0000000085900000, 0x0000000085900000, 0x0000000085a00000|  0%| F|  |TAMS 0x0000000085900000| PB 0x0000000085900000| Untracked 
|  90|0x0000000085a00000, 0x0000000085a00000, 0x0000000085b00000|  0%| F|  |TAMS 0x0000000085a00000| PB 0x0000000085a00000| Untracked 
|  91|0x0000000085b00000, 0x0000000085b00000, 0x0000000085c00000|  0%| F|  |TAMS 0x0000000085b00000| PB 0x0000000085b00000| Untracked 
|  92|0x0000000085c00000, 0x0000000085c00000, 0x0000000085d00000|  0%| F|  |TAMS 0x0000000085c00000| PB 0x0000000085c00000| Untracked 
|  93|0x0000000085d00000, 0x0000000085d00000, 0x0000000085e00000|  0%| F|  |TAMS 0x0000000085d00000| PB 0x0000000085d00000| Untracked 
|  94|0x0000000085e00000, 0x0000000085e00000, 0x0000000085f00000|  0%| F|  |TAMS 0x0000000085e00000| PB 0x0000000085e00000| Untracked 
|  95|0x0000000085f00000, 0x0000000085f00000, 0x0000000086000000|  0%| F|  |TAMS 0x0000000085f00000| PB 0x0000000085f00000| Untracked 
|  96|0x0000000086000000, 0x0000000086000000, 0x0000000086100000|  0%| F|  |TAMS 0x0000000086000000| PB 0x0000000086000000| Untracked 
|  97|0x0000000086100000, 0x0000000086200000, 0x0000000086200000|100%|HS|  |TAMS 0x0000000086100000| PB 0x0000000086100000| Complete 
|  98|0x0000000086200000, 0x0000000086300000, 0x0000000086300000|100%|HS|  |TAMS 0x0000000086200000| PB 0x0000000086200000| Complete 
|  99|0x0000000086300000, 0x0000000086400000, 0x0000000086400000|100%|HS|  |TAMS 0x0000000086300000| PB 0x0000000086300000| Complete 
| 100|0x0000000086400000, 0x0000000086400000, 0x0000000086500000|  0%| F|  |TAMS 0x0000000086400000| PB 0x0000000086400000| Untracked 
| 101|0x0000000086500000, 0x0000000086500000, 0x0000000086600000|  0%| F|  |TAMS 0x0000000086500000| PB 0x0000000086500000| Untracked 
| 102|0x0000000086600000, 0x0000000086600000, 0x0000000086700000|  0%| F|  |TAMS 0x0000000086600000| PB 0x0000000086600000| Untracked 
| 103|0x0000000086700000, 0x0000000086700000, 0x0000000086800000|  0%| F|  |TAMS 0x0000000086700000| PB 0x0000000086700000| Untracked 
| 104|0x0000000086800000, 0x0000000086800000, 0x0000000086900000|  0%| F|  |TAMS 0x0000000086800000| PB 0x0000000086800000| Untracked 
| 105|0x0000000086900000, 0x0000000086900000, 0x0000000086a00000|  0%| F|  |TAMS 0x0000000086900000| PB 0x0000000086900000| Untracked 
| 106|0x0000000086a00000, 0x0000000086a00000, 0x0000000086b00000|  0%| F|  |TAMS 0x0000000086a00000| PB 0x0000000086a00000| Untracked 
| 107|0x0000000086b00000, 0x0000000086b00000, 0x0000000086c00000|  0%| F|  |TAMS 0x0000000086b00000| PB 0x0000000086b00000| Untracked 
| 108|0x0000000086c00000, 0x0000000086c00000, 0x0000000086d00000|  0%| F|  |TAMS 0x0000000086c00000| PB 0x0000000086c00000| Untracked 
| 109|0x0000000086d00000, 0x0000000086d00000, 0x0000000086e00000|  0%| F|  |TAMS 0x0000000086d00000| PB 0x0000000086d00000| Untracked 
| 110|0x0000000086e00000, 0x0000000086e00000, 0x0000000086f00000|  0%| F|  |TAMS 0x0000000086e00000| PB 0x0000000086e00000| Untracked 
| 111|0x0000000086f00000, 0x0000000086f00000, 0x0000000087000000|  0%| F|  |TAMS 0x0000000086f00000| PB 0x0000000086f00000| Untracked 
| 112|0x0000000087000000, 0x0000000087000000, 0x0000000087100000|  0%| F|  |TAMS 0x0000000087000000| PB 0x0000000087000000| Untracked 
| 113|0x0000000087100000, 0x0000000087100000, 0x0000000087200000|  0%| F|  |TAMS 0x0000000087100000| PB 0x0000000087100000| Untracked 
| 114|0x0000000087200000, 0x0000000087200000, 0x0000000087300000|  0%| F|  |TAMS 0x0000000087200000| PB 0x0000000087200000| Untracked 
| 115|0x0000000087300000, 0x0000000087300000, 0x0000000087400000|  0%| F|  |TAMS 0x0000000087300000| PB 0x0000000087300000| Untracked 
| 116|0x0000000087400000, 0x0000000087400000, 0x0000000087500000|  0%| F|  |TAMS 0x0000000087400000| PB 0x0000000087400000| Untracked 
| 117|0x0000000087500000, 0x0000000087500000, 0x0000000087600000|  0%| F|  |TAMS 0x0000000087500000| PB 0x0000000087500000| Untracked 
| 118|0x0000000087600000, 0x0000000087600000, 0x0000000087700000|  0%| F|  |TAMS 0x0000000087600000| PB 0x0000000087600000| Untracked 
| 119|0x0000000087700000, 0x0000000087700000, 0x0000000087800000|  0%| F|  |TAMS 0x0000000087700000| PB 0x0000000087700000| Untracked 
| 120|0x0000000087800000, 0x0000000087800000, 0x0000000087900000|  0%| F|  |TAMS 0x0000000087800000| PB 0x0000000087800000| Untracked 
| 121|0x0000000087900000, 0x0000000087900000, 0x0000000087a00000|  0%| F|  |TAMS 0x0000000087900000| PB 0x0000000087900000| Untracked 
| 122|0x0000000087a00000, 0x0000000087a00000, 0x0000000087b00000|  0%| F|  |TAMS 0x0000000087a00000| PB 0x0000000087a00000| Untracked 
| 123|0x0000000087b00000, 0x0000000087b00000, 0x0000000087c00000|  0%| F|  |TAMS 0x0000000087b00000| PB 0x0000000087b00000| Untracked 
| 124|0x0000000087c00000, 0x0000000087c00000, 0x0000000087d00000|  0%| F|  |TAMS 0x0000000087c00000| PB 0x0000000087c00000| Untracked 
| 125|0x0000000087d00000, 0x0000000087d00000, 0x0000000087e00000|  0%| F|  |TAMS 0x0000000087d00000| PB 0x0000000087d00000| Untracked 
| 126|0x0000000087e00000, 0x0000000087e00000, 0x0000000087f00000|  0%| F|  |TAMS 0x0000000087e00000| PB 0x0000000087e00000| Untracked 
| 127|0x0000000087f00000, 0x0000000087f00000, 0x0000000088000000|  0%| F|  |TAMS 0x0000000087f00000| PB 0x0000000087f00000| Untracked 
| 128|0x0000000088000000, 0x0000000088000000, 0x0000000088100000|  0%| F|  |TAMS 0x0000000088000000| PB 0x0000000088000000| Untracked 
| 129|0x0000000088100000, 0x0000000088100000, 0x0000000088200000|  0%| F|  |TAMS 0x0000000088100000| PB 0x0000000088100000| Untracked 
| 130|0x0000000088200000, 0x0000000088200000, 0x0000000088300000|  0%| F|  |TAMS 0x0000000088200000| PB 0x0000000088200000| Untracked 
| 131|0x0000000088300000, 0x0000000088300000, 0x0000000088400000|  0%| F|  |TAMS 0x0000000088300000| PB 0x0000000088300000| Untracked 
| 132|0x0000000088400000, 0x0000000088400000, 0x0000000088500000|  0%| F|  |TAMS 0x0000000088400000| PB 0x0000000088400000| Untracked 
| 133|0x0000000088500000, 0x0000000088500000, 0x0000000088600000|  0%| F|  |TAMS 0x0000000088500000| PB 0x0000000088500000| Untracked 
| 134|0x0000000088600000, 0x0000000088600000, 0x0000000088700000|  0%| F|  |TAMS 0x0000000088600000| PB 0x0000000088600000| Untracked 
| 135|0x0000000088700000, 0x0000000088700000, 0x0000000088800000|  0%| F|  |TAMS 0x0000000088700000| PB 0x0000000088700000| Untracked 
| 136|0x0000000088800000, 0x0000000088800000, 0x0000000088900000|  0%| F|  |TAMS 0x0000000088800000| PB 0x0000000088800000| Untracked 
| 137|0x0000000088900000, 0x0000000088900000, 0x0000000088a00000|  0%| F|  |TAMS 0x0000000088900000| PB 0x0000000088900000| Untracked 
| 138|0x0000000088a00000, 0x0000000088a00000, 0x0000000088b00000|  0%| F|  |TAMS 0x0000000088a00000| PB 0x0000000088a00000| Untracked 
| 139|0x0000000088b00000, 0x0000000088b00000, 0x0000000088c00000|  0%| F|  |TAMS 0x0000000088b00000| PB 0x0000000088b00000| Untracked 
| 140|0x0000000088c00000, 0x0000000088c00000, 0x0000000088d00000|  0%| F|  |TAMS 0x0000000088c00000| PB 0x0000000088c00000| Untracked 
| 141|0x0000000088d00000, 0x0000000088d00000, 0x0000000088e00000|  0%| F|  |TAMS 0x0000000088d00000| PB 0x0000000088d00000| Untracked 
| 142|0x0000000088e00000, 0x0000000088e00000, 0x0000000088f00000|  0%| F|  |TAMS 0x0000000088e00000| PB 0x0000000088e00000| Untracked 
| 143|0x0000000088f00000, 0x0000000088f00000, 0x0000000089000000|  0%| F|  |TAMS 0x0000000088f00000| PB 0x0000000088f00000| Untracked 
| 144|0x0000000089000000, 0x0000000089000000, 0x0000000089100000|  0%| F|  |TAMS 0x0000000089000000| PB 0x0000000089000000| Untracked 
| 145|0x0000000089100000, 0x0000000089100000, 0x0000000089200000|  0%| F|  |TAMS 0x0000000089100000| PB 0x0000000089100000| Untracked 
| 146|0x0000000089200000, 0x0000000089200000, 0x0000000089300000|  0%| F|  |TAMS 0x0000000089200000| PB 0x0000000089200000| Untracked 
| 147|0x0000000089300000, 0x0000000089300000, 0x0000000089400000|  0%| F|  |TAMS 0x0000000089300000| PB 0x0000000089300000| Untracked 
| 148|0x0000000089400000, 0x0000000089400000, 0x0000000089500000|  0%| F|  |TAMS 0x0000000089400000| PB 0x0000000089400000| Untracked 
| 149|0x0000000089500000, 0x0000000089500000, 0x0000000089600000|  0%| F|  |TAMS 0x0000000089500000| PB 0x0000000089500000| Untracked 
| 150|0x0000000089600000, 0x0000000089600000, 0x0000000089700000|  0%| F|  |TAMS 0x0000000089600000| PB 0x0000000089600000| Untracked 
| 151|0x0000000089700000, 0x0000000089700000, 0x0000000089800000|  0%| F|  |TAMS 0x0000000089700000| PB 0x0000000089700000| Untracked 
| 152|0x0000000089800000, 0x0000000089800000, 0x0000000089900000|  0%| F|  |TAMS 0x0000000089800000| PB 0x0000000089800000| Untracked 
| 153|0x0000000089900000, 0x0000000089900000, 0x0000000089a00000|  0%| F|  |TAMS 0x0000000089900000| PB 0x0000000089900000| Untracked 
| 154|0x0000000089a00000, 0x0000000089a00000, 0x0000000089b00000|  0%| F|  |TAMS 0x0000000089a00000| PB 0x0000000089a00000| Untracked 
| 155|0x0000000089b00000, 0x0000000089b00000, 0x0000000089c00000|  0%| F|  |TAMS 0x0000000089b00000| PB 0x0000000089b00000| Untracked 
| 156|0x0000000089c00000, 0x0000000089c00000, 0x0000000089d00000|  0%| F|  |TAMS 0x0000000089c00000| PB 0x0000000089c00000| Untracked 
| 157|0x0000000089d00000, 0x0000000089d00000, 0x0000000089e00000|  0%| F|  |TAMS 0x0000000089d00000| PB 0x0000000089d00000| Untracked 
| 158|0x0000000089e00000, 0x0000000089e00000, 0x0000000089f00000|  0%| F|  |TAMS 0x0000000089e00000| PB 0x0000000089e00000| Untracked 
| 159|0x0000000089f00000, 0x0000000089f00000, 0x000000008a000000|  0%| F|  |TAMS 0x0000000089f00000| PB 0x0000000089f00000| Untracked 
| 160|0x000000008a000000, 0x000000008a000000, 0x000000008a100000|  0%| F|  |TAMS 0x000000008a000000| PB 0x000000008a000000| Untracked 
| 161|0x000000008a100000, 0x000000008a100000, 0x000000008a200000|  0%| F|  |TAMS 0x000000008a100000| PB 0x000000008a100000| Untracked 
| 162|0x000000008a200000, 0x000000008a200000, 0x000000008a300000|  0%| F|  |TAMS 0x000000008a200000| PB 0x000000008a200000| Untracked 
| 163|0x000000008a300000, 0x000000008a300000, 0x000000008a400000|  0%| F|  |TAMS 0x000000008a300000| PB 0x000000008a300000| Untracked 
| 164|0x000000008a400000, 0x000000008a400000, 0x000000008a500000|  0%| F|  |TAMS 0x000000008a400000| PB 0x000000008a400000| Untracked 
| 165|0x000000008a500000, 0x000000008a500000, 0x000000008a600000|  0%| F|  |TAMS 0x000000008a500000| PB 0x000000008a500000| Untracked 
| 166|0x000000008a600000, 0x000000008a600000, 0x000000008a700000|  0%| F|  |TAMS 0x000000008a600000| PB 0x000000008a600000| Untracked 
| 167|0x000000008a700000, 0x000000008a700000, 0x000000008a800000|  0%| F|  |TAMS 0x000000008a700000| PB 0x000000008a700000| Untracked 
| 168|0x000000008a800000, 0x000000008a800000, 0x000000008a900000|  0%| F|  |TAMS 0x000000008a800000| PB 0x000000008a800000| Untracked 
| 169|0x000000008a900000, 0x000000008a900000, 0x000000008aa00000|  0%| F|  |TAMS 0x000000008a900000| PB 0x000000008a900000| Untracked 
| 170|0x000000008aa00000, 0x000000008aa00000, 0x000000008ab00000|  0%| F|  |TAMS 0x000000008aa00000| PB 0x000000008aa00000| Untracked 
| 171|0x000000008ab00000, 0x000000008ab00000, 0x000000008ac00000|  0%| F|  |TAMS 0x000000008ab00000| PB 0x000000008ab00000| Untracked 
| 172|0x000000008ac00000, 0x000000008ac00000, 0x000000008ad00000|  0%| F|  |TAMS 0x000000008ac00000| PB 0x000000008ac00000| Untracked 
| 173|0x000000008ad00000, 0x000000008ad00000, 0x000000008ae00000|  0%| F|  |TAMS 0x000000008ad00000| PB 0x000000008ad00000| Untracked 
| 174|0x000000008ae00000, 0x000000008ae00000, 0x000000008af00000|  0%| F|  |TAMS 0x000000008ae00000| PB 0x000000008ae00000| Untracked 
| 175|0x000000008af00000, 0x000000008af00000, 0x000000008b000000|  0%| F|  |TAMS 0x000000008af00000| PB 0x000000008af00000| Untracked 
| 176|0x000000008b000000, 0x000000008b000000, 0x000000008b100000|  0%| F|  |TAMS 0x000000008b000000| PB 0x000000008b000000| Untracked 
| 177|0x000000008b100000, 0x000000008b200000, 0x000000008b200000|100%| S|CS|TAMS 0x000000008b100000| PB 0x000000008b100000| Complete 
| 178|0x000000008b200000, 0x000000008b300000, 0x000000008b300000|100%| S|CS|TAMS 0x000000008b200000| PB 0x000000008b200000| Complete 
| 179|0x000000008b300000, 0x000000008b400000, 0x000000008b400000|100%| S|CS|TAMS 0x000000008b300000| PB 0x000000008b300000| Complete 
| 180|0x000000008b400000, 0x000000008b500000, 0x000000008b500000|100%| S|CS|TAMS 0x000000008b400000| PB 0x000000008b400000| Complete 
| 181|0x000000008b500000, 0x000000008b600000, 0x000000008b600000|100%| S|CS|TAMS 0x000000008b500000| PB 0x000000008b500000| Complete 
| 182|0x000000008b600000, 0x000000008b700000, 0x000000008b700000|100%| S|CS|TAMS 0x000000008b600000| PB 0x000000008b600000| Complete 
| 183|0x000000008b700000, 0x000000008b800000, 0x000000008b800000|100%| S|CS|TAMS 0x000000008b700000| PB 0x000000008b700000| Complete 
| 184|0x000000008b800000, 0x000000008b900000, 0x000000008b900000|100%| S|CS|TAMS 0x000000008b800000| PB 0x000000008b800000| Complete 
| 185|0x000000008b900000, 0x000000008ba00000, 0x000000008ba00000|100%| S|CS|TAMS 0x000000008b900000| PB 0x000000008b900000| Complete 
| 186|0x000000008ba00000, 0x000000008bb00000, 0x000000008bb00000|100%| S|CS|TAMS 0x000000008ba00000| PB 0x000000008ba00000| Complete 
| 187|0x000000008bb00000, 0x000000008bc00000, 0x000000008bc00000|100%| S|CS|TAMS 0x000000008bb00000| PB 0x000000008bb00000| Complete 
| 188|0x000000008bc00000, 0x000000008bc00000, 0x000000008bd00000|  0%| F|  |TAMS 0x000000008bc00000| PB 0x000000008bc00000| Untracked 
| 189|0x000000008bd00000, 0x000000008bd00000, 0x000000008be00000|  0%| F|  |TAMS 0x000000008bd00000| PB 0x000000008bd00000| Untracked 
| 190|0x000000008be00000, 0x000000008be00000, 0x000000008bf00000|  0%| F|  |TAMS 0x000000008be00000| PB 0x000000008be00000| Untracked 
| 191|0x000000008bf00000, 0x000000008bf00000, 0x000000008c000000|  0%| F|  |TAMS 0x000000008bf00000| PB 0x000000008bf00000| Untracked 
| 192|0x000000008c000000, 0x000000008c000000, 0x000000008c100000|  0%| F|  |TAMS 0x000000008c000000| PB 0x000000008c000000| Untracked 
| 193|0x000000008c100000, 0x000000008c100000, 0x000000008c200000|  0%| F|  |TAMS 0x000000008c100000| PB 0x000000008c100000| Untracked 
| 194|0x000000008c200000, 0x000000008c200000, 0x000000008c300000|  0%| F|  |TAMS 0x000000008c200000| PB 0x000000008c200000| Untracked 
| 195|0x000000008c300000, 0x000000008c300000, 0x000000008c400000|  0%| F|  |TAMS 0x000000008c300000| PB 0x000000008c300000| Untracked 
| 196|0x000000008c400000, 0x000000008c400000, 0x000000008c500000|  0%| F|  |TAMS 0x000000008c400000| PB 0x000000008c400000| Untracked 
| 197|0x000000008c500000, 0x000000008c500000, 0x000000008c600000|  0%| F|  |TAMS 0x000000008c500000| PB 0x000000008c500000| Untracked 
| 198|0x000000008c600000, 0x000000008c600000, 0x000000008c700000|  0%| F|  |TAMS 0x000000008c600000| PB 0x000000008c600000| Untracked 
| 199|0x000000008c700000, 0x000000008c700000, 0x000000008c800000|  0%| F|  |TAMS 0x000000008c700000| PB 0x000000008c700000| Untracked 
| 200|0x000000008c800000, 0x000000008c800000, 0x000000008c900000|  0%| F|  |TAMS 0x000000008c800000| PB 0x000000008c800000| Untracked 
| 201|0x000000008c900000, 0x000000008c900000, 0x000000008ca00000|  0%| F|  |TAMS 0x000000008c900000| PB 0x000000008c900000| Untracked 
| 202|0x000000008ca00000, 0x000000008ca00000, 0x000000008cb00000|  0%| F|  |TAMS 0x000000008ca00000| PB 0x000000008ca00000| Untracked 
| 203|0x000000008cb00000, 0x000000008cb00000, 0x000000008cc00000|  0%| F|  |TAMS 0x000000008cb00000| PB 0x000000008cb00000| Untracked 
| 204|0x000000008cc00000, 0x000000008cc00000, 0x000000008cd00000|  0%| F|  |TAMS 0x000000008cc00000| PB 0x000000008cc00000| Untracked 
| 205|0x000000008cd00000, 0x000000008cd00000, 0x000000008ce00000|  0%| F|  |TAMS 0x000000008cd00000| PB 0x000000008cd00000| Untracked 
| 206|0x000000008ce00000, 0x000000008ce00000, 0x000000008cf00000|  0%| F|  |TAMS 0x000000008ce00000| PB 0x000000008ce00000| Untracked 
| 207|0x000000008cf00000, 0x000000008cf00000, 0x000000008d000000|  0%| F|  |TAMS 0x000000008cf00000| PB 0x000000008cf00000| Untracked 
| 208|0x000000008d000000, 0x000000008d000000, 0x000000008d100000|  0%| F|  |TAMS 0x000000008d000000| PB 0x000000008d000000| Untracked 
| 209|0x000000008d100000, 0x000000008d100000, 0x000000008d200000|  0%| F|  |TAMS 0x000000008d100000| PB 0x000000008d100000| Untracked 
| 210|0x000000008d200000, 0x000000008d200000, 0x000000008d300000|  0%| F|  |TAMS 0x000000008d200000| PB 0x000000008d200000| Untracked 
| 211|0x000000008d300000, 0x000000008d300000, 0x000000008d400000|  0%| F|  |TAMS 0x000000008d300000| PB 0x000000008d300000| Untracked 
| 212|0x000000008d400000, 0x000000008d400000, 0x000000008d500000|  0%| F|  |TAMS 0x000000008d400000| PB 0x000000008d400000| Untracked 
| 213|0x000000008d500000, 0x000000008d500000, 0x000000008d600000|  0%| F|  |TAMS 0x000000008d500000| PB 0x000000008d500000| Untracked 
| 214|0x000000008d600000, 0x000000008d600000, 0x000000008d700000|  0%| F|  |TAMS 0x000000008d600000| PB 0x000000008d600000| Untracked 
| 215|0x000000008d700000, 0x000000008d700000, 0x000000008d800000|  0%| F|  |TAMS 0x000000008d700000| PB 0x000000008d700000| Untracked 
| 216|0x000000008d800000, 0x000000008d890018, 0x000000008d900000| 56%| E|  |TAMS 0x000000008d800000| PB 0x000000008d800000| Complete 
| 217|0x000000008d900000, 0x000000008da00000, 0x000000008da00000|100%| E|CS|TAMS 0x000000008d900000| PB 0x000000008d900000| Complete 
| 218|0x000000008da00000, 0x000000008db00000, 0x000000008db00000|100%| E|CS|TAMS 0x000000008da00000| PB 0x000000008da00000| Complete 
| 219|0x000000008db00000, 0x000000008dc00000, 0x000000008dc00000|100%| E|CS|TAMS 0x000000008db00000| PB 0x000000008db00000| Complete 
| 220|0x000000008dc00000, 0x000000008dd00000, 0x000000008dd00000|100%| E|  |TAMS 0x000000008dc00000| PB 0x000000008dc00000| Complete 
| 221|0x000000008dd00000, 0x000000008de00000, 0x000000008de00000|100%| E|CS|TAMS 0x000000008dd00000| PB 0x000000008dd00000| Complete 
| 222|0x000000008de00000, 0x000000008df00000, 0x000000008df00000|100%| E|CS|TAMS 0x000000008de00000| PB 0x000000008de00000| Complete 
| 223|0x000000008df00000, 0x000000008e000000, 0x000000008e000000|100%| E|CS|TAMS 0x000000008df00000| PB 0x000000008df00000| Complete 
| 224|0x000000008e000000, 0x000000008e100000, 0x000000008e100000|100%| E|CS|TAMS 0x000000008e000000| PB 0x000000008e000000| Complete 
| 225|0x000000008e100000, 0x000000008e200000, 0x000000008e200000|100%| E|CS|TAMS 0x000000008e100000| PB 0x000000008e100000| Complete 
| 226|0x000000008e200000, 0x000000008e300000, 0x000000008e300000|100%| E|CS|TAMS 0x000000008e200000| PB 0x000000008e200000| Complete 
| 227|0x000000008e300000, 0x000000008e400000, 0x000000008e400000|100%| E|CS|TAMS 0x000000008e300000| PB 0x000000008e300000| Complete 
| 228|0x000000008e400000, 0x000000008e500000, 0x000000008e500000|100%| E|CS|TAMS 0x000000008e400000| PB 0x000000008e400000| Complete 
|2045|0x00000000ffd00000, 0x00000000ffe00000, 0x00000000ffe00000|100%| O|  |TAMS 0x00000000ffd00000| PB 0x00000000ffd00000| Untracked 
|2046|0x00000000ffe00000, 0x00000000fff00000, 0x00000000fff00000|100%| O|  |TAMS 0x00000000ffe00000| PB 0x00000000ffe00000| Untracked 
|2047|0x00000000fff00000, 0x00000000fff303b8, 0x0000000100000000| 18%| O|  |TAMS 0x00000000fff00000| PB 0x00000000fff00000| Untracked 

Card table byte_map: [0x00007d989f000000,0x00007d989f400000] _byte_map_base: 0x00007d989ec00000

Marking Bits: (CMBitMap*) 0x00007d98c4091220
 Bits: [0x00007d989d000000, 0x00007d989f000000)

Polling page: 0x00007d98ca11d000

Metaspace:

Usage:
  Non-class:      1.26 MB used.
      Class:     74.96 KB used.
       Both:      1.33 MB used.

Virtual space:
  Non-class space:       64.00 MB reserved,       1.31 MB (  2%) committed,  1 nodes.
      Class space:        1.00 GB reserved,     128.00 KB ( <1%) committed,  1 nodes.
             Both:        1.06 GB reserved,       1.44 MB ( <1%) committed. 

Chunk freelists:
   Non-Class:  11.58 MB
       Class:  15.69 MB
        Both:  27.27 MB

MaxMetaspaceSize: unlimited
CompressedClassSpaceSize: 1.00 GB
Initial GC threshold: 21.00 MB
Current GC threshold: 21.00 MB
CDS: on
 - commit_granule_bytes: 65536.
 - commit_granule_words: 8192.
 - virtual_space_node_default_size: 8388608.
 - enlarge_chunks_in_place: 1.
 - use_allocation_guard: 0.


Internal statistics:

num_allocs_failed_limit: 0.
num_arena_births: 52.
num_arena_deaths: 0.
num_vsnodes_births: 2.
num_vsnodes_deaths: 0.
num_space_committed: 23.
num_space_uncommitted: 0.
num_chunks_returned_to_freelist: 0.
num_chunks_taken_from_freelist: 80.
num_chunk_merges: 0.
num_chunk_splits: 55.
num_chunks_enlarged: 36.
num_inconsistent_stats: 0.

CodeHeap 'non-profiled nmethods': size=259300Kb used=292Kb max_used=292Kb free=259007Kb
 bounds [0x00007d98b00c7000, 0x00007d98b0337000, 0x00007d98bfe00000]
CodeHeap 'profiled nmethods': size=259296Kb used=1386Kb max_used=1386Kb free=257909Kb
 bounds [0x00007d989fe00000, 0x00007d98a0070000, 0x00007d98afb38000]
CodeHeap 'non-nmethods': size=5692Kb used=1394Kb max_used=1411Kb free=4297Kb
 bounds [0x00007d98afb38000, 0x00007d98afda8000, 0x00007d98b00c7000]
CodeCache: size=524288Kb, used=3072Kb, max_used=3089Kb, free=521213Kb
 total_blobs=1275, nmethods=853, adapters=328, full_count=0
Compilation: enabled, stopped_count=0, restarted_count=0

Compilation events (20 events):
Event: 0.291 Thread 0x00007d98c4175ab0  844       3       sun.nio.ch.IOStatus::normalize (12 bytes)
Event: 0.291 Thread 0x00007d98c4175ab0 nmethod 844 0x00007d989ff52a10 code [0x00007d989ff52ba0, 0x00007d989ff52cf0]
Event: 0.291 Thread 0x00007d98c4175ab0  845       3       sun.nio.ch.FileChannelImpl::map (171 bytes)
Event: 0.292 Thread 0x00007d98c4175ab0 nmethod 845 0x00007d989ff52d90 code [0x00007d989ff53040, 0x00007d989ff53f48]
Event: 0.292 Thread 0x00007d98c4175ab0  846       3       sun.nio.ch.FileChannelImpl::isSync (30 bytes)
Event: 0.292 Thread 0x00007d98c4175ab0 nmethod 846 0x00007d989ff54390 code [0x00007d989ff54540, 0x00007d989ff547e0]
Event: 0.292 Thread 0x00007d98c4175ab0  847       3       sun.nio.ch.FileChannelImpl::toProt (64 bytes)
Event: 0.292 Thread 0x00007d98c4175ab0 nmethod 847 0x00007d989ff54890 code [0x00007d989ff54a60, 0x00007d989ff54dc0]
Event: 0.292 Thread 0x00007d98c4175ab0  848   !   3       sun.nio.ch.FileChannelImpl::mapInternal (673 bytes)
Event: 0.293 Thread 0x00007d98c4175ab0 nmethod 848 0x00007d989ff54e90 code [0x00007d989ff554e0, 0x00007d989ff58438]
Event: 0.293 Thread 0x00007d98c4175ab0  849       3       sun.nio.ch.FileChannelImpl::checkMode (76 bytes)
Event: 0.293 Thread 0x00007d98c4175ab0 nmethod 849 0x00007d989ff59e10 code [0x00007d989ff5a000, 0x00007d989ff5a4a0]
Event: 0.293 Thread 0x00007d98c4175ab0  850       3       sun.nio.ch.UnixFileDispatcherImpl::allocationGranularity (4 bytes)
Event: 0.293 Thread 0x00007d98c4175ab0 nmethod 850 0x00007d989ff5a610 code [0x00007d989ff5a7c0, 0x00007d989ff5a8f8]
Event: 0.299 Thread 0x00007d98c4174400  851       4       java.lang.ThreadLocal::get (35 bytes)
Event: 0.300 Thread 0x00007d98c4174400 nmethod 851 0x00007d98b010f890 code [0x00007d98b010fa20, 0x00007d98b010fbb0]
Event: 0.312 Thread 0x00007d98c4175ab0  852       1       java.util.concurrent.locks.AbstractOwnableSynchronizer::getExclusiveOwnerThread (5 bytes)
Event: 0.312 Thread 0x00007d98c4175ab0 nmethod 852 0x00007d98b010fd90 code [0x00007d98b010ff20, 0x00007d98b010ffe0]
Event: 0.312 Thread 0x00007d98c4175ab0  853       1       java.util.concurrent.locks.AbstractQueuedSynchronizer::setState (6 bytes)
Event: 0.312 Thread 0x00007d98c4175ab0 nmethod 853 0x00007d98b0110090 code [0x00007d98b0110220, 0x00007d98b01102e8]

GC Heap History (14 events):
Event: 0.132 GC heap before
{Heap before GC invocations=0 (full 0):
 garbage-first heap   total 134144K, used 29888K [0x0000000080000000, 0x0000000100000000)
  region size 1024K, 23 young (23552K), 0 survivors (0K)
 Metaspace       used 1100K, committed 1216K, reserved 1114112K
  class space    used 73K, committed 128K, reserved 1048576K
}
Event: 0.135 GC heap after
{Heap after GC invocations=1 (full 0):
 garbage-first heap   total 134144K, used 12063K [0x0000000080000000, 0x0000000100000000)
  region size 1024K, 3 young (3072K), 3 survivors (3072K)
 Metaspace       used 1100K, committed 1216K, reserved 1114112K
  class space    used 73K, committed 128K, reserved 1048576K
}
Event: 0.153 GC heap before
{Heap before GC invocations=1 (full 0):
 garbage-first heap   total 134144K, used 39711K [0x0000000080000000, 0x0000000100000000)
  region size 1024K, 31 young (31744K), 3 survivors (3072K)
 Metaspace       used 1172K, committed 1280K, reserved 1114112K
  class space    used 73K, committed 128K, reserved 1048576K
}
Event: 0.155 GC heap after
{Heap after GC invocations=2 (full 0):
 garbage-first heap   total 134144K, used 14138K [0x0000000080000000, 0x0000000100000000)
  region size 1024K, 3 young (3072K), 3 survivors (3072K)
 Metaspace       used 1172K, committed 1280K, reserved 1114112K
  class space    used 73K, committed 128K, reserved 1048576K
}
Event: 0.192 GC heap before
{Heap before GC invocations=2 (full 0):
 garbage-first heap   total 134144K, used 92986K [0x0000000080000000, 0x0000000100000000)
  region size 1024K, 76 young (77824K), 3 survivors (3072K)
 Metaspace       used 1223K, committed 1344K, reserved 1114112K
  class space    used 73K, committed 128K, reserved 1048576K
}
Event: 0.195 GC heap after
{Heap after GC invocations=3 (full 0):
 garbage-first heap   total 134144K, used 22754K [0x0000000080000000, 0x0000000100000000)
  region size 1024K, 7 young (7168K), 7 survivors (7168K)
 Metaspace       used 1223K, committed 1344K, reserved 1114112K
  class space    used 73K, committed 128K, reserved 1048576K
}
Event: 0.213 GC heap before
{Heap before GC invocations=3 (full 0):
 garbage-first heap   total 134144K, used 92386K [0x0000000080000000, 0x0000000100000000)
  region size 1024K, 76 young (77824K), 7 survivors (7168K)
 Metaspace       used 1307K, committed 1472K, reserved 1114112K
  class space    used 73K, committed 128K, reserved 1048576K
}
Event: 0.215 GC heap after
{Heap after GC invocations=4 (full 0):
 garbage-first heap   total 134144K, used 26483K [0x0000000080000000, 0x0000000100000000)
  region size 1024K, 9 young (9216K), 9 survivors (9216K)
 Metaspace       used 1307K, committed 1472K, reserved 1114112K
  class space    used 73K, committed 128K, reserved 1048576K
}
Event: 0.231 GC heap before
{Heap before GC invocations=4 (full 0):
 garbage-first heap   total 134144K, used 94067K [0x0000000080000000, 0x0000000100000000)
  region size 1024K, 76 young (77824K), 9 survivors (9216K)
 Metaspace       used 1336K, committed 1472K, reserved 1114112K
  class space    used 73K, committed 128K, reserved 1048576K
}
Event: 0.234 GC heap after
{Heap after GC invocations=5 (full 0):
 garbage-first heap   total 237568K, used 29242K [0x0000000080000000, 0x0000000100000000)
  region size 1024K, 7 young (7168K), 7 survivors (7168K)
 Metaspace       used 1336K, committed 1472K, reserved 1114112K
  class space    used 73K, committed 128K, reserved 1048576K
}
Event: 0.281 GC heap before
{Heap before GC invocations=5 (full 0):
 garbage-first heap   total 237568K, used 172602K [0x0000000080000000, 0x0000000100000000)
  region size 1024K, 68 young (69632K), 7 survivors (7168K)
 Metaspace       used 1346K, committed 1472K, reserved 1114112K
  class space    used 73K, committed 128K, reserved 1048576K
}
Event: 0.284 GC heap after
{Heap after GC invocations=6 (full 0):
 garbage-first heap   total 237568K, used 35071K [0x0000000080000000, 0x0000000100000000)
  region size 1024K, 10 young (10240K), 10 survivors (10240K)
 Metaspace       used 1346K, committed 1472K, reserved 1114112K
  class space    used 73K, committed 128K, reserved 1048576K
}
Event: 0.303 GC heap before
{Heap before GC invocations=6 (full 0):
 garbage-first heap   total 237568K, used 154879K [0x0000000080000000, 0x0000000100000000)
  region size 1024K, 51 young (52224K), 10 survivors (10240K)
 Metaspace       used 1351K, committed 1472K, reserved 1114112K
  class space    used 73K, committed 128K, reserved 1048576K
}
Event: 0.305 GC heap after
{Heap after GC invocations=7 (full 0):
 garbage-first heap   total 237568K, used 36410K [0x0000000080000000, 0x0000000100000000)
  region size 1024K, 11 young (11264K), 11 survivors (11264K)
 Metaspace       used 1351K, committed 1472K, reserved 1114112K
  class space    used 73K, committed 128K, reserved 1048576K
}

Dll operation events (6 events):
Event: 0.002 Loaded shared library /home/ubuntu/.gradle/caches/8.10.2/transforms/81e4360543fbb01d4f7fb470fa49803d/transformed/ideaIU-2025.3/jbr/lib/libjava.so
Event: 0.002 Loaded shared library /home/ubuntu/.gradle/caches/8.10.2/transforms/81e4360543fbb01d4f7fb470fa49803d/transformed/ideaIU-2025.3/jbr/lib/libzip.so
Event: 0.068 Loaded shared library /home/ubuntu/.gradle/caches/8.10.2/transforms/81e4360543fbb01d4f7fb470fa49803d/transformed/ideaIU-2025.3/jbr/lib/libnio.so
Event: 0.069 Loaded shared library /home/ubuntu/.gradle/caches/8.10.2/transforms/81e4360543fbb01d4f7fb470fa49803d/transformed/ideaIU-2025.3/jbr/lib/libzip.so
Event: 0.087 Loaded shared library /home/ubuntu/.gradle/caches/8.10.2/transforms/81e4360543fbb01d4f7fb470fa49803d/transformed/ideaIU-2025.3/jbr/lib/libinstrument.so
Event: 0.091 Loaded shared library /home/ubuntu/.gradle/caches/8.10.2/transforms/81e4360543fbb01d4f7fb470fa49803d/transformed/ideaIU-2025.3/jbr/lib/libnet.so

Deoptimization events (20 events):
Event: 0.204 Thread 0x00007d98c40378a0 Uncommon trap: trap_request=0xffffff45 fr.pc=0x00007d98b0103fd0 relative=0x00000000000001b0
Event: 0.204 Thread 0x00007d98c40378a0 Uncommon trap: reason=unstable_if action=reinterpret pc=0x00007d98b0103fd0 method=java.net.URI.match(CJJ)Z @ 19 c2
Event: 0.204 Thread 0x00007d98c40378a0 DEOPT PACKING pc=0x00007d98b0103fd0 sp=0x00007d98c8716ae0
Event: 0.204 Thread 0x00007d98c40378a0 DEOPT UNPACKING pc=0x00007d98afb8f619 sp=0x00007d98c87169f0 mode 2
Event: 0.204 Thread 0x00007d98c40378a0 Uncommon trap: trap_request=0xffffff45 fr.pc=0x00007d98b00f54f8 relative=0x0000000000000058
Event: 0.204 Thread 0x00007d98c40378a0 Uncommon trap: reason=unstable_if action=reinterpret pc=0x00007d98b00f54f8 method=java.net.URI.match(CJJ)Z @ 19 c2
Event: 0.204 Thread 0x00007d98c40378a0 DEOPT PACKING pc=0x00007d98b00f54f8 sp=0x00007d98c8716ae0
Event: 0.204 Thread 0x00007d98c40378a0 DEOPT UNPACKING pc=0x00007d98afb8f619 sp=0x00007d98c8716a90 mode 2
Event: 0.208 Thread 0x00007d98c40378a0 DEOPT PACKING pc=0x00007d989ff2875b sp=0x00007d98c8716a80
Event: 0.208 Thread 0x00007d98c40378a0 DEOPT UNPACKING pc=0x00007d98afb9014f sp=0x00007d98c8716000 mode 0
Event: 0.216 Thread 0x00007d98c40378a0 DEOPT PACKING pc=0x00007d989ff2875b sp=0x00007d98c8716a80
Event: 0.216 Thread 0x00007d98c40378a0 DEOPT UNPACKING pc=0x00007d98afb9014f sp=0x00007d98c8716000 mode 0
Event: 0.222 Thread 0x00007d98c40378a0 DEOPT PACKING pc=0x00007d989ff2875b sp=0x00007d98c8716a80
Event: 0.222 Thread 0x00007d98c40378a0 DEOPT UNPACKING pc=0x00007d98afb9014f sp=0x00007d98c8716000 mode 0
Event: 0.227 Thread 0x00007d98c40378a0 DEOPT PACKING pc=0x00007d989ff2875b sp=0x00007d98c8716a00
Event: 0.227 Thread 0x00007d98c40378a0 DEOPT UNPACKING pc=0x00007d98afb9014f sp=0x00007d98c8715f80 mode 0
Event: 0.240 Thread 0x00007d98c40378a0 DEOPT PACKING pc=0x00007d989ff2875b sp=0x00007d98c8716a00
Event: 0.240 Thread 0x00007d98c40378a0 DEOPT UNPACKING pc=0x00007d98afb9014f sp=0x00007d98c8715f80 mode 0
Event: 0.260 Thread 0x00007d98c40378a0 DEOPT PACKING pc=0x00007d989ff2875b sp=0x00007d98c8716a00
Event: 0.260 Thread 0x00007d98c40378a0 DEOPT UNPACKING pc=0x00007d98afb9014f sp=0x00007d98c8715f80 mode 0

Classes loaded (20 events):
Event: 0.105 Loading class com/intellij/util/lang/FileLoader$LoaderData
Event: 0.105 Loading class com/intellij/util/lang/FileLoader$LoaderData done
Event: 0.106 Loading class com/intellij/util/lang/StrippedLongSet$SetIterator
Event: 0.106 Loading class com/intellij/util/lang/StrippedLongSet$SetIterator done
Event: 0.106 Loading class com/intellij/util/lang/FileLoader$NameFilter
Event: 0.106 Loading class com/intellij/util/lang/FileLoader$NameFilter done
Event: 0.106 Loading class com/intellij/util/lang/Xor16
Event: 0.106 Loading class com/intellij/util/lang/Xor16 done
Event: 0.108 Loading class com/intellij/util/lang/Ikv
Event: 0.108 Loading class com/intellij/util/lang/Ikv done
Event: 0.108 Loading class com/intellij/util/lang/Ikv$SizeAwareIkv
Event: 0.108 Loading class com/intellij/util/lang/Ikv$SizeAwareIkv done
Event: 0.108 Loading class com/intellij/util/lang/StrippedLongToLongMap
Event: 0.108 Loading class com/intellij/util/lang/StrippedLongToLongMap done
Event: 0.108 Loading class com/intellij/util/lang/ZipResourceFile$1
Event: 0.108 Loading class com/intellij/util/lang/ZipResourceFile$1 done
Event: 0.311 Loading class java/lang/Throwable$WrappedPrintStream
Event: 0.311 Loading class java/lang/Throwable$PrintStreamOrWriter
Event: 0.311 Loading class java/lang/Throwable$PrintStreamOrWriter done
Event: 0.311 Loading class java/lang/Throwable$WrappedPrintStream done

Classes unloaded (0 events):
No events

Classes redefined (0 events):
No events

Internal exceptions (8 events):
Event: 0.073 Thread 0x00007d98c40378a0 Implicit null exception at 0x00007d98b00d6ce9 to 0x00007d98b00d6e3c
Event: 0.074 Thread 0x00007d98c40378a0 Exception <a 'java/lang/NoSuchMethodError'{0x0000000087c38268}: 'java.lang.Object java.lang.invoke.DirectMethodHandle$Holder.invokeStaticInit(java.lang.Object, int, java.lang.Object, java.lang.Object)'> (0x0000000087c38268) 
thrown [src/hotspot/share/interpreter/linkResolver.cpp, line 783]
Event: 0.074 Thread 0x00007d98c40378a0 Exception <a 'java/lang/NoSuchMethodError'{0x0000000087c3e818}: 'java.lang.Object java.lang.invoke.DirectMethodHandle$Holder.newInvokeSpecial(java.lang.Object, int, java.lang.Object)'> (0x0000000087c3e818) 
thrown [src/hotspot/share/interpreter/linkResolver.cpp, line 783]
Event: 0.082 Thread 0x00007d98c40378a0 Exception <a 'java/lang/NoSuchMethodError'{0x0000000087cb4808}: 'java.lang.Object java.lang.invoke.DirectMethodHandle$Holder.invokeStaticInit(java.lang.Object, long)'> (0x0000000087cb4808) 
thrown [src/hotspot/share/interpreter/linkResolver.cpp, line 783]
Event: 0.092 Thread 0x00007d98c40378a0 Exception <a 'java/lang/NoSuchMethodError'{0x0000000087b047f8}: 'int java.lang.invoke.DirectMethodHandle$Holder.invokeSpecial(java.lang.Object, java.lang.Object, java.lang.Object, int)'> (0x0000000087b047f8) 
thrown [src/hotspot/share/interpreter/linkResolver.cpp, line 783]
Event: 0.094 Thread 0x00007d98c40378a0 Exception <a 'java/lang/NoSuchMethodError'{0x0000000087b16f90}: 'java.lang.Object java.lang.invoke.DirectMethodHandle$Holder.invokeStatic(java.lang.Object, java.lang.Object, java.lang.Object, java.lang.Object, int)'> (0x0000000087b16f90) 
thrown [src/hotspot/share/interpreter/linkResolver.cpp, line 783]
Event: 0.094 Thread 0x00007d98c40378a0 Exception <a 'java/lang/NoSuchMethodError'{0x0000000087b1ee20}: 'long java.lang.invoke.DirectMethodHandle$Holder.invokeStatic(java.lang.Object, java.lang.Object, int)'> (0x0000000087b1ee20) 
thrown [src/hotspot/share/interpreter/linkResolver.cpp, line 783]
Event: 0.095 Thread 0x00007d98c40378a0 Exception <a 'java/lang/NoSuchMethodError'{0x0000000087b2a360}: 'java.lang.Object java.lang.invoke.DelegatingMethodHandle$Holder.reinvoke_L(java.lang.Object, int, long, java.lang.Object, java.lang.Object, int, java.lang.Object)'> (0x0000000087b2a360) 
thrown [src/hotspot/share/interpreter/linkResolver.cpp, line 783]

ZGC Phase Switch (0 events):
No events

VM Operations (20 events):
Event: 0.059 Executing VM operation: HandshakeAllThreads (Deoptimize)
Event: 0.059 Executing VM operation: HandshakeAllThreads (Deoptimize) done
Event: 0.066 Executing VM operation: HandshakeAllThreads (Deoptimize)
Event: 0.066 Executing VM operation: HandshakeAllThreads (Deoptimize) done
Event: 0.084 Executing VM operation: HandshakeAllThreads (Deoptimize)
Event: 0.084 Executing VM operation: HandshakeAllThreads (Deoptimize) done
Event: 0.132 Executing VM operation: G1CollectForAllocation (G1 Evacuation Pause)
Event: 0.135 Executing VM operation: G1CollectForAllocation (G1 Evacuation Pause) done
Event: 0.153 Executing VM operation: G1CollectForAllocation (G1 Evacuation Pause)
Event: 0.155 Executing VM operation: G1CollectForAllocation (G1 Evacuation Pause) done
Event: 0.192 Executing VM operation: G1CollectForAllocation (G1 Evacuation Pause)
Event: 0.195 Executing VM operation: G1CollectForAllocation (G1 Evacuation Pause) done
Event: 0.213 Executing VM operation: G1CollectForAllocation (G1 Evacuation Pause)
Event: 0.215 Executing VM operation: G1CollectForAllocation (G1 Evacuation Pause) done
Event: 0.231 Executing VM operation: G1CollectForAllocation (G1 Evacuation Pause)
Event: 0.234 Executing VM operation: G1CollectForAllocation (G1 Evacuation Pause) done
Event: 0.281 Executing VM operation: G1TryInitiateConcMark (G1 Humongous Allocation)
Event: 0.284 Executing VM operation: G1TryInitiateConcMark (G1 Humongous Allocation) done
Event: 0.303 Executing VM operation: G1TryInitiateConcMark (G1 Humongous Allocation)
Event: 0.305 Executing VM operation: G1TryInitiateConcMark (G1 Humongous Allocation) done

Memory protections (9 events):
Event: 0.002 Protecting memory [0x00007d98c8619000,0x00007d98c861d000] with protection modes 0
Event: 0.026 Protecting memory [0x00007d988db00000,0x00007d988db04000] with protection modes 0
Event: 0.027 Protecting memory [0x00007d988da00000,0x00007d988da04000] with protection modes 0
Event: 0.027 Protecting memory [0x00007d988d900000,0x00007d988d904000] with protection modes 0
Event: 0.027 Protecting memory [0x00007d988d800000,0x00007d988d804000] with protection modes 0
Event: 0.028 Protecting memory [0x00007d988d700000,0x00007d988d704000] with protection modes 0
Event: 0.028 Protecting memory [0x00007d988d600000,0x00007d988d604000] with protection modes 0
Event: 0.028 Protecting memory [0x00007d988d500000,0x00007d988d504000] with protection modes 0
Event: 0.028 Protecting memory [0x00007d988d400000,0x00007d988d404000] with protection modes 0

Nmethod flushes (0 events):
No events

Events (9 events):
Event: 0.019 Thread 0x00007d98c40378a0 Thread added: 0x00007d98c40378a0
Event: 0.026 Thread 0x00007d98c40378a0 Thread added: 0x00007d98c4169cb0
Event: 0.027 Thread 0x00007d98c40378a0 Thread added: 0x00007d98c416cef0
Event: 0.027 Thread 0x00007d98c40378a0 Thread added: 0x00007d98c416e460
Event: 0.027 Thread 0x00007d98c40378a0 Thread added: 0x00007d98c416fd00
Event: 0.028 Thread 0x00007d98c40378a0 Thread added: 0x00007d98c4171340
Event: 0.028 Thread 0x00007d98c40378a0 Thread added: 0x00007d98c41728d0
Event: 0.028 Thread 0x00007d98c40378a0 Thread added: 0x00007d98c4174400
Event: 0.028 Thread 0x00007d98c40378a0 Thread added: 0x00007d98c4175ab0


Dynamic libraries:
80000000-8e500000 rw-p 00000000 00:00 0 
8e500000-ffd00000 ---p 00000000 00:00 0 
ffd00000-fff31000 rw-p 01d0a000 fd:01 4393180                            /home/ubuntu/.gradle/caches/8.10.2/transforms/81e4360543fbb01d4f7fb470fa49803d/transformed/ideaIU-2025.3/jbr/lib/server/classes.jsa
fff31000-100000000 rw-p 00000000 00:00 0 
555e635f6000-555e635f7000 r--p 00000000 fd:01 4393007                    /home/ubuntu/.gradle/caches/8.10.2/transforms/81e4360543fbb01d4f7fb470fa49803d/transformed/ideaIU-2025.3/jbr/bin/java
555e635f7000-555e635f8000 r-xp 00001000 fd:01 4393007                    /home/ubuntu/.gradle/caches/8.10.2/transforms/81e4360543fbb01d4f7fb470fa49803d/transformed/ideaIU-2025.3/jbr/bin/java
555e635f8000-555e635f9000 r--p 00002000 fd:01 4393007                    /home/ubuntu/.gradle/caches/8.10.2/transforms/81e4360543fbb01d4f7fb470fa49803d/transformed/ideaIU-2025.3/jbr/bin/java
555e635f9000-555e635fa000 r--p 00002000 fd:01 4393007                    /home/ubuntu/.gradle/caches/8.10.2/transforms/81e4360543fbb01d4f7fb470fa49803d/transformed/ideaIU-2025.3/jbr/bin/java
555e635fa000-555e635fb000 rw-p 00003000 fd:01 4393007                    /home/ubuntu/.gradle/caches/8.10.2/transforms/81e4360543fbb01d4f7fb470fa49803d/transformed/ideaIU-2025.3/jbr/bin/java
555e73d88000-555e73dca000 rw-p 00000000 00:00 0                          [heap]
7d9753914000-7d9753c00000 rw-p 00000000 00:00 0 
7d9753c00000-7d9753fd9000 r--s 00000000 fd:01 4391396                    /home/ubuntu/.gradle/caches/8.10.2/transforms/81e4360543fbb01d4f7fb470fa49803d/transformed/ideaIU-2025.3/plugins/featuresTrainer/lib/featuresTrainer.jar
7d9754000000-7d97543c0000 r--s 00000000 fd:01 4391398                    /home/ubuntu/.gradle/caches/8.10.2/transforms/81e4360543fbb01d4f7fb470fa49803d/transformed/ideaIU-2025.3/plugins/featuresTrainer/lib/assertj.jar
7d9754400000-7d9755023000 r--s 00000000 fd:01 4389168                    /home/ubuntu/.gradle/caches/8.10.2/transforms/81e4360543fbb01d4f7fb470fa49803d/transformed/ideaIU-2025.3/plugins/grazie/lib/grazie-frontend.jar
7d9755200000-7d975554f000 r--s 00000000 fd:01 4389172                    /home/ubuntu/.gradle/caches/8.10.2/transforms/81e4360543fbb01d4f7fb470fa49803d/transformed/ideaIU-2025.3/plugins/grazie/lib/grazie.jar
7d9755600000-7d9756879000 r--s 00000000 fd:01 4389173                    /home/ubuntu/.gradle/caches/8.10.2/transforms/81e4360543fbb01d4f7fb470fa49803d/transformed/ideaIU-2025.3/plugins/grazie/lib/org.jetbrains.intellij.deps.languagetool-language-en.jar
7d9756a00000-7d9757afb000 r--s 00000000 fd:01 4389165                    /home/ubuntu/.gradle/caches/8.10.2/transforms/81e4360543fbb01d4f7fb470fa49803d/transformed/ideaIU-2025.3/plugins/grazie/lib/ai.grazie.api.gateway.client.jvm.jar
7d9757c00000-7d9758304000 r--s 00000000 fd:01 4389155                    /home/ubuntu/.gradle/caches/8.10.2/transforms/81e4360543fbb01d4f7fb470fa49803d/transformed/ideaIU-2025.3/plugins/grazie/lib/ai.grazie.rule.engine.jar
7d9758400000-7d9758676000 r--s 00000000 fd:01 4389164                    /home/ubuntu/.gradle/caches/8.10.2/transforms/81e4360543fbb01d4f7fb470fa49803d/transformed/ideaIU-2025.3/plugins/grazie/lib/ai.grazie.tasks.library.api.jvm.jar
7d9758800000-7d9758cc2000 r--s 00000000 fd:01 4389154                    /home/ubuntu/.gradle/caches/8.10.2/transforms/81e4360543fbb01d4f7fb470fa49803d/transformed/ideaIU-2025.3/plugins/grazie/lib/com.carrotsearch-hppc.jar
7d9758e00000-7d975931c000 r--s 00000000 fd:01 4389161                    /home/ubuntu/.gradle/caches/8.10.2/transforms/81e4360543fbb01d4f7fb470fa49803d/transformed/ideaIU-2025.3/plugins/grazie/lib/org.jetbrains.intellij.deps.languagetool-languagetool-core.jar
7d9759400000-7d9759671000 r--s 00000000 fd:01 4391478                    /home/ubuntu/.gradle/caches/8.10.2/transforms/81e4360543fbb01d4f7fb470fa49803d/transformed/ideaIU-2025.3/plugins/packageChecker/lib/packageChecker.jar
7d9759800000-7d9759d90000 r--s 00000000 fd:01 4390720                    /home/ubuntu/.gradle/caches/8.10.2/transforms/81e4360543fbb01d4f7fb470fa49803d/transformed/ideaIU-2025.3/plugins/vuejs-plugin/lib/modules/intellij.vuejs.backend.jar
7d9759e00000-7d975a221000 r--s 00000000 fd:01 4391376                    /home/ubuntu/.gradle/caches/8.10.2/transforms/81e4360543fbb01d4f7fb470fa49803d/transformed/ideaIU-2025.3/plugins/textmate-plugin/lib/modules/intellij.textmate.joni.jar
7d975a400000-7d975ac19000 r--s 00000000 fd:01 4389068                    /home/ubuntu/.gradle/caches/8.10.2/transforms/81e4360543fbb01d4f7fb470fa49803d/transformed/ideaIU-2025.3/plugins/terminal/lib/terminal.jar
7d975ae00000-7d975e015000 r--s 00000000 fd:01 4389064                    /home/ubuntu/.gradle/caches/8.10.2/transforms/81e4360543fbb01d4f7fb470fa49803d/transformed/ideaIU-2025.3/plugins/terminal/lib/terminal-completion-db-with-extensions.jar
7d975e200000-7d975e632000 r--s 00000000 fd:01 4390493                    /home/ubuntu/.gradle/caches/8.10.2/transforms/81e4360543fbb01d4f7fb470fa49803d/transformed/ideaIU-2025.3/plugins/sass-plugin/lib/modules/intellij.sass.backend.jar
7d975e800000-7d975f12f000 r--s 00000000 fd:01 4390766                    /home/ubuntu/.gradle/caches/8.10.2/transforms/81e4360543fbb01d4f7fb470fa49803d/transformed/ideaIU-2025.3/plugins/kotlin-jupyter-plugin/lib/modules/intellij.kotlin.jupyter.core.jar
7d975f200000-7d975f9da000 r--s 00000000 fd:01 4390759                    /home/ubuntu/.gradle/caches/8.10.2/transforms/81e4360543fbb01d4f7fb470fa49803d/transformed/ideaIU-2025.3/plugins/kotlin-jupyter-plugin/lib/batik-transcoder.jar
7d975fa00000-7d975fec1000 r--s 00000000 fd:01 4389126                    /home/ubuntu/.gradle/caches/8.10.2/transforms/81e4360543fbb01d4f7fb470fa49803d/transformed/ideaIU-2025.3/plugins/gradle-java/lib/gradle-jps.jar
7d9760000000-7d9760021000 rw-p 00000000 00:00 0 
7d9760021000-7d9764000000 ---p 00000000 00:00 0 
7d9764200000-7d9764411000 r--s 00000000 fd:01 4390762                    /home/ubuntu/.gradle/caches/8.10.2/transforms/81e4360543fbb01d4f7fb470fa49803d/transformed/ideaIU-2025.3/plugins/kotlin-jupyter-plugin/lib/modules/intellij.kotlin.jupyter.plots.jar
7d9764600000-7d97648cc000 r--s 00000000 fd:01 4389120                    /home/ubuntu/.gradle/caches/8.10.2/transforms/81e4360543fbb01d4f7fb470fa49803d/transformed/ideaIU-2025.3/plugins/gradle-java/lib/gradle-java.jar
7d9764a00000-7d97655e4000 r--s 00000000 fd:01 4390835                    /home/ubuntu/.gradle/caches/8.10.2/transforms/81e4360543fbb01d4f7fb470fa49803d/transformed/ideaIU-2025.3/plugins/vcs-gitlab/lib/vcs-gitlab.jar
7d9765600000-7d976616b000 r--s 00000000 fd:01 4389465                    /home/ubuntu/.gradle/caches/8.10.2/transforms/81e4360543fbb01d4f7fb470fa49803d/transformed/ideaIU-2025.3/plugins/vcs-github/lib/vcs-github.jar
7d9766200000-7d97664a0000 r--s 00000000 fd:01 4389103                    /home/ubuntu/.gradle/caches/8.10.2/transforms/81e4360543fbb01d4f7fb470fa49803d/transformed/ideaIU-2025.3/plugins/clouds-docker-gateway/lib/clouds-docker-gateway.jar
7d9766600000-7d9767607000 r--s 00000000 fd:01 4389693                    /home/ubuntu/.gradle/caches/8.10.2/transforms/81e4360543fbb01d4f7fb470fa49803d/transformed/ideaIU-2025.3/plugins/Kotlin/lib/kotlinc.kotlin-compiler-ir.jar
7d976764b000-7d9767800000 r--s 00000000 fd:01 4391397                    /home/ubuntu/.gradle/caches/8.10.2/transforms/81e4360543fbb01d4f7fb470fa49803d/transformed/ideaIU-2025.3/plugins/featuresTrainer/lib/assertj-swing.jar
7d9767800000-7d9767ad0000 r--s 00000000 fd:01 4389710                    /home/ubuntu/.gradle/caches/8.10.2/transforms/81e4360543fbb01d4f7fb470fa49803d/transformed/ideaIU-2025.3/plugins/Kotlin/lib/vavr.jar
7d9767c00000-7d9767e60000 r--s 00000000 fd:01 4389707                    /home/ubuntu/.gradle/caches/8.10.2/transforms/81e4360543fbb01d4f7fb470fa49803d/transformed/ideaIU-2025.3/plugins/Kotlin/lib/kotlinc.compose-compiler-plugin.jar
7d9767e79000-7d9768000000 rw-p 00000000 00:00 0 
7d9768000000-7d9768021000 rw-p 00000000 00:00 0 
7d9768021000-7d976c000000 ---p 00000000 00:00 0 
7d976c043000-7d976c0dc000 r--s 00000000 fd:01 4389424                    /home/ubuntu/.gradle/caches/8.10.2/transforms/81e4360543fbb01d4f7fb470fa49803d/transformed/ideaIU-2025.3/plugins/tslint/lib/tslint.jar
7d976c0dc000-7d976c17d000 r--s 00000000 fd:01 4391399                    /home/ubuntu/.gradle/caches/8.10.2/transforms/81e4360543fbb01d4f7fb470fa49803d/transformed/ideaIU-2025.3/plugins/featuresTrainer/lib/git-learning-project.jar
7d976c17d000-7d976c1d8000 r--s 00000000 fd:01 4389157                    /home/ubuntu/.gradle/caches/8.10.2/transforms/81e4360543fbb01d4f7fb470fa49803d/transformed/ideaIU-2025.3/plugins/grazie/lib/com.vdurmont-emoji-java.jar
7d976c1d8000-7d976c200000 r--s 00000000 fd:01 4389153                    /home/ubuntu/.gradle/caches/8.10.2/transforms/81e4360543fbb01d4f7fb470fa49803d/transformed/ideaIU-2025.3/plugins/grazie/lib/org.json-json.jar
7d976c200000-7d976eae0000 r--s 00000000 fd:01 4389711                    /home/ubuntu/.gradle/caches/8.10.2/transforms/81e4360543fbb01d4f7fb470fa49803d/transformed/ideaIU-2025.3/plugins/Kotlin/lib/kotlinc.kotlin-compiler-fe10.jar
7d976eaf6000-7d976ec00000 r--s 00000000 fd:01 4390263                    /home/ubuntu/.gradle/caches/8.10.2/transforms/81e4360543fbb01d4f7fb470fa49803d/transformed/ideaIU-2025.3/plugins/yaml/lib/modules/intellij.yaml.backend.jar
7d976ec00000-7d9770470000 r--s 00000000 fd:01 4389684                    /home/ubuntu/.gradle/caches/8.10.2/transforms/81e4360543fbb01d4f7fb470fa49803d/transformed/ideaIU-2025.3/plugins/Kotlin/lib/kotlinc.kotlin-compiler-common.jar
7d9770489000-7d9770517000 r--s 00000000 fd:01 4389167                    /home/ubuntu/.gradle/caches/8.10.2/transforms/81e4360543fbb01d4f7fb470fa49803d/transformed/ideaIU-2025.3/plugins/grazie/lib/tech.units-indriya.jar
7d9770517000-7d9770600000 r--s 00000000 fd:01 4391374                    /home/ubuntu/.gradle/caches/8.10.2/transforms/81e4360543fbb01d4f7fb470fa49803d/transformed/ideaIU-2025.3/plugins/textmate-plugin/lib/modules/intellij.textmate.core.jar
7d9770600000-7d977118f000 r--s 00000000 fd:01 4389709                    /home/ubuntu/.gradle/caches/8.10.2/transforms/81e4360543fbb01d4f7fb470fa49803d/transformed/ideaIU-2025.3/plugins/Kotlin/lib/kotlinc.kotlin-dataframe-compiler-plugin.jar
7d9771195000-7d97711d3000 r--s 00000000 fd:01 4389152                    /home/ubuntu/.gradle/caches/8.10.2/transforms/81e4360543fbb01d4f7fb470fa49803d/transformed/ideaIU-2025.3/plugins/grazie/lib/ai.grazie.client.ktor.jvm.jar
7d97711d3000-7d9771200000 r--s 00000000 fd:01 4389159                    /home/ubuntu/.gradle/caches/8.10.2/transforms/81e4360543fbb01d4f7fb470fa49803d/transformed/ideaIU-2025.3/plugins/grazie/lib/net.loomchild-segment.jar
7d9771200000-7d9771d64000 r--s 00000000 fd:01 4389704                    /home/ubuntu/.gradle/caches/8.10.2/transforms/81e4360543fbb01d4f7fb470fa49803d/transformed/ideaIU-2025.3/plugins/Kotlin/lib/kotlin-gradle-tooling.jar
7d9771d68000-7d9771d87000 r--s 00000000 fd:01 4389160                    /home/ubuntu/.gradle/caches/8.10.2/transforms/81e4360543fbb01d4f7fb470fa49803d/transformed/ideaIU-2025.3/plugins/grazie/lib/ai.grazie.tasks.library.model.jvm.jar
7d9771d87000-7d9771da9000 r--s 00000000 fd:01 4389162                    /home/ubuntu/.gradle/caches/8.10.2/transforms/81e4360543fbb01d4f7fb470fa49803d/transformed/ideaIU-2025.3/plugins/grazie/lib/ai.grazie.model.tree.jvm.jar
7d9771da9000-7d9771e00000 r--s 00000000 fd:01 4389717                    /home/ubuntu/.gradle/caches/8.10.2/transforms/81e4360543fbb01d4f7fb470fa49803d/transformed/ideaIU-2025.3/plugins/toml/lib/toml.jar
7d9771e00000-7d977c273000 r--s 00000000 fd:01 4389708                    /home/ubuntu/.gradle/caches/8.10.2/transforms/81e4360543fbb01d4f7fb470fa49803d/transformed/ideaIU-2025.3/plugins/Kotlin/lib/kotlin-plugin.jar
7d977c27e000-7d977c400000 r--s 00000000 fd:01 4390501                    /home/ubuntu/.gradle/caches/8.10.2/transforms/81e4360543fbb01d4f7fb470fa49803d/transformed/ideaIU-2025.3/plugins/remoteRun/lib/remoteRun.jar
7d977c400000-7d977c63e000 r--s 00000000 fd:01 4390641                    /home/ubuntu/.gradle/caches/8.10.2/transforms/81e4360543fbb01d4f7fb470fa49803d/transformed/ideaIU-2025.3/plugins/java-decompiler/lib/java-decompiler.jar
7d977c64b000-7d977c6e0000 r--s 00000000 fd:01 4390259                    /home/ubuntu/.gradle/caches/8.10.2/transforms/81e4360543fbb01d4f7fb470fa49803d/transformed/ideaIU-2025.3/plugins/yaml/lib/yaml.jar
7d977c6e0000-7d977c800000 r--s 00000000 fd:01 4389257                    /home/ubuntu/.gradle/caches/8.10.2/transforms/81e4360543fbb01d4f7fb470fa49803d/transformed/ideaIU-2025.3/plugins/javaFX/lib/modules/intellij.javaFX.jar
7d977c800000-7d977cf8f000 r--s 00000000 fd:01 4390338                    /home/ubuntu/.gradle/caches/8.10.2/transforms/81e4360543fbb01d4f7fb470fa49803d/transformed/ideaIU-2025.3/plugins/maven/lib/jetbrains.idea.maven.indexer.api.rt.jar
7d977cf94000-7d977d000000 r--s 00000000 fd:01 4391377                    /home/ubuntu/.gradle/caches/8.10.2/transforms/81e4360543fbb01d4f7fb470fa49803d/transformed/ideaIU-2025.3/plugins/textmate-plugin/lib/modules/intellij.textmate.jar
7d977d000000-7d977db3b000 r--s 00000000 fd:01 4390466                    /home/ubuntu/.gradle/caches/8.10.2/transforms/81e4360543fbb01d4f7fb470fa49803d/transformed/ideaIU-2025.3/plugins/maven/lib/maven.jar
7d977db40000-7d977db6c000 r--s 00000000 fd:01 4390722                    /home/ubuntu/.gradle/caches/8.10.2/transforms/81e4360543fbb01d4f7fb470fa49803d/transformed/ideaIU-2025.3/plugins/vuejs-plugin/lib/modules/intellij.vuejs.common.jar
7d977db6c000-7d977dc00000 r--s 00000000 fd:01 4389067                    /home/ubuntu/.gradle/caches/8.10.2/transforms/81e4360543fbb01d4f7fb470fa49803d/transformed/ideaIU-2025.3/plugins/terminal/lib/completion-ranking-sh.jar
7d977dc00000-7d977df30000 r--s 00000000 fd:01 4389538                    /home/ubuntu/.gradle/caches/8.10.2/transforms/81e4360543fbb01d4f7fb470fa49803d/transformed/ideaIU-2025.3/plugins/android-gradle-dsl/lib/android-gradle-dsl.jar
7d977df48000-7d977df6a000 r--s 00000000 fd:01 4389066                    /home/ubuntu/.gradle/caches/8.10.2/transforms/81e4360543fbb01d4f7fb470fa49803d/transformed/ideaIU-2025.3/plugins/terminal/lib/modules/intellij.terminal.frontend.split.jar
7d977df6a000-7d977e000000 r--s 00000000 fd:01 4389456                    /home/ubuntu/.gradle/caches/8.10.2/transforms/81e4360543fbb01d4f7fb470fa49803d/transformed/ideaIU-2025.3/plugins/less/lib/less.jar
7d977e000000-7d977e42a000 r--s 00000000 fd:01 4389335                    /home/ubuntu/.gradle/caches/8.10.2/transforms/81e4360543fbb01d4f7fb470fa49803d/transformed/ideaIU-2025.3/plugins/fullLine/lib/modules/intellij.fullLine.local.jar
7d977e444000-7d977e600000 r--s 00000000 fd:01 4389694                    /home/ubuntu/.gradle/caches/8.10.2/transforms/81e4360543fbb01d4f7fb470fa49803d/transformed/ideaIU-2025.3/plugins/Kotlin/lib/kotlin-plugin-shared.jar
7d977e600000-7d977e9bd000 r--s 00000000 fd:01 4389359                    /home/ubuntu/.gradle/caches/8.10.2/transforms/81e4360543fbb01d4f7fb470fa49803d/transformed/ideaIU-2025.3/plugins/fullLine/lib/modules/intellij.fullLine.go.local.jar
7d977e9c6000-7d977ea00000 r--s 00000000 fd:01 4390489                    /home/ubuntu/.gradle/caches/8.10.2/transforms/81e4360543fbb01d4f7fb470fa49803d/transformed/ideaIU-2025.3/plugins/sass-plugin/lib/modules/intellij.sass.common.jar
7d977ea00000-7d977ed6b000 r--s 00000000 fd:01 4389343                    /home/ubuntu/.gradle/caches/8.10.2/transforms/81e4360543fbb01d4f7fb470fa49803d/transformed/ideaIU-2025.3/plugins/fullLine/lib/modules/intellij.ml.llm.java.completion.jar
7d977ed85000-7d977ee00000 r--s 00000000 fd:01 4389260                    /home/ubuntu/.gradle/caches/8.10.2/transforms/81e4360543fbb01d4f7fb470fa49803d/transformed/ideaIU-2025.3/plugins/javaFX/lib/javaFX.jar
7d977ee00000-7d977f24d000 r--s 00000000 fd:01 4389341                    /home/ubuntu/.gradle/caches/8.10.2/transforms/81e4360543fbb01d4f7fb470fa49803d/transformed/ideaIU-2025.3/plugins/fullLine/lib/modules/intellij.fullLine.rider.cpp.local.jar
7d977f254000-7d977f400000 r--s 00000000 fd:01 4389473                    /home/ubuntu/.gradle/caches/8.10.2/transforms/81e4360543fbb01d4f7fb470fa49803d/transformed/ideaIU-2025.3/plugins/vcs-github/lib/modules/intellij.vcs.github.ultimate.features.jar
7d977f400000-7d977f804000 r--s 00000000 fd:01 4389348                    /home/ubuntu/.gradle/caches/8.10.2/transforms/81e4360543fbb01d4f7fb470fa49803d/transformed/ideaIU-2025.3/plugins/fullLine/lib/modules/intellij.fullLine.rider.csharp.local.jar
7d977f806000-7d977fa00000 r--s 00000000 fd:01 4389358                    /home/ubuntu/.gradle/caches/8.10.2/transforms/81e4360543fbb01d4f7fb470fa49803d/transformed/ideaIU-2025.3/plugins/fullLine/lib/modules/intellij.fullLine.html.local.jar
7d977fa00000-7d977fee5000 r--s 00000000 fd:01 4389338                    /home/ubuntu/.gradle/caches/8.10.2/transforms/81e4360543fbb01d4f7fb470fa49803d/transformed/ideaIU-2025.3/plugins/fullLine/lib/modules/intellij.ml.llm.kotlin.completion.jar
7d977feff000-7d977ff00000 ---p 00000000 00:00 0 
7d977ff00000-7d9780000000 rw-p 00000000 00:00 0 
7d9780000000-7d97803c2000 r--s 00000000 fd:01 4389370                    /home/ubuntu/.gradle/caches/8.10.2/transforms/81e4360543fbb01d4f7fb470fa49803d/transformed/ideaIU-2025.3/plugins/fullLine/lib/modules/intellij.fullLine.python.local.jar
7d97803cf000-7d9780400000 r--s 00000000 fd:01 4390491                    /home/ubuntu/.gradle/caches/8.10.2/transforms/81e4360543fbb01d4f7fb470fa49803d/transformed/ideaIU-2025.3/plugins/sass-plugin/lib/modules/intellij.sass.jar
7d9780400000-7d9780626000 r--s 00000000 fd:01 4389351                    /home/ubuntu/.gradle/caches/8.10.2/transforms/81e4360543fbb01d4f7fb470fa49803d/transformed/ideaIU-2025.3/plugins/fullLine/lib/modules/intellij.ml.llm.rider.cpp.completion.jar
7d9780635000-7d9780656000 r--s 00000000 fd:01 4389063                    /home/ubuntu/.gradle/caches/8.10.2/transforms/81e4360543fbb01d4f7fb470fa49803d/transformed/ideaIU-2025.3/plugins/terminal/lib/terminal-completion-spec.jar
7d9780656000-7d978068f000 r--s 00000000 fd:01 4389549                    /home/ubuntu/.gradle/caches/8.10.2/transforms/81e4360543fbb01d4f7fb470fa49803d/transformed/ideaIU-2025.3/plugins/nodeJS-remoteInterpreter/lib/nodeJS-remoteInterpreter.jar
7d978068f000-7d97806ff000 r--s 00000000 fd:01 4390840                    /home/ubuntu/.gradle/caches/8.10.2/transforms/81e4360543fbb01d4f7fb470fa49803d/transformed/ideaIU-2025.3/plugins/vcs-gitlab/lib/modules/intellij.vcs.gitlab.ultimate.features.jar
7d97806ff000-7d9780700000 ---p 00000000 00:00 0 
7d9780700000-7d9780800000 rw-p 00000000 00:00 0 
7d9780800000-7d9780a23000 r--s 00000000 fd:01 4389331                    /home/ubuntu/.gradle/caches/8.10.2/transforms/81e4360543fbb01d4f7fb470fa49803d/transformed/ideaIU-2025.3/plugins/fullLine/lib/modules/intellij.ml.llm.rust.completion.jar
7d9780a40000-7d9780a7a000 r--s 00000000 fd:01 4390767                    /home/ubuntu/.gradle/caches/8.10.2/transforms/81e4360543fbb01d4f7fb470fa49803d/transformed/ideaIU-2025.3/plugins/kotlin-jupyter-plugin/lib/modules/intellij.kotlin.jupyter.k1.jar
7d9780a7a000-7d9780c00000 r--s 00000000 fd:01 4389688                    /home/ubuntu/.gradle/caches/8.10.2/transforms/81e4360543fbb01d4f7fb470fa49803d/transformed/ideaIU-2025.3/plugins/Kotlin/lib/kotlinc.kotlinx-serialization-compiler-plugin.jar
7d9780c00000-7d9780ea1000 r--s 00000000 fd:01 4389373                    /home/ubuntu/.gradle/caches/8.10.2/transforms/81e4360543fbb01d4f7fb470fa49803d/transformed/ideaIU-2025.3/plugins/fullLine/lib/modules/intellij.fullLine.ruby.local.jar
7d9780eae000-7d9780f06000 r--s 00000000 fd:01 4390768                    /home/ubuntu/.gradle/caches/8.10.2/transforms/81e4360543fbb01d4f7fb470fa49803d/transformed/ideaIU-2025.3/plugins/kotlin-jupyter-plugin/lib/modules/intellij.kotlin.jupyter.k2.jar
7d9780f06000-7d9781000000 r--s 00000000 fd:01 4389701                    /home/ubuntu/.gradle/caches/8.10.2/transforms/81e4360543fbb01d4f7fb470fa49803d/transformed/ideaIU-2025.3/plugins/Kotlin/lib/kotlinc.parcelize-compiler-plugin.jar
7d9781000000-7d978120e000 r--s 00000000 fd:01 4389371                    /home/ubuntu/.gradle/caches/8.10.2/transforms/81e4360543fbb01d4f7fb470fa49803d/transformed/ideaIU-2025.3/plugins/fullLine/lib/modules/intellij.ml.llm.python.completion.jar
7d9781221000-7d9781244000 r--s 00000000 fd:01 4390764                    /home/ubuntu/.gradle/caches/8.10.2/transforms/81e4360543fbb01d4f7fb470fa49803d/transformed/ideaIU-2025.3/plugins/kotlin-jupyter-plugin/lib/modules/intellij.kotlin.jupyter.tables.jar
7d9781244000-7d9781271000 r--s 00000000 fd:01 4390838                    /home/ubuntu/.gradle/caches/8.10.2/transforms/81e4360543fbb01d4f7fb470fa49803d/transformed/ideaIU-2025.3/plugins/vcs-gitlab/lib/modules/intellij.vcs.gitlab.git.jar
7d9781271000-7d9781400000 r--s 00000000 fd:01 4389703                    /home/ubuntu/.gradle/caches/8.10.2/transforms/81e4360543fbb01d4f7fb470fa49803d/transformed/ideaIU-2025.3/plugins/Kotlin/lib/kotlinc.scripting-compiler-plugin.jar
7d9781400000-7d9781672000 r--s 00000000 fd:01 4389372                    /home/ubuntu/.gradle/caches/8.10.2/transforms/81e4360543fbb01d4f7fb470fa49803d/transformed/ideaIU-2025.3/plugins/fullLine/lib/modules/intellij.fullLine.kotlin.local.jar
7d9781674000-7d978167e000 r--s 00000000 fd:01 4389170                    /home/ubuntu/.gradle/caches/8.10.2/transforms/81e4360543fbb01d4f7fb470fa49803d/transformed/ideaIU-2025.3/plugins/grazie/lib/com.hankcs-aho-corasick-double-array-trie.jar
7d978167e000-7d9781800000 r--s 00000000 fd:01 4389448                    /home/ubuntu/.gradle/caches/8.10.2/transforms/81e4360543fbb01d4f7fb470fa49803d/transformed/ideaIU-2025.3/plugins/repository-search/lib/package-search-api-client.jar
7d9781800000-7d9781c50000 r--s 00000000 fd:01 4389369                    /home/ubuntu/.gradle/caches/8.10.2/transforms/81e4360543fbb01d4f7fb470fa49803d/transformed/ideaIU-2025.3/plugins/fullLine/lib/modules/intellij.fullLine.js.local.jar
7d9781c50000-7d9781c6a000 r--s 00000000 fd:01 4389174                    /home/ubuntu/.gradle/caches/8.10.2/transforms/81e4360543fbb01d4f7fb470fa49803d/transformed/ideaIU-2025.3/plugins/grazie/lib/org.carrot2-morfologik-stemming.jar
7d9781c6a000-7d9781e00000 r--s 00000000 fd:01 4390325                    /home/ubuntu/.gradle/caches/8.10.2/transforms/81e4360543fbb01d4f7fb470fa49803d/transformed/ideaIU-2025.3/plugins/eclipse/lib/eclipse.jar
7d9781e00000-7d9782086000 r--s 00000000 fd:01 4389329                    /home/ubuntu/.gradle/caches/8.10.2/transforms/81e4360543fbb01d4f7fb470fa49803d/transformed/ideaIU-2025.3/plugins/fullLine/lib/modules/intellij.fullLine.php.local.jar
7d9782089000-7d978215d000 r--s 00000000 fd:01 4389687                    /home/ubuntu/.gradle/caches/8.10.2/transforms/81e4360543fbb01d4f7fb470fa49803d/transformed/ideaIU-2025.3/plugins/Kotlin/lib/kotlinc.lombok-compiler-plugin.jar
7d978215d000-7d9782200000 r--s 00000000 fd:01 4389695                    /home/ubuntu/.gradle/caches/8.10.2/transforms/81e4360543fbb01d4f7fb470fa49803d/transformed/ideaIU-2025.3/plugins/Kotlin/lib/completion-ranking-kotlin.jar
7d9782200000-7d9782427000 r--s 00000000 fd:01 4389334                    /home/ubuntu/.gradle/caches/8.10.2/transforms/81e4360543fbb01d4f7fb470fa49803d/transformed/ideaIU-2025.3/plugins/fullLine/lib/modules/intellij.ml.llm.php.completion.jar
7d9782427000-7d978242e000 r--s 00000000 fd:01 4389169                    /home/ubuntu/.gradle/caches/8.10.2/transforms/81e4360543fbb01d4f7fb470fa49803d/transformed/ideaIU-2025.3/plugins/grazie/lib/org.carrot2-morfologik-speller.jar
7d978242e000-7d9782452000 r--s 00000000 fd:01 4389123                    /home/ubuntu/.gradle/caches/8.10.2/transforms/81e4360543fbb01d4f7fb470fa49803d/transformed/ideaIU-2025.3/plugins/gradle-java/lib/modules/intellij.gradle.java.maven.jar
7d9782452000-7d9782490000 r--s 00000000 fd:01 4389102                    /home/ubuntu/.gradle/caches/8.10.2/transforms/81e4360543fbb01d4f7fb470fa49803d/transformed/ideaIU-2025.3/plugins/clouds-docker-gateway/lib/clouds-docker-gateway-frontend.jar
7d9782490000-7d9782600000 r--s 00000000 fd:01 4389336                    /home/ubuntu/.gradle/caches/8.10.2/transforms/81e4360543fbb01d4f7fb470fa49803d/transformed/ideaIU-2025.3/plugins/fullLine/lib/modules/intellij.ml.llm.javascript.completion.jar
7d9782600000-7d9782824000 r--s 00000000 fd:01 4389363                    /home/ubuntu/.gradle/caches/8.10.2/transforms/81e4360543fbb01d4f7fb470fa49803d/transformed/ideaIU-2025.3/plugins/fullLine/lib/modules/intellij.ml.llm.cpp.completion.jar
7d9782829000-7d9782832000 r--s 00000000 fd:01 4389158                    /home/ubuntu/.gradle/caches/8.10.2/transforms/81e4360543fbb01d4f7fb470fa49803d/transformed/ideaIU-2025.3/plugins/grazie/lib/org.carrot2-morfologik-fsa.jar
7d9782832000-7d9782842000 r--s 00000000 fd:01 4389171                    /home/ubuntu/.gradle/caches/8.10.2/transforms/81e4360543fbb01d4f7fb470fa49803d/transformed/ideaIU-2025.3/plugins/grazie/lib/javax.measure-unit-api.jar
7d9782842000-7d97828e2000 r--s 00000000 fd:01 4389449                    /home/ubuntu/.gradle/caches/8.10.2/transforms/81e4360543fbb01d4f7fb470fa49803d/transformed/ideaIU-2025.3/plugins/repository-search/lib/kotlinx-document-store-mvstore.jar
7d97828e2000-7d9782a00000 r--s 00000000 fd:01 4389349                    /home/ubuntu/.gradle/caches/8.10.2/transforms/81e4360543fbb01d4f7fb470fa49803d/transformed/ideaIU-2025.3/plugins/fullLine/lib/modules/intellij.ml.llm.ruby.completion.jar
7d9782a00000-7d9782e3c000 r--s 00000000 fd:01 4389332                    /home/ubuntu/.gradle/caches/8.10.2/transforms/81e4360543fbb01d4f7fb470fa49803d/transformed/ideaIU-2025.3/plugins/fullLine/lib/modules/intellij.fullLine.java.local.jar
7d9782e3f000-7d9782e4d000 r--s 00000000 fd:01 4389163                    /home/ubuntu/.gradle/caches/8.10.2/transforms/81e4360543fbb01d4f7fb470fa49803d/transformed/ideaIU-2025.3/plugins/grazie/lib/org.carrot2-morfologik-fsa-builders.jar
7d9782e4d000-7d9782e6f000 r--s 00000000 fd:01 4389472                    /home/ubuntu/.gradle/caches/8.10.2/transforms/81e4360543fbb01d4f7fb470fa49803d/transformed/ideaIU-2025.3/plugins/vcs-github/lib/modules/intellij.vcs.github.json.jar
7d9782e6f000-7d9783000000 r--s 00000000 fd:01 4389356                    /home/ubuntu/.gradle/caches/8.10.2/transforms/81e4360543fbb01d4f7fb470fa49803d/transformed/ideaIU-2025.3/plugins/fullLine/lib/modules/intellij.ml.llm.rider.csharp.completion.jar
7d9783000000-7d978709e000 r--s 00000000 fd:01 4389347                    /home/ubuntu/.gradle/caches/8.10.2/transforms/81e4360543fbb01d4f7fb470fa49803d/transformed/ideaIU-2025.3/plugins/fullLine/lib/modules/intellij.ml.llm.completion.trigger.model.jar
7d978709f000-7d9787200000 r--s 00000000 fd:01 4389374                    /home/ubuntu/.gradle/caches/8.10.2/transforms/81e4360543fbb01d4f7fb470fa49803d/transformed/ideaIU-2025.3/plugins/fullLine/lib/modules/intellij.fullLine.css.local.jar
7d9787200000-7d9787c33000 r--s 00000000 fd:01 4389375                    /home/ubuntu/.gradle/caches/8.10.2/transforms/81e4360543fbb01d4f7fb470fa49803d/transformed/ideaIU-2025.3/plugins/fullLine/lib/jetbrains.ai.completion.trigger.model.polyglot.cloud.jar
7d9787c34000-7d9787c4d000 r--s 00000000 fd:01 4389156                    /home/ubuntu/.gradle/caches/8.10.2/transforms/81e4360543fbb01d4f7fb470fa49803d/transformed/ideaIU-2025.3/plugins/grazie/lib/ai.grazie.model.ner.jvm.jar
7d9787c4d000-7d9787e00000 r--s 00000000 fd:01 4389365                    /home/ubuntu/.gradle/caches/8.10.2/transforms/81e4360543fbb01d4f7fb470fa49803d/transformed/ideaIU-2025.3/plugins/fullLine/lib/modules/intellij.fullLine.rust.local.jar
7d9787e00000-7d9788106000 r--s 00000000 fd:01 4389327                    /home/ubuntu/.gradle/caches/8.10.2/transforms/81e4360543fbb01d4f7fb470fa49803d/transformed/ideaIU-2025.3/plugins/fullLine/lib/jgrapht.core.jar
7d9788109000-7d978812f000 r--s 00000000 fd:01 4389690                    /home/ubuntu/.gradle/caches/8.10.2/transforms/81e4360543fbb01d4f7fb470fa49803d/transformed/ideaIU-2025.3/plugins/Kotlin/lib/ehcache.sizeof.jar
7d978812f000-7d9788186000 r--s 00000000 fd:01 4389696                    /home/ubuntu/.gradle/caches/8.10.2/transforms/81e4360543fbb01d4f7fb470fa49803d/transformed/ideaIU-2025.3/plugins/Kotlin/lib/kotlinc.kotlin-jps-common.jar
7d9788186000-7d97881c6000 r--s 00000000 fd:01 4389450                    /home/ubuntu/.gradle/caches/8.10.2/transforms/81e4360543fbb01d4f7fb470fa49803d/transformed/ideaIU-2025.3/plugins/repository-search/lib/repository-search.jar
7d97881c6000-7d9788200000 r--s 00000000 fd:01 4390339                    /home/ubuntu/.gradle/caches/8.10.2/transforms/81e4360543fbb01d4f7fb470fa49803d/transformed/ideaIU-2025.3/plugins/maven/lib/maven3-server.jar
7d9788200000-7d97890bf000 r--s 00000000 fd:01 4389325                    /home/ubuntu/.gradle/caches/8.10.2/transforms/81e4360543fbb01d4f7fb470fa49803d/transformed/ideaIU-2025.3/plugins/fullLine/lib/fullLine.jar
7d97890c5000-7d97890ea000 r--s 00000000 fd:01 4389705                    /home/ubuntu/.gradle/caches/8.10.2/transforms/81e4360543fbb01d4f7fb470fa49803d/transformed/ideaIU-2025.3/plugins/Kotlin/lib/kotlinc.noarg-compiler-plugin.jar
7d97890ea000-7d978915d000 r--s 00000000 fd:01 4390455                    /home/ubuntu/.gradle/caches/8.10.2/transforms/81e4360543fbb01d4f7fb470fa49803d/transformed/ideaIU-2025.3/plugins/maven/lib/plexus-archiver.jar
7d978915d000-7d9789200000 r--s 00000000 fd:01 4389360                    /home/ubuntu/.gradle/caches/8.10.2/transforms/81e4360543fbb01d4f7fb470fa49803d/transformed/ideaIU-2025.3/plugins/fullLine/lib/modules/intellij.fullLine.terraform.local.jar
7d9789200000-7d978a3ed000 r--s 00000000 fd:01 4391419                    /home/ubuntu/.gradle/caches/8.10.2/transforms/81e4360543fbb01d4f7fb470fa49803d/transformed/ideaIU-2025.3/plugins/qodana/lib/flexmark.jar
7d978a3f1000-7d978a400000 r--s 00000000 fd:01 4389720                    /home/ubuntu/.gradle/caches/8.10.2/transforms/81e4360543fbb01d4f7fb470fa49803d/transformed/ideaIU-2025.3/plugins/toml/lib/modules/intellij.toml.backend.jar
7d978a400000-7d978a654000 r--s 00000000 fd:01 4391426                    /home/ubuntu/.gradle/caches/8.10.2/transforms/81e4360543fbb01d4f7fb470fa49803d/transformed/ideaIU-2025.3/plugins/qodana/lib/jline.jar
7d978a656000-7d978a674000 r--s 00000000 fd:01 4390769                    /home/ubuntu/.gradle/caches/8.10.2/transforms/81e4360543fbb01d4f7fb470fa49803d/transformed/ideaIU-2025.3/plugins/kotlin-jupyter-plugin/lib/xml-apis-ext.jar
7d978a674000-7d978a800000 r--s 00000000 fd:01 4389333                    /home/ubuntu/.gradle/caches/8.10.2/transforms/81e4360543fbb01d4f7fb470fa49803d/transformed/ideaIU-2025.3/plugins/fullLine/lib/modules/intellij.ml.llm.go.completion.jar
7d978a800000-7d978abfc000 r--s 00000000 fd:01 4391420                    /home/ubuntu/.gradle/caches/8.10.2/transforms/81e4360543fbb01d4f7fb470fa49803d/transformed/ideaIU-2025.3/plugins/qodana/lib/jetbrains.qodana.web.ui.jar
7d978ac00000-7d978bba1000 r--s 00000000 fd:01 4391422                    /home/ubuntu/.gradle/caches/8.10.2/transforms/81e4360543fbb01d4f7fb470fa49803d/transformed/ideaIU-2025.3/plugins/qodana/lib/qodana.jar
7d978bba2000-7d978bbaa000 r--s 00000000 fd:01 4389719                    /home/ubuntu/.gradle/caches/8.10.2/transforms/81e4360543fbb01d4f7fb470fa49803d/transformed/ideaIU-2025.3/plugins/toml/lib/modules/intellij.toml.frontend.jar
7d978bbaa000-7d978bbb8000 r--s 00000000 fd:01 4390262                    /home/ubuntu/.gradle/caches/8.10.2/transforms/81e4360543fbb01d4f7fb470fa49803d/transformed/ideaIU-2025.3/plugins/yaml/lib/modules/intellij.yaml.helm.jar
7d978bbb8000-7d978bc00000 r--s 00000000 fd:01 4390456                    /home/ubuntu/.gradle/caches/8.10.2/transforms/81e4360543fbb01d4f7fb470fa49803d/transformed/ideaIU-2025.3/plugins/maven/lib/maven40-server.jar
7d978bc00000-7d978c28f000 r--s 00000000 fd:01 4389409                    /home/ubuntu/.gradle/caches/8.10.2/transforms/81e4360543fbb01d4f7fb470fa49803d/transformed/ideaIU-2025.3/plugins/markdown/lib/markdown.jar
7d978c290000-7d978c29b000 r--s 00000000 fd:01 4391378                    /home/ubuntu/.gradle/caches/8.10.2/transforms/81e4360543fbb01d4f7fb470fa49803d/transformed/ideaIU-2025.3/plugins/textmate-plugin/lib/modules/intellij.textmate.backend.jar
7d978c29b000-7d978c2a5000 r--s 00000000 fd:01 4390760                    /home/ubuntu/.gradle/caches/8.10.2/transforms/81e4360543fbb01d4f7fb470fa49803d/transformed/ideaIU-2025.3/plugins/kotlin-jupyter-plugin/lib/kotlin-jupyter-plugin.jar
7d978c2a5000-7d978c2f6000 r--s 00000000 fd:01 4390344                    /home/ubuntu/.gradle/caches/8.10.2/transforms/81e4360543fbb01d4f7fb470fa49803d/transformed/ideaIU-2025.3/plugins/maven/lib/maven-server.jar
7d978c2f6000-7d978c400000 r--s 00000000 fd:01 4389362                    /home/ubuntu/.gradle/caches/8.10.2/transforms/81e4360543fbb01d4f7fb470fa49803d/transformed/ideaIU-2025.3/plugins/fullLine/lib/modules/intellij.ml.llm.html.completion.jar
7d978c400000-7d978d719000 r--s 00000000 fd:01 4390620                    /home/ubuntu/.gradle/caches/8.10.2/transforms/81e4360543fbb01d4f7fb470fa49803d/transformed/ideaIU-2025.3/plugins/Groovy/lib/Groovy.jar
7d978d71b000-7d978d800000 r--s 00000000 fd:01 4389352                    /home/ubuntu/.gradle/caches/8.10.2/transforms/81e4360543fbb01d4f7fb470fa49803d/transformed/ideaIU-2025.3/plugins/fullLine/lib/modules/intellij.ml.llm.css.completion.jar
7d978d800000-7d978da91000 r--s 00000000 fd:01 4389753                    /home/ubuntu/.gradle/caches/8.10.2/transforms/81e4360543fbb01d4f7fb470fa49803d/transformed/ideaIU-2025.3/plugins/editorconfig-plugin/lib/modules/intellij.editorconfig.backend.jar
7d978da95000-7d978daa3000 r--s 00000000 fd:01 4389253                    /home/ubuntu/.gradle/caches/8.10.2/transforms/81e4360543fbb01d4f7fb470fa49803d/transformed/ideaIU-2025.3/plugins/javaFX/lib/javaFX-common.jar
7d978daa3000-7d978dc00000 r--s 00000000 fd:01 4389324                    /home/ubuntu/.gradle/caches/8.10.2/transforms/81e4360543fbb01d4f7fb470fa49803d/transformed/ideaIU-2025.3/plugins/fullLine/lib/clikt.jar
7d978dc00000-7d978e2ec000 r--s 00000000 fd:01 4390315                    /home/ubuntu/.gradle/caches/8.10.2/transforms/81e4360543fbb01d4f7fb470fa49803d/transformed/ideaIU-2025.3/plugins/platform-ijent-impl/lib/platform-ijent-impl.jar
7d978e2ed000-7d978e301000 r--s 00000000 fd:01 4389259                    /home/ubuntu/.gradle/caches/8.10.2/transforms/81e4360543fbb01d4f7fb470fa49803d/transformed/ideaIU-2025.3/plugins/javaFX/lib/javaFX-jps.jar
7d978e301000-7d978e400000 r--s 00000000 fd:01 4389326                    /home/ubuntu/.gradle/caches/8.10.2/transforms/81e4360543fbb01d4f7fb470fa49803d/transformed/ideaIU-2025.3/plugins/fullLine/lib/jetbrains.mlapi.core.jar
7d978e400000-7d978e702000 r--s 00000000 fd:01 4390498                    /home/ubuntu/.gradle/caches/8.10.2/transforms/81e4360543fbb01d4f7fb470fa49803d/transformed/ideaIU-2025.3/plugins/ktor/lib/ktor.jar
7d978e708000-7d978e716000 r--s 00000000 fd:01 4389124                    /home/ubuntu/.gradle/caches/8.10.2/transforms/81e4360543fbb01d4f7fb470fa49803d/transformed/ideaIU-2025.3/plugins/gradle-java/lib/modules/intellij.gradle.profiler.jar
7d978e716000-7d978e765000 r--s 00000000 fd:01 4389441                    /home/ubuntu/.gradle/caches/8.10.2/transforms/81e4360543fbb01d4f7fb470fa49803d/transformed/ideaIU-2025.3/plugins/java-debugger-streams/lib/java-debugger-streams.jar
7d978e765000-7d978e800000 r--s 00000000 fd:01 4391423                    /home/ubuntu/.gradle/caches/8.10.2/transforms/81e4360543fbb01d4f7fb470fa49803d/transformed/ideaIU-2025.3/plugins/qodana/lib/qodana-sarif.jar
7d978e800000-7d978ec60000 r--s 00000000 fd:01 4391547                    /home/ubuntu/.gradle/caches/8.10.2/transforms/81e4360543fbb01d4f7fb470fa49803d/transformed/ideaIU-2025.3/plugins/jupyter-plugin/lib/modules/intellij.jupyter.execution.jar
7d978ec64000-7d978ec8e000 r--s 00000000 fd:01 4389702                    /home/ubuntu/.gradle/caches/8.10.2/transforms/81e4360543fbb01d4f7fb470fa49803d/transformed/ideaIU-2025.3/plugins/Kotlin/lib/kotlinc.js-plain-objects-compiler-plugin.jar
7d978ec8e000-7d978ed2e000 r--s 00000000 fd:01 4391418                    /home/ubuntu/.gradle/caches/8.10.2/transforms/81e4360543fbb01d4f7fb470fa49803d/transformed/ideaIU-2025.3/plugins/qodana/lib/jetbrains.qodana.sarif.converter.jar
7d978ed2e000-7d978ee00000 r--s 00000000 fd:01 4391421                    /home/ubuntu/.gradle/caches/8.10.2/transforms/81e4360543fbb01d4f7fb470fa49803d/transformed/ideaIU-2025.3/plugins/qodana/lib/jetbrains.qodana.configuration.jar
7d978ee00000-7d978f0fe000 r--s 00000000 fd:01 4391548                    /home/ubuntu/.gradle/caches/8.10.2/transforms/81e4360543fbb01d4f7fb470fa49803d/transformed/ideaIU-2025.3/plugins/jupyter-plugin/lib/modules/intellij.jupyter.py.jar
7d978f103000-7d978f200000 r--s 00000000 fd:01 4391424                    /home/ubuntu/.gradle/caches/8.10.2/transforms/81e4360543fbb01d4f7fb470fa49803d/transformed/ideaIU-2025.3/plugins/qodana/lib/jetbrains.qodana.cloud.kotlin.client.jar
7d978f200000-7d978fd69000 r--s 00000000 fd:01 4391552                    /home/ubuntu/.gradle/caches/8.10.2/transforms/81e4360543fbb01d4f7fb470fa49803d/transformed/ideaIU-2025.3/plugins/jupyter-plugin/lib/modules/intellij.jupyter.core.jar
7d978fd6d000-7d978fd7d000 r--s 00000000 fd:01 4389125                    /home/ubuntu/.gradle/caches/8.10.2/transforms/81e4360543fbb01d4f7fb470fa49803d/transformed/ideaIU-2025.3/plugins/gradle-java/lib/modules/intellij.gradle.analysis.jar
7d978fd7d000-7d978fe00000 r--s 00000000 fd:01 4389350                    /home/ubuntu/.gradle/caches/8.10.2/transforms/81e4360543fbb01d4f7fb470fa49803d/transformed/ideaIU-2025.3/plugins/fullLine/lib/modules/intellij.ml.llm.chat.completion.jar
7d978fe00000-7d9790016000 r--s 00000000 fd:01 4390235                    /home/ubuntu/.gradle/caches/8.10.2/transforms/81e4360543fbb01d4f7fb470fa49803d/transformed/ideaIU-2025.3/plugins/indexing-shared/lib/indexing-shared.jar
7d9790019000-7d9790023000 r--s 00000000 fd:01 4389122                    /home/ubuntu/.gradle/caches/8.10.2/transforms/81e4360543fbb01d4f7fb470fa49803d/transformed/ideaIU-2025.3/plugins/gradle-java/lib/modules/intellij.gradle.dependencyUpdater.jar
7d9790023000-7d979004e000 r--s 00000000 fd:01 4390457                    /home/ubuntu/.gradle/caches/8.10.2/transforms/81e4360543fbb01d4f7fb470fa49803d/transformed/ideaIU-2025.3/plugins/maven/lib/maven3-server-common.jar
7d979004e000-7d9790200000 r--s 00000000 fd:01 4391544                    /home/ubuntu/.gradle/caches/8.10.2/transforms/81e4360543fbb01d4f7fb470fa49803d/transformed/ideaIU-2025.3/plugins/jupyter-plugin/lib/jupyter-plugin.jar
7d9790200000-7d9790456000 r--s 00000000 fd:01 4389177                    /home/ubuntu/.gradle/caches/8.10.2/transforms/81e4360543fbb01d4f7fb470fa49803d/transformed/ideaIU-2025.3/plugins/protoeditor/lib/protoeditor.jar
7d979045a000-7d9790469000 r--s 00000000 fd:01 4389469                    /home/ubuntu/.gradle/caches/8.10.2/transforms/81e4360543fbb01d4f7fb470fa49803d/transformed/ideaIU-2025.3/plugins/vcs-github/lib/modules/intellij.vcs.github.tracker.jar
7d9790469000-7d97904a3000 r--s 00000000 fd:01 4390341                    /home/ubuntu/.gradle/caches/8.10.2/transforms/81e4360543fbb01d4f7fb470fa49803d/transformed/ideaIU-2025.3/plugins/maven/lib/maven-jps.jar
7d97904a3000-7d97904dd000 r--s 00000000 fd:01 4391425                    /home/ubuntu/.gradle/caches/8.10.2/transforms/81e4360543fbb01d4f7fb470fa49803d/transformed/ideaIU-2025.3/plugins/qodana/lib/jetbrains.qodana.publisher.jar
7d97904dd000-7d9790600000 r--s 00000000 fd:01 4390314                    /home/ubuntu/.gradle/caches/8.10.2/transforms/81e4360543fbb01d4f7fb470fa49803d/transformed/ideaIU-2025.3/plugins/platform-ijent-impl/lib/google.protobuf.kotlin.jar
7d9790600000-7d9790906000 r--s 00000000 fd:01 4389136                    /home/ubuntu/.gradle/caches/8.10.2/transforms/81e4360543fbb01d4f7fb470fa49803d/transformed/ideaIU-2025.3/plugins/restClient/lib/modules/intellij.httpClient.grpc.jar
7d9790906000-7d979090c000 r--s 00000000 fd:01 4389166                    /home/ubuntu/.gradle/caches/8.10.2/transforms/81e4360543fbb01d4f7fb470fa49803d/transformed/ideaIU-2025.3/plugins/grazie/lib/tech.uom.lib-uom-lib-common.jar
7d979090c000-7d979092a000 r--s 00000000 fd:01 4389685                    /home/ubuntu/.gradle/caches/8.10.2/transforms/81e4360543fbb01d4f7fb470fa49803d/transformed/ideaIU-2025.3/plugins/Kotlin/lib/jackson-dataformat-toml.jar
7d979092a000-7d97909a6000 r--s 00000000 fd:01 4390611                    /home/ubuntu/.gradle/caches/8.10.2/transforms/81e4360543fbb01d4f7fb470fa49803d/transformed/ideaIU-2025.3/plugins/postcss/lib/postcss.jar
7d97909a6000-7d9790a00000 r--s 00000000 fd:01 4391472                    /home/ubuntu/.gradle/caches/8.10.2/transforms/81e4360543fbb01d4f7fb470fa49803d/transformed/ideaIU-2025.3/plugins/webpack/lib/webpack.jar
7d9790a00000-7d979602b000 r--s 00000000 fd:01 4389132                    /home/ubuntu/.gradle/caches/8.10.2/transforms/81e4360543fbb01d4f7fb470fa49803d/transformed/ideaIU-2025.3/plugins/restClient/lib/graalvm.js.jar
7d979602b000-7d9796034000 r--s 00000000 fd:01 4390837                    /home/ubuntu/.gradle/caches/8.10.2/transforms/81e4360543fbb01d4f7fb470fa49803d/transformed/ideaIU-2025.3/plugins/vcs-gitlab/lib/modules/intellij.vcs.gitlab.ultimate.ci.sh.jar
7d9796034000-7d979605c000 r--s 00000000 fd:01 4390627                    /home/ubuntu/.gradle/caches/8.10.2/transforms/81e4360543fbb01d4f7fb470fa49803d/transformed/ideaIU-2025.3/plugins/Groovy/lib/groovy-rt-class-loader.jar
7d979605c000-7d9796200000 r--s 00000000 fd:01 4389727                    /home/ubuntu/.gradle/caches/8.10.2/transforms/81e4360543fbb01d4f7fb470fa49803d/transformed/ideaIU-2025.3/plugins/vcs-hg/lib/vcs-hg.jar
7d9796200000-7d9796a3c000 r--s 00000000 fd:01 4389138                    /home/ubuntu/.gradle/caches/8.10.2/transforms/81e4360543fbb01d4f7fb470fa49803d/transformed/ideaIU-2025.3/plugins/restClient/lib/reactor-netty-http.jar
7d9796a3e000-7d9796a5d000 r--s 00000000 fd:01 4389700                    /home/ubuntu/.gradle/caches/8.10.2/transforms/81e4360543fbb01d4f7fb470fa49803d/transformed/ideaIU-2025.3/plugins/Kotlin/lib/kotlinc.assignment-compiler-plugin.jar
7d9796a5d000-7d9796c00000 r--s 00000000 fd:01 4389522                    /home/ubuntu/.gradle/caches/8.10.2/transforms/81e4360543fbb01d4f7fb470fa49803d/transformed/ideaIU-2025.3/plugins/station-plugin/lib/station-plugin.jar
7d9796c00000-7d9797918000 r--s 00000000 fd:01 4389133                    /home/ubuntu/.gradle/caches/8.10.2/transforms/81e4360543fbb01d4f7fb470fa49803d/transformed/ideaIU-2025.3/plugins/restClient/lib/restClient.jar
7d9797918000-7d9797921000 r--s 00000000 fd:01 4389467                    /home/ubuntu/.gradle/caches/8.10.2/transforms/81e4360543fbb01d4f7fb470fa49803d/transformed/ideaIU-2025.3/plugins/vcs-github/lib/modules/intellij.vcs.github.ultimate.docker.jar
7d9797921000-7d979795f000 r--s 00000000 fd:01 4390626                    /home/ubuntu/.gradle/caches/8.10.2/transforms/81e4360543fbb01d4f7fb470fa49803d/transformed/ideaIU-2025.3/plugins/Groovy/lib/groovy-jps.jar
7d979795f000-7d9797a00000 r--s 00000000 fd:01 4390099                    /home/ubuntu/.gradle/caches/8.10.2/transforms/81e4360543fbb01d4f7fb470fa49803d/transformed/ideaIU-2025.3/plugins/prettierJS/lib/prettierJS.jar
7d9797a00000-7d9797e95000 r--s 00000000 fd:01 4389131                    /home/ubuntu/.gradle/caches/8.10.2/transforms/81e4360543fbb01d4f7fb470fa49803d/transformed/ideaIU-2025.3/plugins/restClient/lib/github.javafaker.jar
7d9797e97000-7d9797ea6000 r--s 00000000 fd:01 4389471                    /home/ubuntu/.gradle/caches/8.10.2/transforms/81e4360543fbb01d4f7fb470fa49803d/transformed/ideaIU-2025.3/plugins/vcs-github/lib/modules/intellij.vcs.github.git.jar
7d9797ea6000-7d9797efd000 r--s 00000000 fd:01 4391546                    /home/ubuntu/.gradle/caches/8.10.2/transforms/81e4360543fbb01d4f7fb470fa49803d/transformed/ideaIU-2025.3/plugins/jupyter-plugin/lib/modules/intellij.jupyter.split.frontend.jar
7d9797efd000-7d9797f80000 r--s 00000000 fd:01 4390240                    /home/ubuntu/.gradle/caches/8.10.2/transforms/81e4360543fbb01d4f7fb470fa49803d/transformed/ideaIU-2025.3/plugins/indexing-shared-ultimate-plugin-bundled/lib/modules/intellij.indexing.shared.generator.jar
7d9797f80000-7d9798000000 r--s 00000000 fd:01 4389288                    /home/ubuntu/.gradle/caches/8.10.2/transforms/81e4360543fbb01d4f7fb470fa49803d/transformed/ideaIU-2025.3/plugins/grid-plugin/lib/grid-plugin.jar
7d9798000000-7d979838e000 r--s 00000000 fd:01 4390249                    /home/ubuntu/.gradle/caches/8.10.2/transforms/81e4360543fbb01d4f7fb470fa49803d/transformed/ideaIU-2025.3/plugins/webDeployment/lib/webDeployment.jar
7d979838e000-7d9798396000 r--s 00000000 fd:01 4390715                    /home/ubuntu/.gradle/caches/8.10.2/transforms/81e4360543fbb01d4f7fb470fa49803d/transformed/ideaIU-2025.3/plugins/vuejs-plugin/lib/vuejs-plugin.jar
7d9798396000-7d97983da000 r--s 00000000 fd:01 4389755                    /home/ubuntu/.gradle/caches/8.10.2/transforms/81e4360543fbb01d4f7fb470fa49803d/transformed/ideaIU-2025.3/plugins/editorconfig-plugin/lib/modules/intellij.editorconfig.common.jar
7d97983da000-7d9798400000 r--s 00000000 fd:01 4390243                    /home/ubuntu/.gradle/caches/8.10.2/transforms/81e4360543fbb01d4f7fb470fa49803d/transformed/ideaIU-2025.3/plugins/indexing-shared-ultimate-plugin-bundled/lib/modules/intellij.indexing.shared.ultimate.git.jar
7d9798400000-7d97987c0000 r--s 00000000 fd:01 4390094                    /home/ubuntu/.gradle/caches/8.10.2/transforms/81e4360543fbb01d4f7fb470fa49803d/transformed/ideaIU-2025.3/plugins/performanceTesting/lib/assertj.jar
7d97987c1000-7d97987db000 r--s 00000000 fd:01 4390469                    /home/ubuntu/.gradle/caches/8.10.2/transforms/81e4360543fbb01d4f7fb470fa49803d/transformed/ideaIU-2025.3/plugins/maven/lib/modules/intellij.maven.profiler.jar
7d97987db000-7d9798800000 r--s 00000000 fd:01 4390242                    /home/ubuntu/.gradle/caches/8.10.2/transforms/81e4360543fbb01d4f7fb470fa49803d/transformed/ideaIU-2025.3/plugins/indexing-shared-ultimate-plugin-bundled/lib/modules/intellij.indexing.shared.ultimate.java.jar
7d9798800000-7d9798a01000 r--s 00000000 fd:01 4390093                    /home/ubuntu/.gradle/caches/8.10.2/transforms/81e4360543fbb01d4f7fb470fa49803d/transformed/ideaIU-2025.3/plugins/performanceTesting/lib/github.oshi.core.jar
7d9798a01000-7d9798a06000 r--s 00000000 fd:01 4390494                    /home/ubuntu/.gradle/caches/8.10.2/transforms/81e4360543fbb01d4f7fb470fa49803d/transformed/ideaIU-2025.3/plugins/sass-plugin/lib/sass-plugin.jar
7d9798a06000-7d9798a13000 r--s 00000000 fd:01 4389706                    /home/ubuntu/.gradle/caches/8.10.2/transforms/81e4360543fbb01d4f7fb470fa49803d/transformed/ideaIU-2025.3/plugins/Kotlin/lib/kotlinc.allopen-compiler-plugin.jar
7d9798a13000-7d9798a3c000 r--s 00000000 fd:01 4389178                    /home/ubuntu/.gradle/caches/8.10.2/transforms/81e4360543fbb01d4f7fb470fa49803d/transformed/ideaIU-2025.3/plugins/protoeditor/lib/google.protobuf.java.util.jar
7d9798a3c000-7d9798a97000 r--s 00000000 fd:01 4389525                    /home/ubuntu/.gradle/caches/8.10.2/transforms/81e4360543fbb01d4f7fb470fa49803d/transformed/ideaIU-2025.3/plugins/station-plugin/lib/modules/intellij.station.frontend.split.jar
7d9798a97000-7d9798b01000 r--s 00000000 fd:01 4389113                    /home/ubuntu/.gradle/caches/8.10.2/transforms/81e4360543fbb01d4f7fb470fa49803d/transformed/ideaIU-2025.3/plugins/sh-plugin/lib/modules/intellij.sh.backend.jar
7d9798b01000-7d9798c00000 r--s 00000000 fd:01 4389111                    /home/ubuntu/.gradle/caches/8.10.2/transforms/81e4360543fbb01d4f7fb470fa49803d/transformed/ideaIU-2025.3/plugins/sh-plugin/lib/sh-plugin.jar
7d9798c00000-7d9798f3e000 r--s 00000000 fd:01 4390091                    /home/ubuntu/.gradle/caches/8.10.2/transforms/81e4360543fbb01d4f7fb470fa49803d/transformed/ideaIU-2025.3/plugins/performanceTesting/lib/performanceTesting.jar
7d9798f42000-7d9798f4c000 r--s 00000000 fd:01 4389699                    /home/ubuntu/.gradle/caches/8.10.2/transforms/81e4360543fbb01d4f7fb470fa49803d/transformed/ideaIU-2025.3/plugins/Kotlin/lib/kotlinc.sam-with-receiver-compiler-plugin.jar
7d9798f4c000-7d9798f5c000 r--s 00000000 fd:01 4390471                    /home/ubuntu/.gradle/caches/8.10.2/transforms/81e4360543fbb01d4f7fb470fa49803d/transformed/ideaIU-2025.3/plugins/maven/lib/maven36-server.jar
7d9798f5c000-7d9799000000 r--s 00000000 fd:01 4390607                    /home/ubuntu/.gradle/caches/8.10.2/transforms/81e4360543fbb01d4f7fb470fa49803d/transformed/ideaIU-2025.3/plugins/javaee-jax-rs/lib/javaee-jax-rs.jar
7d9799000000-7d9799500000 r--s 00000000 fd:01 4389307                    /home/ubuntu/.gradle/caches/8.10.2/transforms/81e4360543fbb01d4f7fb470fa49803d/transformed/ideaIU-2025.3/plugins/gateway-plugin/lib/gateway-plugin.jar
7d9799500000-7d9799511000 r--s 00000000 fd:01 4390337                    /home/ubuntu/.gradle/caches/8.10.2/transforms/81e4360543fbb01d4f7fb470fa49803d/transformed/ideaIU-2025.3/plugins/maven/lib/maven-server-indexer.jar
7d9799511000-7d979951c000 r--s 00000000 fd:01 4390324                    /home/ubuntu/.gradle/caches/8.10.2/transforms/81e4360543fbb01d4f7fb470fa49803d/transformed/ideaIU-2025.3/plugins/eclipse/lib/eclipse-common.jar
7d979951c000-7d9799557000 r--s 00000000 fd:01 4389137                    /home/ubuntu/.gradle/caches/8.10.2/transforms/81e4360543fbb01d4f7fb470fa49803d/transformed/ideaIU-2025.3/plugins/restClient/lib/kotlinx-coroutines-reactor.jar
7d9799557000-7d9799600000 r--s 00000000 fd:01 4389129                    /home/ubuntu/.gradle/caches/8.10.2/transforms/81e4360543fbb01d4f7fb470fa49803d/transformed/ideaIU-2025.3/plugins/restClient/lib/jooq.joox.jar
7d9799600000-7d9799876000 r--s 00000000 fd:01 4389187                    /home/ubuntu/.gradle/caches/8.10.2/transforms/81e4360543fbb01d4f7fb470fa49803d/transformed/ideaIU-2025.3/plugins/cwm-plugin/lib/intellij.cwm.plugin.jar
7d9799876000-7d979987a000 r--s 00000000 fd:01 4389721                    /home/ubuntu/.gradle/caches/8.10.2/transforms/81e4360543fbb01d4f7fb470fa49803d/transformed/ideaIU-2025.3/plugins/toml/lib/modules/intellij.toml.frontend.split.jar
7d979987a000-7d979988d000 r--s 00000000 fd:01 4389411                    /home/ubuntu/.gradle/caches/8.10.2/transforms/81e4360543fbb01d4f7fb470fa49803d/transformed/ideaIU-2025.3/plugins/markdown/lib/modules/intellij.markdown.frontend.jar
7d979988d000-7d9799961000 r--s 00000000 fd:01 4390252                    /home/ubuntu/.gradle/caches/8.10.2/transforms/81e4360543fbb01d4f7fb470fa49803d/transformed/ideaIU-2025.3/plugins/webDeployment/lib/commons vfs.jar
7d9799961000-7d9799a00000 r--s 00000000 fd:01 4390253                    /home/ubuntu/.gradle/caches/8.10.2/transforms/81e4360543fbb01d4f7fb470fa49803d/transformed/ideaIU-2025.3/plugins/webDeployment/lib/commons-net.jar
7d9799a00000-7d9799c24000 r--s 00000000 fd:01 4389201                    /home/ubuntu/.gradle/caches/8.10.2/transforms/81e4360543fbb01d4f7fb470fa49803d/transformed/ideaIU-2025.3/plugins/cwm-plugin/lib/intellij.platform.split.jar
7d9799c24000-7d9799c27000 r--s 00000000 fd:01 4390261                    /home/ubuntu/.gradle/caches/8.10.2/transforms/81e4360543fbb01d4f7fb470fa49803d/transformed/ideaIU-2025.3/plugins/yaml/lib/modules/intellij.yaml.frontend.split.jar
7d9799c27000-7d9799c4b000 r--s 00000000 fd:01 4389524                    /home/ubuntu/.gradle/caches/8.10.2/transforms/81e4360543fbb01d4f7fb470fa49803d/transformed/ideaIU-2025.3/plugins/station-plugin/lib/modules/intellij.station.frontend.jar
7d9799c4b000-7d9799e00000 r--s 00000000 fd:01 4390092                    /home/ubuntu/.gradle/caches/8.10.2/transforms/81e4360543fbb01d4f7fb470fa49803d/transformed/ideaIU-2025.3/plugins/performanceTesting/lib/assertj-swing.jar
7d9799e00000-7d979ae13000 r--s 00000000 fd:01 4389199                    /home/ubuntu/.gradle/caches/8.10.2/transforms/81e4360543fbb01d4f7fb470fa49803d/transformed/ideaIU-2025.3/plugins/cwm-plugin/lib/intellij.platform.backend.split.jar
7d979ae14000-7d979ae2c000 r--s 00000000 fd:01 4389453                    /home/ubuntu/.gradle/caches/8.10.2/transforms/81e4360543fbb01d4f7fb470fa49803d/transformed/ideaIU-2025.3/plugins/vitejs/lib/vitejs.jar
7d979ae2c000-7d979ae55000 r--s 00000000 fd:01 4389134                    /home/ubuntu/.gradle/caches/8.10.2/transforms/81e4360543fbb01d4f7fb470fa49803d/transformed/ideaIU-2025.3/plugins/restClient/lib/grpc.jar
7d979ae55000-7d979aeaa000 r--s 00000000 fd:01 4390250                    /home/ubuntu/.gradle/caches/8.10.2/transforms/81e4360543fbb01d4f7fb470fa49803d/transformed/ideaIU-2025.3/plugins/webDeployment/lib/commons-pool2.jar
7d979aeaa000-7d979b000000 r--s 00000000 fd:01 4389231                    /home/ubuntu/.gradle/caches/8.10.2/transforms/81e4360543fbb01d4f7fb470fa49803d/transformed/ideaIU-2025.3/plugins/cwm-plugin/lib/modules/intellij.platform.plugins.frontend.split.jar
7d979b000000-7d979b288000 r--s 00000000 fd:01 4389186                    /home/ubuntu/.gradle/caches/8.10.2/transforms/81e4360543fbb01d4f7fb470fa49803d/transformed/ideaIU-2025.3/plugins/cwm-plugin/lib/intellij.platform.remoteController.backend.jar
7d979b288000-7d979b28f000 r--s 00000000 fd:01 4390763                    /home/ubuntu/.gradle/caches/8.10.2/transforms/81e4360543fbb01d4f7fb470fa49803d/transformed/ideaIU-2025.3/plugins/kotlin-jupyter-plugin/lib/modules/intellij.kotlin.jupyter.liveTemplates.jar
7d979b28f000-7d979b299000 r--s 00000000 fd:01 4390323                    /home/ubuntu/.gradle/caches/8.10.2/transforms/81e4360543fbb01d4f7fb470fa49803d/transformed/ideaIU-2025.3/plugins/eclipse/lib/eclipse-jps.jar
7d979b299000-7d979b355000 r--s 00000000 fd:01 4390251                    /home/ubuntu/.gradle/caches/8.10.2/transforms/81e4360543fbb01d4f7fb470fa49803d/transformed/ideaIU-2025.3/plugins/webDeployment/lib/jackrabbit2.jar
7d979b355000-7d979b400000 r--s 00000000 fd:01 4389224                    /home/ubuntu/.gradle/caches/8.10.2/transforms/81e4360543fbb01d4f7fb470fa49803d/transformed/ideaIU-2025.3/plugins/cwm-plugin/lib/modules/intellij.platform.inline.completion.split.jar
7d979b400000-7d979b7df000 r--s 00000000 fd:01 4389183                    /home/ubuntu/.gradle/caches/8.10.2/transforms/81e4360543fbb01d4f7fb470fa49803d/transformed/ideaIU-2025.3/plugins/cwm-plugin/lib/split-connection.jar
7d979b7e0000-7d979b800000 r--s 00000000 fd:01 4390241                    /home/ubuntu/.gradle/caches/8.10.2/transforms/81e4360543fbb01d4f7fb470fa49803d/transformed/ideaIU-2025.3/plugins/indexing-shared-ultimate-plugin-bundled/lib/modules/intellij.indexing.shared.ultimate.jar
7d979b800000-7d979be4b000 r--s 00000000 fd:01 4389204                    /home/ubuntu/.gradle/caches/8.10.2/transforms/81e4360543fbb01d4f7fb470fa49803d/transformed/ideaIU-2025.3/plugins/cwm-plugin/lib/split-protocol.jar
7d979be4b000-7d979be4d000 r--s 00000000 fd:01 4390719                    /home/ubuntu/.gradle/caches/8.10.2/transforms/81e4360543fbb01d4f7fb470fa49803d/transformed/ideaIU-2025.3/plugins/vuejs-plugin/lib/modules/intellij.vuejs.prettier.jar
7d979be4d000-7d979be81000 r--s 00000000 fd:01 4389130                    /home/ubuntu/.gradle/caches/8.10.2/transforms/81e4360543fbb01d4f7fb470fa49803d/transformed/ideaIU-2025.3/plugins/restClient/lib/brotli.dec.jar
7d979be81000-7d979c000000 r--s 00000000 fd:01 4389235                    /home/ubuntu/.gradle/caches/8.10.2/transforms/81e4360543fbb01d4f7fb470fa49803d/transformed/ideaIU-2025.3/plugins/cwm-plugin/lib/modules/intellij.platform.execution.frontend.split.jar
7d979c000000-7d979cc7b000 r--s 00000000 fd:01 4390729                    /home/ubuntu/.gradle/caches/8.10.2/transforms/81e4360543fbb01d4f7fb470fa49803d/transformed/ideaIU-2025.3/plugins/localization-zh/lib/localization-zh.jar
7d979cc7b000-7d979cc7c000 r--s 00000000 fd:01 3358059                    /home/ubuntu/repos/minecraft-lua-map-maker/ide-plugin/build/coroutines-javaagent.jar
7d979cc7c000-7d979cc7e000 r--s 00000000 fd:01 4390843                    /home/ubuntu/.gradle/caches/8.10.2/transforms/81e4360543fbb01d4f7fb470fa49803d/transformed/ideaIU-2025.3/plugins/textmate-plugin/lib/textmate-plugin.jar
7d979cc7e000-7d979cc92000 r--s 00000000 fd:01 4390621                    /home/ubuntu/.gradle/caches/8.10.2/transforms/81e4360543fbb01d4f7fb470fa49803d/transformed/ideaIU-2025.3/plugins/Groovy/lib/groovy-rt.jar
7d979cc92000-7d979ce00000 r--s 00000000 fd:01 4389243                    /home/ubuntu/.gradle/caches/8.10.2/transforms/81e4360543fbb01d4f7fb470fa49803d/transformed/ideaIU-2025.3/plugins/cwm-plugin/lib/intellij.cwm.plugin.common.jar
7d979ce00000-7d979d19a000 r--s 00000000 fd:01 4389743                    /home/ubuntu/.gradle/caches/8.10.2/transforms/81e4360543fbb01d4f7fb470fa49803d/transformed/ideaIU-2025.3/plugins/tasks/lib/axis.jar
7d979d19a000-7d979d1a0000 r--s 00000000 fd:01 4389470                    /home/ubuntu/.gradle/caches/8.10.2/transforms/81e4360543fbb01d4f7fb470fa49803d/transformed/ideaIU-2025.3/plugins/vcs-github/lib/modules/intellij.vcs.github.ultimate.cron.jar
7d979d1a0000-7d979d1b3000 r--s 00000000 fd:01 4389379                    /home/ubuntu/.gradle/caches/8.10.2/transforms/81e4360543fbb01d4f7fb470fa49803d/transformed/ideaIU-2025.3/plugins/nextjs/lib/nextjs.jar
7d979d1b3000-7d979d1d6000 r--s 00000000 fd:01 4390507                    /home/ubuntu/.gradle/caches/8.10.2/transforms/81e4360543fbb01d4f7fb470fa49803d/transformed/ideaIU-2025.3/plugins/performanceTesting-async/lib/performanceTesting-async.jar
7d979d1d6000-7d979d200000 r--s 00000000 fd:01 4389229                    /home/ubuntu/.gradle/caches/8.10.2/transforms/81e4360543fbb01d4f7fb470fa49803d/transformed/ideaIU-2025.3/plugins/cwm-plugin/lib/modules/intellij.platform.inline.completion.backend.split.jar
7d979d200000-7d979dd99000 r--s 00000000 fd:01 4391460                    /home/ubuntu/.gradle/caches/8.10.2/transforms/81e4360543fbb01d4f7fb470fa49803d/transformed/ideaIU-2025.3/plugins/swagger/lib/org.webjars-swagger-ui.jar
7d979dd99000-7d979dd9c000 r--s 00000000 fd:01 4390492                    /home/ubuntu/.gradle/caches/8.10.2/transforms/81e4360543fbb01d4f7fb470fa49803d/transformed/ideaIU-2025.3/plugins/sass-plugin/lib/modules/intellij.sass.copyright.jar
7d979dd9c000-7d979ddb5000 r--s 00000000 fd:01 4389526                    /home/ubuntu/.gradle/caches/8.10.2/transforms/81e4360543fbb01d4f7fb470fa49803d/transformed/ideaIU-2025.3/plugins/station-plugin/lib/modules/intellij.station.aia.jar
7d979ddb5000-7d979de00000 r--s 00000000 fd:01 4389210                    /home/ubuntu/.gradle/caches/8.10.2/transforms/81e4360543fbb01d4f7fb470fa49803d/transformed/ideaIU-2025.3/plugins/cwm-plugin/lib/modules/intellij.platform.completion.common.split.jar
7d979de00000-7d979e017000 r--s 00000000 fd:01 4391461                    /home/ubuntu/.gradle/caches/8.10.2/transforms/81e4360543fbb01d4f7fb470fa49803d/transformed/ideaIU-2025.3/plugins/swagger/lib/intellij.swagger.redoc.jar
7d979e017000-7d979e01a000 r--s 00000000 fd:01 4390488                    /home/ubuntu/.gradle/caches/8.10.2/transforms/81e4360543fbb01d4f7fb470fa49803d/transformed/ideaIU-2025.3/plugins/sass-plugin/lib/modules/intellij.sass.watcher.jar
7d979e01a000-7d979e023000 r--s 00000000 fd:01 4389412                    /home/ubuntu/.gradle/caches/8.10.2/transforms/81e4360543fbb01d4f7fb470fa49803d/transformed/ideaIU-2025.3/plugins/markdown/lib/modules/intellij.markdown.backend.jar
7d979e023000-7d979e07f000 r--s 00000000 fd:01 4389239                    /home/ubuntu/.gradle/caches/8.10.2/transforms/81e4360543fbb01d4f7fb470fa49803d/transformed/ideaIU-2025.3/plugins/cwm-plugin/lib/modules/intellij.station.backend.split.jar
7d979e07f000-7d979e200000 r--s 00000000 fd:01 4389244                    /home/ubuntu/.gradle/caches/8.10.2/transforms/81e4360543fbb01d4f7fb470fa49803d/transformed/ideaIU-2025.3/plugins/cwm-plugin/lib/bouncy-castle-pgp.jar
7d979e200000-7d979e8e5000 r--s 00000000 fd:01 4391462                    /home/ubuntu/.gradle/caches/8.10.2/transforms/81e4360543fbb01d4f7fb470fa49803d/transformed/ideaIU-2025.3/plugins/swagger/lib/swagger.jar
7d979e8e5000-7d979e8f7000 r--s 00000000 fd:01 4389754                    /home/ubuntu/.gradle/caches/8.10.2/transforms/81e4360543fbb01d4f7fb470fa49803d/transformed/ideaIU-2025.3/plugins/editorconfig-plugin/lib/modules/intellij.editorconfig.frontend.jar
7d979e8f7000-7d979e97a000 r--s 00000000 fd:01 4389211                    /home/ubuntu/.gradle/caches/8.10.2/transforms/81e4360543fbb01d4f7fb470fa49803d/transformed/ideaIU-2025.3/plugins/cwm-plugin/lib/modules/intellij.platform.rpc.split.jar
7d979e97a000-7d979ea00000 r--s 00000000 fd:01 4389232                    /home/ubuntu/.gradle/caches/8.10.2/transforms/81e4360543fbb01d4f7fb470fa49803d/transformed/ideaIU-2025.3/plugins/cwm-plugin/lib/modules/intellij.platform.vcs.backend.split.jar
7d979ea00000-7d979f3d3000 r--s 00000000 fd:01 4391463                    /home/ubuntu/.gradle/caches/8.10.2/transforms/81e4360543fbb01d4f7fb470fa49803d/transformed/ideaIU-2025.3/plugins/swagger/lib/org.webjars.npm-asyncapi__react-component.jar
7d979f3d3000-7d979f3db000 r--s 00000000 fd:01 4389686                    /home/ubuntu/.gradle/caches/8.10.2/transforms/81e4360543fbb01d4f7fb470fa49803d/transformed/ideaIU-2025.3/plugins/Kotlin/lib/kotlin-base-jps.jar
7d979f3db000-7d979f400000 r--s 00000000 fd:01 4389217                    /home/ubuntu/.gradle/caches/8.10.2/transforms/81e4360543fbb01d4f7fb470fa49803d/transformed/ideaIU-2025.3/plugins/cwm-plugin/lib/modules/intellij.platform.plugins.backend.split.jar
7d979f400000-7d979f6bf000 r--s 00000000 fd:01 4390232                    /home/ubuntu/.gradle/caches/8.10.2/transforms/81e4360543fbb01d4f7fb470fa49803d/transformed/ideaIU-2025.3/plugins/spring-mvc-impl/lib/spring-mvc-impl.jar
7d979f6bf000-7d979f6c4000 r--s 00000000 fd:01 4390340                    /home/ubuntu/.gradle/caches/8.10.2/transforms/81e4360543fbb01d4f7fb470fa49803d/transformed/ideaIU-2025.3/plugins/maven/lib/maven-event-listener.jar
7d979f6c4000-7d979f6d2000 r--s 00000000 fd:01 4389290                    /home/ubuntu/.gradle/caches/8.10.2/transforms/81e4360543fbb01d4f7fb470fa49803d/transformed/ideaIU-2025.3/plugins/grid-plugin/lib/modules/intellij.grid.scripting.rt.jar
7d979f6d2000-7d979f6e2000 r--s 00000000 fd:01 4389313                    /home/ubuntu/.gradle/caches/8.10.2/transforms/81e4360543fbb01d4f7fb470fa49803d/transformed/ideaIU-2025.3/plugins/gateway-plugin/lib/modules/intellij.gateway.station.jar
7d979f6e2000-7d979f6f7000 r--s 00000000 fd:01 4389223                    /home/ubuntu/.gradle/caches/8.10.2/transforms/81e4360543fbb01d4f7fb470fa49803d/transformed/ideaIU-2025.3/plugins/cwm-plugin/lib/modules/intellij.platform.completion.frontend.split.jar
7d979f6f7000-7d979f800000 r--s 00000000 fd:01 4389200                    /home/ubuntu/.gradle/caches/8.10.2/transforms/81e4360543fbb01d4f7fb470fa49803d/transformed/ideaIU-2025.3/plugins/cwm-plugin/lib/ice4j.jar
7d979f800000-7d979fd2c000 r--s 00000000 fd:01 4390644                    /home/ubuntu/.gradle/caches/8.10.2/transforms/81e4360543fbb01d4f7fb470fa49803d/transformed/ideaIU-2025.3/plugins/spring-boot-core/lib/spring-boot-core.jar
7d979fd2c000-7d979fd39000 r--s 00000000 fd:01 4391550                    /home/ubuntu/.gradle/caches/8.10.2/transforms/81e4360543fbb01d4f7fb470fa49803d/transformed/ideaIU-2025.3/plugins/jupyter-plugin/lib/modules/intellij.jupyter.split.frontend.py.jar
7d979fd39000-7d979fe00000 r--s 00000000 fd:01 4389182                    /home/ubuntu/.gradle/caches/8.10.2/transforms/81e4360543fbb01d4f7fb470fa49803d/transformed/ideaIU-2025.3/plugins/cwm-plugin/lib/cwm-connection-common.jar
7d979fe00000-7d97a0477000 r--s 00000000 fd:01 4390303                    /home/ubuntu/.gradle/caches/8.10.2/transforms/81e4360543fbb01d4f7fb470fa49803d/transformed/ideaIU-2025.3/plugins/Spring/lib/modules/intellij.spring.core.jar
7d97a0477000-7d97a0478000 r--s 00000000 fd:01 4390717                    /home/ubuntu/.gradle/caches/8.10.2/transforms/81e4360543fbb01d4f7fb470fa49803d/transformed/ideaIU-2025.3/plugins/vuejs-plugin/lib/modules/intellij.vuejs.copyright.jar
7d97a0478000-7d97a047b000 r--s 00000000 fd:01 4390503                    /home/ubuntu/.gradle/caches/8.10.2/transforms/81e4360543fbb01d4f7fb470fa49803d/transformed/ideaIU-2025.3/plugins/remoteRun/lib/modules/intellij.remoteRun.gradle.docker.jar
7d97a047b000-7d97a0482000 r--s 00000000 fd:01 4389751                    /home/ubuntu/.gradle/caches/8.10.2/transforms/81e4360543fbb01d4f7fb470fa49803d/transformed/ideaIU-2025.3/plugins/editorconfig-plugin/lib/editorconfig-plugin.jar
7d97a0482000-7d97a0500000 r--s 00000000 fd:01 4389216                    /home/ubuntu/.gradle/caches/8.10.2/transforms/81e4360543fbb01d4f7fb470fa49803d/transformed/ideaIU-2025.3/plugins/cwm-plugin/lib/modules/intellij.platform.vcs.frontend.split.jar
7d97a0500000-7d97a0600000 r--s 00000000 fd:01 4389184                    /home/ubuntu/.gradle/caches/8.10.2/transforms/81e4360543fbb01d4f7fb470fa49803d/transformed/ideaIU-2025.3/plugins/cwm-plugin/lib/cwm-connection-backend.jar
7d97a0600000-7d97a0865000 r--s 00000000 fd:01 4390302                    /home/ubuntu/.gradle/caches/8.10.2/transforms/81e4360543fbb01d4f7fb470fa49803d/transformed/ideaIU-2025.3/plugins/Spring/lib/modules/intellij.spring.jar
7d97a0865000-7d97a0866000 r--s 00000000 fd:01 4390721                    /home/ubuntu/.gradle/caches/8.10.2/transforms/81e4360543fbb01d4f7fb470fa49803d/transformed/ideaIU-2025.3/plugins/vuejs-plugin/lib/modules/intellij.vuejs.markdown.jar
7d97a0866000-7d97a0897000 r--s 00000000 fd:01 4389234                    /home/ubuntu/.gradle/caches/8.10.2/transforms/81e4360543fbb01d4f7fb470fa49803d/transformed/ideaIU-2025.3/plugins/cwm-plugin/lib/modules/intellij.platform.plugins.shared.split.jar
7d97a0897000-7d97a093c000 r--s 00000000 fd:01 4389206                    /home/ubuntu/.gradle/caches/8.10.2/transforms/81e4360543fbb01d4f7fb470fa49803d/transformed/ideaIU-2025.3/plugins/cwm-plugin/lib/vcs-protocol.jar
7d97a093c000-7d97a0a29000 r--s 00000000 fd:01 4389546                    /home/ubuntu/.gradle/caches/8.10.2/transforms/81e4360543fbb01d4f7fb470fa49803d/transformed/ideaIU-2025.3/plugins/velocity/lib/velocity.jar
7d97a0a29000-7d97a0c00000 r--s 00000000 fd:01 4389141                    /home/ubuntu/.gradle/caches/8.10.2/transforms/81e4360543fbb01d4f7fb470fa49803d/transformed/ideaIU-2025.3/plugins/settingsSync/lib/settingsSync.jar
7d97a0c00000-7d97a124f000 r--s 00000000 fd:01 4389143                    /home/ubuntu/.gradle/caches/8.10.2/transforms/81e4360543fbb01d4f7fb470fa49803d/transformed/ideaIU-2025.3/plugins/settingsSync/lib/jetbrains.intellij.deps.eclipse.jgit.jar
7d97a124f000-7d97a1250000 r--s 00000000 fd:01 4390718                    /home/ubuntu/.gradle/caches/8.10.2/transforms/81e4360543fbb01d4f7fb470fa49803d/transformed/ideaIU-2025.3/plugins/vuejs-plugin/lib/modules/intellij.vuejs.debugger.jar
7d97a1250000-7d97a1255000 r--s 00000000 fd:01 4389344                    /home/ubuntu/.gradle/caches/8.10.2/transforms/81e4360543fbb01d4f7fb470fa49803d/transformed/ideaIU-2025.3/plugins/fullLine/lib/modules/intellij.ml.llm.rider.godot.completion.jar
7d97a1255000-7d97a129d000 r--s 00000000 fd:01 4389202                    /home/ubuntu/.gradle/caches/8.10.2/transforms/81e4360543fbb01d4f7fb470fa49803d/transformed/ideaIU-2025.3/plugins/cwm-plugin/lib/java-websocket.jar
7d97a129d000-7d97a12ed000 r--s 00000000 fd:01 4389205                    /home/ubuntu/.gradle/caches/8.10.2/transforms/81e4360543fbb01d4f7fb470fa49803d/transformed/ideaIU-2025.3/plugins/cwm-plugin/lib/jitsi-utils.jar
7d97a12ed000-7d97a1400000 r--s 00000000 fd:01 4390084                    /home/ubuntu/.gradle/caches/8.10.2/transforms/81e4360543fbb01d4f7fb470fa49803d/transformed/ideaIU-2025.3/plugins/thymeleaf-plugin/lib/modules/intellij.thymeleaf.paid.jar
7d97a1400000-7d97a1b19000 r--s 00000000 fd:01 4390783                    /home/ubuntu/.gradle/caches/8.10.2/transforms/81e4360543fbb01d4f7fb470fa49803d/transformed/ideaIU-2025.3/plugins/searchEverywhereMl/lib/modules/intellij.searchEverywhereMl.ranking.core.jar
7d97a1b19000-7d97a1b1f000 r--s 00000000 fd:01 4391549                    /home/ubuntu/.gradle/caches/8.10.2/transforms/81e4360543fbb01d4f7fb470fa49803d/transformed/ideaIU-2025.3/plugins/jupyter-plugin/lib/modules/intellij.jupyter.py.psi.jar
7d97a1b1f000-7d97a1b29000 r--s 00000000 fd:01 4389219                    /home/ubuntu/.gradle/caches/8.10.2/transforms/81e4360543fbb01d4f7fb470fa49803d/transformed/ideaIU-2025.3/plugins/cwm-plugin/lib/modules/intellij.java.backend.split.jar
7d97a1b29000-7d97a1b53000 r--s 00000000 fd:01 4389218                    /home/ubuntu/.gradle/caches/8.10.2/transforms/81e4360543fbb01d4f7fb470fa49803d/transformed/ideaIU-2025.3/plugins/cwm-plugin/lib/modules/intellij.platform.completion.backend.split.jar
7d97a1b53000-7d97a1c00000 r--s 00000000 fd:01 4389208                    /home/ubuntu/.gradle/caches/8.10.2/transforms/81e4360543fbb01d4f7fb470fa49803d/transformed/ideaIU-2025.3/plugins/cwm-plugin/lib/cwm-plugin.jar
7d97a1c00000-7d97a1e73000 r--s 00000000 fd:01 4389444                    /home/ubuntu/.gradle/caches/8.10.2/transforms/81e4360543fbb01d4f7fb470fa49803d/transformed/ideaIU-2025.3/plugins/quarkus/lib/quarkus.jar
7d97a1e73000-7d97a1e76000 r--s 00000000 fd:01 4390504                    /home/ubuntu/.gradle/caches/8.10.2/transforms/81e4360543fbb01d4f7fb470fa49803d/transformed/ideaIU-2025.3/plugins/remoteRun/lib/modules/intellij.remoteRun.gradle.jar
7d97a1e76000-7d97a2000000 r--s 00000000 fd:01 4389744                    /home/ubuntu/.gradle/caches/8.10.2/transforms/81e4360543fbb01d4f7fb470fa49803d/transformed/ideaIU-2025.3/plugins/tasks/lib/tasks-core.jar
7d97a2000000-7d97a2329000 r--s 00000000 fd:01 4389382                    /home/ubuntu/.gradle/caches/8.10.2/transforms/81e4360543fbb01d4f7fb470fa49803d/transformed/ideaIU-2025.3/plugins/notebooks-plugin/lib/notebooks-plugin.jar
7d97a2329000-7d97a232d000 r--s 00000000 fd:01 4389468                    /home/ubuntu/.gradle/caches/8.10.2/transforms/81e4360543fbb01d4f7fb470fa49803d/transformed/ideaIU-2025.3/plugins/vcs-github/lib/modules/intellij.vcs.github.ultimatePromo.jar
7d97a232d000-7d97a234c000 r--s 00000000 fd:01 4389222                    /home/ubuntu/.gradle/caches/8.10.2/transforms/81e4360543fbb01d4f7fb470fa49803d/transformed/ideaIU-2025.3/plugins/cwm-plugin/lib/modules/intellij.platform.inline.completion.frontend.split.jar
7d97a234c000-7d97a236f000 r--s 00000000 fd:01 4389237                    /home/ubuntu/.gradle/caches/8.10.2/transforms/81e4360543fbb01d4f7fb470fa49803d/transformed/ideaIU-2025.3/plugins/cwm-plugin/lib/modules/intellij.terminal.backend.split.jar
7d97a236f000-7d97a2393000 r--s 00000000 fd:01 4389242                    /home/ubuntu/.gradle/caches/8.10.2/transforms/81e4360543fbb01d4f7fb470fa49803d/transformed/ideaIU-2025.3/plugins/cwm-plugin/lib/tls-channel.jar
7d97a2393000-7d97a2400000 r--s 00000000 fd:01 4389188                    /home/ubuntu/.gradle/caches/8.10.2/transforms/81e4360543fbb01d4f7fb470fa49803d/transformed/ideaIU-2025.3/plugins/cwm-plugin/lib/intellij.platform.remoteController.jar
7d97a2400000-7d97a26dc000 r--s 00000000 fd:01 4390226                    /home/ubuntu/.gradle/caches/8.10.2/transforms/81e4360543fbb01d4f7fb470fa49803d/transformed/ideaIU-2025.3/plugins/json/lib/modules/intellij.json.backend.jar
7d97a26dc000-7d97a26e3000 r--s 00000000 fd:01 4390238                    /home/ubuntu/.gradle/caches/8.10.2/transforms/81e4360543fbb01d4f7fb470fa49803d/transformed/ideaIU-2025.3/plugins/indexing-shared-ultimate-plugin-bundled/lib/indexing-shared-ultimate-plugin-bundled.jar
7d97a26e3000-7d97a2708000 r--s 00000000 fd:01 4389241                    /home/ubuntu/.gradle/caches/8.10.2/transforms/81e4360543fbb01d4f7fb470fa49803d/transformed/ideaIU-2025.3/plugins/cwm-plugin/lib/jstun.jar
7d97a2708000-7d97a275d000 r--s 00000000 fd:01 4389746                    /home/ubuntu/.gradle/caches/8.10.2/transforms/81e4360543fbb01d4f7fb470fa49803d/transformed/ideaIU-2025.3/plugins/tasks/lib/modules/intellij.tasks.jira.jar
7d97a275d000-7d97a2800000 r--s 00000000 fd:01 4389741                    /home/ubuntu/.gradle/caches/8.10.2/transforms/81e4360543fbb01d4f7fb470fa49803d/transformed/ideaIU-2025.3/plugins/tasks/lib/http-client.jar
7d97a2800000-7d97a2a63000 r--s 00000000 fd:01 4390272                    /home/ubuntu/.gradle/caches/8.10.2/transforms/81e4360543fbb01d4f7fb470fa49803d/transformed/ideaIU-2025.3/plugins/microservices-jvm/lib/microservices-jvm.jar
7d97a2a63000-7d97a2a67000 r--s 00000000 fd:01 4389355                    /home/ubuntu/.gradle/caches/8.10.2/transforms/81e4360543fbb01d4f7fb470fa49803d/transformed/ideaIU-2025.3/plugins/fullLine/lib/modules/intellij.ml.llm.rider.fsharp.completion.jar
7d97a2a67000-7d97a2a6f000 r--s 00000000 fd:01 4389220                    /home/ubuntu/.gradle/caches/8.10.2/transforms/81e4360543fbb01d4f7fb470fa49803d/transformed/ideaIU-2025.3/plugins/cwm-plugin/lib/modules/intellij.xml.frontend.split.jar
7d97a2a6f000-7d97a2a7e000 r--s 00000000 fd:01 4389212                    /home/ubuntu/.gradle/caches/8.10.2/transforms/81e4360543fbb01d4f7fb470fa49803d/transformed/ideaIU-2025.3/plugins/cwm-plugin/lib/modules/intellij.vcs.git.backend.split.jar
7d97a2a7e000-7d97a2b71000 r--s 00000000 fd:01 4390285                    /home/ubuntu/.gradle/caches/8.10.2/transforms/81e4360543fbb01d4f7fb470fa49803d/transformed/ideaIU-2025.3/plugins/spring-security/lib/spring-security.jar
7d97a2b71000-7d97a2c00000 r--s 00000000 fd:01 4389438                    /home/ubuntu/.gradle/caches/8.10.2/transforms/81e4360543fbb01d4f7fb470fa49803d/transformed/ideaIU-2025.3/plugins/spring-modulith/lib/spring-modulith.jar
7d97a2c00000-7d97a2ed9000 r--s 00000000 fd:01 4390320                    /home/ubuntu/.gradle/caches/8.10.2/transforms/81e4360543fbb01d4f7fb470fa49803d/transformed/ideaIU-2025.3/plugins/micronaut/lib/micronaut.jar
7d97a2ed9000-7d97a2eda000 r--s 00000000 fd:01 4391375                    /home/ubuntu/.gradle/caches/8.10.2/transforms/81e4360543fbb01d4f7fb470fa49803d/transformed/ideaIU-2025.3/plugins/textmate-plugin/lib/modules/intellij.textmate.frontend.split.jar
7d97a2eda000-7d97a2edf000 r--s 00000000 fd:01 4389114                    /home/ubuntu/.gradle/caches/8.10.2/transforms/81e4360543fbb01d4f7fb470fa49803d/transformed/ideaIU-2025.3/plugins/sh-plugin/lib/modules/intellij.sh.frontend.split.jar
7d97a2edf000-7d97a2f02000 r--s 00000000 fd:01 4389299                    /home/ubuntu/.gradle/caches/8.10.2/transforms/81e4360543fbb01d4f7fb470fa49803d/transformed/ideaIU-2025.3/plugins/tasks-timeTracking/lib/tasks-timeTracking.jar
7d97a2f02000-7d97a2f27000 r--s 00000000 fd:01 4389742                    /home/ubuntu/.gradle/caches/8.10.2/transforms/81e4360543fbb01d4f7fb470fa49803d/transformed/ideaIU-2025.3/plugins/tasks/lib/commons-discovery.jar
7d97a2f27000-7d97a3000000 r--s 00000000 fd:01 4389759                    /home/ubuntu/.gradle/caches/8.10.2/transforms/81e4360543fbb01d4f7fb470fa49803d/transformed/ideaIU-2025.3/plugins/spring-messaging/lib/spring-messaging.jar
7d97a3000000-7d97a32aa000 r--s 00000000 fd:01 4391381                    /home/ubuntu/.gradle/caches/8.10.2/transforms/81e4360543fbb01d4f7fb470fa49803d/transformed/ideaIU-2025.3/plugins/mcpserver/lib/ktor-server-cio-internal.jar
7d97a32aa000-7d97a3400000 r--s 00000000 fd:01 4389285                    /home/ubuntu/.gradle/caches/8.10.2/transforms/81e4360543fbb01d4f7fb470fa49803d/transformed/ideaIU-2025.3/plugins/spring-integration-core/lib/spring-integration-core.jar
7d97a3400000-7d97a36cb000 r--s 00000000 fd:01 4391383                    /home/ubuntu/.gradle/caches/8.10.2/transforms/81e4360543fbb01d4f7fb470fa49803d/transformed/ideaIU-2025.3/plugins/mcpserver/lib/mcpserver-frontend.jar
7d97a36cb000-7d97a36d9000 r--s 00000000 fd:01 4389240                    /home/ubuntu/.gradle/caches/8.10.2/transforms/81e4360543fbb01d4f7fb470fa49803d/transformed/ideaIU-2025.3/plugins/cwm-plugin/lib/modules/intellij.platform.kernel.backend.split.jar
7d97a36d9000-7d97a36e8000 r--s 00000000 fd:01 4389214                    /home/ubuntu/.gradle/caches/8.10.2/transforms/81e4360543fbb01d4f7fb470fa49803d/transformed/ideaIU-2025.3/plugins/cwm-plugin/lib/modules/intellij.vcs.git.frontend.split.jar
7d97a36e8000-7d97a373a000 r--s 00000000 fd:01 4389530                    /home/ubuntu/.gradle/caches/8.10.2/transforms/81e4360543fbb01d4f7fb470fa49803d/transformed/ideaIU-2025.3/plugins/spring-data/lib/modules/intellij.spring.data.mongodb.jar
7d97a373a000-7d97a3800000 r--s 00000000 fd:01 4389534                    /home/ubuntu/.gradle/caches/8.10.2/transforms/81e4360543fbb01d4f7fb470fa49803d/transformed/ideaIU-2025.3/plugins/spring-data/lib/modules/intellij.spring.data.jpa.jar
7d97a3800000-7d97a3cc3000 r--s 00000000 fd:01 4390776                    /home/ubuntu/.gradle/caches/8.10.2/transforms/81e4360543fbb01d4f7fb470fa49803d/transformed/ideaIU-2025.3/plugins/liquibase/lib/liquibase.jar
7d97a3cc3000-7d97a3cca000 r--s 00000000 fd:01 4389312                    /home/ubuntu/.gradle/caches/8.10.2/transforms/81e4360543fbb01d4f7fb470fa49803d/transformed/ideaIU-2025.3/plugins/gateway-plugin/lib/modules/intellij.gateway.terminal.jar
7d97a3cca000-7d97a3cdb000 r--s 00000000 fd:01 4389225                    /home/ubuntu/.gradle/caches/8.10.2/transforms/81e4360543fbb01d4f7fb470fa49803d/transformed/ideaIU-2025.3/plugins/cwm-plugin/lib/modules/intellij.platform.navbar.backend.split.jar
7d97a3cdb000-7d97a3d93000 r--s 00000000 fd:01 4389535                    /home/ubuntu/.gradle/caches/8.10.2/transforms/81e4360543fbb01d4f7fb470fa49803d/transformed/ideaIU-2025.3/plugins/spring-data/lib/spring-data.jar
7d97a3d93000-7d97a3e00000 r--s 00000000 fd:01 4390300                    /home/ubuntu/.gradle/caches/8.10.2/transforms/81e4360543fbb01d4f7fb470fa49803d/transformed/ideaIU-2025.3/plugins/Spring/lib/modules/intellij.spring.graph.jar
7d97a3e00000-7d97a45c2000 r--s 00000000 fd:01 4390775                    /home/ubuntu/.gradle/caches/8.10.2/transforms/81e4360543fbb01d4f7fb470fa49803d/transformed/ideaIU-2025.3/plugins/liquibase/lib/liquibase-core.jar
7d97a45c2000-7d97a45c3000 r--s 00000000 fd:01 4391373                    /home/ubuntu/.gradle/caches/8.10.2/transforms/81e4360543fbb01d4f7fb470fa49803d/transformed/ideaIU-2025.3/plugins/textmate-plugin/lib/modules/intellij.textmate.common.jar
7d97a45c3000-7d97a45c5000 r--s 00000000 fd:01 4390765                    /home/ubuntu/.gradle/caches/8.10.2/transforms/81e4360543fbb01d4f7fb470fa49803d/transformed/ideaIU-2025.3/plugins/kotlin-jupyter-plugin/lib/modules/intellij.kotlin.jupyter.buildSystems.gradle.jar
7d97a45c5000-7d97a45ce000 r--s 00000000 fd:01 4389227                    /home/ubuntu/.gradle/caches/8.10.2/transforms/81e4360543fbb01d4f7fb470fa49803d/transformed/ideaIU-2025.3/plugins/cwm-plugin/lib/modules/intellij.platform.identifiers.highlighting.frontend.split.jar
7d97a45ce000-7d97a45de000 r--s 00000000 fd:01 4389207                    /home/ubuntu/.gradle/caches/8.10.2/transforms/81e4360543fbb01d4f7fb470fa49803d/transformed/ideaIU-2025.3/plugins/cwm-plugin/lib/git-protocol.jar
7d97a45de000-7d97a4600000 r--s 00000000 fd:01 4391402                    /home/ubuntu/.gradle/caches/8.10.2/transforms/81e4360543fbb01d4f7fb470fa49803d/transformed/ideaIU-2025.3/plugins/tailwindcss/lib/tailwindcss.jar
7d97a4600000-7d97a4d2c000 r--s 00000000 fd:01 4389403                    /home/ubuntu/.gradle/caches/8.10.2/transforms/81e4360543fbb01d4f7fb470fa49803d/transformed/ideaIU-2025.3/plugins/clouds-kubernetes/lib/modules/intellij.clouds.kubernetes.backend.jar
7d97a4d2c000-7d97a4d3b000 r--s 00000000 fd:01 4389198                    /home/ubuntu/.gradle/caches/8.10.2/transforms/81e4360543fbb01d4f7fb470fa49803d/transformed/ideaIU-2025.3/plugins/cwm-plugin/lib/quiche-jna-stubs.jar
7d97a4d3b000-7d97a4d92000 r--s 00000000 fd:01 4390269                    /home/ubuntu/.gradle/caches/8.10.2/transforms/81e4360543fbb01d4f7fb470fa49803d/transformed/ideaIU-2025.3/plugins/spring-boot-cloud/lib/spring-boot-cloud.jar
7d97a4d92000-7d97a4e00000 r--s 00000000 fd:01 4390297                    /home/ubuntu/.gradle/caches/8.10.2/transforms/81e4360543fbb01d4f7fb470fa49803d/transformed/ideaIU-2025.3/plugins/Spring/lib/modules/intellij.spring.el.jar
7d97a4e00000-7d97a5631000 r--s 00000000 fd:01 4389397                    /home/ubuntu/.gradle/caches/8.10.2/transforms/81e4360543fbb01d4f7fb470fa49803d/transformed/ideaIU-2025.3/plugins/clouds-kubernetes/lib/clouds-kubernetes.jar
7d97a5631000-7d97a5632000 r--s 00000000 fd:01 4390490                    /home/ubuntu/.gradle/caches/8.10.2/transforms/81e4360543fbb01d4f7fb470fa49803d/transformed/ideaIU-2025.3/plugins/sass-plugin/lib/modules/intellij.sass.frontend.split.jar
7d97a5632000-7d97a5634000 r--s 00000000 fd:01 4389447                    /home/ubuntu/.gradle/caches/8.10.2/transforms/81e4360543fbb01d4f7fb470fa49803d/transformed/ideaIU-2025.3/plugins/repository-search/lib/maven-model.jar
7d97a5634000-7d97a5677000 r--s 00000000 fd:01 4390298                    /home/ubuntu/.gradle/caches/8.10.2/transforms/81e4360543fbb01d4f7fb470fa49803d/transformed/ideaIU-2025.3/plugins/Spring/lib/modules/intellij.spring.aop.jar
7d97a5677000-7d97a5701000 r--s 00000000 fd:01 4390784                    /home/ubuntu/.gradle/caches/8.10.2/transforms/81e4360543fbb01d4f7fb470fa49803d/transformed/ideaIU-2025.3/plugins/searchEverywhereMl/lib/modules/intellij.searchEverywhereMl.typos.jar
7d97a5701000-7d97a5800000 r--s 00000000 fd:01 4390780                    /home/ubuntu/.gradle/caches/8.10.2/transforms/81e4360543fbb01d4f7fb470fa49803d/transformed/ideaIU-2025.3/plugins/searchEverywhereMl/lib/jetbrains.mlapi.core.jar
7d97a5800000-7d97a606d000 r--s 00000000 fd:01 4389398                    /home/ubuntu/.gradle/caches/8.10.2/transforms/81e4360543fbb01d4f7fb470fa49803d/transformed/ideaIU-2025.3/plugins/clouds-kubernetes/lib/kubernetes-client-java.jar
7d97a606d000-7d97a606e000 r--s 00000000 fd:01 4389258                    /home/ubuntu/.gradle/caches/8.10.2/transforms/81e4360543fbb01d4f7fb470fa49803d/transformed/ideaIU-2025.3/plugins/javaFX/lib/modules/intellij.javaFX.css.intellilang.jar
7d97a606e000-7d97a6075000 r--s 00000000 fd:01 4389238                    /home/ubuntu/.gradle/caches/8.10.2/transforms/81e4360543fbb01d4f7fb470fa49803d/transformed/ideaIU-2025.3/plugins/cwm-plugin/lib/modules/intellij.driver.backend.split.jar
7d97a6075000-7d97a609e000 r--s 00000000 fd:01 4390557                    /home/ubuntu/.gradle/caches/8.10.2/transforms/81e4360543fbb01d4f7fb470fa49803d/transformed/ideaIU-2025.3/plugins/stylelint/lib/stylelint.jar
7d97a609e000-7d97a6200000 r--s 00000000 fd:01 4390785                    /home/ubuntu/.gradle/caches/8.10.2/transforms/81e4360543fbb01d4f7fb470fa49803d/transformed/ideaIU-2025.3/plugins/searchEverywhereMl/lib/ai.grazie.emb.jar
7d97a6200000-7d97a82fc000 r--s 00000000 fd:01 4389399                    /home/ubuntu/.gradle/caches/8.10.2/transforms/81e4360543fbb01d4f7fb470fa49803d/transformed/ideaIU-2025.3/plugins/clouds-kubernetes/lib/intellij.kubernetes.k8s.api.spec.jar
7d97a82fc000-7d97a82fd000 r--s 00000000 fd:01 4390839                    /home/ubuntu/.gradle/caches/8.10.2/transforms/81e4360543fbb01d4f7fb470fa49803d/transformed/ideaIU-2025.3/plugins/vcs-gitlab/lib/modules/intellij.vcs.gitlab.yaml.jar
7d97a82fd000-7d97a82ff000 r--s 00000000 fd:01 4390467                    /home/ubuntu/.gradle/caches/8.10.2/transforms/81e4360543fbb01d4f7fb470fa49803d/transformed/ideaIU-2025.3/plugins/maven/lib/artifact-resolver-m31.jar
7d97a82ff000-7d97a8316000 r--s 00000000 fd:01 4389197                    /home/ubuntu/.gradle/caches/8.10.2/transforms/81e4360543fbb01d4f7fb470fa49803d/transformed/ideaIU-2025.3/plugins/cwm-plugin/lib/jnaerator-runtime.jar
7d97a8316000-7d97a8336000 r--s 00000000 fd:01 4390328                    /home/ubuntu/.gradle/caches/8.10.2/transforms/81e4360543fbb01d4f7fb470fa49803d/transformed/ideaIU-2025.3/plugins/spring-boot-initializr/lib/spring-boot-initializr.jar
7d97a8336000-7d97a8400000 r--s 00000000 fd:01 4391469                    /home/ubuntu/.gradle/caches/8.10.2/transforms/81e4360543fbb01d4f7fb470fa49803d/transformed/ideaIU-2025.3/plugins/react/lib/react.jar
7d97a8400000-7d97a922c000 r--s 00000000 fd:01 4389513                    /home/ubuntu/.gradle/caches/8.10.2/transforms/81e4360543fbb01d4f7fb470fa49803d/transformed/ideaIU-2025.3/plugins/localization-ko/lib/localization-ko.jar
7d97a922c000-7d97a9230000 r--s 00000000 fd:01 4389346                    /home/ubuntu/.gradle/caches/8.10.2/transforms/81e4360543fbb01d4f7fb470fa49803d/transformed/ideaIU-2025.3/plugins/fullLine/lib/modules/intellij.ml.llm.rider.shaderlab.completion.jar
7d97a9230000-7d97a9268000 r--s 00000000 fd:01 4390293                    /home/ubuntu/.gradle/caches/8.10.2/transforms/81e4360543fbb01d4f7fb470fa49803d/transformed/ideaIU-2025.3/plugins/Spring/lib/modules/intellij.spring.boot.run.shared.jar
7d97a9268000-7d97a92b5000 r--s 00000000 fd:01 4390779                    /home/ubuntu/.gradle/caches/8.10.2/transforms/81e4360543fbb01d4f7fb470fa49803d/transformed/ideaIU-2025.3/plugins/searchEverywhereMl/lib/searchEverywhereMl.jar
7d97a92b5000-7d97a9400000 r--s 00000000 fd:01 4389293                    /home/ubuntu/.gradle/caches/8.10.2/transforms/81e4360543fbb01d4f7fb470fa49803d/transformed/ideaIU-2025.3/plugins/javaee-persistence-impl/lib/javaee-persistence-impl.jar
7d97a9400000-7d97a9649000 r--s 00000000 fd:01 4390637                    /home/ubuntu/.gradle/caches/8.10.2/transforms/81e4360543fbb01d4f7fb470fa49803d/transformed/ideaIU-2025.3/plugins/javaee-jsp-base-impl/lib/javaee-jsp-base-impl.jar
7d97a9649000-7d97a964d000 r--s 00000000 fd:01 4390266                    /home/ubuntu/.gradle/caches/8.10.2/transforms/81e4360543fbb01d4f7fb470fa49803d/transformed/ideaIU-2025.3/plugins/vcs-git-commit-modal/lib/vcs-git-commit-modal.jar
7d97a964d000-7d97a9659000 r--s 00000000 fd:01 4389748                    /home/ubuntu/.gradle/caches/8.10.2/transforms/81e4360543fbb01d4f7fb470fa49803d/transformed/ideaIU-2025.3/plugins/tasks/lib/modules/intellij.tasks.bugzilla.jar
7d97a9659000-7d97a9671000 r--s 00000000 fd:01 4390648                    /home/ubuntu/.gradle/caches/8.10.2/transforms/81e4360543fbb01d4f7fb470fa49803d/transformed/ideaIU-2025.3/plugins/spring-boot-core/lib/modules/intellij.spring.boot.gradle.shared.jar
7d97a9671000-7d97a9800000 r--s 00000000 fd:01 4391382                    /home/ubuntu/.gradle/caches/8.10.2/transforms/81e4360543fbb01d4f7fb470fa49803d/transformed/ideaIU-2025.3/plugins/mcpserver/lib/mcpserver.jar
7d97a9800000-7d97a9fc1000 r--s 00000000 fd:01 4390725                    /home/ubuntu/.gradle/caches/8.10.2/transforms/81e4360543fbb01d4f7fb470fa49803d/transformed/ideaIU-2025.3/plugins/JPA Model/lib/jpa-model.jar
7d97a9fc1000-7d97a9fcc000 r--s 00000000 fd:01 4389185                    /home/ubuntu/.gradle/caches/8.10.2/transforms/81e4360543fbb01d4f7fb470fa49803d/transformed/ideaIU-2025.3/plugins/cwm-plugin/lib/intellij.community.wintools.jar
7d97a9fcc000-7d97a9fed000 r--s 00000000 fd:01 4390308                    /home/ubuntu/.gradle/caches/8.10.2/transforms/81e4360543fbb01d4f7fb470fa49803d/transformed/ideaIU-2025.3/plugins/Spring/lib/modules/intellij.spring.kotlin.jar
7d97a9fed000-7d97aa07b000 r--s 00000000 fd:01 4389098                    /home/ubuntu/.gradle/caches/8.10.2/transforms/81e4360543fbb01d4f7fb470fa49803d/transformed/ideaIU-2025.3/plugins/properties/lib/modules/intellij.properties.backend.psi.jar
7d97aa07b000-7d97aa200000 r--s 00000000 fd:01 4389516                    /home/ubuntu/.gradle/caches/8.10.2/transforms/81e4360543fbb01d4f7fb470fa49803d/transformed/ideaIU-2025.3/plugins/javaee-reverseEngineering/lib/javaee-reverseEngineering.jar
7d97aa200000-7d97aa597000 r--s 00000000 fd:01 4391391                    /home/ubuntu/.gradle/caches/8.10.2/transforms/81e4360543fbb01d4f7fb470fa49803d/transformed/ideaIU-2025.3/plugins/JPA/lib/jpa-support.jar
7d97aa597000-7d97aa5a0000 r--s 00000000 fd:01 4389533                    /home/ubuntu/.gradle/caches/8.10.2/transforms/81e4360543fbb01d4f7fb470fa49803d/transformed/ideaIU-2025.3/plugins/spring-data/lib/modules/intellij.spring.data.liquibase.jar
7d97aa5a0000-7d97aa61a000 r--s 00000000 fd:01 4389099                    /home/ubuntu/.gradle/caches/8.10.2/transforms/81e4360543fbb01d4f7fb470fa49803d/transformed/ideaIU-2025.3/plugins/properties/lib/modules/intellij.properties.backend.jar
7d97aa61a000-7d97aa800000 r--s 00000000 fd:01 4390281                    /home/ubuntu/.gradle/caches/8.10.2/transforms/81e4360543fbb01d4f7fb470fa49803d/transformed/ideaIU-2025.3/plugins/javaee-app-servers-impl/lib/javaee-app-servers-impl.jar
7d97aa800000-7d97aacc3000 r--s 00000000 fd:01 4389274                    /home/ubuntu/.gradle/caches/8.10.2/transforms/81e4360543fbb01d4f7fb470fa49803d/transformed/ideaIU-2025.3/plugins/JavaEE/lib/modules/intellij.javaee.platform.impl.jar
7d97aacc3000-7d97aacc6000 r--s 00000000 fd:01 4390470                    /home/ubuntu/.gradle/caches/8.10.2/transforms/81e4360543fbb01d4f7fb470fa49803d/transformed/ideaIU-2025.3/plugins/maven/lib/maven-server-telemetry.jar
7d97aacc6000-7d97aace3000 r--s 00000000 fd:01 4390305                    /home/ubuntu/.gradle/caches/8.10.2/transforms/81e4360543fbb01d4f7fb470fa49803d/transformed/ideaIU-2025.3/plugins/Spring/lib/modules/intellij.spring.persistence.hibernate.jar
7d97aace3000-7d97aad29000 r--s 00000000 fd:01 4389096                    /home/ubuntu/.gradle/caches/8.10.2/transforms/81e4360543fbb01d4f7fb470fa49803d/transformed/ideaIU-2025.3/plugins/properties/lib/properties.jar
7d97aad29000-7d97aae00000 r--s 00000000 fd:01 4390480                    /home/ubuntu/.gradle/caches/8.10.2/transforms/81e4360543fbb01d4f7fb470fa49803d/transformed/ideaIU-2025.3/plugins/platform-images/lib/platform-images.jar
7d97aae00000-7d97ab3d3000 r--s 00000000 fd:01 4390818                    /home/ubuntu/.gradle/caches/8.10.2/transforms/81e4360543fbb01d4f7fb470fa49803d/transformed/ideaIU-2025.3/plugins/java/lib/modules/intellij.profiler.ultimate.jar
7d97ab3d3000-7d97ab3d6000 r--s 00000000 fd:01 4390623                    /home/ubuntu/.gradle/caches/8.10.2/transforms/81e4360543fbb01d4f7fb470fa49803d/transformed/ideaIU-2025.3/plugins/Groovy/lib/groovy-constants-rt.jar
7d97ab3d6000-7d97ab3e7000 r--s 00000000 fd:01 4390651                    /home/ubuntu/.gradle/caches/8.10.2/transforms/81e4360543fbb01d4f7fb470fa49803d/transformed/ideaIU-2025.3/plugins/spring-boot-core/lib/modules/intellij.spring.boot.maven.shared.jar
7d97ab3e7000-7d97ab400000 r--s 00000000 fd:01 4390295                    /home/ubuntu/.gradle/caches/8.10.2/transforms/81e4360543fbb01d4f7fb470fa49803d/transformed/ideaIU-2025.3/plugins/Spring/lib/modules/intellij.spring.boot.shared.jar
7d97ab400000-7d97ab8eb000 r--s 00000000 fd:01 4390812                    /home/ubuntu/.gradle/caches/8.10.2/transforms/81e4360543fbb01d4f7fb470fa49803d/transformed/ideaIU-2025.3/plugins/java/lib/debugger-memory-agent.jar
7d97ab8eb000-7d97ab8f2000 r--s 00000000 fd:01 4390088                    /home/ubuntu/.gradle/caches/8.10.2/transforms/81e4360543fbb01d4f7fb470fa49803d/transformed/ideaIU-2025.3/plugins/thymeleaf-plugin/lib/modules/intellij.thymeleaf.free.jar
7d97ab8f2000-7d97ab8fc000 r--s 00000000 fd:01 4390301                    /home/ubuntu/.gradle/caches/8.10.2/transforms/81e4360543fbb01d4f7fb470fa49803d/transformed/ideaIU-2025.3/plugins/Spring/lib/modules/intellij.spring.core.injections.jar
7d97ab8fc000-7d97ab919000 r--s 00000000 fd:01 4390288                    /home/ubuntu/.gradle/caches/8.10.2/transforms/81e4360543fbb01d4f7fb470fa49803d/transformed/ideaIU-2025.3/plugins/Spring/lib/spring.jar
7d97ab919000-7d97ab9a9000 r--s 00000000 fd:01 4390222                    /home/ubuntu/.gradle/caches/8.10.2/transforms/81e4360543fbb01d4f7fb470fa49803d/transformed/ideaIU-2025.3/plugins/json/lib/json.jar
7d97ab9a9000-7d97aba00000 r--s 00000000 fd:01 4389478                    /home/ubuntu/.gradle/caches/8.10.2/transforms/81e4360543fbb01d4f7fb470fa49803d/transformed/ideaIU-2025.3/plugins/microservices-plugin/lib/modules/intellij.microservices.diagrams.jar
7d97aba00000-7d97abcaa000 r--s 00000000 fd:01 4390832                    /home/ubuntu/.gradle/caches/8.10.2/transforms/81e4360543fbb01d4f7fb470fa49803d/transformed/ideaIU-2025.3/plugins/java/lib/kotlin-metadata.jar
7d97abcaa000-7d97abd69000 r--s 00000000 fd:01 4389476                    /home/ubuntu/.gradle/caches/8.10.2/transforms/81e4360543fbb01d4f7fb470fa49803d/transformed/ideaIU-2025.3/plugins/microservices-plugin/lib/microservices-plugin.jar
7d97abd69000-7d97abdb0000 r--s 00000000 fd:01 4390273                    /home/ubuntu/.gradle/caches/8.10.2/transforms/81e4360543fbb01d4f7fb470fa49803d/transformed/ideaIU-2025.3/plugins/microservices-jvm/lib/jetbrains.intellij.deps.scheduled.debugger.agent.jar
7d97abdb0000-7d97abe00000 r--s 00000000 fd:01 4391384                    /home/ubuntu/.gradle/caches/8.10.2/transforms/81e4360543fbb01d4f7fb470fa49803d/transformed/ideaIU-2025.3/plugins/mcpserver/lib/io.github.smiley4.schema.kenerator.jsonschema.jar
7d97abe00000-7d97b0e43000 r--s 00000000 fd:01 4390811                    /home/ubuntu/.gradle/caches/8.10.2/transforms/81e4360543fbb01d4f7fb470fa49803d/transformed/ideaIU-2025.3/plugins/java/lib/java-impl.jar
7d97b0e43000-7d97b0e44000 r--s 00000000 fd:01 4389689                    /home/ubuntu/.gradle/caches/8.10.2/transforms/81e4360543fbb01d4f7fb470fa49803d/transformed/ideaIU-2025.3/plugins/Kotlin/lib/javax-inject.jar
7d97b0e44000-7d97b0e4b000 r--s 00000000 fd:01 4390085                    /home/ubuntu/.gradle/caches/8.10.2/transforms/81e4360543fbb01d4f7fb470fa49803d/transformed/ideaIU-2025.3/plugins/thymeleaf-plugin/lib/modules/intellij.thymeleaf.spring.security.jar
7d97b0e4b000-7d97b0e55000 r--s 00000000 fd:01 4390299                    /home/ubuntu/.gradle/caches/8.10.2/transforms/81e4360543fbb01d4f7fb470fa49803d/transformed/ideaIU-2025.3/plugins/Spring/lib/modules/intellij.spring.web.jar
7d97b0e55000-7d97b0e87000 r--s 00000000 fd:01 4389405                    /home/ubuntu/.gradle/caches/8.10.2/transforms/81e4360543fbb01d4f7fb470fa49803d/transformed/ideaIU-2025.3/plugins/clouds-kubernetes/lib/modules/intellij.clouds.kubernetes.frontend.jar
7d97b0e87000-7d97b1000000 r--s 00000000 fd:01 4390827                    /home/ubuntu/.gradle/caches/8.10.2/transforms/81e4360543fbb01d4f7fb470fa49803d/transformed/ideaIU-2025.3/plugins/java/lib/modules/intellij.jvm.analysis.impl.jar
7d97b1000000-7d97b1ab8000 r--s 00000000 fd:01 4390800                    /home/ubuntu/.gradle/caches/8.10.2/transforms/81e4360543fbb01d4f7fb470fa49803d/transformed/ideaIU-2025.3/plugins/java/lib/java-impl-frontend.jar
7d97b1ab8000-7d97b1aba000 r--s 00000000 fd:01 4389540                    /home/ubuntu/.gradle/caches/8.10.2/transforms/81e4360543fbb01d4f7fb470fa49803d/transformed/ideaIU-2025.3/plugins/android-gradle-dsl/lib/modules/intellij.android.gradle.dsl.flags.jar
7d97b1aba000-7d97b1adf000 r--s 00000000 fd:01 4391386                    /home/ubuntu/.gradle/caches/8.10.2/transforms/81e4360543fbb01d4f7fb470fa49803d/transformed/ideaIU-2025.3/plugins/mcpserver/lib/io.github.smiley4.schema.kenerator.core.jar
7d97b1adf000-7d97b1b23000 r--s 00000000 fd:01 4389406                    /home/ubuntu/.gradle/caches/8.10.2/transforms/81e4360543fbb01d4f7fb470fa49803d/transformed/ideaIU-2025.3/plugins/clouds-kubernetes/lib/modules/intellij.clouds.kubernetes.charts.gotpl.jar
7d97b1b23000-7d97b1b93000 r--s 00000000 fd:01 4389296                    /home/ubuntu/.gradle/caches/8.10.2/transforms/81e4360543fbb01d4f7fb470fa49803d/transformed/ideaIU-2025.3/plugins/jsonpath/lib/jsonpath.jar
7d97b1b93000-7d97b1c00000 r--s 00000000 fd:01 4390726                    /home/ubuntu/.gradle/caches/8.10.2/transforms/81e4360543fbb01d4f7fb470fa49803d/transformed/ideaIU-2025.3/plugins/JPA Model/lib/jgoodies.binding.jar
7d97b1c00000-7d97b2162000 r--s 00000000 fd:01 4390801                    /home/ubuntu/.gradle/caches/8.10.2/transforms/81e4360543fbb01d4f7fb470fa49803d/transformed/ideaIU-2025.3/plugins/java/lib/jps-builders.jar
7d97b2162000-7d97b2166000 r--s 00000000 fd:01 4390096                    /home/ubuntu/.gradle/caches/8.10.2/transforms/81e4360543fbb01d4f7fb470fa49803d/transformed/ideaIU-2025.3/plugins/performanceTesting/lib/modules/intellij.performanceTesting.frontend.jar
7d97b2166000-7d97b217f000 r--s 00000000 fd:01 4389302                    /home/ubuntu/.gradle/caches/8.10.2/transforms/81e4360543fbb01d4f7fb470fa49803d/transformed/ideaIU-2025.3/plugins/webComponents/lib/webComponents.jar
7d97b217f000-7d97b21b9000 r--s 00000000 fd:01 4389404                    /home/ubuntu/.gradle/caches/8.10.2/transforms/81e4360543fbb01d4f7fb470fa49803d/transformed/ideaIU-2025.3/plugins/clouds-kubernetes/lib/modules/intellij.clouds.kubernetes.db.jar
7d97b21b9000-7d97b2292000 r--s 00000000 fd:01 4390106                    /home/ubuntu/.gradle/caches/8.10.2/transforms/81e4360543fbb01d4f7fb470fa49803d/transformed/ideaIU-2025.3/plugins/JavaeeWeb/lib/javaee-web.jar
7d97b2292000-7d97b2400000 r--s 00000000 fd:01 4390792                    /home/ubuntu/.gradle/caches/8.10.2/transforms/81e4360543fbb01d4f7fb470fa49803d/transformed/ideaIU-2025.3/plugins/java/lib/jb-jdi.jar
7d97b2400000-7d97b3356000 r--s 00000000 fd:01 4389247                    /home/ubuntu/.gradle/caches/8.10.2/transforms/81e4360543fbb01d4f7fb470fa49803d/transformed/ideaIU-2025.3/plugins/localization-ja/lib/localization-ja.jar
7d97b3356000-7d97b3357000 r--s 00000000 fd:01 4389342                    /home/ubuntu/.gradle/caches/8.10.2/transforms/81e4360543fbb01d4f7fb470fa49803d/transformed/ideaIU-2025.3/plugins/fullLine/lib/modules/intellij.fullLine.markdown.jar
7d97b3357000-7d97b3366000 r--s 00000000 fd:01 4389142                    /home/ubuntu/.gradle/caches/8.10.2/transforms/81e4360543fbb01d4f7fb470fa49803d/transformed/ideaIU-2025.3/plugins/settingsSync/lib/cloud-config-client.jar
7d97b3366000-7d97b3379000 r--s 00000000 fd:01 4391475                    /home/ubuntu/.gradle/caches/8.10.2/transforms/81e4360543fbb01d4f7fb470fa49803d/transformed/ideaIU-2025.3/plugins/ultimate-plugin/lib/ultimate-plugin.jar
7d97b3379000-7d97b33de000 r--s 00000000 fd:01 4390331                    /home/ubuntu/.gradle/caches/8.10.2/transforms/81e4360543fbb01d4f7fb470fa49803d/transformed/ideaIU-2025.3/plugins/javaee-el-core/lib/javaee-el-core.jar
7d97b33de000-7d97b343e000 r--s 00000000 fd:01 4389272                    /home/ubuntu/.gradle/caches/8.10.2/transforms/81e4360543fbb01d4f7fb470fa49803d/transformed/ideaIU-2025.3/plugins/JavaEE/lib/modules/intellij.javaee.ejb.jar
7d97b343e000-7d97b34b6000 r--s 00000000 fd:01 4389280                    /home/ubuntu/.gradle/caches/8.10.2/transforms/81e4360543fbb01d4f7fb470fa49803d/transformed/ideaIU-2025.3/plugins/JavaEE/lib/modules/intellij.javaee.platform.jar
7d97b34b6000-7d97b3600000 r--s 00000000 fd:01 4391454                    /home/ubuntu/.gradle/caches/8.10.2/transforms/81e4360543fbb01d4f7fb470fa49803d/transformed/ideaIU-2025.3/plugins/hibernate/lib/hibernate.jar
7d97b3600000-7d97b3b6f000 r--s 00000000 fd:01 4390525                    /home/ubuntu/.gradle/caches/8.10.2/transforms/81e4360543fbb01d4f7fb470fa49803d/transformed/ideaIU-2025.3/plugins/gradle/lib/gradle.jar
7d97b3b6f000-7d97b3b73000 r--s 00000000 fd:01 4389215                    /home/ubuntu/.gradle/caches/8.10.2/transforms/81e4360543fbb01d4f7fb470fa49803d/transformed/ideaIU-2025.3/plugins/cwm-plugin/lib/modules/intellij.docker.backend.split.jar
7d97b3b73000-7d97b3c7b000 r--s 00000000 fd:01 4389276                    /home/ubuntu/.gradle/caches/8.10.2/transforms/81e4360543fbb01d4f7fb470fa49803d/transformed/ideaIU-2025.3/plugins/JavaEE/lib/modules/intellij.javaee.jpa.ql.jar
7d97b3c7b000-7d97b3e00000 r--s 00000000 fd:01 4390524                    /home/ubuntu/.gradle/caches/8.10.2/transforms/81e4360543fbb01d4f7fb470fa49803d/transformed/ideaIU-2025.3/plugins/gradle/lib/gradle-tooling-extension-impl.jar
7d97b3e00000-7d97be358000 r--s 00000000 fd:01 4390554                    /home/ubuntu/.gradle/caches/8.10.2/transforms/81e4360543fbb01d4f7fb470fa49803d/transformed/ideaIU-2025.3/plugins/gradle/lib/gradle-api-9.0.0.jar
7d97be358000-7d97be35b000 r--s 00000000 fd:01 4389756                    /home/ubuntu/.gradle/caches/8.10.2/transforms/81e4360543fbb01d4f7fb470fa49803d/transformed/ideaIU-2025.3/plugins/editorconfig-plugin/lib/modules/intellij.editorconfig.frontend.split.jar
7d97be35b000-7d97be378000 r--s 00000000 fd:01 4391385                    /home/ubuntu/.gradle/caches/8.10.2/transforms/81e4360543fbb01d4f7fb470fa49803d/transformed/ideaIU-2025.3/plugins/mcpserver/lib/io.github.smiley4.schema.kenerator.serialization.jar
7d97be378000-7d97be3a4000 r--s 00000000 fd:01 4390636                    /home/ubuntu/.gradle/caches/8.10.2/transforms/81e4360543fbb01d4f7fb470fa49803d/transformed/ideaIU-2025.3/plugins/javaee-jsp-base-impl/lib/servlets.jar
7d97be3a4000-7d97be467000 r--s 00000000 fd:01 4391429                    /home/ubuntu/.gradle/caches/8.10.2/transforms/81e4360543fbb01d4f7fb470fa49803d/transformed/ideaIU-2025.3/plugins/java-i18n/lib/java-i18n.jar
7d97be467000-7d97be600000 r--s 00000000 fd:01 4390614                    /home/ubuntu/.gradle/caches/8.10.2/transforms/81e4360543fbb01d4f7fb470fa49803d/transformed/ideaIU-2025.3/plugins/freemarker/lib/freemarker.jar
7d97be600000-7d97be982000 r--s 00000000 fd:01 4389385                    /home/ubuntu/.gradle/caches/8.10.2/transforms/81e4360543fbb01d4f7fb470fa49803d/transformed/ideaIU-2025.3/plugins/uml/lib/uml-support.jar
7d97be982000-7d97be983000 r--s 00000000 fd:01 4389337                    /home/ubuntu/.gradle/caches/8.10.2/transforms/81e4360543fbb01d4f7fb470fa49803d/transformed/ideaIU-2025.3/plugins/fullLine/lib/modules/intellij.fullLine.fake.frontend.jar
7d97be983000-7d97be988000 r--s 00000000 fd:01 4389203                    /home/ubuntu/.gradle/caches/8.10.2/transforms/81e4360543fbb01d4f7fb470fa49803d/transformed/ideaIU-2025.3/plugins/cwm-plugin/lib/cwm-plugin-android.jar
7d97be988000-7d97be9ae000 r--s 00000000 fd:01 4390246                    /home/ubuntu/.gradle/caches/8.10.2/transforms/81e4360543fbb01d4f7fb470fa49803d/transformed/ideaIU-2025.3/plugins/javaee-jakarta-data/lib/javaee-jakarta-data.jar
7d97be9ae000-7d97bea2d000 r--s 00000000 fd:01 4389281                    /home/ubuntu/.gradle/caches/8.10.2/transforms/81e4360543fbb01d4f7fb470fa49803d/transformed/ideaIU-2025.3/plugins/JavaEE/lib/javaee-platform.jar
7d97bea2d000-7d97beaaa000 r--s 00000000 fd:01 4390822                    /home/ubuntu/.gradle/caches/8.10.2/transforms/81e4360543fbb01d4f7fb470fa49803d/transformed/ideaIU-2025.3/plugins/java/lib/modules/intellij.java.featuresTrainer.jar
7d97beaaa000-7d97bec00000 r--s 00000000 fd:01 4390334                    /home/ubuntu/.gradle/caches/8.10.2/transforms/81e4360543fbb01d4f7fb470fa49803d/transformed/ideaIU-2025.3/plugins/dev/lib/dev.jar
7d97bec00000-7d97bf142000 r--s 00000000 fd:01 4391497                    /home/ubuntu/.gradle/caches/8.10.2/transforms/81e4360543fbb01d4f7fb470fa49803d/transformed/ideaIU-2025.3/plugins/DatabaseTools/lib/modules/intellij.database.sql.impl.jar
7d97bf142000-7d97bf150000 r--s 00000000 fd:01 4390296                    /home/ubuntu/.gradle/caches/8.10.2/transforms/81e4360543fbb01d4f7fb470fa49803d/transformed/ideaIU-2025.3/plugins/Spring/lib/modules/intellij.spring.core.shared.jar
7d97bf150000-7d97bf19b000 r--s 00000000 fd:01 4389277                    /home/ubuntu/.gradle/caches/8.10.2/transforms/81e4360543fbb01d4f7fb470fa49803d/transformed/ideaIU-2025.3/plugins/JavaEE/lib/modules/intellij.javaee.web.jar
7d97bf19b000-7d97bf200000 r--s 00000000 fd:01 4390824                    /home/ubuntu/.gradle/caches/8.10.2/transforms/81e4360543fbb01d4f7fb470fa49803d/transformed/ideaIU-2025.3/plugins/java/lib/modules/intellij.java.langInjection.jar
7d97bf200000-7d97bf438000 r--s 00000000 fd:01 4391508                    /home/ubuntu/.gradle/caches/8.10.2/transforms/81e4360543fbb01d4f7fb470fa49803d/transformed/ideaIU-2025.3/plugins/DatabaseTools/lib/modules/intellij.database.dialects.sybase.jar
7d97bf438000-7d97bf441000 r--s 00000000 fd:01 4390309                    /home/ubuntu/.gradle/caches/8.10.2/transforms/81e4360543fbb01d4f7fb470fa49803d/transformed/ideaIU-2025.3/plugins/Spring/lib/modules/intellij.spring.persistence.jar
7d97bf441000-7d97bf45d000 r--s 00000000 fd:01 4390638                    /home/ubuntu/.gradle/caches/8.10.2/transforms/81e4360543fbb01d4f7fb470fa49803d/transformed/ideaIU-2025.3/plugins/javaee-jsp-base-impl/lib/jsp.jar
7d97bf45d000-7d97bf47d000 r--s 00000000 fd:01 4390282                    /home/ubuntu/.gradle/caches/8.10.2/transforms/81e4360543fbb01d4f7fb470fa49803d/transformed/ideaIU-2025.3/plugins/javaee-app-servers-impl/lib/AppServersView.jar
7d97bf47d000-7d97bf62c000 r--s 00000000 fd:01 4391527                    /home/ubuntu/.gradle/caches/8.10.2/transforms/81e4360543fbb01d4f7fb470fa49803d/transformed/ideaIU-2025.3/plugins/DatabaseTools/lib/modules/intellij.database.dialects.sqlite.jar
7d97bf62c000-7d97bf800000 r--s 00000000 fd:01 4391536                    /home/ubuntu/.gradle/caches/8.10.2/transforms/81e4360543fbb01d4f7fb470fa49803d/transformed/ideaIU-2025.3/plugins/DatabaseTools/lib/modules/intellij.database.dialects.postgresgreenplumbase.jar
7d97bf800000-7d97bfaff000 r--s 00000000 fd:01 4391504                    /home/ubuntu/.gradle/caches/8.10.2/transforms/81e4360543fbb01d4f7fb470fa49803d/transformed/ideaIU-2025.3/plugins/DatabaseTools/lib/modules/intellij.database.dialects.postgres.jar
7d97bfaff000-7d97bfb00000 r--s 00000000 fd:01 4389345                    /home/ubuntu/.gradle/caches/8.10.2/transforms/81e4360543fbb01d4f7fb470fa49803d/transformed/ideaIU-2025.3/plugins/fullLine/lib/modules/intellij.fullLine.rider.fsharp.jar
7d97bfb00000-7d97bfb18000 r--s 00000000 fd:01 4391466                    /home/ubuntu/.gradle/caches/8.10.2/transforms/81e4360543fbb01d4f7fb470fa49803d/transformed/ideaIU-2025.3/plugins/javaee-extensions/lib/javaee-extensions.jar
7d97bfb18000-7d97bfc00000 r--s 00000000 fd:01 4390830                    /home/ubuntu/.gradle/caches/8.10.2/transforms/81e4360543fbb01d4f7fb470fa49803d/transformed/ideaIU-2025.3/plugins/java/lib/jps-builders-6.jar
7d97bfc00000-7d97c014a000 r--s 00000000 fd:01 4391530                    /home/ubuntu/.gradle/caches/8.10.2/transforms/81e4360543fbb01d4f7fb470fa49803d/transformed/ideaIU-2025.3/plugins/DatabaseTools/lib/modules/intellij.database.dialects.mssql.jar
7d97c014a000-7d97c014d000 r--s 00000000 fd:01 4391551                    /home/ubuntu/.gradle/caches/8.10.2/transforms/81e4360543fbb01d4f7fb470fa49803d/transformed/ideaIU-2025.3/plugins/jupyter-plugin/lib/modules/intellij.jupyter.py.completion.ml.ranking.jar
7d97c014d000-7d97c015c000 r--s 00000000 fd:01 4389400                    /home/ubuntu/.gradle/caches/8.10.2/transforms/81e4360543fbb01d4f7fb470fa49803d/transformed/ideaIU-2025.3/plugins/clouds-kubernetes/lib/semver4j.jar
7d97c015c000-7d97c018f000 r--s 00000000 fd:01 4389275                    /home/ubuntu/.gradle/caches/8.10.2/transforms/81e4360543fbb01d4f7fb470fa49803d/transformed/ideaIU-2025.3/plugins/JavaEE/lib/modules/intellij.javaee.app.servers.jar
7d97c018f000-7d97c0200000 r--s 00000000 fd:01 4390791                    /home/ubuntu/.gradle/caches/8.10.2/transforms/81e4360543fbb01d4f7fb470fa49803d/transformed/ideaIU-2025.3/plugins/java/lib/javac2.jar
7d97c0200000-7d97c049b000 r--s 00000000 fd:01 4391512                    /home/ubuntu/.gradle/caches/8.10.2/transforms/81e4360543fbb01d4f7fb470fa49803d/transformed/ideaIU-2025.3/plugins/DatabaseTools/lib/modules/intellij.database.dialects.postgresbase.jar
7d97c049b000-7d97c04a4000 r--s 00000000 fd:01 4390294                    /home/ubuntu/.gradle/caches/8.10.2/transforms/81e4360543fbb01d4f7fb470fa49803d/transformed/ideaIU-2025.3/plugins/Spring/lib/modules/intellij.spring.persistence.jpa.jar
7d97c04a4000-7d97c04b4000 r--s 00000000 fd:01 4390280                    /home/ubuntu/.gradle/caches/8.10.2/transforms/81e4360543fbb01d4f7fb470fa49803d/transformed/ideaIU-2025.3/plugins/javaee-app-servers-impl/lib/javaee-appServers-rt.jar
7d97c04b4000-7d97c04cb000 r--s 00000000 fd:01 4389263                    /home/ubuntu/.gradle/caches/8.10.2/transforms/81e4360543fbb01d4f7fb470fa49803d/transformed/ideaIU-2025.3/plugins/JavaEE/lib/javaee-rt.jar
7d97c04cb000-7d97c04ea000 r--s 00000000 fd:01 4390817                    /home/ubuntu/.gradle/caches/8.10.2/transforms/81e4360543fbb01d4f7fb470fa49803d/transformed/ideaIU-2025.3/plugins/java/lib/modules/intellij.java.jam.impl.jar
7d97c04ea000-7d97c0600000 r--s 00000000 fd:01 4391494                    /home/ubuntu/.gradle/caches/8.10.2/transforms/81e4360543fbb01d4f7fb470fa49803d/transformed/ideaIU-2025.3/plugins/DatabaseTools/lib/modules/intellij.database.dialects.generic.jar
7d97c0600000-7d97c1988000 r--s 00000000 fd:01 4391505                    /home/ubuntu/.gradle/caches/8.10.2/transforms/81e4360543fbb01d4f7fb470fa49803d/transformed/ideaIU-2025.3/plugins/DatabaseTools/lib/modules/intellij.database.impl.jar
7d97c1988000-7d97c1989000 r--s 00000000 fd:01 4389357                    /home/ubuntu/.gradle/caches/8.10.2/transforms/81e4360543fbb01d4f7fb470fa49803d/transformed/ideaIU-2025.3/plugins/fullLine/lib/modules/intellij.fullLine.chat.jar
7d97c1989000-7d97c198e000 r--s 00000000 fd:01 4390087                    /home/ubuntu/.gradle/caches/8.10.2/transforms/81e4360543fbb01d4f7fb470fa49803d/transformed/ideaIU-2025.3/plugins/thymeleaf-plugin/lib/modules/intellij.thymeleaf.spring.el.jar
7d97c198e000-7d97c1a66000 r--s 00000000 fd:01 4389391                    /home/ubuntu/.gradle/caches/8.10.2/transforms/81e4360543fbb01d4f7fb470fa49803d/transformed/ideaIU-2025.3/plugins/uml/lib/modules/intellij.diagram.java.jar
7d97c1a66000-7d97c1c00000 r--s 00000000 fd:01 4391515                    /home/ubuntu/.gradle/caches/8.10.2/transforms/81e4360543fbb01d4f7fb470fa49803d/transformed/ideaIU-2025.3/plugins/DatabaseTools/lib/modules/intellij.database.jdbcConsole.jar
7d97c1c00000-7d97c1e6e000 r--s 00000000 fd:01 4391540                    /home/ubuntu/.gradle/caches/8.10.2/transforms/81e4360543fbb01d4f7fb470fa49803d/transformed/ideaIU-2025.3/plugins/DatabaseTools/lib/modules/intellij.database.dialects.mysqlbase.jar
7d97c1e6e000-7d97c1e6f000 r--s 00000000 fd:01 4389339                    /home/ubuntu/.gradle/caches/8.10.2/transforms/81e4360543fbb01d4f7fb470fa49803d/transformed/ideaIU-2025.3/plugins/fullLine/lib/modules/intellij.fullLine.sql.jar
7d97c1e6f000-7d97c1e70000 r--s 00000000 fd:01 4389340                    /home/ubuntu/.gradle/caches/8.10.2/transforms/81e4360543fbb01d4f7fb470fa49803d/transformed/ideaIU-2025.3/plugins/fullLine/lib/modules/intellij.fullLine.erb.jar
7d97c1e70000-7d97c1e7c000 r--s 00000000 fd:01 4390256                    /home/ubuntu/.gradle/caches/8.10.2/transforms/81e4360543fbb01d4f7fb470fa49803d/transformed/ideaIU-2025.3/plugins/keymap-visualStudio/lib/keymap-visualStudio.jar
7d97c1e7c000-7d97c1f1d000 r--s 00000000 fd:01 4390806                    /home/ubuntu/.gradle/caches/8.10.2/transforms/81e4360543fbb01d4f7fb470fa49803d/transformed/ideaIU-2025.3/plugins/java/lib/completion-ranking-java.jar
7d97c1f1d000-7d97c2000000 r--s 00000000 fd:01 4391520                    /home/ubuntu/.gradle/caches/8.10.2/transforms/81e4360543fbb01d4f7fb470fa49803d/transformed/ideaIU-2025.3/plugins/DatabaseTools/lib/modules/intellij.database.dialects.oracle.ex.jar
7d97c2000000-7d97c26b2000 r--s 00000000 fd:01 4391517                    /home/ubuntu/.gradle/caches/8.10.2/transforms/81e4360543fbb01d4f7fb470fa49803d/transformed/ideaIU-2025.3/plugins/DatabaseTools/lib/modules/intellij.database.sql.core.impl.jar
7d97c26b2000-7d97c26b3000 r--s 00000000 fd:01 4389330                    /home/ubuntu/.gradle/caches/8.10.2/transforms/81e4360543fbb01d4f7fb470fa49803d/transformed/ideaIU-2025.3/plugins/fullLine/lib/modules/intellij.fullLine.rider.shaderlab.jar
7d97c26b3000-7d97c26c0000 r--s 00000000 fd:01 4391393                    /home/ubuntu/.gradle/caches/8.10.2/transforms/81e4360543fbb01d4f7fb470fa49803d/transformed/ideaIU-2025.3/plugins/JPA/lib/modules/intellij.javaee.jpa.kotlin.jar
7d97c26c0000-7d97c2713000 r--s 00000000 fd:01 4390828                    /home/ubuntu/.gradle/caches/8.10.2/transforms/81e4360543fbb01d4f7fb470fa49803d/transformed/ideaIU-2025.3/plugins/java/lib/modules/intellij.java.structuralSearch.jar
7d97c2713000-7d97c2800000 r--s 00000000 fd:01 4391498                    /home/ubuntu/.gradle/caches/8.10.2/transforms/81e4360543fbb01d4f7fb470fa49803d/transformed/ideaIU-2025.3/plugins/DatabaseTools/lib/modules/intellij.database.dialects.mysql.jar
7d97c2800000-7d97c2a27000 r--s 00000000 fd:01 4391510                    /home/ubuntu/.gradle/caches/8.10.2/transforms/81e4360543fbb01d4f7fb470fa49803d/transformed/ideaIU-2025.3/plugins/DatabaseTools/lib/modules/intellij.database.dialects.mongo.jar
7d97c2a27000-7d97c2a29000 r--s 00000000 fd:01 4390497                    /home/ubuntu/.gradle/caches/8.10.2/transforms/81e4360543fbb01d4f7fb470fa49803d/transformed/ideaIU-2025.3/plugins/ktor/lib/ktor-gradle-tooling.jar
7d97c2a29000-7d97c2a2f000 r--s 00000000 fd:01 4389747                    /home/ubuntu/.gradle/caches/8.10.2/transforms/81e4360543fbb01d4f7fb470fa49803d/transformed/ideaIU-2025.3/plugins/tasks/lib/modules/intellij.tasks.trac.jar
7d97c2a2f000-7d97c2a3f000 r--s 00000000 fd:01 4390829                    /home/ubuntu/.gradle/caches/8.10.2/transforms/81e4360543fbb01d4f7fb470fa49803d/transformed/ideaIU-2025.3/plugins/java/lib/modules/intellij.java.langInjection.jps.jar
7d97c2a3f000-7d97c2a54000 r--s 00000000 fd:01 4390821                    /home/ubuntu/.gradle/caches/8.10.2/transforms/81e4360543fbb01d4f7fb470fa49803d/transformed/ideaIU-2025.3/plugins/java/lib/modules/intellij.java.duplicatesDetection.jar
7d97c2a54000-7d97c2a71000 r--s 00000000 fd:01 4390796                    /home/ubuntu/.gradle/caches/8.10.2/transforms/81e4360543fbb01d4f7fb470fa49803d/transformed/ideaIU-2025.3/plugins/java/lib/maven-resolver-transport-http.jar
7d97c2a71000-7d97c2af0000 r--s 00000000 fd:01 4390831                    /home/ubuntu/.gradle/caches/8.10.2/transforms/81e4360543fbb01d4f7fb470fa49803d/transformed/ideaIU-2025.3/plugins/java/lib/sa-jdwp.jar
7d97c2af0000-7d97c2c00000 r--s 00000000 fd:01 4391526                    /home/ubuntu/.gradle/caches/8.10.2/transforms/81e4360543fbb01d4f7fb470fa49803d/transformed/ideaIU-2025.3/plugins/DatabaseTools/lib/modules/intellij.database.dialects.redis.jar
7d97c2c00000-7d97c2ff1000 r--s 00000000 fd:01 4391524                    /home/ubuntu/.gradle/caches/8.10.2/transforms/81e4360543fbb01d4f7fb470fa49803d/transformed/ideaIU-2025.3/plugins/DatabaseTools/lib/modules/intellij.database.connectivity.jar
7d97c2ff1000-7d97c2ff5000 r--s 00000000 fd:01 4390082                    /home/ubuntu/.gradle/caches/8.10.2/transforms/81e4360543fbb01d4f7fb470fa49803d/transformed/ideaIU-2025.3/plugins/thymeleaf-plugin/lib/thymeleaf-plugin.jar
7d97c2ff5000-7d97c3000000 r--s 00000000 fd:01 4390816                    /home/ubuntu/.gradle/caches/8.10.2/transforms/81e4360543fbb01d4f7fb470fa49803d/transformed/ideaIU-2025.3/plugins/java/lib/modules/intellij.java.execution.impl.backend.jar
7d97c3000000-7d97c3674000 r--s 00000000 fd:01 4391534                    /home/ubuntu/.gradle/caches/8.10.2/transforms/81e4360543fbb01d4f7fb470fa49803d/transformed/ideaIU-2025.3/plugins/DatabaseTools/lib/modules/intellij.database.dialects.oracle.jar
7d97c3674000-7d97c3675000 r--s 00000000 fd:01 4389367                    /home/ubuntu/.gradle/caches/8.10.2/transforms/81e4360543fbb01d4f7fb470fa49803d/transformed/ideaIU-2025.3/plugins/fullLine/lib/modules/intellij.fullLine.yaml.jar
7d97c3675000-7d97c367d000 r--s 00000000 fd:01 4390521                    /home/ubuntu/.gradle/caches/8.10.2/transforms/81e4360543fbb01d4f7fb470fa49803d/transformed/ideaIU-2025.3/plugins/keymap-eclipse/lib/keymap-eclipse.jar
7d97c367d000-7d97c3687000 r--s 00000000 fd:01 4390823                    /home/ubuntu/.gradle/caches/8.10.2/transforms/81e4360543fbb01d4f7fb470fa49803d/transformed/ideaIU-2025.3/plugins/java/lib/modules/intellij.java.vcs.jar
7d97c3687000-7d97c36df000 r--s 00000000 fd:01 4390553                    /home/ubuntu/.gradle/caches/8.10.2/transforms/81e4360543fbb01d4f7fb470fa49803d/transformed/ideaIU-2025.3/plugins/gradle/lib/gradle-tooling-extension-api.jar
7d97c36df000-7d97c3800000 r--s 00000000 fd:01 4391500                    /home/ubuntu/.gradle/caches/8.10.2/transforms/81e4360543fbb01d4f7fb470fa49803d/transformed/ideaIU-2025.3/plugins/DatabaseTools/lib/modules/intellij.database.dialects.maria.jar
7d97c3800000-7d97c3be0000 r--s 00000000 fd:01 4391493                    /home/ubuntu/.gradle/caches/8.10.2/transforms/81e4360543fbb01d4f7fb470fa49803d/transformed/ideaIU-2025.3/plugins/DatabaseTools/lib/modules/intellij.database.dialects.base.jar
7d97c3be0000-7d97c3be3000 r--s 00000000 fd:01 4389230                    /home/ubuntu/.gradle/caches/8.10.2/transforms/81e4360543fbb01d4f7fb470fa49803d/transformed/ideaIU-2025.3/plugins/cwm-plugin/lib/modules/intellij.platform.vcs.common.split.jar
7d97c3be3000-7d97c3be7000 r--s 00000000 fd:01 4389532                    /home/ubuntu/.gradle/caches/8.10.2/transforms/81e4360543fbb01d4f7fb470fa49803d/transformed/ideaIU-2025.3/plugins/spring-data/lib/modules/intellij.spring.data.el.jar
7d97c3be7000-7d97c3c00000 r--s 00000000 fd:01 4390797                    /home/ubuntu/.gradle/caches/8.10.2/transforms/81e4360543fbb01d4f7fb470fa49803d/transformed/ideaIU-2025.3/plugins/java/lib/aether-dependency-resolver.jar
7d97c3c00000-7d97c4fbf000 r--s 00000000 fd:01 4391514                    /home/ubuntu/.gradle/caches/8.10.2/transforms/81e4360543fbb01d4f7fb470fa49803d/transformed/ideaIU-2025.3/plugins/DatabaseTools/lib/modules/intellij.database.core.impl.jar
7d97c4fbf000-7d97c4fc6000 r--s 00000000 fd:01 4390649                    /home/ubuntu/.gradle/caches/8.10.2/transforms/81e4360543fbb01d4f7fb470fa49803d/transformed/ideaIU-2025.3/plugins/spring-boot-core/lib/modules/intellij.spring.boot.cron.jar
7d97c4fc6000-7d97c5056000 r--s 00000000 fd:01 4389543                    /home/ubuntu/.gradle/caches/8.10.2/transforms/81e4360543fbb01d4f7fb470fa49803d/transformed/ideaIU-2025.3/plugins/flyway/lib/flyway.jar
7d97c5056000-7d97c5200000 r--s 00000000 fd:01 4391541                    /home/ubuntu/.gradle/caches/8.10.2/transforms/81e4360543fbb01d4f7fb470fa49803d/transformed/ideaIU-2025.3/plugins/DatabaseTools/lib/database-plugin-frontend.jar
7d97c5200000-7d97c7b6b000 r--s 00000000 fd:01 4391481                    /home/ubuntu/.gradle/caches/8.10.2/transforms/81e4360543fbb01d4f7fb470fa49803d/transformed/ideaIU-2025.3/plugins/DatabaseTools/lib/database-plugin.jar
7d97c7b6b000-7d97c7b6d000 r--s 00000000 fd:01 4389250                    /home/ubuntu/.gradle/caches/8.10.2/transforms/81e4360543fbb01d4f7fb470fa49803d/transformed/ideaIU-2025.3/plugins/remote-dev-server/lib/remote-dev-server.jar
7d97c7b6d000-7d97c7b8e000 r--s 00000000 fd:01 4390795                    /home/ubuntu/.gradle/caches/8.10.2/transforms/81e4360543fbb01d4f7fb470fa49803d/transformed/ideaIU-2025.3/plugins/java/lib/jps-javac-extension.jar
7d97c7b8e000-7d97c7c00000 r--s 00000000 fd:01 4391519                    /home/ubuntu/.gradle/caches/8.10.2/transforms/81e4360543fbb01d4f7fb470fa49803d/transformed/ideaIU-2025.3/plugins/DatabaseTools/lib/modules/intellij.database.dialects.mssql.ex.jar
7d97c7c00000-7d97c7ff7000 r--s 00000000 fd:01 4391486                    /home/ubuntu/.gradle/caches/8.10.2/transforms/81e4360543fbb01d4f7fb470fa49803d/transformed/ideaIU-2025.3/plugins/DatabaseTools/lib/maven-resolver-provider.jar
7d97c7ff7000-7d97c8000000 r--s 00000000 fd:01 4389282                    /home/ubuntu/.gradle/caches/8.10.2/transforms/81e4360543fbb01d4f7fb470fa49803d/transformed/ideaIU-2025.3/plugins/JavaEE/lib/jasper-v2-rt.jar
7d97c8000000-7d97c8329000 r--s 00000000 fd:01 4391441                    /home/ubuntu/.gradle/caches/8.10.2/transforms/81e4360543fbb01d4f7fb470fa49803d/transformed/ideaIU-2025.3/plugins/css-plugin/lib/modules/intellij.css.psi.jar
7d97c8329000-7d97c832c000 r--s 00000000 fd:01 4389226                    /home/ubuntu/.gradle/caches/8.10.2/transforms/81e4360543fbb01d4f7fb470fa49803d/transformed/ideaIU-2025.3/plugins/cwm-plugin/lib/modules/intellij.cwm.vcs.jar
7d97c832c000-7d97c833b000 r--s 00000000 fd:01 4390820                    /home/ubuntu/.gradle/caches/8.10.2/transforms/81e4360543fbb01d4f7fb470fa49803d/transformed/ideaIU-2025.3/plugins/java/lib/modules/intellij.java.duplicates.analysis.jar
7d97c833b000-7d97c8357000 r--s 00000000 fd:01 4389388                    /home/ubuntu/.gradle/caches/8.10.2/transforms/81e4360543fbb01d4f7fb470fa49803d/transformed/ideaIU-2025.3/plugins/uml/lib/modules/intellij.diagram.maven.jar
7d97c8357000-7d97c8373000 r--s 00000000 fd:01 4389390                    /home/ubuntu/.gradle/caches/8.10.2/transforms/81e4360543fbb01d4f7fb470fa49803d/transformed/ideaIU-2025.3/plugins/uml/lib/modules/intellij.diagram.gradle.jar
7d97c8373000-7d97c8400000 r--s 00000000 fd:01 4391537                    /home/ubuntu/.gradle/caches/8.10.2/transforms/81e4360543fbb01d4f7fb470fa49803d/transformed/ideaIU-2025.3/plugins/DatabaseTools/lib/modules/intellij.database.sql.common.impl.jar
7d97c8400000-7d97c8949000 r--s 00000000 fd:01 4391439                    /home/ubuntu/.gradle/caches/8.10.2/transforms/81e4360543fbb01d4f7fb470fa49803d/transformed/ideaIU-2025.3/plugins/css-plugin/lib/modules/intellij.css.backend.jar
7d97c8949000-7d97c894a000 r--s 00000000 fd:01 4389366                    /home/ubuntu/.gradle/caches/8.10.2/transforms/81e4360543fbb01d4f7fb470fa49803d/transformed/ideaIU-2025.3/plugins/fullLine/lib/modules/intellij.fullLine.json.jar
7d97c894a000-7d97c894f000 r--s 00000000 fd:01 4390292                    /home/ubuntu/.gradle/caches/8.10.2/transforms/81e4360543fbb01d4f7fb470fa49803d/transformed/ideaIU-2025.3/plugins/Spring/lib/modules/intellij.spring.jsf.jar
7d97c894f000-7d97c897e000 r--s 00000000 fd:01 4389738                    /home/ubuntu/.gradle/caches/8.10.2/transforms/81e4360543fbb01d4f7fb470fa49803d/transformed/ideaIU-2025.3/plugins/debugger-collections-visualizer/lib/modules/intellij.debugger.collections.visualizer.core.frontend.jar
7d97c897e000-7d97c89fd000 r--s 00000000 fd:01 4391532                    /home/ubuntu/.gradle/caches/8.10.2/transforms/81e4360543fbb01d4f7fb470fa49803d/transformed/ideaIU-2025.3/plugins/DatabaseTools/lib/modules/intellij.database.completionMlRanking.jar
7d97c89fd000-7d97c8a8b000 r--s 00000000 fd:01 4391495                    /home/ubuntu/.gradle/caches/8.10.2/transforms/81e4360543fbb01d4f7fb470fa49803d/transformed/ideaIU-2025.3/plugins/DatabaseTools/lib/modules/intellij.database.sql.jar
7d97c8a8b000-7d97c8b0e000 r--s 00000000 fd:01 4391489                    /home/ubuntu/.gradle/caches/8.10.2/transforms/81e4360543fbb01d4f7fb470fa49803d/transformed/ideaIU-2025.3/plugins/DatabaseTools/lib/plexus-utils.jar
7d97c8b0e000-7d97c8c00000 r--s 00000000 fd:01 4391443                    /home/ubuntu/.gradle/caches/8.10.2/transforms/81e4360543fbb01d4f7fb470fa49803d/transformed/ideaIU-2025.3/plugins/css-plugin/lib/modules/intellij.css.common.psi.jar
7d97c8c00000-7d97c920d000 r--s 00000000 fd:01 4391436                    /home/ubuntu/.gradle/caches/8.10.2/transforms/81e4360543fbb01d4f7fb470fa49803d/transformed/ideaIU-2025.3/plugins/css-plugin/lib/modules/intellij.css.xmlSchemeGenerator.jar
7d97c920d000-7d97c9210000 r--s 00000000 fd:01 4389531                    /home/ubuntu/.gradle/caches/8.10.2/transforms/81e4360543fbb01d4f7fb470fa49803d/transformed/ideaIU-2025.3/plugins/spring-data/lib/modules/intellij.spring.data.ql.jar
7d97c9210000-7d97c9229000 r--s 00000000 fd:01 4389389                    /home/ubuntu/.gradle/caches/8.10.2/transforms/81e4360543fbb01d4f7fb470fa49803d/transformed/ideaIU-2025.3/plugins/uml/lib/modules/intellij.diagram.vcs.jar
7d97c9229000-7d97c9250000 r--s 00000000 fd:01 4389736                    /home/ubuntu/.gradle/caches/8.10.2/transforms/81e4360543fbb01d4f7fb470fa49803d/transformed/ideaIU-2025.3/plugins/debugger-collections-visualizer/lib/modules/intellij.debugger.collections.visualizer.jvm.jar
7d97c9250000-7d97c92e5000 r--s 00000000 fd:01 4391487                    /home/ubuntu/.gradle/caches/8.10.2/transforms/81e4360543fbb01d4f7fb470fa49803d/transformed/ideaIU-2025.3/plugins/DatabaseTools/lib/tips-database-plugin.jar
7d97c92e5000-7d97c9400000 r--s 00000000 fd:01 4389519                    /home/ubuntu/.gradle/caches/8.10.2/transforms/81e4360543fbb01d4f7fb470fa49803d/transformed/ideaIU-2025.3/plugins/completionMlRanking/lib/completionMlRanking.jar
7d97c9400000-7d97c9675000 r--s 00000000 fd:01 4390512                    /home/ubuntu/.gradle/caches/8.10.2/transforms/81e4360543fbb01d4f7fb470fa49803d/transformed/ideaIU-2025.3/plugins/xpath/lib/xpath.jar
7d97c9675000-7d97c967c000 r--s 00000000 fd:01 4390307                    /home/ubuntu/.gradle/caches/8.10.2/transforms/81e4360543fbb01d4f7fb470fa49803d/transformed/ideaIU-2025.3/plugins/Spring/lib/modules/intellij.spring.eclipse.jar
7d97c967c000-7d97c9687000 r--s 00000000 fd:01 4390826                    /home/ubuntu/.gradle/caches/8.10.2/transforms/81e4360543fbb01d4f7fb470fa49803d/transformed/ideaIU-2025.3/plugins/java/lib/modules/intellij.java.unscramble.jar
7d97c9687000-7d97c96f3000 r--s 00000000 fd:01 4391518                    /home/ubuntu/.gradle/caches/8.10.2/transforms/81e4360543fbb01d4f7fb470fa49803d/transformed/ideaIU-2025.3/plugins/DatabaseTools/lib/modules/intellij.database.dialects.sql92.jar
7d97c96f3000-7d97c9800000 r--s 00000000 fd:01 4389415                    /home/ubuntu/.gradle/caches/8.10.2/transforms/81e4360543fbb01d4f7fb470fa49803d/transformed/ideaIU-2025.3/plugins/javaee-cdi/lib/javaee-cdi.jar
7d97c9800000-7d97c9b49000 r--s 00000000 fd:01 4389106                    /home/ubuntu/.gradle/caches/8.10.2/transforms/81e4360543fbb01d4f7fb470fa49803d/transformed/ideaIU-2025.3/plugins/testng/lib/testng.jar
7d97c9b49000-7d97c9b4c000 r--s 00000000 fd:01 4390647                    /home/ubuntu/.gradle/caches/8.10.2/transforms/81e4360543fbb01d4f7fb470fa49803d/transformed/ideaIU-2025.3/plugins/spring-boot-core/lib/modules/intellij.spring.boot.jpa.jar
7d97c9b4c000-7d97c9b64000 r--s 00000000 fd:01 4389734                    /home/ubuntu/.gradle/caches/8.10.2/transforms/81e4360543fbb01d4f7fb470fa49803d/transformed/ideaIU-2025.3/plugins/debugger-collections-visualizer/lib/debugger-collections-visualizer.jar
7d97c9b64000-7d97c9b81000 r--s 00000000 fd:01 4391533                    /home/ubuntu/.gradle/caches/8.10.2/transforms/81e4360543fbb01d4f7fb470fa49803d/transformed/ideaIU-2025.3/plugins/DatabaseTools/lib/modules/intellij.database.dialects.base.ex.jar
7d97c9b81000-7d97c9c00000 r--s 00000000 fd:01 4391438                    /home/ubuntu/.gradle/caches/8.10.2/transforms/81e4360543fbb01d4f7fb470fa49803d/transformed/ideaIU-2025.3/plugins/css-plugin/lib/modules/intellij.css.analysis.jar
7d97c9c00000-7d97cb4f8000 r--s 00000000 fd:01 4389552                    /home/ubuntu/.gradle/caches/8.10.2/transforms/81e4360543fbb01d4f7fb470fa49803d/transformed/ideaIU-2025.3/plugins/vcs-svn/lib/sqlite.jar
7d97cb4f8000-7d97cb4fd000 r--s 00000000 fd:01 4390310                    /home/ubuntu/.gradle/caches/8.10.2/transforms/81e4360543fbb01d4f7fb470fa49803d/transformed/ideaIU-2025.3/plugins/Spring/lib/modules/intellij.spring.boot.run.free.jar
7d97cb4fd000-7d97cb51b000 r--s 00000000 fd:01 4391501                    /home/ubuntu/.gradle/caches/8.10.2/transforms/81e4360543fbb01d4f7fb470fa49803d/transformed/ideaIU-2025.3/plugins/DatabaseTools/lib/modules/intellij.database.sql.intelliLang.jar
7d97cb51b000-7d97cb53c000 r--s 00000000 fd:01 4391521                    /home/ubuntu/.gradle/caches/8.10.2/transforms/81e4360543fbb01d4f7fb470fa49803d/transformed/ideaIU-2025.3/plugins/DatabaseTools/lib/modules/intellij.database.dialects.mongo.js.external.jar
7d97cb53c000-7d97cb59c000 r--s 00000000 fd:01 4391444                    /home/ubuntu/.gradle/caches/8.10.2/transforms/81e4360543fbb01d4f7fb470fa49803d/transformed/ideaIU-2025.3/plugins/css-plugin/lib/modules/intellij.css.common.jar
7d97cb59c000-7d97cb600000 r--s 00000000 fd:01 4389731                    /home/ubuntu/.gradle/caches/8.10.2/transforms/81e4360543fbb01d4f7fb470fa49803d/transformed/ideaIU-2025.3/plugins/cron/lib/cronutils.cron.utils.jar
7d97cb600000-7d97cba66000 r--s 00000000 fd:01 4389553                    /home/ubuntu/.gradle/caches/8.10.2/transforms/81e4360543fbb01d4f7fb470fa49803d/transformed/ideaIU-2025.3/plugins/vcs-svn/lib/vcs-svn.jar
7d97cba66000-7d97cba81000 r--s 00000000 fd:01 4391513                    /home/ubuntu/.gradle/caches/8.10.2/transforms/81e4360543fbb01d4f7fb470fa49803d/transformed/ideaIU-2025.3/plugins/DatabaseTools/lib/modules/intellij.database.dialects.mysqlbase.ex.jar
7d97cba81000-7d97cbab9000 r--s 00000000 fd:01 4391502                    /home/ubuntu/.gradle/caches/8.10.2/transforms/81e4360543fbb01d4f7fb470fa49803d/transformed/ideaIU-2025.3/plugins/DatabaseTools/lib/modules/intellij.database.util.jar
7d97cbab9000-7d97cbb2c000 r--s 00000000 fd:01 4391415                    /home/ubuntu/.gradle/caches/8.10.2/transforms/81e4360543fbb01d4f7fb470fa49803d/transformed/ideaIU-2025.3/plugins/copyright/lib/copyright.jar
7d97cbb2c000-7d97cbc00000 r--s 00000000 fd:01 4390276                    /home/ubuntu/.gradle/caches/8.10.2/transforms/81e4360543fbb01d4f7fb470fa49803d/transformed/ideaIU-2025.3/plugins/aopCommon/lib/aopCommon.jar
7d97cbc00000-7d97cbe64000 r--s 00000000 fd:01 4390756                    /home/ubuntu/.gradle/caches/8.10.2/transforms/81e4360543fbb01d4f7fb470fa49803d/transformed/ideaIU-2025.3/plugins/vcs-perforce/lib/vcs-perforce.jar
7d97cbe64000-7d97cbe66000 r--s 00000000 fd:01 4389221                    /home/ubuntu/.gradle/caches/8.10.2/transforms/81e4360543fbb01d4f7fb470fa49803d/transformed/ideaIU-2025.3/plugins/cwm-plugin/lib/modules/intellij.platform.progress.frontend.split.jar
7d97cbe66000-7d97cbf03000 r--s 00000000 fd:01 4390573                    /home/ubuntu/.gradle/caches/8.10.2/transforms/81e4360543fbb01d4f7fb470fa49803d/transformed/ideaIU-2025.3/plugins/compose-ide-plugin/lib/compose-ide-plugin.jar
7d97cbf03000-7d97cc000000 r--s 00000000 fd:01 4390218                    /home/ubuntu/.gradle/caches/8.10.2/transforms/81e4360543fbb01d4f7fb470fa49803d/transformed/ideaIU-2025.3/plugins/android-gradle-declarative-lang-ide/lib/android-gradle-declarative-lang-ide.jar
7d97cc000000-7d97cc350000 r--s 00000000 fd:01 4390215                    /home/ubuntu/.gradle/caches/8.10.2/transforms/81e4360543fbb01d4f7fb470fa49803d/transformed/ideaIU-2025.3/plugins/nodeJS/lib/nodeJS.jar
7d97cc350000-7d97cc367000 r--s 00000000 fd:01 4390813                    /home/ubuntu/.gradle/caches/8.10.2/transforms/81e4360543fbb01d4f7fb470fa49803d/transformed/ideaIU-2025.3/plugins/java/lib/maven-resolver-connector-basic.jar
7d97cc367000-7d97cc3a8000 r--s 00000000 fd:01 4391437                    /home/ubuntu/.gradle/caches/8.10.2/transforms/81e4360543fbb01d4f7fb470fa49803d/transformed/ideaIU-2025.3/plugins/css-plugin/lib/modules/intellij.css.jar
7d97cc3a8000-7d97cc419000 r--s 00000000 fd:01 4389394                    /home/ubuntu/.gradle/caches/8.10.2/transforms/81e4360543fbb01d4f7fb470fa49803d/transformed/ideaIU-2025.3/plugins/profiler-lineProfiler/lib/profiler-lineProfiler.jar
7d97cc419000-7d97cc600000 r--s 00000000 fd:01 4391457                    /home/ubuntu/.gradle/caches/8.10.2/transforms/81e4360543fbb01d4f7fb470fa49803d/transformed/ideaIU-2025.3/plugins/lombok/lib/lombok.jar
7d97cc600000-7d97cc849000 r--s 00000000 fd:01 4389489                    /home/ubuntu/.gradle/caches/8.10.2/transforms/81e4360543fbb01d4f7fb470fa49803d/transformed/ideaIU-2025.3/plugins/javascript-debugger/lib/modules/intellij.javascript.wip.backend.jar
7d97cc849000-7d97cc84a000 r--s 00000000 fd:01 4389368                    /home/ubuntu/.gradle/caches/8.10.2/transforms/81e4360543fbb01d4f7fb470fa49803d/transformed/ideaIU-2025.3/plugins/fullLine/lib/modules/intellij.fullLine.rider.godot.jar
7d97cc84a000-7d97cc863000 r--s 00000000 fd:01 4391516                    /home/ubuntu/.gradle/caches/8.10.2/transforms/81e4360543fbb01d4f7fb470fa49803d/transformed/ideaIU-2025.3/plugins/DatabaseTools/lib/modules/intellij.database.pro.jar
7d97cc863000-7d97cca00000 r--s 00000000 fd:01 4389491                    /home/ubuntu/.gradle/caches/8.10.2/transforms/81e4360543fbb01d4f7fb470fa49803d/transformed/ideaIU-2025.3/plugins/javascript-debugger/lib/modules/intellij.javascript.wip.protocol.jar
7d97cca00000-7d97ccd88000 r--s 00000000 fd:01 4389492                    /home/ubuntu/.gradle/caches/8.10.2/transforms/81e4360543fbb01d4f7fb470fa49803d/transformed/ideaIU-2025.3/plugins/javascript-debugger/lib/modules/intellij.javascript.debugger.backend.jar
7d97ccd88000-7d97ccd8c000 r--s 00000000 fd:01 4390306                    /home/ubuntu/.gradle/caches/8.10.2/transforms/81e4360543fbb01d4f7fb470fa49803d/transformed/ideaIU-2025.3/plugins/Spring/lib/modules/intellij.spring.data.jpa.ql.jar
7d97ccd8c000-7d97ccd97000 r--s 00000000 fd:01 4390825                    /home/ubuntu/.gradle/caches/8.10.2/transforms/81e4360543fbb01d4f7fb470fa49803d/transformed/ideaIU-2025.3/plugins/java/lib/modules/intellij.java.execution.impl.frontend.jar
7d97ccd97000-7d97ccdc1000 r--s 00000000 fd:01 4391539                    /home/ubuntu/.gradle/caches/8.10.2/transforms/81e4360543fbb01d4f7fb470fa49803d/transformed/ideaIU-2025.3/plugins/DatabaseTools/lib/modules/intellij.database.sql.backend.core.jar
7d97ccdc1000-7d97cce60000 r--s 00000000 fd:01 4390518                    /home/ubuntu/.gradle/caches/8.10.2/transforms/81e4360543fbb01d4f7fb470fa49803d/transformed/ideaIU-2025.3/plugins/javaee-appServers-tomcat/lib/intellij.tomcat.inspector.jar
7d97cce60000-7d97ccf04000 r--s 00000000 fd:01 4389107                    /home/ubuntu/.gradle/caches/8.10.2/transforms/81e4360543fbb01d4f7fb470fa49803d/transformed/ideaIU-2025.3/plugins/testng/lib/testng-plugin.jar
7d97ccf04000-7d97cd000000 r--s 00000000 fd:01 4389486                    /home/ubuntu/.gradle/caches/8.10.2/transforms/81e4360543fbb01d4f7fb470fa49803d/transformed/ideaIU-2025.3/plugins/javascript-debugger/lib/javascript-debugger.jar
7d97cd000000-7d97cf9ec000 r--s 00000000 fd:01 4389835                    /home/ubuntu/.gradle/caches/8.10.2/transforms/81e4360543fbb01d4f7fb470fa49803d/transformed/ideaIU-2025.3/plugins/javascript-plugin/lib/javascript-plugin.jar
7d97cf9ec000-7d97cf9ed000 r--s 00000000 fd:01 4389354                    /home/ubuntu/.gradle/caches/8.10.2/transforms/81e4360543fbb01d4f7fb470fa49803d/transformed/ideaIU-2025.3/plugins/fullLine/lib/modules/intellij.fullLine.rbs.jar
7d97cf9ed000-7d97cf9f0000 r--s 00000000 fd:01 4390304                    /home/ubuntu/.gradle/caches/8.10.2/transforms/81e4360543fbb01d4f7fb470fa49803d/transformed/ideaIU-2025.3/plugins/Spring/lib/modules/intellij.spring.core.free.jar
7d97cf9f0000-7d97cfa00000 r--s 00000000 fd:01 4390807                    /home/ubuntu/.gradle/caches/8.10.2/transforms/81e4360543fbb01d4f7fb470fa49803d/transformed/ideaIU-2025.3/plugins/java/lib/jgoodies-common.jar
7d97cfa00000-7d97d08b1000 r--s 00000000 fd:01 4389839                    /home/ubuntu/.gradle/caches/8.10.2/transforms/81e4360543fbb01d4f7fb470fa49803d/transformed/ideaIU-2025.3/plugins/javascript-plugin/lib/javascript-plugin-frontend.jar
7d97d08b1000-7d97d08c5000 r--s 00000000 fd:01 4389714                    /home/ubuntu/.gradle/caches/8.10.2/transforms/81e4360543fbb01d4f7fb470fa49803d/transformed/ideaIU-2025.3/plugins/findUsagesMl/lib/findUsagesMl.jar
7d97d08c5000-7d97d0937000 r--s 00000000 fd:01 4390772                    /home/ubuntu/.gradle/caches/8.10.2/transforms/81e4360543fbb01d4f7fb470fa49803d/transformed/ideaIU-2025.3/plugins/xml-refactoring/lib/xml-refactoring.jar
7d97d0937000-7d97d0a8c000 r--s 00000000 fd:01 4389459                    /home/ubuntu/.gradle/caches/8.10.2/transforms/81e4360543fbb01d4f7fb470fa49803d/transformed/ideaIU-2025.3/plugins/junit/lib/junit.jar
7d97d0a8c000-7d97d0c00000 r--s 00000000 fd:01 4389427                    /home/ubuntu/.gradle/caches/8.10.2/transforms/81e4360543fbb01d4f7fb470fa49803d/transformed/ideaIU-2025.3/plugins/javaee-appServers-jboss/lib/javaee-appServers-jboss.jar
7d97d0c00000-7d97d1929000 r--s 00000000 fd:01 4391408                    /home/ubuntu/.gradle/caches/8.10.2/transforms/81e4360543fbb01d4f7fb470fa49803d/transformed/ideaIU-2025.3/plugins/vcs-git/lib/vcs-git.jar
7d97d1929000-7d97d192b000 r--s 00000000 fd:01 4389233                    /home/ubuntu/.gradle/caches/8.10.2/transforms/81e4360543fbb01d4f7fb470fa49803d/transformed/ideaIU-2025.3/plugins/cwm-plugin/lib/modules/intellij.performanceTesting.backend.split.jar
7d97d192b000-7d97d1930000 r--s 00000000 fd:01 4390788                    /home/ubuntu/.gradle/caches/8.10.2/transforms/81e4360543fbb01d4f7fb470fa49803d/transformed/ideaIU-2025.3/plugins/keymap-netbeans/lib/keymap-netbeans.jar
7d97d1930000-7d97d194c000 r--s 00000000 fd:01 4391506                    /home/ubuntu/.gradle/caches/8.10.2/transforms/81e4360543fbb01d4f7fb470fa49803d/transformed/ideaIU-2025.3/plugins/DatabaseTools/lib/modules/intellij.database.dialects.mongo.sql.jar
7d97d194c000-7d97d1969000 r--s 00000000 fd:01 4391482                    /home/ubuntu/.gradle/caches/8.10.2/transforms/81e4360543fbb01d4f7fb470fa49803d/transformed/ideaIU-2025.3/plugins/DatabaseTools/lib/maven-resolver-transport-http.jar
7d97d1969000-7d97d1a00000 r--s 00000000 fd:01 4390604                    /home/ubuntu/.gradle/caches/8.10.2/transforms/81e4360543fbb01d4f7fb470fa49803d/transformed/ideaIU-2025.3/plugins/karma/lib/karma.jar
7d97d1a00000-7d97d1c91000 r--s 00000000 fd:01 4390567                    /home/ubuntu/.gradle/caches/8.10.2/transforms/81e4360543fbb01d4f7fb470fa49803d/transformed/ideaIU-2025.3/plugins/clouds-docker-impl/lib/modules/intellij.clouds.docker.shared.jar
7d97d1c91000-7d97d1c93000 r--s 00000000 fd:01 4390086                    /home/ubuntu/.gradle/caches/8.10.2/transforms/81e4360543fbb01d4f7fb470fa49803d/transformed/ideaIU-2025.3/plugins/thymeleaf-plugin/lib/modules/intellij.thymeleaf.vue.jar
7d97d1c93000-7d97d1c97000 r--s 00000000 fd:01 4390225                    /home/ubuntu/.gradle/caches/8.10.2/transforms/81e4360543fbb01d4f7fb470fa49803d/transformed/ideaIU-2025.3/plugins/json/lib/modules/intellij.json.frontend.split.jar
7d97d1c97000-7d97d1ca5000 r--s 00000000 fd:01 4389737                    /home/ubuntu/.gradle/caches/8.10.2/transforms/81e4360543fbb01d4f7fb470fa49803d/transformed/ideaIU-2025.3/plugins/debugger-collections-visualizer/lib/modules/intellij.debugger.collections.visualizer.core.backend.jar
7d97d1ca5000-7d97d1e00000 r--s 00000000 fd:01 4391410                    /home/ubuntu/.gradle/caches/8.10.2/transforms/81e4360543fbb01d4f7fb470fa49803d/transformed/ideaIU-2025.3/plugins/vcs-git/lib/vcs-git-frontend.jar
7d97d1e00000-7d97d2501000 r--s 00000000 fd:01 4390569                    /home/ubuntu/.gradle/caches/8.10.2/transforms/81e4360543fbb01d4f7fb470fa49803d/transformed/ideaIU-2025.3/plugins/clouds-docker-impl/lib/modules/intellij.clouds.docker.jar
7d97d2501000-7d97d2502000 r--s 00000000 fd:01 4389361                    /home/ubuntu/.gradle/caches/8.10.2/transforms/81e4360543fbb01d4f7fb470fa49803d/transformed/ideaIU-2025.3/plugins/fullLine/lib/modules/intellij.fullLine.properties.jar
7d97d2502000-7d97d2509000 r--s 00000000 fd:01 4390810                    /home/ubuntu/.gradle/caches/8.10.2/transforms/81e4360543fbb01d4f7fb470fa49803d/transformed/ideaIU-2025.3/plugins/java/lib/netty-codec-protobuf.jar
7d97d2509000-7d97d256a000 r--s 00000000 fd:01 4390515                    /home/ubuntu/.gradle/caches/8.10.2/transforms/81e4360543fbb01d4f7fb470fa49803d/transformed/ideaIU-2025.3/plugins/javaee-appServers-tomcat/lib/javaee-appServers-tomcat.jar
7d97d256a000-7d97d2600000 r--s 00000000 fd:01 4389836                    /home/ubuntu/.gradle/caches/8.10.2/transforms/81e4360543fbb01d4f7fb470fa49803d/transformed/ideaIU-2025.3/plugins/javascript-plugin/lib/completion-ranking-js.jar
7d97d2600000-7d97d29a6000 r--s 00000000 fd:01 4390561                    /home/ubuntu/.gradle/caches/8.10.2/transforms/81e4360543fbb01d4f7fb470fa49803d/transformed/ideaIU-2025.3/plugins/clouds-docker-impl/lib/com.github.docker-java-docker-java-transport-httpclient5.jar
7d97d29a6000-7d97d29a7000 r--s 00000000 fd:01 4389364                    /home/ubuntu/.gradle/caches/8.10.2/transforms/81e4360543fbb01d4f7fb470fa49803d/transformed/ideaIU-2025.3/plugins/fullLine/lib/modules/intellij.fullLine.text.jar
7d97d29a7000-7d97d29ac000 r--s 00000000 fd:01 4389278                    /home/ubuntu/.gradle/caches/8.10.2/transforms/81e4360543fbb01d4f7fb470fa49803d/transformed/ideaIU-2025.3/plugins/JavaEE/lib/modules/intellij.javaee.application.jar
7d97d29ac000-7d97d2a00000 r--s 00000000 fd:01 4390109                    /home/ubuntu/.gradle/caches/8.10.2/transforms/81e4360543fbb01d4f7fb470fa49803d/transformed/ideaIU-2025.3/plugins/javaee-beanValidation/lib/javaee-beanValidation.jar
7d97d2a00000-7d97d3556000 r--s 00000000 fd:01 4390563                    /home/ubuntu/.gradle/caches/8.10.2/transforms/81e4360543fbb01d4f7fb470fa49803d/transformed/ideaIU-2025.3/plugins/clouds-docker-impl/lib/clouds-docker-impl.jar
7d97d3556000-7d97d3559000 r--s 00000000 fd:01 4390781                    /home/ubuntu/.gradle/caches/8.10.2/transforms/81e4360543fbb01d4f7fb470fa49803d/transformed/ideaIU-2025.3/plugins/searchEverywhereMl/lib/ai.grazie.model.swagger.annotations.jvm.jar
7d97d3559000-7d97d356d000 r--s 00000000 fd:01 4391507                    /home/ubuntu/.gradle/caches/8.10.2/transforms/81e4360543fbb01d4f7fb470fa49803d/transformed/ideaIU-2025.3/plugins/DatabaseTools/lib/modules/intellij.database.dialects.sqlite.ex.jar
7d97d356d000-7d97d3600000 r--s 00000000 fd:01 4389834                    /home/ubuntu/.gradle/caches/8.10.2/transforms/81e4360543fbb01d4f7fb470fa49803d/transformed/ideaIU-2025.3/plugins/javascript-plugin/lib/completion-ranking-typescript.jar
7d97d3600000-7d97d39d3000 r--s 00000000 fd:01 4389148                    /home/ubuntu/.gradle/caches/8.10.2/transforms/81e4360543fbb01d4f7fb470fa49803d/transformed/ideaIU-2025.3/plugins/java-coverage/lib/coverage-report.jar
7d97d39d3000-7d97d39d4000 r--s 00000000 fd:01 4389353                    /home/ubuntu/.gradle/caches/8.10.2/transforms/81e4360543fbb01d4f7fb470fa49803d/transformed/ideaIU-2025.3/plugins/fullLine/lib/modules/intellij.fullLine.xml.jar
7d97d39d4000-7d97d39d9000 r--s 00000000 fd:01 4389271                    /home/ubuntu/.gradle/caches/8.10.2/transforms/81e4360543fbb01d4f7fb470fa49803d/transformed/ideaIU-2025.3/plugins/JavaEE/lib/modules/intellij.javaee.platform.free.jar
7d97d39d9000-7d97d39df000 r--s 00000000 fd:01 4390805                    /home/ubuntu/.gradle/caches/8.10.2/transforms/81e4360543fbb01d4f7fb470fa49803d/transformed/ideaIU-2025.3/plugins/java/lib/maven-resolver-transport-file.jar
7d97d39df000-7d97d3a11000 r--s 00000000 fd:01 4391440                    /home/ubuntu/.gradle/caches/8.10.2/transforms/81e4360543fbb01d4f7fb470fa49803d/transformed/ideaIU-2025.3/plugins/css-plugin/lib/modules/intellij.css.schemeGenerator.jar
7d97d3a11000-7d97d3a64000 r--s 00000000 fd:01 4389488                    /home/ubuntu/.gradle/caches/8.10.2/transforms/81e4360543fbb01d4f7fb470fa49803d/transformed/ideaIU-2025.3/plugins/javascript-debugger/lib/modules/intellij.javascript.debugger.ui.jar
7d97d3a64000-7d97d3c00000 r--s 00000000 fd:01 4389146                    /home/ubuntu/.gradle/caches/8.10.2/transforms/81e4360543fbb01d4f7fb470fa49803d/transformed/ideaIU-2025.3/plugins/java-coverage/lib/jacoco.jar
7d97d3c00000-7d97d43fa000 r--s 00000000 fd:01 4390737                    /home/ubuntu/.gradle/caches/8.10.2/transforms/81e4360543fbb01d4f7fb470fa49803d/transformed/ideaIU-2025.3/plugins/angular/lib/angular.jar
7d97d43fa000-7d97d43fb000 r--s 00000000 fd:01 4390622                    /home/ubuntu/.gradle/caches/8.10.2/transforms/81e4360543fbb01d4f7fb470fa49803d/transformed/ideaIU-2025.3/plugins/Groovy/lib/groovy-spock-rt.jar
7d97d43fb000-7d97d4400000 r--s 00000000 fd:01 4391453                    /home/ubuntu/.gradle/caches/8.10.2/transforms/81e4360543fbb01d4f7fb470fa49803d/transformed/ideaIU-2025.3/plugins/hibernate/lib/hibernate3-console.jar
7d97d4400000-7d97d49b3000 r--s 00000000 fd:01 4392148                    /home/ubuntu/.gradle/caches/8.10.2/transforms/81e4360543fbb01d4f7fb470fa49803d/transformed/ideaIU-2025.3/lib/modules/intellij.xml.xmlbeans.jar
7d97d49b3000-7d97d49b5000 r--s 00000000 fd:01 4390650                    /home/ubuntu/.gradle/caches/8.10.2/transforms/81e4360543fbb01d4f7fb470fa49803d/transformed/ideaIU-2025.3/plugins/spring-boot-core/lib/modules/intellij.spring.boot.gradle.kts.shared.jar
7d97d49b5000-7d97d49c6000 r--s 00000000 fd:01 4391496                    /home/ubuntu/.gradle/caches/8.10.2/transforms/81e4360543fbb01d4f7fb470fa49803d/transformed/ideaIU-2025.3/plugins/DatabaseTools/lib/modules/intellij.database.dialects.mongo.ex.jar
7d97d49c6000-7d97d4a00000 r--s 00000000 fd:01 4389117                    /home/ubuntu/.gradle/caches/8.10.2/transforms/81e4360543fbb01d4f7fb470fa49803d/transformed/ideaIU-2025.3/plugins/configurationScript/lib/configurationScript.jar
7d97d4a00000-7d97d51d6000 r--s 00000000 fd:01 4392031                    /home/ubuntu/.gradle/caches/8.10.2/transforms/81e4360543fbb01d4f7fb470fa49803d/transformed/ideaIU-2025.3/lib/modules/intellij.settingsSync.core.jar
7d97d51d6000-7d97d51da000 r--s 00000000 fd:01 4389279                    /home/ubuntu/.gradle/caches/8.10.2/transforms/81e4360543fbb01d4f7fb470fa49803d/transformed/ideaIU-2025.3/plugins/JavaEE/lib/modules/intellij.javaee.platform.impl.database.jar
7d97d51da000-7d97d51e7000 r--s 00000000 fd:01 4391522                    /home/ubuntu/.gradle/caches/8.10.2/transforms/81e4360543fbb01d4f7fb470fa49803d/transformed/ideaIU-2025.3/plugins/DatabaseTools/lib/modules/intellij.database.sql.frontend.impl.jar
7d97d51e7000-7d97d5200000 r--s 00000000 fd:01 4391483                    /home/ubuntu/.gradle/caches/8.10.2/transforms/81e4360543fbb01d4f7fb470fa49803d/transformed/ideaIU-2025.3/plugins/DatabaseTools/lib/aether-dependency-resolver.jar
7d97d5200000-7d97d54e8000 r--s 00000000 fd:01 4392095                    /home/ubuntu/.gradle/caches/8.10.2/transforms/81e4360543fbb01d4f7fb470fa49803d/transformed/ideaIU-2025.3/lib/modules/intellij.rml.dfa.impl.jar
7d97d54e8000-7d97d550d000 r--s 00000000 fd:01 4389730                    /home/ubuntu/.gradle/caches/8.10.2/transforms/81e4360543fbb01d4f7fb470fa49803d/transformed/ideaIU-2025.3/plugins/cron/lib/cron.jar
7d97d550d000-7d97d5536000 r--s 00000000 fd:01 4389510                    /home/ubuntu/.gradle/caches/8.10.2/transforms/81e4360543fbb01d4f7fb470fa49803d/transformed/ideaIU-2025.3/plugins/styled-components/lib/styled-components.jar
7d97d5536000-7d97d556b000 r--s 00000000 fd:01 4389496                    /home/ubuntu/.gradle/caches/8.10.2/transforms/81e4360543fbb01d4f7fb470fa49803d/transformed/ideaIU-2025.3/plugins/javascript-debugger/lib/modules/intellij.javascript.reactNativeDebugger.jar
7d97d556b000-7d97d5600000 r--s 00000000 fd:01 4389724                    /home/ubuntu/.gradle/caches/8.10.2/transforms/81e4360543fbb01d4f7fb470fa49803d/transformed/ideaIU-2025.3/plugins/javascript-intentions/lib/javascript-intentions.jar
7d97d5600000-7d97d5a71000 r--s 00000000 fd:01 4392135                    /home/ubuntu/.gradle/caches/8.10.2/transforms/81e4360543fbb01d4f7fb470fa49803d/transformed/ideaIU-2025.3/lib/modules/intellij.relaxng.jar
7d97d5a71000-7d97d5a74000 r--s 00000000 fd:01 4389402                    /home/ubuntu/.gradle/caches/8.10.2/transforms/81e4360543fbb01d4f7fb470fa49803d/transformed/ideaIU-2025.3/plugins/clouds-kubernetes/lib/modules/intellij.clouds.kubernetes.cron.jar
7d97d5a74000-7d97d5a8b000 r--s 00000000 fd:01 4391490                    /home/ubuntu/.gradle/caches/8.10.2/transforms/81e4360543fbb01d4f7fb470fa49803d/transformed/ideaIU-2025.3/plugins/DatabaseTools/lib/maven-resolver-connector-basic.jar
7d97d5a8b000-7d97d5af1000 r--s 00000000 fd:01 4390079                    /home/ubuntu/.gradle/caches/8.10.2/transforms/81e4360543fbb01d4f7fb470fa49803d/transformed/ideaIU-2025.3/plugins/html-tools/lib/html-tools.jar
7d97d5af1000-7d97d5c00000 r--s 00000000 fd:01 4390560                    /home/ubuntu/.gradle/caches/8.10.2/transforms/81e4360543fbb01d4f7fb470fa49803d/transformed/ideaIU-2025.3/plugins/clouds-docker-impl/lib/com.github.docker-java-docker-java-api.jar
7d97d5c00000-7d97d5ef4000 r--s 00000000 fd:01 4392098                    /home/ubuntu/.gradle/caches/8.10.2/transforms/81e4360543fbb01d4f7fb470fa49803d/transformed/ideaIU-2025.3/lib/modules/intellij.rd.ui.jar
7d97d5ef4000-7d97d5ef5000 r--s 00000000 fd:01 4390608                    /home/ubuntu/.gradle/caches/8.10.2/transforms/81e4360543fbb01d4f7fb470fa49803d/transformed/ideaIU-2025.3/plugins/javaee-jax-rs/lib/javaee-jax-ws-rt.jar
7d97d5ef5000-7d97d5f06000 r--s 00000000 fd:01 4391525                    /home/ubuntu/.gradle/caches/8.10.2/transforms/81e4360543fbb01d4f7fb470fa49803d/transformed/ideaIU-2025.3/plugins/DatabaseTools/lib/modules/intellij.database.dialects.oracle.ex.coverage.jar
7d97d5f06000-7d97d5f13000 r--s 00000000 fd:01 4391434                    /home/ubuntu/.gradle/caches/8.10.2/transforms/81e4360543fbb01d4f7fb470fa49803d/transformed/ideaIU-2025.3/plugins/css-plugin/lib/css-plugin.jar
7d97d5f13000-7d97d5f21000 r--s 00000000 fd:01 4389108                    /home/ubuntu/.gradle/caches/8.10.2/transforms/81e4360543fbb01d4f7fb470fa49803d/transformed/ideaIU-2025.3/plugins/testng/lib/testng-rt.jar
7d97d5f21000-7d97d6000000 r--s 00000000 fd:01 4390564                    /home/ubuntu/.gradle/caches/8.10.2/transforms/81e4360543fbb01d4f7fb470fa49803d/transformed/ideaIU-2025.3/plugins/clouds-docker-impl/lib/com.github.docker-java-docker-java-core.jar
7d97d6000000-7d97d72c0000 r--s 00000000 fd:01 4392101                    /home/ubuntu/.gradle/caches/8.10.2/transforms/81e4360543fbb01d4f7fb470fa49803d/transformed/ideaIU-2025.3/lib/modules/intellij.rd.ide.model.generated.jar
7d97d72c0000-7d97d72c1000 r--s 00000000 fd:01 4389236                    /home/ubuntu/.gradle/caches/8.10.2/transforms/81e4360543fbb01d4f7fb470fa49803d/transformed/ideaIU-2025.3/plugins/cwm-plugin/lib/modules/intellij.platform.buildView.split.jar
7d97d72c1000-7d97d72c5000 r--s 00000000 fd:01 4391451                    /home/ubuntu/.gradle/caches/8.10.2/transforms/81e4360543fbb01d4f7fb470fa49803d/transformed/ideaIU-2025.3/plugins/hibernate/lib/hibernate4-console.jar
7d97d72c5000-7d97d72cc000 r--s 00000000 fd:01 4391452                    /home/ubuntu/.gradle/caches/8.10.2/transforms/81e4360543fbb01d4f7fb470fa49803d/transformed/ideaIU-2025.3/plugins/hibernate/lib/hibernate-console.jar
7d97d72cc000-7d97d72e4000 r--s 00000000 fd:01 4389493                    /home/ubuntu/.gradle/caches/8.10.2/transforms/81e4360543fbb01d4f7fb470fa49803d/transformed/ideaIU-2025.3/plugins/javascript-debugger/lib/modules/intellij.javascript.debugger.backend.rpc.jar
7d97d72e4000-7d97d730a000 r--s 00000000 fd:01 4389462                    /home/ubuntu/.gradle/caches/8.10.2/transforms/81e4360543fbb01d4f7fb470fa49803d/transformed/ideaIU-2025.3/plugins/junit/lib/junit-rt.jar
7d97d730a000-7d97d7371000 r--s 00000000 fd:01 4390568                    /home/ubuntu/.gradle/caches/8.10.2/transforms/81e4360543fbb01d4f7fb470fa49803d/transformed/ideaIU-2025.3/plugins/clouds-docker-impl/lib/modules/intellij.clouds.docker.file.backend.jar
7d97d7371000-7d97d7400000 r--s 00000000 fd:01 4389147                    /home/ubuntu/.gradle/caches/8.10.2/transforms/81e4360543fbb01d4f7fb470fa49803d/transformed/ideaIU-2025.3/plugins/java-coverage/lib/java-coverage.jar
7d97d7400000-7d97d7875000 r--s 00000000 fd:01 4392085                    /home/ubuntu/.gradle/caches/8.10.2/transforms/81e4360543fbb01d4f7fb470fa49803d/transformed/ideaIU-2025.3/lib/modules/intellij.profiler.common.jar
7d97d7875000-7d97d7877000 r--s 00000000 fd:01 4390646                    /home/ubuntu/.gradle/caches/8.10.2/transforms/81e4360543fbb01d4f7fb470fa49803d/transformed/ideaIU-2025.3/plugins/spring-boot-core/lib/modules/intellij.spring.boot.rewrite.jar
7d97d7877000-7d97d787c000 r--s 00000000 fd:01 4391450                    /home/ubuntu/.gradle/caches/8.10.2/transforms/81e4360543fbb01d4f7fb470fa49803d/transformed/ideaIU-2025.3/plugins/hibernate/lib/hibernate52-console.jar
7d97d787c000-7d97d7881000 r--s 00000000 fd:01 4391449                    /home/ubuntu/.gradle/caches/8.10.2/transforms/81e4360543fbb01d4f7fb470fa49803d/transformed/ideaIU-2025.3/plugins/hibernate/lib/hibernate5-console.jar
7d97d7881000-7d97d7a00000 r--s 00000000 fd:01 4392054                    /home/ubuntu/.gradle/caches/8.10.2/transforms/81e4360543fbb01d4f7fb470fa49803d/transformed/ideaIU-2025.3/lib/modules/intellij.rd.platform.jar
7d97d7a00000-7d97d7f71000 r--s 00000000 fd:01 4392158                    /home/ubuntu/.gradle/caches/8.10.2/transforms/81e4360543fbb01d4f7fb470fa49803d/transformed/ideaIU-2025.3/lib/modules/intellij.platform.vcs.log.impl.jar
7d97d7f71000-7d97d7f72000 r--s 00000000 fd:01 4389213                    /home/ubuntu/.gradle/caches/8.10.2/transforms/81e4360543fbb01d4f7fb470fa49803d/transformed/ideaIU-2025.3/plugins/cwm-plugin/lib/modules/intellij.platform.project.frontend.split.jar
7d97d7f72000-7d97d7f79000 r--s 00000000 fd:01 4391511                    /home/ubuntu/.gradle/caches/8.10.2/transforms/81e4360543fbb01d4f7fb470fa49803d/transformed/ideaIU-2025.3/plugins/DatabaseTools/lib/modules/intellij.database.frontend.split.jar
7d97d7f79000-7d97d7f88000 r--s 00000000 fd:01 4389840                    /home/ubuntu/.gradle/caches/8.10.2/transforms/81e4360543fbb01d4f7fb470fa49803d/transformed/ideaIU-2025.3/plugins/javascript-plugin/lib/semver4j.jar
7d97d7f88000-7d97d7f96000 r--s 00000000 fd:01 4389461                    /home/ubuntu/.gradle/caches/8.10.2/transforms/81e4360543fbb01d4f7fb470fa49803d/transformed/ideaIU-2025.3/plugins/junit/lib/junit6-rt.jar
7d97d7f96000-7d97d7fa7000 r--s 00000000 fd:01 4391412                    /home/ubuntu/.gradle/caches/8.10.2/transforms/81e4360543fbb01d4f7fb470fa49803d/transformed/ideaIU-2025.3/plugins/vcs-git/lib/modules/intellij.vcs.git.frontend.jar
7d97d7fa7000-7d97d7fc6000 r--s 00000000 fd:01 4389435                    /home/ubuntu/.gradle/caches/8.10.2/transforms/81e4360543fbb01d4f7fb470fa49803d/transformed/ideaIU-2025.3/plugins/java-byteCodeViewer/lib/java-byteCodeViewer.jar
7d97d7fc6000-7d97d8048000 r--s 00000000 fd:01 4392096                    /home/ubuntu/.gradle/caches/8.10.2/transforms/81e4360543fbb01d4f7fb470fa49803d/transformed/ideaIU-2025.3/lib/modules/intellij.spellchecker.jar
7d97d8048000-7d97d8083000 r--s 00000000 fd:01 4392034                    /home/ubuntu/.gradle/caches/8.10.2/transforms/81e4360543fbb01d4f7fb470fa49803d/transformed/ideaIU-2025.3/lib/modules/intellij.profiler.asyncOne.jar
7d97d8083000-7d97d8200000 r--s 00000000 fd:01 4392066                    /home/ubuntu/.gradle/caches/8.10.2/transforms/81e4360543fbb01d4f7fb470fa49803d/transformed/ideaIU-2025.3/lib/modules/intellij.platform.vcs.impl.shared.jar
7d97d8200000-7d97d8f63000 r--s 00000000 fd:01 4392108                    /home/ubuntu/.gradle/caches/8.10.2/transforms/81e4360543fbb01d4f7fb470fa49803d/transformed/ideaIU-2025.3/lib/modules/intellij.platform.vcs.impl.jar
7d97d8f63000-7d97d8f65000 r--s 00000000 fd:01 4390224                    /home/ubuntu/.gradle/caches/8.10.2/transforms/81e4360543fbb01d4f7fb470fa49803d/transformed/ideaIU-2025.3/plugins/json/lib/modules/intellij.json.backend.regexp.jar
7d97d8f65000-7d97d8f72000 r--s 00000000 fd:01 4389460                    /home/ubuntu/.gradle/caches/8.10.2/transforms/81e4360543fbb01d4f7fb470fa49803d/transformed/ideaIU-2025.3/plugins/junit/lib/junit5-rt.jar
7d97d8f72000-7d97d9026000 r--s 00000000 fd:01 4392049                    /home/ubuntu/.gradle/caches/8.10.2/transforms/81e4360543fbb01d4f7fb470fa49803d/transformed/ideaIU-2025.3/lib/modules/intellij.platform.vcs.log.graph.impl.jar
7d97d9026000-7d97d90af000 r--s 00000000 fd:01 4392060                    /home/ubuntu/.gradle/caches/8.10.2/transforms/81e4360543fbb01d4f7fb470fa49803d/transformed/ideaIU-2025.3/lib/modules/intellij.platform.vcs.impl.lang.jar
7d97d90af000-7d97d914d000 r--s 00000000 fd:01 4392053                    /home/ubuntu/.gradle/caches/8.10.2/transforms/81e4360543fbb01d4f7fb470fa49803d/transformed/ideaIU-2025.3/lib/modules/intellij.platform.vcs.impl.frontend.jar
7d97d914d000-7d97d9254000 r--s 00000000 fd:01 4392040                    /home/ubuntu/.gradle/caches/8.10.2/transforms/81e4360543fbb01d4f7fb470fa49803d/transformed/ideaIU-2025.3/lib/modules/intellij.platform.vcs.dvcs.impl.jar
7d97d9254000-7d97d9400000 r--s 00000000 fd:01 4392029                    /home/ubuntu/.gradle/caches/8.10.2/transforms/81e4360543fbb01d4f7fb470fa49803d/transformed/ideaIU-2025.3/lib/modules/intellij.platform.searchEverywhere.frontend.jar
7d97d9400000-7d97d997f000 r--s 00000000 fd:01 4392124                    /home/ubuntu/.gradle/caches/8.10.2/transforms/81e4360543fbb01d4f7fb470fa49803d/transformed/ideaIU-2025.3/lib/modules/intellij.platform.jewel.ui.jar
7d97d997f000-7d97d9992000 r--s 00000000 fd:01 4390562                    /home/ubuntu/.gradle/caches/8.10.2/transforms/81e4360543fbb01d4f7fb470fa49803d/transformed/ideaIU-2025.3/plugins/clouds-docker-impl/lib/com.github.docker-java-docker-java-transport.jar
7d97d9992000-7d97d99af000 r--s 00000000 fd:01 4392122                    /home/ubuntu/.gradle/caches/8.10.2/transforms/81e4360543fbb01d4f7fb470fa49803d/transformed/ideaIU-2025.3/lib/modules/intellij.xml.langInjection.jar
7d97d99af000-7d97d9a00000 r--s 00000000 fd:01 4392164                    /home/ubuntu/.gradle/caches/8.10.2/transforms/81e4360543fbb01d4f7fb470fa49803d/transformed/ideaIU-2025.3/lib/modules/intellij.platform.warmup.jar
7d97d9a00000-7d97d9cd2000 r--s 00000000 fd:01 4392155                    /home/ubuntu/.gradle/caches/8.10.2/transforms/81e4360543fbb01d4f7fb470fa49803d/transformed/ideaIU-2025.3/lib/modules/intellij.platform.ide.newUiOnboarding.jar
7d97d9cd2000-7d97d9cd4000 r--s 00000000 fd:01 4390319                    /home/ubuntu/.gradle/caches/8.10.2/transforms/81e4360543fbb01d4f7fb470fa49803d/transformed/ideaIU-2025.3/plugins/micronaut/lib/micronaut-gradle-tooling.jar
7d97d9cd4000-7d97d9cd7000 r--s 00000000 fd:01 4389387                    /home/ubuntu/.gradle/caches/8.10.2/transforms/81e4360543fbb01d4f7fb470fa49803d/transformed/ideaIU-2025.3/plugins/uml/lib/modules/intellij.diagram.properties.jar
7d97d9cd7000-7d97d9d36000 r--s 00000000 fd:01 4392150                    /home/ubuntu/.gradle/caches/8.10.2/transforms/81e4360543fbb01d4f7fb470fa49803d/transformed/ideaIU-2025.3/lib/modules/intellij.platform.trialPromotion.idesWithFreeTier.jar
7d97d9d36000-7d97d9d93000 r--s 00000000 fd:01 4392107                    /home/ubuntu/.gradle/caches/8.10.2/transforms/81e4360543fbb01d4f7fb470fa49803d/transformed/ideaIU-2025.3/lib/modules/intellij.platform.tips.jar
7d97d9d93000-7d97d9e00000 r--s 00000000 fd:01 4392093                    /home/ubuntu/.gradle/caches/8.10.2/transforms/81e4360543fbb01d4f7fb470fa49803d/transformed/ideaIU-2025.3/lib/modules/intellij.platform.searchEverywhere.backend.jar
7d97d9e00000-7d97da3af000 r--s 00000000 fd:01 4392116                    /home/ubuntu/.gradle/caches/8.10.2/transforms/81e4360543fbb01d4f7fb470fa49803d/transformed/ideaIU-2025.3/lib/modules/intellij.platform.collaborationTools.jar
7d97da3af000-7d97da3b0000 r--s 00000000 fd:01 4389228                    /home/ubuntu/.gradle/caches/8.10.2/transforms/81e4360543fbb01d4f7fb470fa49803d/transformed/ideaIU-2025.3/plugins/cwm-plugin/lib/modules/intellij.platform.searchEverywhere.frontend.split.jar
7d97da3b0000-7d97da3c0000 r--s 00000000 fd:01 4392163                    /home/ubuntu/.gradle/caches/8.10.2/transforms/81e4360543fbb01d4f7fb470fa49803d/transformed/ideaIU-2025.3/lib/modules/intellij.spellchecker.xml.jar
7d97da3c0000-7d97da400000 r--s 00000000 fd:01 4392052                    /home/ubuntu/.gradle/caches/8.10.2/transforms/81e4360543fbb01d4f7fb470fa49803d/transformed/ideaIU-2025.3/lib/modules/intellij.platform.trialPromotion.common.jar
7d97da400000-7d97da6a7000 r--s 00000000 fd:01 4392044                    /home/ubuntu/.gradle/caches/8.10.2/transforms/81e4360543fbb01d4f7fb470fa49803d/transformed/ideaIU-2025.3/lib/modules/intellij.libraries.skiko.jar
7d97da6a7000-7d97da6a8000 r--s 00000000 fd:01 4390482                    /home/ubuntu/.gradle/caches/8.10.2/transforms/81e4360543fbb01d4f7fb470fa49803d/transformed/ideaIU-2025.3/plugins/platform-images/lib/modules/intellij.platform.images.xdebugger.jar
7d97da6a8000-7d97da6b1000 r--s 00000000 fd:01 4391523                    /home/ubuntu/.gradle/caches/8.10.2/transforms/81e4360543fbb01d4f7fb470fa49803d/transformed/ideaIU-2025.3/plugins/DatabaseTools/lib/modules/intellij.database.sql.common.core.jar
7d97da6b1000-7d97da6c3000 r--s 00000000 fd:01 4392129                    /home/ubuntu/.gradle/caches/8.10.2/transforms/81e4360543fbb01d4f7fb470fa49803d/transformed/ideaIU-2025.3/lib/modules/intellij.profiler.ultimate.ideaAsyncProfiler.jar
7d97da6c3000-7d97da6fb000 r--s 00000000 fd:01 4392123                    /home/ubuntu/.gradle/caches/8.10.2/transforms/81e4360543fbb01d4f7fb470fa49803d/transformed/ideaIU-2025.3/lib/modules/intellij.platform.tasks.impl.jar
7d97da6fb000-7d97da800000 r--s 00000000 fd:01 4392133                    /home/ubuntu/.gradle/caches/8.10.2/transforms/81e4360543fbb01d4f7fb470fa49803d/transformed/ideaIU-2025.3/lib/modules/intellij.platform.searchEverywhere.jar
7d97da800000-7d97db541000 r--s 00000000 fd:01 4392139                    /home/ubuntu/.gradle/caches/8.10.2/transforms/81e4360543fbb01d4f7fb470fa49803d/transformed/ideaIU-2025.3/lib/modules/intellij.libraries.lucene.common.jar
7d97db541000-7d97db542000 r--s 00000000 fd:01 4390279                    /home/ubuntu/.gradle/caches/8.10.2/transforms/81e4360543fbb01d4f7fb470fa49803d/transformed/ideaIU-2025.3/plugins/javaee-app-servers-impl/lib/javaee-appServers-cloud-rt.jar
7d97db542000-7d97db548000 r--s 00000000 fd:01 4391488                    /home/ubuntu/.gradle/caches/8.10.2/transforms/81e4360543fbb01d4f7fb470fa49803d/transformed/ideaIU-2025.3/plugins/DatabaseTools/lib/maven-resolver-transport-file.jar
7d97db548000-7d97db58f000 r--s 00000000 fd:01 4392064                    /home/ubuntu/.gradle/caches/8.10.2/transforms/81e4360543fbb01d4f7fb470fa49803d/transformed/ideaIU-2025.3/lib/modules/intellij.platform.settings.local.jar
7d97db58f000-7d97db600000 r--s 00000000 fd:01 4392083                    /home/ubuntu/.gradle/caches/8.10.2/transforms/81e4360543fbb01d4f7fb470fa49803d/transformed/ideaIU-2025.3/lib/modules/intellij.platform.scriptDebugger.backend.jar
7d97db600000-7d97dce6e000 r--s 00000000 fd:01 4392105                    /home/ubuntu/.gradle/caches/8.10.2/transforms/81e4360543fbb01d4f7fb470fa49803d/transformed/ideaIU-2025.3/lib/modules/intellij.libraries.grpc.netty.shaded.jar
7d97dce6e000-7d97dce71000 r--s 00000000 fd:01 4391535                    /home/ubuntu/.gradle/caches/8.10.2/transforms/81e4360543fbb01d4f7fb470fa49803d/transformed/ideaIU-2025.3/plugins/DatabaseTools/lib/modules/intellij.database.sql.copyright.jar
7d97dce71000-7d97dce8d000 r--s 00000000 fd:01 4392073                    /home/ubuntu/.gradle/caches/8.10.2/transforms/81e4360543fbb01d4f7fb470fa49803d/transformed/ideaIU-2025.3/lib/modules/intellij.platform.vcs.log.jar
7d97dce8d000-7d97dcea5000 r--s 00000000 fd:01 4392068                    /home/ubuntu/.gradle/caches/8.10.2/transforms/81e4360543fbb01d4f7fb470fa49803d/transformed/ideaIU-2025.3/lib/modules/intellij.platform.vcs.dvcs.impl.shared.jar
7d97dcea5000-7d97dcf05000 r--s 00000000 fd:01 4392145                    /home/ubuntu/.gradle/caches/8.10.2/transforms/81e4360543fbb01d4f7fb470fa49803d/transformed/ideaIU-2025.3/lib/modules/intellij.platform.rpc.backend.jar
7d97dcf05000-7d97dcf83000 r--s 00000000 fd:01 4392119                    /home/ubuntu/.gradle/caches/8.10.2/transforms/81e4360543fbb01d4f7fb470fa49803d/transformed/ideaIU-2025.3/lib/modules/intellij.platform.registry.cloud.jar
7d97dcf83000-7d97dd000000 r--s 00000000 fd:01 4392050                    /home/ubuntu/.gradle/caches/8.10.2/transforms/81e4360543fbb01d4f7fb470fa49803d/transformed/ideaIU-2025.3/lib/modules/intellij.platform.recentFiles.frontend.jar
7d97dd000000-7d97dda34000 r--s 00000000 fd:01 4392051                    /home/ubuntu/.gradle/caches/8.10.2/transforms/81e4360543fbb01d4f7fb470fa49803d/transformed/ideaIU-2025.3/lib/modules/intellij.libraries.grpc.jar
7d97dda34000-7d97dda36000 r--s 00000000 fd:01 4390229                    /home/ubuntu/.gradle/caches/8.10.2/transforms/81e4360543fbb01d4f7fb470fa49803d/transformed/ideaIU-2025.3/plugins/java-ide-customization/lib/java-ide-customization.jar
7d97dda36000-7d97dda45000 r--s 00000000 fd:01 4392138                    /home/ubuntu/.gradle/caches/8.10.2/transforms/81e4360543fbb01d4f7fb470fa49803d/transformed/ideaIU-2025.3/lib/modules/intellij.platform.vcs.dvcs.jar
7d97dda45000-7d97dda65000 r--s 00000000 fd:01 4392172                    /home/ubuntu/.gradle/caches/8.10.2/transforms/81e4360543fbb01d4f7fb470fa49803d/transformed/ideaIU-2025.3/lib/modules/intellij.platform.smRunner.vcs.jar
7d97dda65000-7d97dda80000 r--s 00000000 fd:01 4392072                    /home/ubuntu/.gradle/caches/8.10.2/transforms/81e4360543fbb01d4f7fb470fa49803d/transformed/ideaIU-2025.3/lib/modules/intellij.platform.scriptDebugger.ui.jar
7d97dda80000-7d97ddac3000 r--s 00000000 fd:01 4392076                    /home/ubuntu/.gradle/caches/8.10.2/transforms/81e4360543fbb01d4f7fb470fa49803d/transformed/ideaIU-2025.3/lib/modules/intellij.platform.recentFiles.backend.jar
7d97ddac3000-7d97ddafa000 r--s 00000000 fd:01 4392137                    /home/ubuntu/.gradle/caches/8.10.2/transforms/81e4360543fbb01d4f7fb470fa49803d/transformed/ideaIU-2025.3/lib/modules/intellij.platform.recentFiles.jar
7d97ddafa000-7d97ddb37000 r--s 00000000 fd:01 4392162                    /home/ubuntu/.gradle/caches/8.10.2/transforms/81e4360543fbb01d4f7fb470fa49803d/transformed/ideaIU-2025.3/lib/modules/intellij.platform.pluginManager.frontend.jar
7d97ddb37000-7d97ddc00000 r--s 00000000 fd:01 4392099                    /home/ubuntu/.gradle/caches/8.10.2/transforms/81e4360543fbb01d4f7fb470fa49803d/transformed/ideaIU-2025.3/lib/modules/intellij.platform.ml.impl.jar
7d97ddc00000-7d97de2a3000 r--s 00000000 fd:01 4392166                    /home/ubuntu/.gradle/caches/8.10.2/transforms/81e4360543fbb01d4f7fb470fa49803d/transformed/ideaIU-2025.3/lib/modules/intellij.libraries.compose.runtime.desktop.jar
7d97de2a3000-7d97de400000 r--s 00000000 fd:01 4392117                    /home/ubuntu/.gradle/caches/8.10.2/transforms/81e4360543fbb01d4f7fb470fa49803d/transformed/ideaIU-2025.3/lib/modules/intellij.platform.lvcs.impl.jar
7d97de400000-7d97dfd18000 r--s 00000000 fd:01 4392151                    /home/ubuntu/.gradle/caches/8.10.2/transforms/81e4360543fbb01d4f7fb470fa49803d/transformed/ideaIU-2025.3/lib/modules/intellij.libraries.compose.foundation.desktop.jar
7d97dfd18000-7d97dfd1f000 r--s 00000000 fd:01 4390575                    /home/ubuntu/.gradle/caches/8.10.2/transforms/81e4360543fbb01d4f7fb470fa49803d/transformed/ideaIU-2025.3/plugins/compose-ide-plugin/lib/modules/intellij.compose.ide.plugin.gradleTooling.rt.jar
7d97dfd1f000-7d97dfd2f000 r--s 00000000 fd:01 4392103                    /home/ubuntu/.gradle/caches/8.10.2/transforms/81e4360543fbb01d4f7fb470fa49803d/transformed/ideaIU-2025.3/lib/modules/intellij.platform.tasks.jar
7d97dfd2f000-7d97dfd3f000 r--s 00000000 fd:01 4392176                    /home/ubuntu/.gradle/caches/8.10.2/transforms/81e4360543fbb01d4f7fb470fa49803d/transformed/ideaIU-2025.3/lib/modules/intellij.platform.scriptDebugger.protocolReaderRuntime.jar
7d97dfd3f000-7d97dfd4e000 r--s 00000000 fd:01 4392038                    /home/ubuntu/.gradle/caches/8.10.2/transforms/81e4360543fbb01d4f7fb470fa49803d/transformed/ideaIU-2025.3/lib/modules/intellij.platform.scopes.backend.jar
7d97dfd4e000-7d97dfe00000 r--s 00000000 fd:01 4392159                    /home/ubuntu/.gradle/caches/8.10.2/transforms/81e4360543fbb01d4f7fb470fa49803d/transformed/ideaIU-2025.3/lib/modules/intellij.platform.langInjection.jar
7d97dfe00000-7d97e2e22000 r--s 00000000 fd:01 4392067                    /home/ubuntu/.gradle/caches/8.10.2/transforms/81e4360543fbb01d4f7fb470fa49803d/transformed/ideaIU-2025.3/lib/modules/intellij.idea.ultimate.customizationTrial.jar
7d97e2e22000-7d97e2e24000 r--s 00000000 fd:01 4390819                    /home/ubuntu/.gradle/caches/8.10.2/transforms/81e4360543fbb01d4f7fb470fa49803d/transformed/ideaIU-2025.3/plugins/java/lib/modules/intellij.java.debugger.impl.frontend.jar
7d97e2e24000-7d97e2e27000 r--s 00000000 fd:01 4391492                    /home/ubuntu/.gradle/caches/8.10.2/transforms/81e4360543fbb01d4f7fb470fa49803d/transformed/ideaIU-2025.3/plugins/DatabaseTools/lib/modules/intellij.database.trialPromotion.idesWithFreeTier.jar
7d97e2e27000-7d97e2e2e000 r--s 00000000 fd:01 4389490                    /home/ubuntu/.gradle/caches/8.10.2/transforms/81e4360543fbb01d4f7fb470fa49803d/transformed/ideaIU-2025.3/plugins/javascript-debugger/lib/modules/intellij.javascript.debugger.webstorm.specific.jar
7d97e2e2e000-7d97e2eb8000 r--s 00000000 fd:01 4392042                    /home/ubuntu/.gradle/caches/8.10.2/transforms/81e4360543fbb01d4f7fb470fa49803d/transformed/ideaIU-2025.3/lib/modules/intellij.platform.navbar.frontend.jar
7d97e2eb8000-7d97e3000000 r--s 00000000 fd:01 4392120                    /home/ubuntu/.gradle/caches/8.10.2/transforms/81e4360543fbb01d4f7fb470fa49803d/transformed/ideaIU-2025.3/lib/modules/intellij.platform.jewel.markdown.core.jar
7d97e3000000-7d97e4cd3000 r--s 00000000 fd:01 4392126                    /home/ubuntu/.gradle/caches/8.10.2/transforms/81e4360543fbb01d4f7fb470fa49803d/transformed/ideaIU-2025.3/lib/modules/intellij.ide.startup.importSettings.jar
7d97e4cd3000-7d97e4cd5000 r--s 00000000 fd:01 4390616                    /home/ubuntu/.gradle/caches/8.10.2/transforms/81e4360543fbb01d4f7fb470fa49803d/transformed/ideaIU-2025.3/plugins/freemarker/lib/modules/intellij.freemarker.spring.jar
7d97e4cd5000-7d97e4cd8000 r--s 00000000 fd:01 4391503                    /home/ubuntu/.gradle/caches/8.10.2/transforms/81e4360543fbb01d4f7fb470fa49803d/transformed/ideaIU-2025.3/plugins/DatabaseTools/lib/modules/intellij.database.dialects.redis.backend.jar
7d97e4cd8000-7d97e4cdc000 r--s 00000000 fd:01 4389842                    /home/ubuntu/.gradle/caches/8.10.2/transforms/81e4360543fbb01d4f7fb470fa49803d/transformed/ideaIU-2025.3/plugins/javascript-plugin/lib/modules/intellij.javascript.frontend.jar
7d97e4cdc000-7d97e4ceb000 r--s 00000000 fd:01 4392088                    /home/ubuntu/.gradle/caches/8.10.2/transforms/81e4360543fbb01d4f7fb470fa49803d/transformed/ideaIU-2025.3/lib/modules/intellij.platform.rpc.topics.frontend.jar
7d97e4ceb000-7d97e4d11000 r--s 00000000 fd:01 4392087                    /home/ubuntu/.gradle/caches/8.10.2/transforms/81e4360543fbb01d4f7fb470fa49803d/transformed/ideaIU-2025.3/lib/modules/intellij.platform.pluginManager.backend.jar
7d97e4d11000-7d97e4e00000 r--s 00000000 fd:01 4392071                    /home/ubuntu/.gradle/caches/8.10.2/transforms/81e4360543fbb01d4f7fb470fa49803d/transformed/ideaIU-2025.3/lib/modules/intellij.platform.jewel.foundation.jar
7d97e4e00000-7d97e5275000 r--s 00000000 fd:01 4392106                    /home/ubuntu/.gradle/caches/8.10.2/transforms/81e4360543fbb01d4f7fb470fa49803d/transformed/ideaIU-2025.3/lib/modules/intellij.grid.impl.jar
7d97e5275000-7d97e5278000 r--s 00000000 fd:01 4391528                    /home/ubuntu/.gradle/caches/8.10.2/transforms/81e4360543fbb01d4f7fb470fa49803d/transformed/ideaIU-2025.3/plugins/DatabaseTools/lib/modules/intellij.database.jdbcConsole.shim.jar
7d97e5278000-7d97e527d000 r--s 00000000 fd:01 4391409                    /home/ubuntu/.gradle/caches/8.10.2/transforms/81e4360543fbb01d4f7fb470fa49803d/transformed/ideaIU-2025.3/plugins/vcs-git/lib/git4idea-rt.jar
7d97e527d000-7d97e5297000 r--s 00000000 fd:01 4392091                    /home/ubuntu/.gradle/caches/8.10.2/transforms/81e4360543fbb01d4f7fb470fa49803d/transformed/ideaIU-2025.3/lib/modules/intellij.platform.pluginManager.shared.jar
7d97e5297000-7d97e52bc000 r--s 00000000 fd:01 4392074                    /home/ubuntu/.gradle/caches/8.10.2/transforms/81e4360543fbb01d4f7fb470fa49803d/transformed/ideaIU-2025.3/lib/modules/intellij.platform.navbar.backend.jar
7d97e52bc000-7d97e5400000 r--s 00000000 fd:01 4392100                    /home/ubuntu/.gradle/caches/8.10.2/transforms/81e4360543fbb01d4f7fb470fa49803d/transformed/ideaIU-2025.3/lib/modules/intellij.platform.ide.newUsersOnboarding.jar
7d97e5400000-7d97e5e0c000 r--s 00000000 fd:01 4392045                    /home/ubuntu/.gradle/caches/8.10.2/transforms/81e4360543fbb01d4f7fb470fa49803d/transformed/ideaIU-2025.3/lib/modules/intellij.emojipicker.jar
7d97e5e0c000-7d97e5e0d000 r--s 00000000 fd:01 4389273                    /home/ubuntu/.gradle/caches/8.10.2/transforms/81e4360543fbb01d4f7fb470fa49803d/transformed/ideaIU-2025.3/plugins/JavaEE/lib/modules/intellij.javaee.langInjection.jar
7d97e5e0d000-7d97e5e1f000 r--s 00000000 fd:01 4392056                    /home/ubuntu/.gradle/caches/8.10.2/transforms/81e4360543fbb01d4f7fb470fa49803d/transformed/ideaIU-2025.3/lib/modules/intellij.platform.project.backend.jar
7d97e5e1f000-7d97e5e38000 r--s 00000000 fd:01 4392179                    /home/ubuntu/.gradle/caches/8.10.2/transforms/81e4360543fbb01d4f7fb470fa49803d/transformed/ideaIU-2025.3/lib/modules/intellij.platform.langInjection.backend.jar
7d97e5e38000-7d97e5e5c000 r--s 00000000 fd:01 4392168                    /home/ubuntu/.gradle/caches/8.10.2/transforms/81e4360543fbb01d4f7fb470fa49803d/transformed/ideaIU-2025.3/lib/modules/intellij.platform.jewel.markdown.ideLafBridgeStyling.jar
7d97e5e5c000-7d97e5efa000 r--s 00000000 fd:01 4392131                    /home/ubuntu/.gradle/caches/8.10.2/transforms/81e4360543fbb01d4f7fb470fa49803d/transformed/ideaIU-2025.3/lib/modules/intellij.platform.jewel.ideLafBridge.jar
7d97e5efa000-7d97e6000000 r--s 00000000 fd:01 4392153                    /home/ubuntu/.gradle/caches/8.10.2/transforms/81e4360543fbb01d4f7fb470fa49803d/transformed/ideaIU-2025.3/lib/modules/intellij.platform.execution.dashboard.jar
7d97e6000000-7d97e7f27000 r--s 00000000 fd:01 4392062                    /home/ubuntu/.gradle/caches/8.10.2/transforms/81e4360543fbb01d4f7fb470fa49803d/transformed/ideaIU-2025.3/lib/modules/intellij.charts.jar
7d97e7f27000-7d97e7f28000 r--s 00000000 fd:01 4390814                    /home/ubuntu/.gradle/caches/8.10.2/transforms/81e4360543fbb01d4f7fb470fa49803d/transformed/ideaIU-2025.3/plugins/java/lib/jps-launcher.jar
7d97e7f28000-7d97e7f29000 r--s 00000000 fd:01 4391531                    /home/ubuntu/.gradle/caches/8.10.2/transforms/81e4360543fbb01d4f7fb470fa49803d/transformed/ideaIU-2025.3/plugins/DatabaseTools/lib/modules/intellij.database.dialects.mssql.impl.jar
7d97e7f29000-7d97e8000000 r--s 00000000 fd:01 4392132                    /home/ubuntu/.gradle/caches/8.10.2/transforms/81e4360543fbb01d4f7fb470fa49803d/transformed/ideaIU-2025.3/lib/modules/intellij.platform.execution.serviceView.jar
7d97e8000000-7d97e8021000 rw-p 00000000 00:00 0 
7d97e8021000-7d97ec000000 ---p 00000000 00:00 0 
7d97ec000000-7d97ec003000 r--s 00000000 fd:01 4391499                    /home/ubuntu/.gradle/caches/8.10.2/transforms/81e4360543fbb01d4f7fb470fa49803d/transformed/ideaIU-2025.3/plugins/DatabaseTools/lib/modules/intellij.database.dialects.sybase.ex.jar
7d97ec003000-7d97ec008000 r--s 00000000 fd:01 4390566                    /home/ubuntu/.gradle/caches/8.10.2/transforms/81e4360543fbb01d4f7fb470fa49803d/transformed/ideaIU-2025.3/plugins/clouds-docker-impl/lib/modules/intellij.clouds.docker.file.frontend.split.jar
7d97ec008000-7d97ec1d5000 r--s 00000000 fd:01 4392142                    /home/ubuntu/.gradle/caches/8.10.2/transforms/81e4360543fbb01d4f7fb470fa49803d/transformed/ideaIU-2025.3/lib/modules/intellij.platform.debugger.impl.frontend.jar
7d97ec1d5000-7d97ec2d3000 r--s 00000000 fd:01 4392125                    /home/ubuntu/.gradle/caches/8.10.2/transforms/81e4360543fbb01d4f7fb470fa49803d/transformed/ideaIU-2025.3/lib/modules/intellij.platform.debugger.impl.backend.jar
7d97ec2d3000-7d97ec400000 r--s 00000000 fd:01 4392146                    /home/ubuntu/.gradle/caches/8.10.2/transforms/81e4360543fbb01d4f7fb470fa49803d/transformed/ideaIU-2025.3/lib/modules/intellij.platform.dap.jar
7d97ec400000-7d97ec610000 r--s 00000000 fd:01 4392175                    /home/ubuntu/.gradle/caches/8.10.2/transforms/81e4360543fbb01d4f7fb470fa49803d/transformed/ideaIU-2025.3/lib/modules/intellij.libraries.coil.jar
7d97ec610000-7d97ec611000 r--s 00000000 fd:01 4391538                    /home/ubuntu/.gradle/caches/8.10.2/transforms/81e4360543fbb01d4f7fb470fa49803d/transformed/ideaIU-2025.3/plugins/DatabaseTools/lib/modules/intellij.database.dialects.mysqlbase.impl.jar
7d97ec611000-7d97ec612000 r--s 00000000 fd:01 4391529                    /home/ubuntu/.gradle/caches/8.10.2/transforms/81e4360543fbb01d4f7fb470fa49803d/transformed/ideaIU-2025.3/plugins/DatabaseTools/lib/modules/intellij.database.sql.frontend.core.jar
7d97ec612000-7d97ec61d000 r--s 00000000 fd:01 4392143                    /home/ubuntu/.gradle/caches/8.10.2/transforms/81e4360543fbb01d4f7fb470fa49803d/transformed/ideaIU-2025.3/lib/modules/intellij.platform.vcs.log.graph.jar
7d97ec61d000-7d97ec646000 r--s 00000000 fd:01 4392154                    /home/ubuntu/.gradle/caches/8.10.2/transforms/81e4360543fbb01d4f7fb470fa49803d/transformed/ideaIU-2025.3/lib/modules/intellij.platform.jewel.markdown.extensions.gfmTables.jar
7d97ec646000-7d97ec800000 r--s 00000000 fd:01 4392057                    /home/ubuntu/.gradle/caches/8.10.2/transforms/81e4360543fbb01d4f7fb470fa49803d/transformed/ideaIU-2025.3/lib/modules/intellij.grid.core.impl.jar
7d97ec800000-7d97eca57000 r--s 00000000 fd:01 4392017                    /home/ubuntu/.gradle/caches/8.10.2/transforms/81e4360543fbb01d4f7fb470fa49803d/transformed/ideaIU-2025.3/lib/stats.jar
7d97eca57000-7d97eca60000 r--s 00000000 fd:01 4390570                    /home/ubuntu/.gradle/caches/8.10.2/transforms/81e4360543fbb01d4f7fb470fa49803d/transformed/ideaIU-2025.3/plugins/clouds-docker-impl/lib/modules/intellij.clouds.docker.frontend.jar
7d97eca60000-7d97eca65000 r--s 00000000 fd:01 4392147                    /home/ubuntu/.gradle/caches/8.10.2/transforms/81e4360543fbb01d4f7fb470fa49803d/transformed/ideaIU-2025.3/lib/modules/intellij.platform.navbar.monolith.jar
7d97eca65000-7d97eca6f000 r--s 00000000 fd:01 4392035                    /home/ubuntu/.gradle/caches/8.10.2/transforms/81e4360543fbb01d4f7fb470fa49803d/transformed/ideaIU-2025.3/lib/modules/intellij.platform.managed.cache.backend.jar
7d97eca6f000-7d97eca96000 r--s 00000000 fd:01 4392048                    /home/ubuntu/.gradle/caches/8.10.2/transforms/81e4360543fbb01d4f7fb470fa49803d/transformed/ideaIU-2025.3/lib/modules/intellij.platform.jewel.markdown.extensions.gfmAlerts.jar
7d97eca96000-7d97ecaf4000 r--s 00000000 fd:01 4392030                    /home/ubuntu/.gradle/caches/8.10.2/transforms/81e4360543fbb01d4f7fb470fa49803d/transformed/ideaIU-2025.3/lib/modules/intellij.platform.inspect.jar
7d97ecaf4000-7d97ecc00000 r--s 00000000 fd:01 4392033                    /home/ubuntu/.gradle/caches/8.10.2/transforms/81e4360543fbb01d4f7fb470fa49803d/transformed/ideaIU-2025.3/lib/modules/intellij.platform.coverage.agent.jar
7d97ecc00000-7d97ece86000 r--s 00000000 fd:01 4392187                    /home/ubuntu/.gradle/caches/8.10.2/transforms/81e4360543fbb01d4f7fb470fa49803d/transformed/ideaIU-2025.3/lib/rhino.jar
7d97ece86000-7d97ece87000 r--s 00000000 fd:01 4391509                    /home/ubuntu/.gradle/caches/8.10.2/transforms/81e4360543fbb01d4f7fb470fa49803d/transformed/ideaIU-2025.3/plugins/DatabaseTools/lib/modules/intellij.database.backend.split.jar
7d97ece87000-7d97ece9c000 r--s 00000000 fd:01 4392171                    /home/ubuntu/.gradle/caches/8.10.2/transforms/81e4360543fbb01d4f7fb470fa49803d/transformed/ideaIU-2025.3/lib/modules/intellij.platform.kernel.backend.jar
7d97ece9c000-7d97eceab000 r--s 00000000 fd:01 4392065                    /home/ubuntu/.gradle/caches/8.10.2/transforms/81e4360543fbb01d4f7fb470fa49803d/transformed/ideaIU-2025.3/lib/modules/intellij.platform.jewel.markdown.extensions.gfmStrikethrough.jar
7d97eceab000-7d97ecedc000 r--s 00000000 fd:01 4392167                    /home/ubuntu/.gradle/caches/8.10.2/transforms/81e4360543fbb01d4f7fb470fa49803d/transformed/ideaIU-2025.3/lib/modules/intellij.platform.inline.completion.jar
7d97ecedc000-7d97ecf05000 r--s 00000000 fd:01 4392174                    /home/ubuntu/.gradle/caches/8.10.2/transforms/81e4360543fbb01d4f7fb470fa49803d/transformed/ideaIU-2025.3/lib/modules/intellij.platform.ide.impl.wsl.jar
7d97ecf05000-7d97ecf21000 r--s 00000000 fd:01 4392080                    /home/ubuntu/.gradle/caches/8.10.2/transforms/81e4360543fbb01d4f7fb470fa49803d/transformed/ideaIU-2025.3/lib/modules/intellij.platform.execution.impl.frontend.jar
7d97ecf21000-7d97ecf41000 r--s 00000000 fd:01 4392058                    /home/ubuntu/.gradle/caches/8.10.2/transforms/81e4360543fbb01d4f7fb470fa49803d/transformed/ideaIU-2025.3/lib/modules/intellij.platform.execution.dashboard.backend.jar
7d97ecf41000-7d97ed000000 r--s 00000000 fd:01 4392075                    /home/ubuntu/.gradle/caches/8.10.2/transforms/81e4360543fbb01d4f7fb470fa49803d/transformed/ideaIU-2025.3/lib/modules/intellij.platform.coverage.jar
7d97ed000000-7d97ed546000 r--s 00000000 fd:01 4391908                    /home/ubuntu/.gradle/caches/8.10.2/transforms/81e4360543fbb01d4f7fb470fa49803d/transformed/ideaIU-2025.3/lib/rd.jar
7d97ed546000-7d97ed547000 r--s 00000000 fd:01 4391446                    /home/ubuntu/.gradle/caches/8.10.2/transforms/81e4360543fbb01d4f7fb470fa49803d/transformed/ideaIU-2025.3/plugins/css-plugin/lib/modules/intellij.css.frontend.split.jar
7d97ed547000-7d97ed54a000 r--s 00000000 fd:01 4392047                    /home/ubuntu/.gradle/caches/8.10.2/transforms/81e4360543fbb01d4f7fb470fa49803d/transformed/ideaIU-2025.3/lib/modules/intellij.xml.langInjection.xpath.jar
7d97ed54a000-7d97ed560000 r--s 00000000 fd:01 4392157                    /home/ubuntu/.gradle/caches/8.10.2/transforms/81e4360543fbb01d4f7fb470fa49803d/transformed/ideaIU-2025.3/lib/modules/intellij.platform.identifiers.highlighting.shared.jar
7d97ed560000-7d97ed600000 r--s 00000000 fd:01 4392086                    /home/ubuntu/.gradle/caches/8.10.2/transforms/81e4360543fbb01d4f7fb470fa49803d/transformed/ideaIU-2025.3/lib/modules/intellij.libraries.kotlinx.document.store.mvstore.jar
7d97ed600000-7d97edacb000 r--s 00000000 fd:01 4392183                    /home/ubuntu/.gradle/caches/8.10.2/transforms/81e4360543fbb01d4f7fb470fa49803d/transformed/ideaIU-2025.3/lib/protobuf.jar
7d97edacb000-7d97edacd000 r--s 00000000 fd:01 4391445                    /home/ubuntu/.gradle/caches/8.10.2/transforms/81e4360543fbb01d4f7fb470fa49803d/transformed/ideaIU-2025.3/plugins/css-plugin/lib/modules/intellij.css.copyright.jar
7d97edacd000-7d97edae3000 r--s 00000000 fd:01 4392111                    /home/ubuntu/.gradle/caches/8.10.2/transforms/81e4360543fbb01d4f7fb470fa49803d/transformed/ideaIU-2025.3/lib/modules/intellij.platform.execution.impl.backend.jar
7d97edae3000-7d97edb19000 r--s 00000000 fd:01 4392104                    /home/ubuntu/.gradle/caches/8.10.2/transforms/81e4360543fbb01d4f7fb470fa49803d/transformed/ideaIU-2025.3/lib/modules/intellij.libraries.xml.rpc.jar
7d97edb19000-7d97edb41000 r--s 00000000 fd:01 4392084                    /home/ubuntu/.gradle/caches/8.10.2/transforms/81e4360543fbb01d4f7fb470fa49803d/transformed/ideaIU-2025.3/lib/modules/intellij.libraries.microba.jar
7d97edb41000-7d97edbc8000 r--s 00000000 fd:01 4392037                    /home/ubuntu/.gradle/caches/8.10.2/transforms/81e4360543fbb01d4f7fb470fa49803d/transformed/ideaIU-2025.3/lib/modules/intellij.libraries.commons.text.jar
7d97edbc8000-7d97edc00000 r--s 00000000 fd:01 4392165                    /home/ubuntu/.gradle/caches/8.10.2/transforms/81e4360543fbb01d4f7fb470fa49803d/transformed/ideaIU-2025.3/lib/modules/intellij.grid.csv.core.impl.jar
7d97edc00000-7d97ede97000 r--s 00000000 fd:01 4392010                    /home/ubuntu/.gradle/caches/8.10.2/transforms/81e4360543fbb01d4f7fb470fa49803d/transformed/ideaIU-2025.3/lib/product.jar
7d97ede97000-7d97edea5000 r--s 00000000 fd:01 4392173                    /home/ubuntu/.gradle/caches/8.10.2/transforms/81e4360543fbb01d4f7fb470fa49803d/transformed/ideaIU-2025.3/lib/modules/intellij.platform.jewel.markdown.extensions.autolink.jar
7d97edea5000-7d97edf77000 r--s 00000000 fd:01 4392170                    /home/ubuntu/.gradle/caches/8.10.2/transforms/81e4360543fbb01d4f7fb470fa49803d/transformed/ideaIU-2025.3/lib/modules/intellij.execution.process.mediator.common.jar
7d97edf77000-7d97ee000000 r--s 00000000 fd:01 4392161                    /home/ubuntu/.gradle/caches/8.10.2/transforms/81e4360543fbb01d4f7fb470fa49803d/transformed/ideaIU-2025.3/lib/modules/intellij.execution.process.mediator.client.jar
7d97ee000000-7d97ee28c000 r--s 00000000 fd:01 4392192                    /home/ubuntu/.gradle/caches/8.10.2/transforms/81e4360543fbb01d4f7fb470fa49803d/transformed/ideaIU-2025.3/lib/opentelemetry.jar
7d97ee28c000-7d97ee293000 r--s 00000000 fd:01 4392113                    /home/ubuntu/.gradle/caches/8.10.2/transforms/81e4360543fbb01d4f7fb470fa49803d/transformed/ideaIU-2025.3/lib/modules/intellij.platform.navbar.jar
7d97ee293000-7d97ee2af000 r--s 00000000 fd:01 4392169                    /home/ubuntu/.gradle/caches/8.10.2/transforms/81e4360543fbb01d4f7fb470fa49803d/transformed/ideaIU-2025.3/lib/modules/intellij.platform.diagnostic.freezes.jar
7d97ee2af000-7d97ee2fa000 r--s 00000000 fd:01 4392077                    /home/ubuntu/.gradle/caches/8.10.2/transforms/81e4360543fbb01d4f7fb470fa49803d/transformed/ideaIU-2025.3/lib/modules/intellij.execution.process.mediator.daemon.jar
7d97ee2fa000-7d97ee400000 r--s 00000000 fd:01 4392177                    /home/ubuntu/.gradle/caches/8.10.2/transforms/81e4360543fbb01d4f7fb470fa49803d/transformed/ideaIU-2025.3/lib/modules/intellij.debugger.streams.core.jar
7d97ee400000-7d97ef7df000 r--s 00000000 fd:01 4391943                    /home/ubuntu/.gradle/caches/8.10.2/transforms/81e4360543fbb01d4f7fb470fa49803d/transformed/ideaIU-2025.3/lib/module-intellij.xml.psi.impl.jar
7d97ef7df000-7d97ef7e1000 r--s 00000000 fd:01 4391442                    /home/ubuntu/.gradle/caches/8.10.2/transforms/81e4360543fbb01d4f7fb470fa49803d/transformed/ideaIU-2025.3/plugins/css-plugin/lib/modules/intellij.css.watcher.jar
7d97ef7e1000-7d97ef800000 r--s 00000000 fd:01 4392069                    /home/ubuntu/.gradle/caches/8.10.2/transforms/81e4360543fbb01d4f7fb470fa49803d/transformed/ideaIU-2025.3/lib/modules/intellij.platform.buildView.frontend.jar
7d97ef800000-7d97efa87000 r--s 00000000 fd:01 4391964                    /home/ubuntu/.gradle/caches/8.10.2/transforms/81e4360543fbb01d4f7fb470fa49803d/transformed/ideaIU-2025.3/lib/module-intellij.xml.impl.jar
7d97efa87000-7d97efa8e000 r--s 00000000 fd:01 4392043                    /home/ubuntu/.gradle/caches/8.10.2/transforms/81e4360543fbb01d4f7fb470fa49803d/transformed/ideaIU-2025.3/lib/modules/intellij.platform.jewel.markdown.extensions.images.jar
7d97efa8e000-7d97efaa0000 r--s 00000000 fd:01 4392090                    /home/ubuntu/.gradle/caches/8.10.2/transforms/81e4360543fbb01d4f7fb470fa49803d/transformed/ideaIU-2025.3/lib/modules/intellij.platform.compose.jar
7d97efaa0000-7d97efad3000 r--s 00000000 fd:01 2850864                    /home/ubuntu/.gradle/caches/modules-2/files-2.1/org.junit.platform/junit-platform-engine/1.10.2/d53bb4e0ce7f211a498705783440614bfaf0df2e/junit-platform-engine-1.10.2.jar
7d97efad3000-7d97efb00000 r--s 00000000 fd:01 2850863                    /home/ubuntu/.gradle/caches/modules-2/files-2.1/org.junit.platform/junit-platform-launcher/1.10.2/8125dd29e847ca274dd1a7a9ca54859acc284cb3/junit-platform-launcher-1.10.2.jar
7d97efb00000-7d97efb34000 r--s 00000000 fd:01 2850838                    /home/ubuntu/.gradle/caches/modules-2/files-2.1/org.junit.jupiter/junit-jupiter-api/5.10.2/fb55d6e2bce173f35fd28422e7975539621055ef/junit-jupiter-api-5.10.2.jar
7d97efb34000-7d97efb70000 r--s 00000000 fd:01 2850866                    /home/ubuntu/.gradle/caches/modules-2/files-2.1/org.junit.jupiter/junit-jupiter-engine/5.10.2/f1f8fe97bd58e85569205f071274d459c2c4f8cd/junit-jupiter-engine-5.10.2.jar
7d97efb70000-7d97efc00000 r--s 00000000 fd:01 2850839                    /home/ubuntu/.gradle/caches/modules-2/files-2.1/org.junit.jupiter/junit-jupiter-params/5.10.2/359132c82a9d3fa87a325db6edd33b5fdc67a3d8/junit-jupiter-params-5.10.2.jar
7d97efc00000-7d97efefa000 r--s 00000000 fd:01 4391974                    /home/ubuntu/.gradle/caches/8.10.2/transforms/81e4360543fbb01d4f7fb470fa49803d/transformed/ideaIU-2025.3/lib/module-intellij.platform.polySymbols.jar
7d97efefa000-7d97efefb000 r--s 00000000 fd:01 4390219                    /home/ubuntu/.gradle/caches/8.10.2/transforms/81e4360543fbb01d4f7fb470fa49803d/transformed/ideaIU-2025.3/plugins/android-gradle-declarative-lang-ide/lib/android-gradle-declarative-lang-ide-frontend.jar
7d97efefb000-7d97eff0c000 r--s 00000000 fd:01 4392109                    /home/ubuntu/.gradle/caches/8.10.2/transforms/81e4360543fbb01d4f7fb470fa49803d/transformed/ideaIU-2025.3/lib/modules/intellij.platform.collaborationTools.auth.base.jar
7d97eff0c000-7d97eff26000 r--s 00000000 fd:01 2850843                    /home/ubuntu/.gradle/caches/modules-2/files-2.1/org.junit.platform/junit-platform-commons/1.10.2/3197154a1f0c88da46c47a9ca27611ac7ec5d797/junit-platform-commons-1.10.2.jar
7d97eff26000-7d97eff6f000 r--s 00000000 fd:01 2850740                    /home/ubuntu/.gradle/caches/modules-2/files-2.1/com.google.code.gson/gson/2.11.0/527175ca6d81050b53bdd4c457a6d6e017626b0e/gson-2.11.0.jar
7d97eff6f000-7d97effc2000 r--s 00000000 fd:01 4391906                    /home/ubuntu/.gradle/caches/8.10.2/transforms/81e4360543fbb01d4f7fb470fa49803d/transformed/ideaIU-2025.3/lib/util_rt.jar
7d97effc2000-7d97f0000000 r--s 00000000 fd:01 4391956                    /home/ubuntu/.gradle/caches/8.10.2/transforms/81e4360543fbb01d4f7fb470fa49803d/transformed/ideaIU-2025.3/lib/trove.jar
7d97f0000000-7d97f0021000 rw-p 00000000 00:00 0 
7d97f0021000-7d97f4000000 ---p 00000000 00:00 0 
7d97f4000000-7d97f4001000 r--s 00000000 fd:01 4389494                    /home/ubuntu/.gradle/caches/8.10.2/transforms/81e4360543fbb01d4f7fb470fa49803d/transformed/ideaIU-2025.3/plugins/javascript-debugger/lib/modules/intellij.javascript.debugger.coverage.jar
7d97f4001000-7d97f407f000 r--s 00000000 fd:01 4392020                    /home/ubuntu/.gradle/caches/8.10.2/transforms/81e4360543fbb01d4f7fb470fa49803d/transformed/ideaIU-2025.3/lib/module-intellij.xml.ui.common.jar
7d97f407f000-7d97f414c000 r--s 00000000 fd:01 4391989                    /home/ubuntu/.gradle/caches/8.10.2/transforms/81e4360543fbb01d4f7fb470fa49803d/transformed/ideaIU-2025.3/lib/module-intellij.xml.dom.jar
7d97f414c000-7d97f424a000 r--s 00000000 fd:01 4392196                    /home/ubuntu/.gradle/caches/8.10.2/transforms/81e4360543fbb01d4f7fb470fa49803d/transformed/ideaIU-2025.3/lib/module-intellij.xml.dom.impl.jar
7d97f424a000-7d97f433f000 r--s 00000000 fd:01 4392005                    /home/ubuntu/.gradle/caches/8.10.2/transforms/81e4360543fbb01d4f7fb470fa49803d/transformed/ideaIU-2025.3/lib/module-intellij.xml.analysis.impl.jar
7d97f433f000-7d97f440c000 r--s 00000000 fd:01 4391993                    /home/ubuntu/.gradle/caches/8.10.2/transforms/81e4360543fbb01d4f7fb470fa49803d/transformed/ideaIU-2025.3/lib/module-intellij.regexp.jar
7d97f440c000-7d97f44f9000 r--s 00000000 fd:01 4392003                    /home/ubuntu/.gradle/caches/8.10.2/transforms/81e4360543fbb01d4f7fb470fa49803d/transformed/ideaIU-2025.3/lib/module-intellij.platform.vcs.jar
7d97f44f9000-7d97f4600000 r--s 00000000 fd:01 4391961                    /home/ubuntu/.gradle/caches/8.10.2/transforms/81e4360543fbb01d4f7fb470fa49803d/transformed/ideaIU-2025.3/lib/module-intellij.platform.eel.impl.jar
7d97f4600000-7d97f4813000 r--s 00000000 fd:01 4391922                    /home/ubuntu/.gradle/caches/8.10.2/transforms/81e4360543fbb01d4f7fb470fa49803d/transformed/ideaIU-2025.3/lib/module-intellij.platform.debugger.impl.rpc.jar
7d97f4813000-7d97f482a000 r--s 00000000 fd:01 4392144                    /home/ubuntu/.gradle/caches/8.10.2/transforms/81e4360543fbb01d4f7fb470fa49803d/transformed/ideaIU-2025.3/lib/modules/intellij.execution.process.elevation.jar
7d97f482a000-7d97f488f000 r--s 00000000 fd:01 4391978                    /home/ubuntu/.gradle/caches/8.10.2/transforms/81e4360543fbb01d4f7fb470fa49803d/transformed/ideaIU-2025.3/lib/module-intellij.xml.parser.jar
7d97f488f000-7d97f4890000 ---p 00000000 00:00 0 
7d97f4890000-7d97f4990000 rw-p 00000000 00:00 0 
7d97f4990000-7d97f4991000 ---p 00000000 00:00 0 
7d97f4991000-7d97f4a91000 rw-p 00000000 00:00 0 
7d97f4a91000-7d97f4c00000 r--s 00000000 fd:01 4391945                    /home/ubuntu/.gradle/caches/8.10.2/transforms/81e4360543fbb01d4f7fb470fa49803d/transformed/ideaIU-2025.3/lib/module-intellij.libraries.xstream.jar
7d97f4c00000-7d97f4f18000 r--s 00000000 fd:01 4392197                    /home/ubuntu/.gradle/caches/8.10.2/transforms/81e4360543fbb01d4f7fb470fa49803d/transformed/ideaIU-2025.3/lib/module-intellij.libraries.xerces.jar
7d97f4f18000-7d97f4f1a000 r--s 00000000 fd:01 4389149                    /home/ubuntu/.gradle/caches/8.10.2/transforms/81e4360543fbb01d4f7fb470fa49803d/transformed/ideaIU-2025.3/plugins/java-coverage/lib/java-coverage-rt.jar
7d97f4f1a000-7d97f4f20000 r--s 00000000 fd:01 4392141                    /home/ubuntu/.gradle/caches/8.10.2/transforms/81e4360543fbb01d4f7fb470fa49803d/transformed/ideaIU-2025.3/lib/modules/intellij.platform.identifiers.highlighting.backend.jar
7d97f4f20000-7d97f4f4f000 r--s 00000000 fd:01 4392200                    /home/ubuntu/.gradle/caches/8.10.2/transforms/81e4360543fbb01d4f7fb470fa49803d/transformed/ideaIU-2025.3/lib/module-intellij.xml.psi.jar
7d97f4f4f000-7d97f4faa000 r--s 00000000 fd:01 4391913                    /home/ubuntu/.gradle/caches/8.10.2/transforms/81e4360543fbb01d4f7fb470fa49803d/transformed/ideaIU-2025.3/lib/module-intellij.platform.polySymbols.backend.jar
7d97f4faa000-7d97f5013000 r--s 00000000 fd:01 4391910                    /home/ubuntu/.gradle/caches/8.10.2/transforms/81e4360543fbb01d4f7fb470fa49803d/transformed/ideaIU-2025.3/lib/module-intellij.libraries.xtext.xbase.jar
7d97f5013000-7d97f50bb000 r--s 00000000 fd:01 4391934                    /home/ubuntu/.gradle/caches/8.10.2/transforms/81e4360543fbb01d4f7fb470fa49803d/transformed/ideaIU-2025.3/lib/module-intellij.libraries.winp.jar
7d97f50bb000-7d97f51e8000 r--s 00000000 fd:01 4391940                    /home/ubuntu/.gradle/caches/8.10.2/transforms/81e4360543fbb01d4f7fb470fa49803d/transformed/ideaIU-2025.3/lib/module-intellij.libraries.velocity.jar
7d97f51e8000-7d97f52be000 r--s 00000000 fd:01 4391924                    /home/ubuntu/.gradle/caches/8.10.2/transforms/81e4360543fbb01d4f7fb470fa49803d/transformed/ideaIU-2025.3/lib/module-intellij.libraries.stream.jar
7d97f52be000-7d97f5411000 r--s 00000000 fd:01 4391981                    /home/ubuntu/.gradle/caches/8.10.2/transforms/81e4360543fbb01d4f7fb470fa49803d/transformed/ideaIU-2025.3/lib/module-intellij.libraries.sshj.jar
7d97f5411000-7d97f54c5000 r--s 00000000 fd:01 4392191                    /home/ubuntu/.gradle/caches/8.10.2/transforms/81e4360543fbb01d4f7fb470fa49803d/transformed/ideaIU-2025.3/lib/module-intellij.libraries.snakeyaml.jar
7d97f54c5000-7d97f5568000 r--s 00000000 fd:01 4391953                    /home/ubuntu/.gradle/caches/8.10.2/transforms/81e4360543fbb01d4f7fb470fa49803d/transformed/ideaIU-2025.3/lib/module-intellij.libraries.snakeyaml.engine.jar
7d97f5568000-7d97f561b000 r--s 00000000 fd:01 4391937                    /home/ubuntu/.gradle/caches/8.10.2/transforms/81e4360543fbb01d4f7fb470fa49803d/transformed/ideaIU-2025.3/lib/module-intellij.libraries.mvstore.jar
7d97f561b000-7d97f575a000 r--s 00000000 fd:01 4391933                    /home/ubuntu/.gradle/caches/8.10.2/transforms/81e4360543fbb01d4f7fb470fa49803d/transformed/ideaIU-2025.3/lib/module-intellij.libraries.markdown.jar
7d97f575a000-7d97f5910000 r--s 00000000 fd:01 4392202                    /home/ubuntu/.gradle/caches/8.10.2/transforms/81e4360543fbb01d4f7fb470fa49803d/transformed/ideaIU-2025.3/lib/module-intellij.libraries.lz4.jar
7d97f5910000-7d97f5a9e000 r--s 00000000 fd:01 4391988                    /home/ubuntu/.gradle/caches/8.10.2/transforms/81e4360543fbb01d4f7fb470fa49803d/transformed/ideaIU-2025.3/lib/module-intellij.libraries.ktor.utils.jar
7d97f5a9e000-7d97f5b72000 r--s 00000000 fd:01 4391992                    /home/ubuntu/.gradle/caches/8.10.2/transforms/81e4360543fbb01d4f7fb470fa49803d/transformed/ideaIU-2025.3/lib/module-intellij.libraries.ktor.network.tls.jar
7d97f5b72000-7d97f5c00000 r--s 00000000 fd:01 4392018                    /home/ubuntu/.gradle/caches/8.10.2/transforms/81e4360543fbb01d4f7fb470fa49803d/transformed/ideaIU-2025.3/lib/module-intellij.libraries.ktor.io.jar
7d97f5c00000-7d97f6048000 r--s 00000000 fd:01 4392182                    /home/ubuntu/.gradle/caches/8.10.2/transforms/81e4360543fbb01d4f7fb470fa49803d/transformed/ideaIU-2025.3/lib/module-intellij.libraries.ktor.client.jar
7d97f6048000-7d97f604c000 r--s 00000000 fd:01 4392149                    /home/ubuntu/.gradle/caches/8.10.2/transforms/81e4360543fbb01d4f7fb470fa49803d/transformed/ideaIU-2025.3/lib/modules/intellij.platform.rpc.topics.backend.jar
7d97f604c000-7d97f6057000 r--s 00000000 fd:01 4392032                    /home/ubuntu/.gradle/caches/8.10.2/transforms/81e4360543fbb01d4f7fb470fa49803d/transformed/ideaIU-2025.3/lib/modules/intellij.platform.find.backend.jar
7d97f6057000-7d97f6173000 r--s 00000000 fd:01 4391958                    /home/ubuntu/.gradle/caches/8.10.2/transforms/81e4360543fbb01d4f7fb470fa49803d/transformed/ideaIU-2025.3/lib/module-intellij.libraries.kryo5.jar
7d97f6173000-7d97f6211000 r--s 00000000 fd:01 4392025                    /home/ubuntu/.gradle/caches/8.10.2/transforms/81e4360543fbb01d4f7fb470fa49803d/transformed/ideaIU-2025.3/lib/module-intellij.libraries.kotlinx.serialization.json.jar
7d97f6211000-7d97f6400000 r--s 00000000 fd:01 4392185                    /home/ubuntu/.gradle/caches/8.10.2/transforms/81e4360543fbb01d4f7fb470fa49803d/transformed/ideaIU-2025.3/lib/module-intellij.libraries.kotlinx.html.jar
7d97f6400000-7d97f6cd1000 r--s 00000000 fd:01 4391984                    /home/ubuntu/.gradle/caches/8.10.2/transforms/81e4360543fbb01d4f7fb470fa49803d/transformed/ideaIU-2025.3/lib/module-intellij.libraries.kotlin.reflect.jar
7d97f6cd1000-7d97f6cd4000 r--s 00000000 fd:01 4392041                    /home/ubuntu/.gradle/caches/8.10.2/transforms/81e4360543fbb01d4f7fb470fa49803d/transformed/ideaIU-2025.3/lib/modules/intellij.platform.progress.backend.jar
7d97f6cd4000-7d97f6cf2000 r--s 00000000 fd:01 4391973                    /home/ubuntu/.gradle/caches/8.10.2/transforms/81e4360543fbb01d4f7fb470fa49803d/transformed/ideaIU-2025.3/lib/module-intellij.platform.vcs.shared.jar
7d97f6cf2000-7d97f6d1e000 r--s 00000000 fd:01 4391975                    /home/ubuntu/.gradle/caches/8.10.2/transforms/81e4360543fbb01d4f7fb470fa49803d/transformed/ideaIU-2025.3/lib/module-intellij.platform.vcs.core.jar
7d97f6d1e000-7d97f6e00000 r--s 00000000 fd:01 4391994                    /home/ubuntu/.gradle/caches/8.10.2/transforms/81e4360543fbb01d4f7fb470fa49803d/transformed/ideaIU-2025.3/lib/module-intellij.libraries.kotlinx.serialization.core.jar
7d97f6e00000-7d97f7c08000 r--s 00000000 fd:01 4391985                    /home/ubuntu/.gradle/caches/8.10.2/transforms/81e4360543fbb01d4f7fb470fa49803d/transformed/ideaIU-2025.3/lib/module-intellij.libraries.jcef.jar
7d97f7c08000-7d97f7c0d000 r--s 00000000 fd:01 4392046                    /home/ubuntu/.gradle/caches/8.10.2/transforms/81e4360543fbb01d4f7fb470fa49803d/transformed/ideaIU-2025.3/lib/modules/intellij.platform.lang.impl.backend.jar
7d97f7c0d000-7d97f7c1d000 r--s 00000000 fd:01 4392078                    /home/ubuntu/.gradle/caches/8.10.2/transforms/81e4360543fbb01d4f7fb470fa49803d/transformed/ideaIU-2025.3/lib/modules/intellij.platform.collaborationTools.auth.jar
7d97f7c1d000-7d97f7c35000 r--s 00000000 fd:01 4391914                    /home/ubuntu/.gradle/caches/8.10.2/transforms/81e4360543fbb01d4f7fb470fa49803d/transformed/ideaIU-2025.3/lib/module-intellij.platform.scopes.jar
7d97f7c35000-7d97f7c8f000 r--s 00000000 fd:01 4391986                    /home/ubuntu/.gradle/caches/8.10.2/transforms/81e4360543fbb01d4f7fb470fa49803d/transformed/ideaIU-2025.3/lib/module-intellij.libraries.proxy.vole.jar
7d97f7c8f000-7d97f7e00000 r--s 00000000 fd:01 4392199                    /home/ubuntu/.gradle/caches/8.10.2/transforms/81e4360543fbb01d4f7fb470fa49803d/transformed/ideaIU-2025.3/lib/module-intellij.libraries.kotlinx.datetime.jar
7d97f7e00000-7d97f8297000 r--s 00000000 fd:01 4391996                    /home/ubuntu/.gradle/caches/8.10.2/transforms/81e4360543fbb01d4f7fb470fa49803d/transformed/ideaIU-2025.3/lib/module-intellij.libraries.jackson.databind.jar
7d97f8297000-7d97f82ae000 r--s 00000000 fd:01 4391915                    /home/ubuntu/.gradle/caches/8.10.2/transforms/81e4360543fbb01d4f7fb470fa49803d/transformed/ideaIU-2025.3/lib/module-intellij.xml.syntax.jar
7d97f82ae000-7d97f82d9000 r--s 00000000 fd:01 4392190                    /home/ubuntu/.gradle/caches/8.10.2/transforms/81e4360543fbb01d4f7fb470fa49803d/transformed/ideaIU-2025.3/lib/module-intellij.platform.find.jar
7d97f82d9000-7d97f8333000 r--s 00000000 fd:01 4392203                    /home/ubuntu/.gradle/caches/8.10.2/transforms/81e4360543fbb01d4f7fb470fa49803d/transformed/ideaIU-2025.3/lib/module-intellij.libraries.kotlinx.io.jar
7d97f8333000-7d97f8400000 r--s 00000000 fd:01 4392194                    /home/ubuntu/.gradle/caches/8.10.2/transforms/81e4360543fbb01d4f7fb470fa49803d/transformed/ideaIU-2025.3/lib/module-intellij.libraries.jsvg.jar
7d97f8400000-7d97fa4b2000 r--s 00000000 fd:01 4392011                    /home/ubuntu/.gradle/caches/8.10.2/transforms/81e4360543fbb01d4f7fb470fa49803d/transformed/ideaIU-2025.3/lib/module-intellij.libraries.icu4j.jar
7d97fa4b2000-7d97fa4b3000 r--s 00000000 fd:01 4389495                    /home/ubuntu/.gradle/caches/8.10.2/transforms/81e4360543fbb01d4f7fb470fa49803d/transformed/ideaIU-2025.3/plugins/javascript-debugger/lib/modules/intellij.javascript.debugger.webDeployment.jar
7d97fa4b3000-7d97fa4b4000 r--s 00000000 fd:01 4392097                    /home/ubuntu/.gradle/caches/8.10.2/transforms/81e4360543fbb01d4f7fb470fa49803d/transformed/ideaIU-2025.3/lib/modules/intellij.platform.vcs.impl.lang.actions.jar
7d97fa4b4000-7d97fa4b7000 r--s 00000000 fd:01 4392039                    /home/ubuntu/.gradle/caches/8.10.2/transforms/81e4360543fbb01d4f7fb470fa49803d/transformed/ideaIU-2025.3/lib/modules/intellij.platform.kernel.impl.jar
7d97fa4b7000-7d97fa501000 r--s 00000000 fd:01 4391954                    /home/ubuntu/.gradle/caches/8.10.2/transforms/81e4360543fbb01d4f7fb470fa49803d/transformed/ideaIU-2025.3/lib/module-intellij.libraries.xz.jar
7d97fa501000-7d97fa600000 r--s 00000000 fd:01 4391905                    /home/ubuntu/.gradle/caches/8.10.2/transforms/81e4360543fbb01d4f7fb470fa49803d/transformed/ideaIU-2025.3/lib/module-intellij.libraries.jsoup.jar
7d97fa600000-7d97fa867000 r--s 00000000 fd:01 4391995                    /home/ubuntu/.gradle/caches/8.10.2/transforms/81e4360543fbb01d4f7fb470fa49803d/transformed/ideaIU-2025.3/lib/module-intellij.libraries.http.client.jar
7d97fa867000-7d97fa86c000 r--s 00000000 fd:01 4392140                    /home/ubuntu/.gradle/caches/8.10.2/transforms/81e4360543fbb01d4f7fb470fa49803d/transformed/ideaIU-2025.3/lib/modules/intellij.platform.execution.serviceView.frontend.jar
7d97fa86c000-7d97fa872000 r--s 00000000 fd:01 4392070                    /home/ubuntu/.gradle/caches/8.10.2/transforms/81e4360543fbb01d4f7fb470fa49803d/transformed/ideaIU-2025.3/lib/modules/intellij.platform.execution.serviceView.backend.jar
7d97fa872000-7d97fa88a000 r--s 00000000 fd:01 4391932                    /home/ubuntu/.gradle/caches/8.10.2/transforms/81e4360543fbb01d4f7fb470fa49803d/transformed/ideaIU-2025.3/lib/module-intellij.platform.rpc.topics.jar
7d97fa88a000-7d97fa91a000 r--s 00000000 fd:01 4392002                    /home/ubuntu/.gradle/caches/8.10.2/transforms/81e4360543fbb01d4f7fb470fa49803d/transformed/ideaIU-2025.3/lib/module-intellij.libraries.kotlinx.collections.immutable.jar
7d97fa91a000-7d97faa00000 r--s 00000000 fd:01 4391999                    /home/ubuntu/.gradle/caches/8.10.2/transforms/81e4360543fbb01d4f7fb470fa49803d/transformed/ideaIU-2025.3/lib/module-intellij.libraries.jsonpath.jar
7d97faa00000-7d97fb0ea000 r--s 00000000 fd:01 4391907                    /home/ubuntu/.gradle/caches/8.10.2/transforms/81e4360543fbb01d4f7fb470fa49803d/transformed/ideaIU-2025.3/lib/module-intellij.libraries.guava.jar
7d97fb0ea000-7d97fb0f2000 r--s 00000000 fd:01 4392082                    /home/ubuntu/.gradle/caches/8.10.2/transforms/81e4360543fbb01d4f7fb470fa49803d/transformed/ideaIU-2025.3/lib/modules/intellij.platform.editor.backend.jar
7d97fb0f2000-7d97fb0f7000 r--s 00000000 fd:01 4392094                    /home/ubuntu/.gradle/caches/8.10.2/transforms/81e4360543fbb01d4f7fb470fa49803d/transformed/ideaIU-2025.3/lib/modules/intellij.platform.editor.jar
7d97fb0f7000-7d97fb11c000 r--s 00000000 fd:01 4391972                    /home/ubuntu/.gradle/caches/8.10.2/transforms/81e4360543fbb01d4f7fb470fa49803d/transformed/ideaIU-2025.3/lib/module-intellij.platform.debugger.impl.shared.jar
7d97fb11c000-7d97fb190000 r--s 00000000 fd:01 4392023                    /home/ubuntu/.gradle/caches/8.10.2/transforms/81e4360543fbb01d4f7fb470fa49803d/transformed/ideaIU-2025.3/lib/module-intellij.libraries.jediterm.core.jar
7d97fb190000-7d97fb200000 r--s 00000000 fd:01 4391990                    /home/ubuntu/.gradle/caches/8.10.2/transforms/81e4360543fbb01d4f7fb470fa49803d/transformed/ideaIU-2025.3/lib/module-intellij.libraries.jaxen.jar
7d97fb200000-7d97fbac0000 r--s 00000000 fd:01 4391976                    /home/ubuntu/.gradle/caches/8.10.2/transforms/81e4360543fbb01d4f7fb470fa49803d/transformed/ideaIU-2025.3/lib/module-intellij.libraries.fastutil.jar
7d97fbac0000-7d97fbad1000 r--s 00000000 fd:01 4392112                    /home/ubuntu/.gradle/caches/8.10.2/transforms/81e4360543fbb01d4f7fb470fa49803d/transformed/ideaIU-2025.3/lib/modules/intellij.platform.clouds.jar
7d97fbad1000-7d97fbc00000 r--s 00000000 fd:01 4392186                    /home/ubuntu/.gradle/caches/8.10.2/transforms/81e4360543fbb01d4f7fb470fa49803d/transformed/ideaIU-2025.3/lib/module-intellij.libraries.jackson.jar
7d97fbc00000-7d97fbe3b000 r--s 00000000 fd:01 4391977                    /home/ubuntu/.gradle/caches/8.10.2/transforms/81e4360543fbb01d4f7fb470fa49803d/transformed/ideaIU-2025.3/lib/module-intellij.libraries.commons.compress.jar
7d97fbe3b000-7d97fbe3c000 r--s 00000000 fd:01 4392115                    /home/ubuntu/.gradle/caches/8.10.2/transforms/81e4360543fbb01d4f7fb470fa49803d/transformed/ideaIU-2025.3/lib/modules/intellij.platform.vcs.impl.exec.jar
7d97fbe3c000-7d97fbe3d000 r--s 00000000 fd:01 4392156                    /home/ubuntu/.gradle/caches/8.10.2/transforms/81e4360543fbb01d4f7fb470fa49803d/transformed/ideaIU-2025.3/lib/modules/intellij.platform.monolith.jar
7d97fbe3d000-7d97fbe3e000 r--s 00000000 fd:01 4392134                    /home/ubuntu/.gradle/caches/8.10.2/transforms/81e4360543fbb01d4f7fb470fa49803d/transformed/ideaIU-2025.3/lib/modules/intellij.platform.frontend.jar
7d97fbe3e000-7d97fbe45000 r--s 00000000 fd:01 4392092                    /home/ubuntu/.gradle/caches/8.10.2/transforms/81e4360543fbb01d4f7fb470fa49803d/transformed/ideaIU-2025.3/lib/modules/intellij.platform.diagnostic.telemetry.agent.extension.jar
7d97fbe45000-7d97fbe6a000 r--s 00000000 fd:01 4391926                    /home/ubuntu/.gradle/caches/8.10.2/transforms/81e4360543fbb01d4f7fb470fa49803d/transformed/ideaIU-2025.3/lib/module-intellij.libraries.rd.text.jar
7d97fbe6a000-7d97fc000000 r--s 00000000 fd:01 4392201                    /home/ubuntu/.gradle/caches/8.10.2/transforms/81e4360543fbb01d4f7fb470fa49803d/transformed/ideaIU-2025.3/lib/module-intellij.libraries.commons.lang3.jar
7d97fc000000-7d97fc221000 r--s 00000000 fd:01 4392015                    /home/ubuntu/.gradle/caches/8.10.2/transforms/81e4360543fbb01d4f7fb470fa49803d/transformed/ideaIU-2025.3/lib/module-intellij.libraries.caffeine.jar
7d97fc221000-7d97fc229000 r--s 00000000 fd:01 4392152                    /home/ubuntu/.gradle/caches/8.10.2/transforms/81e4360543fbb01d4f7fb470fa49803d/transformed/ideaIU-2025.3/lib/modules/intellij.platform.diagnostic.freezeAnalyzer.jar
7d97fc229000-7d97fc22f000 r--s 00000000 fd:01 4392055                    /home/ubuntu/.gradle/caches/8.10.2/transforms/81e4360543fbb01d4f7fb470fa49803d/transformed/ideaIU-2025.3/lib/modules/intellij.platform.buildView.jar
7d97fc22f000-7d97fc278000 r--s 00000000 fd:01 4391916                    /home/ubuntu/.gradle/caches/8.10.2/transforms/81e4360543fbb01d4f7fb470fa49803d/transformed/ideaIU-2025.3/lib/module-intellij.libraries.pty4j.jar
7d97fc278000-7d97fc400000 r--s 00000000 fd:01 4392012                    /home/ubuntu/.gradle/caches/8.10.2/transforms/81e4360543fbb01d4f7fb470fa49803d/transformed/ideaIU-2025.3/lib/module-intellij.libraries.commons.imaging.jar
7d97fc400000-7d97fd3af000 r--s 00000000 fd:01 4391904                    /home/ubuntu/.gradle/caches/8.10.2/transforms/81e4360543fbb01d4f7fb470fa49803d/transformed/ideaIU-2025.3/lib/module-intellij.libraries.bouncy.castle.provider.jar
7d97fd3af000-7d97fd3b0000 r--s 00000000 fd:01 4392110                    /home/ubuntu/.gradle/caches/8.10.2/transforms/81e4360543fbb01d4f7fb470fa49803d/transformed/ideaIU-2025.3/lib/modules/intellij.platform.execution.dashboard.frontend.jar
7d97fd3b0000-7d97fd3b3000 r--s 00000000 fd:01 4392160                    /home/ubuntu/.gradle/caches/8.10.2/transforms/81e4360543fbb01d4f7fb470fa49803d/transformed/ideaIU-2025.3/lib/modules/intellij.platform.editor.frontend.jar
7d97fd3b3000-7d97fd3b7000 r--s 00000000 fd:01 4392178                    /home/ubuntu/.gradle/caches/8.10.2/transforms/81e4360543fbb01d4f7fb470fa49803d/transformed/ideaIU-2025.3/lib/modules/intellij.platform.bookmarks.frontend.jar
7d97fd3b7000-7d97fd400000 r--s 00000000 fd:01 4391959                    /home/ubuntu/.gradle/caches/8.10.2/transforms/81e4360543fbb01d4f7fb470fa49803d/transformed/ideaIU-2025.3/lib/module-intellij.libraries.miglayout.swing.jar
7d97fd400000-7d97fe5ac000 r--s 00000000 fd:01 4391912                    /home/ubuntu/.gradle/caches/8.10.2/transforms/81e4360543fbb01d4f7fb470fa49803d/transformed/ideaIU-2025.3/lib/lib.jar
7d97fe5ac000-7d97fe5ad000 r--s 00000000 fd:01 4392063                    /home/ubuntu/.gradle/caches/8.10.2/transforms/81e4360543fbb01d4f7fb470fa49803d/transformed/ideaIU-2025.3/lib/modules/intellij.platform.customization.min.jar
7d97fe5ad000-7d97fe5ae000 r--s 00000000 fd:01 4392102                    /home/ubuntu/.gradle/caches/8.10.2/transforms/81e4360543fbb01d4f7fb470fa49803d/transformed/ideaIU-2025.3/lib/modules/intellij.platform.compose.markdown.jar
7d97fe5ae000-7d97fe5af000 r--s 00000000 fd:01 4392079                    /home/ubuntu/.gradle/caches/8.10.2/transforms/81e4360543fbb01d4f7fb470fa49803d/transformed/ideaIU-2025.3/lib/modules/intellij.platform.completion.frontend.jar
7d97fe5af000-7d97fe5bf000 r--s 00000000 fd:01 4392059                    /home/ubuntu/.gradle/caches/8.10.2/transforms/81e4360543fbb01d4f7fb470fa49803d/transformed/ideaIU-2025.3/lib/modules/intellij.debugger.streams.shared.jar
7d97fe5bf000-7d97fe600000 r--s 00000000 fd:01 4391917                    /home/ubuntu/.gradle/caches/8.10.2/transforms/81e4360543fbb01d4f7fb470fa49803d/transformed/ideaIU-2025.3/lib/module-intellij.libraries.ktor.client.cio.jar
7d97fe600000-7d97fef93000 r--s 00000000 fd:01 4391997                    /home/ubuntu/.gradle/caches/8.10.2/transforms/81e4360543fbb01d4f7fb470fa49803d/transformed/ideaIU-2025.3/lib/lib-backend.jar
7d97fef93000-7d97fef96000 r--s 00000000 fd:01 4392130                    /home/ubuntu/.gradle/caches/8.10.2/transforms/81e4360543fbb01d4f7fb470fa49803d/transformed/ideaIU-2025.3/lib/modules/intellij.platform.buildView.backend.jar
7d97fef96000-7d97fef9c000 r--s 00000000 fd:01 4392136                    /home/ubuntu/.gradle/caches/8.10.2/transforms/81e4360543fbb01d4f7fb470fa49803d/transformed/ideaIU-2025.3/lib/modules/intellij.idea.ultimate.feedback.jar
7d97fef9c000-7d97fefdd000 r--s 00000000 fd:01 4391939                    /home/ubuntu/.gradle/caches/8.10.2/transforms/81e4360543fbb01d4f7fb470fa49803d/transformed/ideaIU-2025.3/lib/module-intellij.libraries.kotlinx.serialization.protobuf.jar
7d97fefdd000-7d97ff000000 r--s 00000000 fd:01 4392016                    /home/ubuntu/.gradle/caches/8.10.2/transforms/81e4360543fbb01d4f7fb470fa49803d/transformed/ideaIU-2025.3/lib/module-intellij.libraries.jzlib.jar
7d97ff000000-7d97ff288000 r--s 00000000 fd:01 4392026                    /home/ubuntu/.gradle/caches/8.10.2/transforms/81e4360543fbb01d4f7fb470fa49803d/transformed/ideaIU-2025.3/lib/jaxb-runtime.jar
7d97ff288000-7d97ff2c5000 r--s 00000000 fd:01 4391911                    /home/ubuntu/.gradle/caches/8.10.2/transforms/81e4360543fbb01d4f7fb470fa49803d/transformed/ideaIU-2025.3/lib/module-intellij.libraries.jediterm.ui.jar
7d97ff2c5000-7d97ff32e000 r--s 00000000 fd:01 4391936                    /home/ubuntu/.gradle/caches/8.10.2/transforms/81e4360543fbb01d4f7fb470fa49803d/transformed/ideaIU-2025.3/lib/module-intellij.libraries.jackson.module.kotlin.jar
7d97ff32e000-7d97ff400000 r--s 00000000 fd:01 4391919                    /home/ubuntu/.gradle/caches/8.10.2/transforms/81e4360543fbb01d4f7fb470fa49803d/transformed/ideaIU-2025.3/lib/module-intellij.libraries.hash4j.jar
7d97ff400000-7d98028c3000 r--s 00000000 fd:01 4392204                    /home/ubuntu/.gradle/caches/8.10.2/transforms/81e4360543fbb01d4f7fb470fa49803d/transformed/ideaIU-2025.3/lib/product-backend.jar
7d98028c3000-7d98028c4000 r--s 00000000 fd:01 4392128                    /home/ubuntu/.gradle/caches/8.10.2/transforms/81e4360543fbb01d4f7fb470fa49803d/transformed/ideaIU-2025.3/lib/modules/intellij.platform.completion.common.jar
7d98028c4000-7d98028c5000 r--s 00000000 fd:01 4392061                    /home/ubuntu/.gradle/caches/8.10.2/transforms/81e4360543fbb01d4f7fb470fa49803d/transformed/ideaIU-2025.3/lib/modules/intellij.platform.completion.backend.jar
7d98028c5000-7d98028e3000 r--s 00000000 fd:01 4391902                    /home/ubuntu/.gradle/caches/8.10.2/transforms/81e4360543fbb01d4f7fb470fa49803d/transformed/ideaIU-2025.3/lib/module-intellij.libraries.oro.matcher.jar
7d98028e3000-7d980292b000 r--s 00000000 fd:01 4391903                    /home/ubuntu/.gradle/caches/8.10.2/transforms/81e4360543fbb01d4f7fb470fa49803d/transformed/ideaIU-2025.3/lib/module-intellij.libraries.java.websocket.jar
7d980292b000-7d980296a000 r--s 00000000 fd:01 4391946                    /home/ubuntu/.gradle/caches/8.10.2/transforms/81e4360543fbb01d4f7fb470fa49803d/transformed/ideaIU-2025.3/lib/module-intellij.libraries.jackson.jr.objects.jar
7d980296a000-7d9802a00000 r--s 00000000 fd:01 4392184                    /home/ubuntu/.gradle/caches/8.10.2/transforms/81e4360543fbb01d4f7fb470fa49803d/transformed/ideaIU-2025.3/lib/module-intellij.libraries.gson.jar
7d9802a00000-7d98116a0000 r--s 00000000 fd:01 4391980                    /home/ubuntu/.gradle/caches/8.10.2/transforms/81e4360543fbb01d4f7fb470fa49803d/transformed/ideaIU-2025.3/lib/app.jar
7d98116a0000-7d98116b7000 r--s 00000000 fd:01 4392024                    /home/ubuntu/.gradle/caches/8.10.2/transforms/81e4360543fbb01d4f7fb470fa49803d/transformed/ideaIU-2025.3/lib/module-intellij.xml.structureView.impl.jar
7d98116b7000-7d98116d5000 r--s 00000000 fd:01 4391918                    /home/ubuntu/.gradle/caches/8.10.2/transforms/81e4360543fbb01d4f7fb470fa49803d/transformed/ideaIU-2025.3/lib/module-intellij.libraries.jvm.native.trusted.roots.jar
7d98116d5000-7d9811800000 r--s 00000000 fd:01 4391963                    /home/ubuntu/.gradle/caches/8.10.2/transforms/81e4360543fbb01d4f7fb470fa49803d/transformed/ideaIU-2025.3/lib/module-intellij.libraries.commons.io.jar
7d9811800000-7d9813e87000 r--s 00000000 fd:01 4391952                    /home/ubuntu/.gradle/caches/8.10.2/transforms/81e4360543fbb01d4f7fb470fa49803d/transformed/ideaIU-2025.3/lib/util-8.jar
7d9813e87000-7d9813e8a000 r--s 00000000 fd:01 4392081                    /home/ubuntu/.gradle/caches/8.10.2/transforms/81e4360543fbb01d4f7fb470fa49803d/transformed/ideaIU-2025.3/lib/modules/intellij.platform.bookmarks.backend.jar
7d9813e8a000-7d9813ec6000 r--s 00000000 fd:01 4392009                    /home/ubuntu/.gradle/caches/8.10.2/transforms/81e4360543fbb01d4f7fb470fa49803d/transformed/ideaIU-2025.3/lib/module-intellij.libraries.ini4j.jar
7d9813ec6000-7d9814000000 r--s 00000000 fd:01 4392014                    /home/ubuntu/.gradle/caches/8.10.2/transforms/81e4360543fbb01d4f7fb470fa49803d/transformed/ideaIU-2025.3/lib/module-intellij.libraries.classgraph.jar
7d9814000000-7d9814283000 rw-p 00000000 00:00 0 
7d9814283000-7d9818000000 ---p 00000000 00:00 0 
7d9818000000-7d9818128000 rw-p 00000000 00:00 0 
7d9818128000-7d981c000000 ---p 00000000 00:00 0 
7d981c000000-7d981c021000 rw-p 00000000 00:00 0 
7d981c021000-7d9820000000 ---p 00000000 00:00 0 
7d9820000000-7d9820021000 rw-p 00000000 00:00 0 
7d9820021000-7d9824000000 ---p 00000000 00:00 0 
7d9824000000-7d9824021000 rw-p 00000000 00:00 0 
7d9824021000-7d9828000000 ---p 00000000 00:00 0 
7d9828000000-7d9828021000 rw-p 00000000 00:00 0 
7d9828021000-7d982c000000 ---p 00000000 00:00 0 
7d982c000000-7d982c021000 rw-p 00000000 00:00 0 
7d982c021000-7d9830000000 ---p 00000000 00:00 0 
7d9830000000-7d9830021000 rw-p 00000000 00:00 0 
7d9830021000-7d9834000000 ---p 00000000 00:00 0 
7d9834000000-7d9834074000 rw-p 00000000 00:00 0 
7d9834074000-7d9838000000 ---p 00000000 00:00 0 
7d9838000000-7d9838001000 r--s 00000000 fd:01 4392036                    /home/ubuntu/.gradle/caches/8.10.2/transforms/81e4360543fbb01d4f7fb470fa49803d/transformed/ideaIU-2025.3/lib/modules/intellij.platform.backend.jar
7d9838001000-7d9838002000 r--s 00000000 fd:01 4392127                    /home/ubuntu/.gradle/caches/8.10.2/transforms/81e4360543fbb01d4f7fb470fa49803d/transformed/ideaIU-2025.3/lib/modules/intellij.libraries.javax.activation.jar
7d9838002000-7d9838004000 r--s 00000000 fd:01 4392114                    /home/ubuntu/.gradle/caches/8.10.2/transforms/81e4360543fbb01d4f7fb470fa49803d/transformed/ideaIU-2025.3/lib/modules/intellij.idea.customization.base.jar
7d9838004000-7d983800b000 r--s 00000000 fd:01 4392180                    /home/ubuntu/.gradle/caches/8.10.2/transforms/81e4360543fbb01d4f7fb470fa49803d/transformed/ideaIU-2025.3/lib/modules/intellij.grid.types.jar
7d983800b000-7d9838012000 r--s 00000000 fd:01 4392121                    /home/ubuntu/.gradle/caches/8.10.2/transforms/81e4360543fbb01d4f7fb470fa49803d/transformed/ideaIU-2025.3/lib/modules/intellij.debugger.streams.backend.jar
7d9838012000-7d983806f000 r--s 00000000 fd:01 4391930                    /home/ubuntu/.gradle/caches/8.10.2/transforms/81e4360543fbb01d4f7fb470fa49803d/transformed/ideaIU-2025.3/lib/module-intellij.libraries.hdr.histogram.jar
7d983806f000-7d9838128000 r--s 00000000 fd:01 4391967                    /home/ubuntu/.gradle/caches/8.10.2/transforms/81e4360543fbb01d4f7fb470fa49803d/transformed/ideaIU-2025.3/lib/module-intellij.libraries.commons.codec.jar
7d9838128000-7d9838205000 r--s 00000000 fd:01 4391929                    /home/ubuntu/.gradle/caches/8.10.2/transforms/81e4360543fbb01d4f7fb470fa49803d/transformed/ideaIU-2025.3/lib/module-intellij.libraries.cglib.jar
7d9838205000-7d9838386000 r--s 00000000 fd:01 4391966                    /home/ubuntu/.gradle/caches/8.10.2/transforms/81e4360543fbb01d4f7fb470fa49803d/transformed/ideaIU-2025.3/lib/module-intellij.libraries.bouncy.castle.pgp.jar
7d9838386000-7d9838400000 r--s 00000000 fd:01 4391947                    /home/ubuntu/.gradle/caches/8.10.2/transforms/81e4360543fbb01d4f7fb470fa49803d/transformed/ideaIU-2025.3/lib/module-intellij.libraries.automaton.jar
7d9838400000-7d9839b1e000 r--s 00000000 fd:01 4391921                    /home/ubuntu/.gradle/caches/8.10.2/transforms/81e4360543fbb01d4f7fb470fa49803d/transformed/ideaIU-2025.3/lib/groovy.jar
7d9839b1e000-7d9839b22000 r--s 00000000 fd:01 2850846                    /home/ubuntu/.gradle/caches/modules-2/files-2.1/org.opentest4j/opentest4j/1.3.0/152ea56b3a72f655d4fd677fc0ef2596c3dd5e6e/opentest4j-1.3.0.jar
7d9839b22000-7d9839b27000 r--s 00000000 fd:01 2850741                    /home/ubuntu/.gradle/caches/modules-2/files-2.1/com.google.errorprone/error_prone_annotations/2.27.0/91b2c29d8a6148b5e2e4930f070d4840e2e48e34/error_prone_annotations-2.27.0.jar
7d9839b27000-7d9839b55000 r--s 00000000 fd:01 4391928                    /home/ubuntu/.gradle/caches/8.10.2/transforms/81e4360543fbb01d4f7fb470fa49803d/transformed/ideaIU-2025.3/lib/module-intellij.libraries.jettison.jar
7d9839b55000-7d9839b90000 r--s 00000000 fd:01 4392195                    /home/ubuntu/.gradle/caches/8.10.2/transforms/81e4360543fbb01d4f7fb470fa49803d/transformed/ideaIU-2025.3/lib/module-intellij.libraries.commons.cli.jar
7d9839b90000-7d9839c00000 r--s 00000000 fd:01 4391941                    /home/ubuntu/.gradle/caches/8.10.2/transforms/81e4360543fbb01d4f7fb470fa49803d/transformed/ideaIU-2025.3/lib/module-intellij.libraries.asm.tools.jar
7d9839c00000-7d9839ec2000 r--s 00000000 fd:01 4391987                    /home/ubuntu/.gradle/caches/8.10.2/transforms/81e4360543fbb01d4f7fb470fa49803d/transformed/ideaIU-2025.3/lib/eclipse.lsp4j.jar
7d9839ec2000-7d9839ec3000 r--s 00000000 fd:01 4392118                    /home/ubuntu/.gradle/caches/8.10.2/transforms/81e4360543fbb01d4f7fb470fa49803d/transformed/ideaIU-2025.3/lib/modules/intellij.idea.customization.backend.jar
7d9839ec3000-7d9839ee4000 r--s 00000000 fd:01 4392022                    /home/ubuntu/.gradle/caches/8.10.2/transforms/81e4360543fbb01d4f7fb470fa49803d/transformed/ideaIU-2025.3/lib/module-intellij.libraries.jackson.dataformat.yaml.jar
7d9839ee4000-7d983a000000 r--s 00000000 fd:01 4391983                    /home/ubuntu/.gradle/caches/8.10.2/transforms/81e4360543fbb01d4f7fb470fa49803d/transformed/ideaIU-2025.3/lib/module-intellij.libraries.aalto.xml.jar
7d983a000000-7d983a0e0000 rw-p 00000000 00:00 0 
7d983a0e0000-7d983a400000 ---p 00000000 00:00 0 
7d983a400000-7d983a470000 rw-p 00000000 00:00 0 
7d983a470000-7d983e000000 ---p 00000000 00:00 0 
7d983e000000-7d983fc7e000 rw-p 00001000 fd:01 4393180                    /home/ubuntu/.gradle/caches/8.10.2/transforms/81e4360543fbb01d4f7fb470fa49803d/transformed/ideaIU-2025.3/jbr/lib/server/classes.jsa
7d983fc7e000-7d9840000000 ---p 00000000 00:00 0 
7d9840000000-7d9840010000 rw-p 00000000 00:00 0 
7d9840010000-7d9840040000 ---p 00000000 00:00 0 
7d9840040000-7d9840050000 rw-p 00000000 00:00 0 
7d9840050000-7d9880000000 ---p 00000000 00:00 0 
7d9880000000-7d9880021000 rw-p 00000000 00:00 0 
7d9880021000-7d9884000000 ---p 00000000 00:00 0 
7d9884000000-7d9884021000 rw-p 00000000 00:00 0 
7d9884021000-7d9888000000 ---p 00000000 00:00 0 
7d9888000000-7d9888021000 rw-p 00000000 00:00 0 
7d9888021000-7d988c000000 ---p 00000000 00:00 0 
7d988c000000-7d988c002000 r--s 00000000 fd:01 4392089                    /home/ubuntu/.gradle/caches/8.10.2/transforms/81e4360543fbb01d4f7fb470fa49803d/transformed/ideaIU-2025.3/lib/modules/intellij.grid.jar
7d988c002000-7d988c004000 r--s 00000000 fd:01 2850848                    /home/ubuntu/.gradle/caches/modules-2/files-2.1/org.junit.jupiter/junit-jupiter/5.10.2/831c0b86ddc2ce38391c5b81ea662b0cfdc02cce/junit-jupiter-5.10.2.jar
7d988c004000-7d988c005000 r--s 00000000 fd:01 4391944                    /home/ubuntu/.gradle/caches/8.10.2/transforms/81e4360543fbb01d4f7fb470fa49803d/transformed/ideaIU-2025.3/lib/module-intellij.xml.structureView.jar
7d988c005000-7d988c011000 r--s 00000000 fd:01 4392193                    /home/ubuntu/.gradle/caches/8.10.2/transforms/81e4360543fbb01d4f7fb470fa49803d/transformed/ideaIU-2025.3/lib/module-intellij.xml.analysis.jar
7d988c011000-7d988c01c000 r--s 00000000 fd:01 4391982                    /home/ubuntu/.gradle/caches/8.10.2/transforms/81e4360543fbb01d4f7fb470fa49803d/transformed/ideaIU-2025.3/lib/module-intellij.platform.managed.cache.jar
7d988c01c000-7d988c02c000 r--s 00000000 fd:01 4391923                    /home/ubuntu/.gradle/caches/8.10.2/transforms/81e4360543fbb01d4f7fb470fa49803d/transformed/ideaIU-2025.3/lib/module-intellij.libraries.imgscalr.jar
7d988c02c000-7d988c101000 r--s 00000000 fd:01 4391927                    /home/ubuntu/.gradle/caches/8.10.2/transforms/81e4360543fbb01d4f7fb470fa49803d/transformed/ideaIU-2025.3/lib/module-intellij.libraries.asm.jar
7d988c101000-7d988c249000 r--s 00000000 fd:01 4392013                    /home/ubuntu/.gradle/caches/8.10.2/transforms/81e4360543fbb01d4f7fb470fa49803d/transformed/ideaIU-2025.3/lib/jps-model.jar
7d988c249000-7d988c2e3000 r--s 00000000 fd:01 4391962                    /home/ubuntu/.gradle/caches/8.10.2/transforms/81e4360543fbb01d4f7fb470fa49803d/transformed/ideaIU-2025.3/lib/intellij-test-discovery.jar
7d988c2e3000-7d988c400000 r--s 00000000 fd:01 4392008                    /home/ubuntu/.gradle/caches/8.10.2/transforms/81e4360543fbb01d4f7fb470fa49803d/transformed/ideaIU-2025.3/lib/eclipse.lsp4j.debug.jar
7d988c400000-7d988d195000 r--s 00000000 fd:01 4391979                    /home/ubuntu/.gradle/caches/8.10.2/transforms/81e4360543fbb01d4f7fb470fa49803d/transformed/ideaIU-2025.3/lib/app-backend.jar
7d988d195000-7d988d1b6000 r--s 00000000 fd:01 4391909                    /home/ubuntu/.gradle/caches/8.10.2/transforms/81e4360543fbb01d4f7fb470fa49803d/transformed/ideaIU-2025.3/lib/module-intellij.libraries.commons.logging.jar
7d988d1b6000-7d988d1bf000 r--s 00000000 fd:01 4391955                    /home/ubuntu/.gradle/caches/8.10.2/transforms/81e4360543fbb01d4f7fb470fa49803d/transformed/ideaIU-2025.3/lib/module-intellij.libraries.cli.parser.jar
7d988d1bf000-7d988d1ce000 r--s 00000000 fd:01 4391960                    /home/ubuntu/.gradle/caches/8.10.2/transforms/81e4360543fbb01d4f7fb470fa49803d/transformed/ideaIU-2025.3/lib/jsch-agent.jar
7d988d1ce000-7d988d20a000 r--s 00000000 fd:01 4392006                    /home/ubuntu/.gradle/caches/8.10.2/transforms/81e4360543fbb01d4f7fb470fa49803d/transformed/ideaIU-2025.3/lib/jaxb-api.jar
7d988d20a000-7d988d239000 r--s 00000000 fd:01 4391951                    /home/ubuntu/.gradle/caches/8.10.2/transforms/81e4360543fbb01d4f7fb470fa49803d/transformed/ideaIU-2025.3/lib/idea_rt.jar
7d988d239000-7d988d281000 r--s 00000000 fd:01 4391931                    /home/ubuntu/.gradle/caches/8.10.2/transforms/81e4360543fbb01d4f7fb470fa49803d/transformed/ideaIU-2025.3/lib/eclipse.lsp4j.jsonrpc.jar
7d988d281000-7d988d38c000 r--s 00000000 fd:01 4391998                    /home/ubuntu/.gradle/caches/8.10.2/transforms/81e4360543fbb01d4f7fb470fa49803d/transformed/ideaIU-2025.3/lib/util.jar
7d988d38c000-7d988d400000 r--s 00000000 fd:01 4392007                    /home/ubuntu/.gradle/caches/8.10.2/transforms/81e4360543fbb01d4f7fb470fa49803d/transformed/ideaIU-2025.3/lib/platform-loader.jar
7d988d400000-7d988d404000 ---p 00000000 00:00 0 
7d988d404000-7d988d500000 rw-p 00000000 00:00 0 
7d988d500000-7d988d504000 ---p 00000000 00:00 0 
7d988d504000-7d988d600000 rw-p 00000000 00:00 0 
7d988d600000-7d988d604000 ---p 00000000 00:00 0 
7d988d604000-7d988d700000 rw-p 00000000 00:00 0 
7d988d700000-7d988d704000 ---p 00000000 00:00 0 
7d988d704000-7d988d800000 rw-p 00000000 00:00 0 
7d988d800000-7d988d804000 ---p 00000000 00:00 0 
7d988d804000-7d988d900000 rw-p 00000000 00:00 0 
7d988d900000-7d988d904000 ---p 00000000 00:00 0 
7d988d904000-7d988da00000 rw-p 00000000 00:00 0 
7d988da00000-7d988da04000 ---p 00000000 00:00 0 
7d988da04000-7d988db00000 rw-p 00000000 00:00 0 
7d988db00000-7d988db04000 ---p 00000000 00:00 0 
7d988db04000-7d988dc00000 rw-p 00000000 00:00 0 
7d988dc00000-7d988dee9000 r--p 00000000 fd:01 6146                       /usr/lib/locale/locale-archive
7d988dee9000-7d988deea000 r--s 00000000 fd:01 4392004                    /home/ubuntu/.gradle/caches/8.10.2/transforms/81e4360543fbb01d4f7fb470fa49803d/transformed/ideaIU-2025.3/lib/module-intellij.libraries.rhino.jar
7d988deea000-7d988deec000 r--s 00000000 fd:01 4391935                    /home/ubuntu/.gradle/caches/8.10.2/transforms/81e4360543fbb01d4f7fb470fa49803d/transformed/ideaIU-2025.3/lib/module-intellij.libraries.kotlinx.coroutines.slf4j.jar
7d988deec000-7d988def6000 r--s 00000000 fd:01 4392198                    /home/ubuntu/.gradle/caches/8.10.2/transforms/81e4360543fbb01d4f7fb470fa49803d/transformed/ideaIU-2025.3/lib/module-intellij.libraries.blockmap.jar
7d988def6000-7d988deff000 r--s 00000000 fd:01 4392181                    /home/ubuntu/.gradle/caches/8.10.2/transforms/81e4360543fbb01d4f7fb470fa49803d/transformed/ideaIU-2025.3/lib/javax.annotation-api.jar
7d988deff000-7d988df00000 ---p 00000000 00:00 0 
7d988df00000-7d988e000000 rw-p 00000000 00:00 0 
7d988e000000-7d9890000000 rw-p 00000000 00:00 0 
7d9890000000-7d9890021000 rw-p 00000000 00:00 0 
7d9890021000-7d9894000000 ---p 00000000 00:00 0 
7d9894000000-7d9894021000 rw-p 00000000 00:00 0 
7d9894021000-7d9898000000 ---p 00000000 00:00 0 
7d9898000000-7d9898021000 rw-p 00000000 00:00 0 
7d9898021000-7d989c000000 ---p 00000000 00:00 0 
7d989c000000-7d989c001000 r--s 00000000 fd:01 4391957                    /home/ubuntu/.gradle/caches/8.10.2/transforms/81e4360543fbb01d4f7fb470fa49803d/transformed/ideaIU-2025.3/lib/module-intellij.libraries.jcip.jar
7d989c001000-7d989c020000 r--s 00000000 fd:01 4392189                    /home/ubuntu/.gradle/caches/8.10.2/transforms/81e4360543fbb01d4f7fb470fa49803d/transformed/ideaIU-2025.3/lib/javax.activation.jar
7d989c020000-7d989c030000 r--s 00000000 fd:01 4392021                    /home/ubuntu/.gradle/caches/8.10.2/transforms/81e4360543fbb01d4f7fb470fa49803d/transformed/ideaIU-2025.3/lib/forms_rt.jar
7d989c030000-7d989c03e000 r--s 00000000 fd:01 4391920                    /home/ubuntu/.gradle/caches/8.10.2/transforms/81e4360543fbb01d4f7fb470fa49803d/transformed/ideaIU-2025.3/lib/external-system-rt.jar
7d989c03e000-7d989c04a000 r--s 00000000 fd:01 4392188                    /home/ubuntu/.gradle/caches/8.10.2/transforms/81e4360543fbb01d4f7fb470fa49803d/transformed/ideaIU-2025.3/lib/eclipse.lsp4j.jsonrpc.debug.jar
7d989c04a000-7d989c057000 r--s 00000000 fd:01 4391942                    /home/ubuntu/.gradle/caches/8.10.2/transforms/81e4360543fbb01d4f7fb470fa49803d/transformed/ideaIU-2025.3/lib/annotations.jar
7d989c057000-7d989c058000 ---p 00000000 00:00 0 
7d989c058000-7d989c158000 rw-p 00000000 00:00 0 
7d989c272000-7d989c2f3000 rw-p 00000000 00:00 0 
7d989c2f3000-7d989c2f4000 ---p 00000000 00:00 0 
7d989c2f4000-7d989c3f4000 rw-p 00000000 00:00 0 
7d989c3f4000-7d989c3f5000 ---p 00000000 00:00 0 
7d989c3f5000-7d989c4f5000 rw-p 00000000 00:00 0 
7d989c4f5000-7d989ccfd000 rw-p 00000000 00:00 0 
7d989ccfd000-7d989ccfe000 ---p 00000000 00:00 0 
7d989ccfe000-7d989cdfe000 rw-p 00000000 00:00 0 
7d989cdfe000-7d989cdff000 ---p 00000000 00:00 0 
7d989cdff000-7d989ceff000 rw-p 00000000 00:00 0 
7d989ceff000-7d989cf00000 ---p 00000000 00:00 0 
7d989cf00000-7d989d000000 rw-p 00000000 00:00 0 
7d989d000000-7d989d394000 rw-p 00000000 00:00 0 
7d989d394000-7d989eff4000 ---p 00000000 00:00 0 
7d989eff4000-7d989effc000 rw-p 00000000 00:00 0 
7d989effc000-7d989f073000 rw-p 00000000 00:00 0 
7d989f073000-7d989f3fe000 ---p 00000000 00:00 0 
7d989f3fe000-7d989f473000 rw-p 00000000 00:00 0 
7d989f473000-7d989f7fe000 ---p 00000000 00:00 0 
7d989f7fe000-7d989f800000 rw-p 00000000 00:00 0 
7d989f800000-7d989f806000 r--s 00000000 fd:01 4392027                    /home/ubuntu/.gradle/caches/8.10.2/transforms/81e4360543fbb01d4f7fb470fa49803d/transformed/ideaIU-2025.3/lib/externalProcess-rt.jar
7d989f806000-7d989f814000 r--s 00000000 fd:01 4395087                    /home/ubuntu/repos/minecraft-lua-map-maker/ide-plugin/build/idea-sandbox/IU-2025.3/plugins-test/luamap-idea-plugin/lib/luamap-idea-plugin-0.1.2.jar
7d989f814000-7d989f81f000 r--s 00000000 fd:01 3097645                    /home/ubuntu/.gradle/caches/8.10.2/workerMain/gradle-worker.jar
7d989f81f000-7d989f876000 r--p 00000000 fd:01 6137                       /usr/lib/locale/C.utf8/LC_CTYPE
7d989f876000-7d989fe00000 rw-p 00000000 00:00 0 
7d989fe00000-7d98a0070000 rwxp 00000000 00:00 0 
7d98a0070000-7d98afb38000 ---p 00000000 00:00 0 
7d98afb38000-7d98afda8000 rwxp 00000000 00:00 0 
7d98afda8000-7d98b00c7000 ---p 00000000 00:00 0 
7d98b00c7000-7d98b0337000 rwxp 00000000 00:00 0 
7d98b0337000-7d98bfe00000 ---p 00000000 00:00 0 
7d98c3e92000-7d98c3e93000 r--s 00000000 fd:01 4391938                    /home/ubuntu/.gradle/caches/8.10.2/transforms/81e4360543fbb01d4f7fb470fa49803d/transformed/ideaIU-2025.3/lib/module-intellij.libraries.jbr.jar
7d98c3e93000-7d98c3e94000 r--s 00000000 fd:01 4391965                    /home/ubuntu/.gradle/caches/8.10.2/transforms/81e4360543fbb01d4f7fb470fa49803d/transformed/ideaIU-2025.3/lib/module-intellij.libraries.javax.annotation.jar
7d98c3e94000-7d98c3e97000 r--p 00000000 fd:01 4393158                    /home/ubuntu/.gradle/caches/8.10.2/transforms/81e4360543fbb01d4f7fb470fa49803d/transformed/ideaIU-2025.3/jbr/lib/libnet.so
7d98c3e97000-7d98c3e9f000 r-xp 00003000 fd:01 4393158                    /home/ubuntu/.gradle/caches/8.10.2/transforms/81e4360543fbb01d4f7fb470fa49803d/transformed/ideaIU-2025.3/jbr/lib/libnet.so
7d98c3e9f000-7d98c3ea1000 r--p 0000b000 fd:01 4393158                    /home/ubuntu/.gradle/caches/8.10.2/transforms/81e4360543fbb01d4f7fb470fa49803d/transformed/ideaIU-2025.3/jbr/lib/libnet.so
7d98c3ea1000-7d98c3ea2000 ---p 0000d000 fd:01 4393158                    /home/ubuntu/.gradle/caches/8.10.2/transforms/81e4360543fbb01d4f7fb470fa49803d/transformed/ideaIU-2025.3/jbr/lib/libnet.so
7d98c3ea2000-7d98c3ea3000 r--p 0000d000 fd:01 4393158                    /home/ubuntu/.gradle/caches/8.10.2/transforms/81e4360543fbb01d4f7fb470fa49803d/transformed/ideaIU-2025.3/jbr/lib/libnet.so
7d98c3ea3000-7d98c4000000 rw-p 00000000 00:00 0 
7d98c4000000-7d98c42fa000 rw-p 00000000 00:00 0 
7d98c42fa000-7d98c8000000 ---p 00000000 00:00 0 
7d98c8000000-7d98c8001000 r--s 00000000 fd:01 4392019                    /home/ubuntu/.gradle/caches/8.10.2/transforms/81e4360543fbb01d4f7fb470fa49803d/transformed/ideaIU-2025.3/lib/module-intellij.libraries.ion.jar
7d98c8001000-7d98c8008000 r--p 00000000 fd:01 4393099                    /home/ubuntu/.gradle/caches/8.10.2/transforms/81e4360543fbb01d4f7fb470fa49803d/transformed/ideaIU-2025.3/jbr/lib/libnio.so
7d98c8008000-7d98c8011000 r-xp 00007000 fd:01 4393099                    /home/ubuntu/.gradle/caches/8.10.2/transforms/81e4360543fbb01d4f7fb470fa49803d/transformed/ideaIU-2025.3/jbr/lib/libnio.so
7d98c8011000-7d98c8015000 r--p 00010000 fd:01 4393099                    /home/ubuntu/.gradle/caches/8.10.2/transforms/81e4360543fbb01d4f7fb470fa49803d/transformed/ideaIU-2025.3/jbr/lib/libnio.so
7d98c8015000-7d98c8016000 ---p 00014000 fd:01 4393099                    /home/ubuntu/.gradle/caches/8.10.2/transforms/81e4360543fbb01d4f7fb470fa49803d/transformed/ideaIU-2025.3/jbr/lib/libnio.so
7d98c8016000-7d98c8017000 r--p 00014000 fd:01 4393099                    /home/ubuntu/.gradle/caches/8.10.2/transforms/81e4360543fbb01d4f7fb470fa49803d/transformed/ideaIU-2025.3/jbr/lib/libnio.so
7d98c8017000-7d98c8018000 rw-p 00015000 fd:01 4393099                    /home/ubuntu/.gradle/caches/8.10.2/transforms/81e4360543fbb01d4f7fb470fa49803d/transformed/ideaIU-2025.3/jbr/lib/libnio.so
7d98c8018000-7d98c8019000 r--p 00000000 fd:01 6142                       /usr/lib/locale/C.utf8/LC_NUMERIC
7d98c8019000-7d98c801a000 r--p 00000000 fd:01 6145                       /usr/lib/locale/C.utf8/LC_TIME
7d98c801a000-7d98c8021000 r--s 00000000 fd:01 3856                       /usr/lib/x86_64-linux-gnu/gconv/gconv-modules.cache
7d98c8021000-7d98c8228000 rw-p 00000000 00:00 0 
7d98c8228000-7d98c841e000 ---p 00000000 00:00 0 
7d98c841e000-7d98c8423000 rw-p 00000000 00:00 0 
7d98c8423000-7d98c8619000 ---p 00000000 00:00 0 
7d98c8619000-7d98c861d000 ---p 00000000 00:00 0 
7d98c861d000-7d98c8719000 rw-p 00000000 00:00 0 
7d98c8719000-7d98c8727000 r--p 00000000 fd:01 4981                       /usr/lib/x86_64-linux-gnu/libm.so.6
7d98c8727000-7d98c87a3000 r-xp 0000e000 fd:01 4981                       /usr/lib/x86_64-linux-gnu/libm.so.6
7d98c87a3000-7d98c87fe000 r--p 0008a000 fd:01 4981                       /usr/lib/x86_64-linux-gnu/libm.so.6
7d98c87fe000-7d98c87ff000 r--p 000e4000 fd:01 4981                       /usr/lib/x86_64-linux-gnu/libm.so.6
7d98c87ff000-7d98c8800000 rw-p 000e5000 fd:01 4981                       /usr/lib/x86_64-linux-gnu/libm.so.6
7d98c8800000-7d98c8aa4000 r--p 00000000 fd:01 4393179                    /home/ubuntu/.gradle/caches/8.10.2/transforms/81e4360543fbb01d4f7fb470fa49803d/transformed/ideaIU-2025.3/jbr/lib/server/libjvm.so
7d98c8aa4000-7d98c991e000 r-xp 002a4000 fd:01 4393179                    /home/ubuntu/.gradle/caches/8.10.2/transforms/81e4360543fbb01d4f7fb470fa49803d/transformed/ideaIU-2025.3/jbr/lib/server/libjvm.so
7d98c991e000-7d98c9c05000 r--p 0111e000 fd:01 4393179                    /home/ubuntu/.gradle/caches/8.10.2/transforms/81e4360543fbb01d4f7fb470fa49803d/transformed/ideaIU-2025.3/jbr/lib/server/libjvm.so
7d98c9c05000-7d98c9cda000 r--p 01404000 fd:01 4393179                    /home/ubuntu/.gradle/caches/8.10.2/transforms/81e4360543fbb01d4f7fb470fa49803d/transformed/ideaIU-2025.3/jbr/lib/server/libjvm.so
7d98c9cda000-7d98c9d0a000 rw-p 014d9000 fd:01 4393179                    /home/ubuntu/.gradle/caches/8.10.2/transforms/81e4360543fbb01d4f7fb470fa49803d/transformed/ideaIU-2025.3/jbr/lib/server/libjvm.so
7d98c9d0a000-7d98c9d80000 rw-p 00000000 00:00 0 
7d98c9d80000-7d98c9d81000 r--p 00000000 fd:01 6136                       /usr/lib/locale/C.utf8/LC_COLLATE
7d98c9d81000-7d98c9d82000 r--p 00000000 fd:01 6140                       /usr/lib/locale/C.utf8/LC_MONETARY
7d98c9d82000-7d98c9d83000 r--p 00000000 fd:01 6134                       /usr/lib/locale/C.utf8/LC_MESSAGES/SYS_LC_MESSAGES
7d98c9d83000-7d98c9d84000 r--p 00000000 fd:01 6143                       /usr/lib/locale/C.utf8/LC_PAPER
7d98c9d84000-7d98c9d85000 r--p 00000000 fd:01 6141                       /usr/lib/locale/C.utf8/LC_NAME
7d98c9d85000-7d98c9dcb000 rw-p 00000000 00:00 0 
7d98c9dcb000-7d98c9dd2000 ---p 00000000 00:00 0 
7d98c9dd2000-7d98c9dd4000 r--p 00000000 fd:01 4393095                    /home/ubuntu/.gradle/caches/8.10.2/transforms/81e4360543fbb01d4f7fb470fa49803d/transformed/ideaIU-2025.3/jbr/lib/libzip.so
7d98c9dd4000-7d98c9dd8000 r-xp 00002000 fd:01 4393095                    /home/ubuntu/.gradle/caches/8.10.2/transforms/81e4360543fbb01d4f7fb470fa49803d/transformed/ideaIU-2025.3/jbr/lib/libzip.so
7d98c9dd8000-7d98c9dda000 r--p 00006000 fd:01 4393095                    /home/ubuntu/.gradle/caches/8.10.2/transforms/81e4360543fbb01d4f7fb470fa49803d/transformed/ideaIU-2025.3/jbr/lib/libzip.so
7d98c9dda000-7d98c9ddb000 r--p 00007000 fd:01 4393095                    /home/ubuntu/.gradle/caches/8.10.2/transforms/81e4360543fbb01d4f7fb470fa49803d/transformed/ideaIU-2025.3/jbr/lib/libzip.so
7d98c9ddb000-7d98c9ddc000 rw-p 00000000 00:00 0 
7d98c9ddc000-7d98c9de9000 r--p 00000000 fd:01 4393192                    /home/ubuntu/.gradle/caches/8.10.2/transforms/81e4360543fbb01d4f7fb470fa49803d/transformed/ideaIU-2025.3/jbr/lib/libjava.so
7d98c9de9000-7d98c9df7000 r-xp 0000d000 fd:01 4393192                    /home/ubuntu/.gradle/caches/8.10.2/transforms/81e4360543fbb01d4f7fb470fa49803d/transformed/ideaIU-2025.3/jbr/lib/libjava.so
7d98c9df7000-7d98c9dfc000 r--p 0001b000 fd:01 4393192                    /home/ubuntu/.gradle/caches/8.10.2/transforms/81e4360543fbb01d4f7fb470fa49803d/transformed/ideaIU-2025.3/jbr/lib/libjava.so
7d98c9dfc000-7d98c9dfd000 ---p 00020000 fd:01 4393192                    /home/ubuntu/.gradle/caches/8.10.2/transforms/81e4360543fbb01d4f7fb470fa49803d/transformed/ideaIU-2025.3/jbr/lib/libjava.so
7d98c9dfd000-7d98c9dfe000 r--p 00020000 fd:01 4393192                    /home/ubuntu/.gradle/caches/8.10.2/transforms/81e4360543fbb01d4f7fb470fa49803d/transformed/ideaIU-2025.3/jbr/lib/libjava.so
7d98c9dfe000-7d98c9dff000 rw-p 00021000 fd:01 4393192                    /home/ubuntu/.gradle/caches/8.10.2/transforms/81e4360543fbb01d4f7fb470fa49803d/transformed/ideaIU-2025.3/jbr/lib/libjava.so
7d98c9dff000-7d98c9e00000 rw-p 00000000 00:00 0 
7d98c9e00000-7d98c9e28000 r--p 00000000 fd:01 4978                       /usr/lib/x86_64-linux-gnu/libc.so.6
7d98c9e28000-7d98c9fbd000 r-xp 00028000 fd:01 4978                       /usr/lib/x86_64-linux-gnu/libc.so.6
7d98c9fbd000-7d98ca015000 r--p 001bd000 fd:01 4978                       /usr/lib/x86_64-linux-gnu/libc.so.6
7d98ca015000-7d98ca016000 ---p 00215000 fd:01 4978                       /usr/lib/x86_64-linux-gnu/libc.so.6
7d98ca016000-7d98ca01a000 r--p 00215000 fd:01 4978                       /usr/lib/x86_64-linux-gnu/libc.so.6
7d98ca01a000-7d98ca01c000 rw-p 00219000 fd:01 4978                       /usr/lib/x86_64-linux-gnu/libc.so.6
7d98ca01c000-7d98ca029000 rw-p 00000000 00:00 0 
7d98ca029000-7d98ca02a000 r--p 00000000 fd:01 6135                       /usr/lib/locale/C.utf8/LC_ADDRESS
7d98ca02a000-7d98ca02b000 r--p 00000000 fd:01 6144                       /usr/lib/locale/C.utf8/LC_TELEPHONE
7d98ca02b000-7d98ca02e000 r--s 00027000 fd:01 4391991                    /home/ubuntu/.gradle/caches/8.10.2/transforms/81e4360543fbb01d4f7fb470fa49803d/transformed/ideaIU-2025.3/lib/nio-fs.jar
7d98ca02e000-7d98ca036000 rw-s 00000000 fd:01 2850744                    /tmp/hsperfdata_ubuntu/59982 (deleted)
7d98ca036000-7d98ca05d000 rw-p 00000000 00:00 0 
7d98ca05d000-7d98ca060000 r--p 00000000 fd:01 4393162                    /home/ubuntu/.gradle/caches/8.10.2/transforms/81e4360543fbb01d4f7fb470fa49803d/transformed/ideaIU-2025.3/jbr/lib/libjimage.so
7d98ca060000-7d98ca074000 r-xp 00003000 fd:01 4393162                    /home/ubuntu/.gradle/caches/8.10.2/transforms/81e4360543fbb01d4f7fb470fa49803d/transformed/ideaIU-2025.3/jbr/lib/libjimage.so
7d98ca074000-7d98ca07a000 r--p 00017000 fd:01 4393162                    /home/ubuntu/.gradle/caches/8.10.2/transforms/81e4360543fbb01d4f7fb470fa49803d/transformed/ideaIU-2025.3/jbr/lib/libjimage.so
7d98ca07a000-7d98ca07b000 ---p 0001d000 fd:01 4393162                    /home/ubuntu/.gradle/caches/8.10.2/transforms/81e4360543fbb01d4f7fb470fa49803d/transformed/ideaIU-2025.3/jbr/lib/libjimage.so
7d98ca07b000-7d98ca07d000 r--p 0001d000 fd:01 4393162                    /home/ubuntu/.gradle/caches/8.10.2/transforms/81e4360543fbb01d4f7fb470fa49803d/transformed/ideaIU-2025.3/jbr/lib/libjimage.so
7d98ca07d000-7d98ca07e000 rw-p 0001f000 fd:01 4393162                    /home/ubuntu/.gradle/caches/8.10.2/transforms/81e4360543fbb01d4f7fb470fa49803d/transformed/ideaIU-2025.3/jbr/lib/libjimage.so
7d98ca07e000-7d98ca0a5000 rw-p 00000000 00:00 0 
7d98ca0a5000-7d98ca0a6000 r--p 00000000 fd:01 4992                       /usr/lib/x86_64-linux-gnu/librt.so.1
7d98ca0a6000-7d98ca0a7000 r-xp 00001000 fd:01 4992                       /usr/lib/x86_64-linux-gnu/librt.so.1
7d98ca0a7000-7d98ca0a8000 r--p 00002000 fd:01 4992                       /usr/lib/x86_64-linux-gnu/librt.so.1
7d98ca0a8000-7d98ca0a9000 r--p 00002000 fd:01 4992                       /usr/lib/x86_64-linux-gnu/librt.so.1
7d98ca0a9000-7d98ca0aa000 rw-p 00003000 fd:01 4992                       /usr/lib/x86_64-linux-gnu/librt.so.1
7d98ca0aa000-7d98ca0d6000 rw-p 00000000 00:00 0 
7d98ca0d6000-7d98ca0d7000 r--p 00000000 fd:01 4980                       /usr/lib/x86_64-linux-gnu/libdl.so.2
7d98ca0d7000-7d98ca0d8000 r-xp 00001000 fd:01 4980                       /usr/lib/x86_64-linux-gnu/libdl.so.2
7d98ca0d8000-7d98ca0d9000 r--p 00002000 fd:01 4980                       /usr/lib/x86_64-linux-gnu/libdl.so.2
7d98ca0d9000-7d98ca0da000 r--p 00002000 fd:01 4980                       /usr/lib/x86_64-linux-gnu/libdl.so.2
7d98ca0da000-7d98ca0db000 rw-p 00003000 fd:01 4980                       /usr/lib/x86_64-linux-gnu/libdl.so.2
7d98ca0db000-7d98ca0dc000 r--p 00000000 fd:01 4990                       /usr/lib/x86_64-linux-gnu/libpthread.so.0
7d98ca0dc000-7d98ca0dd000 r-xp 00001000 fd:01 4990                       /usr/lib/x86_64-linux-gnu/libpthread.so.0
7d98ca0dd000-7d98ca0de000 r--p 00002000 fd:01 4990                       /usr/lib/x86_64-linux-gnu/libpthread.so.0
7d98ca0de000-7d98ca0df000 r--p 00002000 fd:01 4990                       /usr/lib/x86_64-linux-gnu/libpthread.so.0
7d98ca0df000-7d98ca0e0000 rw-p 00003000 fd:01 4990                       /usr/lib/x86_64-linux-gnu/libpthread.so.0
7d98ca0e0000-7d98ca0e2000 r--p 00000000 fd:01 4393092                    /home/ubuntu/.gradle/caches/8.10.2/transforms/81e4360543fbb01d4f7fb470fa49803d/transformed/ideaIU-2025.3/jbr/lib/libjli.so
7d98ca0e2000-7d98ca0ec000 r-xp 00002000 fd:01 4393092                    /home/ubuntu/.gradle/caches/8.10.2/transforms/81e4360543fbb01d4f7fb470fa49803d/transformed/ideaIU-2025.3/jbr/lib/libjli.so
7d98ca0ec000-7d98ca0ef000 r--p 0000c000 fd:01 4393092                    /home/ubuntu/.gradle/caches/8.10.2/transforms/81e4360543fbb01d4f7fb470fa49803d/transformed/ideaIU-2025.3/jbr/lib/libjli.so
7d98ca0ef000-7d98ca0f0000 ---p 0000f000 fd:01 4393092                    /home/ubuntu/.gradle/caches/8.10.2/transforms/81e4360543fbb01d4f7fb470fa49803d/transformed/ideaIU-2025.3/jbr/lib/libjli.so
7d98ca0f0000-7d98ca0f1000 r--p 0000f000 fd:01 4393092                    /home/ubuntu/.gradle/caches/8.10.2/transforms/81e4360543fbb01d4f7fb470fa49803d/transformed/ideaIU-2025.3/jbr/lib/libjli.so
7d98ca0f1000-7d98ca0f2000 rw-p 00010000 fd:01 4393092                    /home/ubuntu/.gradle/caches/8.10.2/transforms/81e4360543fbb01d4f7fb470fa49803d/transformed/ideaIU-2025.3/jbr/lib/libjli.so
7d98ca0f2000-7d98ca0f4000 r--p 00000000 fd:01 3863                       /usr/lib/x86_64-linux-gnu/libz.so.1.2.11
7d98ca0f4000-7d98ca105000 r-xp 00002000 fd:01 3863                       /usr/lib/x86_64-linux-gnu/libz.so.1.2.11
7d98ca105000-7d98ca10b000 r--p 00013000 fd:01 3863                       /usr/lib/x86_64-linux-gnu/libz.so.1.2.11
7d98ca10b000-7d98ca10c000 ---p 00019000 fd:01 3863                       /usr/lib/x86_64-linux-gnu/libz.so.1.2.11
7d98ca10c000-7d98ca10d000 r--p 00019000 fd:01 3863                       /usr/lib/x86_64-linux-gnu/libz.so.1.2.11
7d98ca10d000-7d98ca10e000 rw-p 0001a000 fd:01 3863                       /usr/lib/x86_64-linux-gnu/libz.so.1.2.11
7d98ca10e000-7d98ca10f000 r--p 00000000 fd:01 6139                       /usr/lib/locale/C.utf8/LC_MEASUREMENT
7d98ca10f000-7d98ca110000 r--p 00000000 fd:01 6138                       /usr/lib/locale/C.utf8/LC_IDENTIFICATION
7d98ca110000-7d98ca112000 r--p 00000000 fd:01 4393146                    /home/ubuntu/.gradle/caches/8.10.2/transforms/81e4360543fbb01d4f7fb470fa49803d/transformed/ideaIU-2025.3/jbr/lib/libinstrument.so
7d98ca112000-7d98ca118000 r-xp 00002000 fd:01 4393146                    /home/ubuntu/.gradle/caches/8.10.2/transforms/81e4360543fbb01d4f7fb470fa49803d/transformed/ideaIU-2025.3/jbr/lib/libinstrument.so
7d98ca118000-7d98ca11b000 r--p 00008000 fd:01 4393146                    /home/ubuntu/.gradle/caches/8.10.2/transforms/81e4360543fbb01d4f7fb470fa49803d/transformed/ideaIU-2025.3/jbr/lib/libinstrument.so
7d98ca11b000-7d98ca11c000 r--p 0000a000 fd:01 4393146                    /home/ubuntu/.gradle/caches/8.10.2/transforms/81e4360543fbb01d4f7fb470fa49803d/transformed/ideaIU-2025.3/jbr/lib/libinstrument.so
7d98ca11c000-7d98ca11d000 rw-p 0000b000 fd:01 4393146                    /home/ubuntu/.gradle/caches/8.10.2/transforms/81e4360543fbb01d4f7fb470fa49803d/transformed/ideaIU-2025.3/jbr/lib/libinstrument.so
7d98ca11d000-7d98ca11e000 ---p 00000000 00:00 0 
7d98ca11e000-7d98ca11f000 r--p 00000000 00:00 0 
7d98ca11f000-7d98ca121000 rw-p 00000000 00:00 0 
7d98ca121000-7d98ca123000 r--p 00000000 fd:01 4972                       /usr/lib/x86_64-linux-gnu/ld-linux-x86-64.so.2
7d98ca123000-7d98ca14d000 r-xp 00002000 fd:01 4972                       /usr/lib/x86_64-linux-gnu/ld-linux-x86-64.so.2
7d98ca14d000-7d98ca158000 r--p 0002c000 fd:01 4972                       /usr/lib/x86_64-linux-gnu/ld-linux-x86-64.so.2
7d98ca158000-7d98ca159000 ---p 00000000 00:00 0 
7d98ca159000-7d98ca15b000 r--p 00037000 fd:01 4972                       /usr/lib/x86_64-linux-gnu/ld-linux-x86-64.so.2
7d98ca15b000-7d98ca15d000 rw-p 00039000 fd:01 4972                       /usr/lib/x86_64-linux-gnu/ld-linux-x86-64.so.2
7ffde1625000-7ffde1647000 rw-p 00000000 00:00 0                          [stack]
7ffde1784000-7ffde1788000 r--p 00000000 00:00 0                          [vvar]
7ffde1788000-7ffde178a000 r-xp 00000000 00:00 0                          [vdso]
ffffffffff600000-ffffffffff601000 --xp 00000000 00:00 0                  [vsyscall]
Total number of mappings: 1228

JVMTI agents:
/home/ubuntu/repos/minecraft-lua-map-maker/ide-plugin/build/coroutines-javaagent.jar path:none, loaded, not initialized, instrumentlib options:none


VM Arguments:
jvm_args: -Daether.connector.resumeDownloads=false -Dawt.lock.fair=true -Dcompose.swing.render.on.graphics=true -Didea.classpath.index.enabled=false -Didea.config.path=/home/ubuntu/repos/minecraft-lua-map-maker/ide-plugin/build/idea-sandbox/IU-2025.3/config-test -Didea.force.use.core.classloader=true -Didea.log.path=/home/ubuntu/repos/minecraft-lua-map-maker/ide-plugin/build/idea-sandbox/IU-2025.3/log-test -Didea.paths.selector=IntelliJIdea2025.3 -Didea.plugins.path=/home/ubuntu/repos/minecraft-lua-map-maker/ide-plugin/build/idea-sandbox/IU-2025.3/plugins-test -Didea.system.path=/home/ubuntu/repos/minecraft-lua-map-maker/ide-plugin/build/idea-sandbox/IU-2025.3/system-test -Didea.use.core.classloader.for.plugin.path=true -Didea.vendor.name=JetBrains -Dintellij.platform.runtime.repository.path=/home/ubuntu/.gradle/caches/8.10.2/transforms/81e4360543fbb01d4f7fb470fa49803d/transformed/ideaIU-2025.3/modules/module-descriptors.dat -Dintellij.testFramework.rethrow.logged.errors=true -Dio.netty.allocator.type=pooled -Djava.nio.file.spi.DefaultFileSystemProvider=com.intellij.platform.core.nio.fs.MultiRoutingFileSystemProvider -Djava.system.class.loader=com.intellij.util.lang.PathClassLoader -Djava.util.zip.use.nio.for.zip.file.access=true -Djbr.catch.SIGABRT=true -Djdk.attach.allowAttachSelf=true -Djdk.http.auth.tunneling.disabledSchemes="" -Djdk.module.illegalAccess.silent=true -Djdk.nio.maxCachedBufferSize=2097152 -Djna.boot.library.path=/home/ubuntu/.gradle/caches/8.10.2/transforms/81e4360543fbb01d4f7fb470fa49803d/transformed/ideaIU-2025.3/lib/jna/amd64 -Djna.noclasspath=true -Djna.nosys=true -Dorg.gradle.internal.worker.tmpdir=/home/ubuntu/repos/minecraft-lua-map-maker/ide-plugin/build/tmp/test/work -Dplugin.path=/home/ubuntu/repos/minecraft-lua-map-maker/ide-plugin/build/idea-sandbox/IU-2025.3/plugins-test/luamap-idea-plugin -Dpty4j.preferred.native.folder=/home/ubuntu/.gradle/caches/8.10.2/transforms/81e4360543fbb01d4f7fb470fa49803d/transformed/ideaIU-2025.3/lib/pty4j -Dsplash=true -Dsun.io.useCanonCaches=false -Dsun.java2d.metal=true -Dsun.tools.attach.tmp.only=true -XX:JbrShrinkingGcMaxHeapFreeRatio=40 -XX:ReservedCodeCacheSize=512m -XX:+HeapDumpOnOutOfMemoryError -XX:-OmitStackTraceInFastThrow -XX:CICompilerCount=2 -XX:+IgnoreUnrecognizedVMOptions -XX:+UnlockDiagnosticVMOptions -XX:TieredOldPercentage=100000 -javaagent:/home/ubuntu/repos/minecraft-lua-map-maker/ide-plugin/build/coroutines-javaagent.jar -Xbootclasspath/a:/home/ubuntu/.gradle/caches/8.10.2/transforms/81e4360543fbb01d4f7fb470fa49803d/transformed/ideaIU-2025.3/lib/nio-fs.jar --add-opens=java.base/java.io=ALL-UNNAMED --add-opens=java.base/java.lang=ALL-UNNAMED --add-opens=java.base/java.lang.ref=ALL-UNNAMED --add-opens=java.base/java.lang.reflect=ALL-UNNAMED --add-opens=java.base/java.net=ALL-UNNAMED --add-opens=java.base/java.nio=ALL-UNNAMED --add-opens=java.base/java.nio.charset=ALL-UNNAMED --add-opens=java.base/java.text=ALL-UNNAMED --add-opens=java.base/java.time=ALL-UNNAMED --add-opens=java.base/java.util=ALL-UNNAMED --add-opens=java.base/java.util.concurrent=ALL-UNNAMED --add-opens=java.base/java.util.concurrent.atomic=ALL-UNNAMED --add-opens=java.base/java.util.concurrent.locks=ALL-UNNAMED --add-opens=java.base/jdk.internal.ref=ALL-UNNAMED --add-opens=java.base/jdk.internal.vm=ALL-UNNAMED --add-opens=java.base/sun.net.dns=ALL-UNNAMED --add-opens=java.base/sun.nio=ALL-UNNAMED --add-opens=java.base/sun.nio.ch=ALL-UNNAMED --add-opens=java.base/sun.nio.fs=ALL-UNNAMED --add-opens=java.base/sun.security.ssl=ALL-UNNAMED --add-opens=java.base/sun.security.util=ALL-UNNAMED --add-opens=java.desktop/com.sun.java.swing=ALL-UNNAMED --add-opens=java.desktop/com.sun.java.swing.plaf.gtk=ALL-UNNAMED --add-opens=java.desktop/java.awt=ALL-UNNAMED --add-opens=java.desktop/java.awt.dnd.peer=ALL-UNNAMED --add-opens=java.desktop/java.awt.event=ALL-UNNAMED --add-opens=java.desktop/java.awt.font=ALL-UNNAMED --add-opens=java.desktop/java.awt.image=ALL-UNNAMED --add-opens=java.desktop/java.awt.peer=ALL-UNNAMED --add-opens=java.desktop/javax.swing=ALL-UNNAMED --add-opens=java.desktop/javax.swing.plaf.basic=ALL-UNNAMED --add-opens=java.desktop/javax.swing.text=ALL-UNNAMED --add-opens=java.desktop/javax.swing.text.html=ALL-UNNAMED --add-opens=java.desktop/javax.swing.text.html.parser=ALL-UNNAMED --add-opens=java.desktop/sun.awt=ALL-UNNAMED --add-opens=java.desktop/sun.awt.X11=ALL-UNNAMED --add-opens=java.desktop/sun.awt.datatransfer=ALL-UNNAMED --add-opens=java.desktop/sun.awt.image=ALL-UNNAMED --add-opens=java.desktop/sun.font=ALL-UNNAMED --add-opens=java.desktop/sun.java2d=ALL-UNNAMED --add-opens=java.desktop/sun.swing=ALL-UNNAMED --add-opens=java.management/sun.management=ALL-UNNAMED --add-opens=jdk.attach/sun.tools.attach=ALL-UNNAMED --add-opens=jdk.compiler/com.sun.tools.javac.api=ALL-UNNAMED --add-opens=jdk.internal.jvmstat/sun.jvmstat.monitor=ALL-UNNAMED --add-opens=jdk.jdi/com.sun.tools.jdi=ALL-UNNAMED -Xms128m -Xmx2048m -Dfile.encoding=UTF-8 -Duser.country -Duser.language=en -Duser.variant -ea -Dawt.toolkit.name=XToolkit 
java_command: worker.org.gradle.process.internal.worker.GradleWorkerMain 'Gradle Test Executor 42'
java_class_path (initial): /home/ubuntu/.gradle/caches/8.10.2/workerMain/gradle-worker.jar:/home/ubuntu/repos/minecraft-lua-map-maker/ide-plugin/build/instrumented/instrumentTestCode:/home/ubuntu/repos/minecraft-lua-map-maker/ide-plugin/build/idea-sandbox/IU-2025.3/plugins-test/luamap-idea-plugin/lib/luamap-idea-plugin-0.1.2.jar:/home/ubuntu/repos/minecraft-lua-map-maker/ide-plugin/build/classes/java/test:/home/ubuntu/repos/minecraft-lua-map-maker/ide-plugin/build/resources/test:/home/ubuntu/.gradle/caches/8.10.2/transforms/81e4360543fbb01d4f7fb470fa49803d/transformed/ideaIU-2025.3/lib/platform-loader.jar:/home/ubuntu/.gradle/caches/8.10.2/transforms/81e4360543fbb01d4f7fb470fa49803d/transformed/ideaIU-2025.3/lib/util-8.jar:/home/ubuntu/.gradle/caches/8.10.2/transforms/81e4360543fbb01d4f7fb470fa49803d/transformed/ideaIU-2025.3/lib/app.jar:/home/ubuntu/.gradle/caches/8.10.2/transforms/81e4360543fbb01d4f7fb470fa49803d/transformed/ideaIU-2025.3/lib/util.jar:/home/ubuntu/.gradle/caches/8.10.2/transforms/81e4360543fbb01d4f7fb470fa49803d/transformed/ideaIU-2025.3/lib/product-backend.jar:/home/ubuntu/.gradle/caches/8.10.2/transforms/81e4360543fbb01d4f7fb470fa49803d/transformed/ideaIU-2025.3/lib/app-backend.jar:/home/ubuntu/.gradle/caches/8.10.2/transforms/81e4360543fbb01d4f7fb470fa49803d/transformed/ideaIU-2025.3/lib/annotations.jar:/home/ubuntu/.gradle/caches/8.10.2/transforms/81e4360543fbb01d4f7fb470fa49803d/transformed/ideaIU-2025.3/lib/eclipse.lsp4j.debug.jar:/home/ubuntu/.gradle/caches/8.10.2/transforms/81e4360543fbb01d4f7fb470fa49803d/transformed/ideaIU-2025.3/lib/eclipse.lsp4j.jar:/home/ubuntu/.gradle/caches/8.10.2/transforms/81e4360543fbb01d4f7fb470fa49803d/transformed/ideaIU-2025.3/lib/eclipse.lsp4j.jsonrpc.debug.jar:/home/ubuntu/.gradle/caches/8.10.2/transforms/81e4360543fbb01d4f7fb470fa49803d/transformed/ideaIU-2025.3/lib/eclipse.lsp4j.jsonrpc.jar:/home/ubuntu/.gradle/caches/8.10.2/transforms/81e4360543fbb01d4f7fb470fa49803d/transformed/ideaIU-2025.3/lib/external-system-rt.jar:/home/ubuntu/.gradle/caches/8.10.2/transforms/81e4360543fbb01d4f7fb470fa49803d/transformed/ideaIU-2025.3/lib/externalProcess-rt.jar:/home/ubuntu/.gradle/caches/8.10.2/transforms/81e4360543fbb01d4f7fb470fa49803d/transformed/ideaIU-2025.3/lib/forms_rt.jar:/home/ubuntu/.gradle/caches/8.10.2/transforms/81e4360543fbb01d4f7fb470fa49803d/transformed/ideaIU-2025.3/lib/groovy.jar:/home/ubuntu/.gradle/caches/8.10.2/transforms/81e4360543fbb01d4f7fb470fa49803d/transformed/ideaIU-2025.3/lib/idea_rt.jar:/home/ubuntu/.gradle/caches/8.10.2/transforms/81e4360543fbb01d4f7fb470fa49803d/transformed/ideaIU-2025.3/lib/intellij-test-discovery.jar:/home/ubuntu/.gradle/caches/8.10.2/transforms/81e4360543fbb01d4f7fb470fa49803d/transformed/ideaIU-2025.3/lib/javax.activation.jar:/home/ubuntu/.gradle/caches/8.10.2/transforms/81e4360543fbb01d4f7fb470fa49803d/transformed/ideaIU-2025.3/lib/javax.annotation-api.jar:/home/ubuntu/.gradle/caches/8.10.2/transforms/81e4360543fbb01d4f7fb470fa49803d/transformed/ideaIU-2025.3/lib/jaxb-api.jar:/home/ubuntu/.gradle/caches/8.10.2/transforms/81e4360543fbb01d4f7fb470fa49803d/transformed/ideaIU-2025.3/lib/jaxb-runtime.jar:/home/ubuntu/.gradle/caches/8.10.2/transforms/81e4360543fbb01d4f7fb470fa49803d/transformed/ideaIU-2025.3/lib/jps-model.jar:/home/ubuntu/.gradle/caches/8.10.2/transforms/81e4360543fbb01d4f7fb470fa49803d/transformed/ideaIU-2025.3/lib/jsch-agent.jar:/home/ubuntu/.gradle/caches/8.10.2/transforms/81e4360543fbb01d4f7fb470fa49803d/transformed/ideaIU-2025.3/lib/lib-backend.jar:/home/ubuntu/.gradle/caches/8.10.2/transforms/81e4360543fbb01d4f7fb470fa49803d/transformed/ideaIU-2025.3/lib/lib.jar:/home/ubuntu/.gradle/caches/8.10.2/transforms/81e4360543fbb01d4f7fb470fa49803d/transformed/ideaIU-2025.3/lib/module-intellij.libraries.aalto.xml.jar:/home/ubuntu/.gradle/caches/8.10.2/transforms/81e4360543fbb01d4f7fb470fa49803d/transformed/ideaIU-2025.3/lib/module-intellij.libraries.asm.jar:/home/ubuntu/.gradle/caches/8.10.2/transforms/81e4360543fbb01d4f7fb470fa49803d/transformed/ideaIU-2025.3/lib/module-intellij.libraries.asm.tools.jar:/home/ubuntu/.gradle/caches/8.10.2/transforms/81e4360543fbb01d4f7fb470fa49803d/transformed/ideaIU-2025.3/lib/module-intellij.libraries.automaton.jar:/home/ubuntu/.gradle/caches/8.10.2/transforms/81e4360543fbb01d4f7fb470fa49803d/transformed/ideaIU-2025.3/lib/module-intellij.libraries.blockmap.jar:/home/ubuntu/.gradle/caches/8.10.2/transforms/81e4360543fbb01d4f7fb470fa49803d/transformed/ideaIU-2025.3/lib/module-intellij.libraries.bouncy.castle.pgp.jar:/home/ubuntu/.gradle/caches/8.10.2/transforms/81e4360543fbb01d4f7fb470fa49803d/transformed/ideaIU-2025.3/lib/module-intellij.libraries.bouncy.castle.provider.jar:/home/ubuntu/.gradle/caches/8.10.2/transforms/81e4360543fbb01d4f7fb470fa49803d/transformed/ideaIU-2025.3/lib/module-intellij.libraries.caffeine.jar:/home/ubuntu/.gradle/caches/8.10.2/transforms/81e4360543fbb01d4f7fb470fa49803d/transformed/ideaIU-2025.3/lib/module-intellij.libraries.cglib.jar:/home/ubuntu/.gradle/caches/8.10.2/transforms/81e4360543fbb01d4f7fb470fa49803d/transformed/ideaIU-2025.3/lib/module-intellij.libraries.classgraph.jar:/home/ubuntu/.gradle/caches/8.10.2/transforms/81e4360543fbb01d4f7fb470fa49803d/transformed/ideaIU-2025.3/lib/module-intellij.libraries.cli.parser.jar:/home/ubuntu/.gradle/caches/8.10.2/transforms/81e4360543fbb01d4f7fb470fa49803d/transformed/ideaIU-2025.3/lib/module-intellij.libraries.commons.cli.jar:/home/ubuntu/.gradle/caches/8.10.2/transforms/81e4360543fbb01d4f7fb470fa49803d/transformed/ideaIU-2025.3/lib/module-intellij.libraries.commons.codec.jar:/home/ubuntu/.gradle/caches/8.10.2/transforms/81e4360543fbb01d4f7fb470fa49803d/transformed/ideaIU-2025.3/lib/module-intellij.libraries.commons.compress.jar:/home/ubuntu/.gradle/caches/8.10.2/transforms/81e4360543fbb01d4f7fb470fa49803d/transformed/ideaIU-2025.3/lib/module-intellij.libraries.commons.imaging.jar:/home/ubuntu/.gradle/caches/8.10.2/transforms/81e4360543fbb01d4f7fb470fa49803d/transformed/ideaIU-2025.3/lib/module-intellij.libraries.commons.io.jar:/home/ubuntu/.gradle/caches/8.10.2/transforms/81e4360543fbb01d4f7fb470fa49803d/transformed/ideaIU-2025.3/lib/module-intellij.libraries.commons.lang3.jar:/home/ubuntu/.gradle/caches/8.10.2/transforms/81e4360543fbb01d4f7fb470fa49803d/transformed/ideaIU-2025.3/lib/module-intellij.libraries.commons.logging.jar:/home/ubuntu/.gradle/caches/8.10.2/transforms/81e4360543fbb01d4f7fb470fa49803d/transformed/ideaIU-2025.3/lib/module-intellij.libraries.fastutil.jar:/home/ubuntu/.gradle/caches/8.10.2/transforms/81e4360543fbb01d4f7fb470fa49803d/transformed/ideaIU-2025.3/lib/module-intellij.libraries.gson.jar:/home/ubuntu/.gradle/caches/8.10.2/transforms/81e4360543fbb01d4f7fb470fa49803d/transformed/ideaIU-2025.3/lib/module-intellij.libraries.guava.jar:/home/ubuntu/.gradle/caches/8.10.2/transforms/81e4360543fbb01d4f7fb470fa49803d/transformed/ideaIU-2025.3/lib/module-intellij.libraries.hash4j.jar:/home/ubuntu/.gradle/caches/8.10.2/transforms/81e4360543fbb01d4f7fb470fa49803d/transformed/ideaIU-2025.3/lib/module-intellij.libraries.hdr.histogram.jar:/home/ubuntu/.gradle/caches/8.10.2/transforms/81e4360543fbb01d4f7fb470fa49803d/transformed/ideaIU-2025.3/lib/module-intellij.libraries.http.client.jar:/home/ubuntu/.gradle/caches/8.10.2/transforms/81e4360543fbb01d4f7fb470fa49803d/transformed/ideaIU-2025.3/lib/module-intellij.libraries.icu4j.jar:/home/ubuntu/.gradle/caches/8.10.2/transforms/81e4360543fbb01d4f7fb470fa49803d/transformed/ideaIU-2025.3/lib/module-intellij.libraries.imgscalr.jar:/home/ubuntu/.gradle/caches/8.10.2/transforms/81e4360543fbb01d4f7fb470fa49803d/transformed/ideaIU-2025.3/lib/module-intellij.libraries.ini4j.jar:/home/ubuntu/.gradle/caches/8.10.2/transforms/81e4360543fbb01d4f7fb470fa49803d/transformed/ideaIU-2025.3/lib/module-intellij.libraries.ion.jar:/home/ubuntu/.gradle/caches/8.10.2/transforms/81e4360543fbb01d4f7fb470fa49803d/transformed/ideaIU-2025.3/lib/module-intellij.libraries.jackson.databind.jar:/home/ubuntu/.gradle/caches/8.10.2/transforms/81e4360543fbb01d4f7fb470fa49803d/transformed/ideaIU-2025.3/lib/module-intellij.libraries.jackson.dataformat.yaml.jar:/home/ubuntu/.gradle/caches/8.10.2/transforms/81e4360543fbb01d4f7fb470fa49803d/transformed/ideaIU-2025.3/lib/module-intellij.libraries.jackson.jar:/home/ubuntu/.gradle/caches/8.10.2/transforms/81e4360543fbb01d4f7fb470fa49803d/transformed/ideaIU-2025.3/lib/module-intellij.libraries.jackson.jr.objects.jar:/home/ubuntu/.gradle/caches/8.10.2/transforms/81e4360543fbb01d4f7fb470fa49803d/transformed/ideaIU-2025.3/lib/module-intellij.libraries.jackson.module.kotlin.jar:/home/ubuntu/.gradle/caches/8.10.2/transforms/81e4360543fbb01d4f7fb470fa49803d/transformed/ideaIU-2025.3/lib/module-intellij.libraries.java.websocket.jar:/home/ubuntu/.gradle/caches/8.10.2/transforms/81e4360543fbb01d4f7fb470fa49803d/transformed/ideaIU-2025.3/lib/module-intellij.libraries.javax.annotation.jar:/home/ubuntu/.gradle/caches/8.10.2/transforms/81e4360543fbb01d4f7fb470fa49803d/transformed/ideaIU-2025.3/lib/module-intellij.libraries.jaxen.jar:/home/ubuntu/.gradle/caches/8.10.2/transforms/81e4360543fbb01d4f7fb470fa49803d/transformed/ideaIU-2025.3/lib/module-intellij.libraries.jbr.jar:/home/ubuntu/.gradle/caches/8.10.2/transforms/81e4360543fbb01d4f7fb470fa49803d/transformed/ideaIU-2025.3/lib/module-intellij.libraries.jcef.jar:/home/ubuntu/.gradle/caches/8.10.2/transforms/81e4360543fbb01d4f7fb470fa49803d/transformed/ideaIU-2025.3/lib/module-intellij.libraries.jcip.jar:/home/ubuntu/.gradle/caches/8.10.2/transforms/81e4360543fbb01d4f7fb470fa49803d/transformed/ideaIU-2025.3/lib/module-intellij.libraries.jediterm.core.jar:/home/ubuntu/.gradle/caches/8.10.2/transforms/81e4360543fbb01d4f7fb470fa49803d/transformed/ideaIU-2025.3/lib/module-intellij.libraries.jediterm.ui.jar:/home/ubuntu/.gradle/caches/8.10.2/transforms/81e4360543fbb01d4f7fb470fa49803d/transformed/ideaIU-2025.3/lib/module-intellij.libraries.jettison.jar:/home/ubuntu/.gradle/caches/8.10.2/transforms/81e4360543fbb01d4f7fb470fa49803d/transformed/ideaIU-2025.3/lib/module-intellij.libraries.jsonpath.jar:/home/ubuntu/.gradle/caches/8.10.2/transforms/81e4360543fbb01d4f7fb470fa49803d/transformed/ideaIU-2025.3/lib/module-intellij.libraries.jsoup.jar:/home/ubuntu/.gradle/caches/8.10.2/transforms/81e4360543fbb01d4f7fb470fa49803d/transformed/ideaIU-2025.3/lib/module-intellij.libraries.jsvg.jar:/home/ubuntu/.gradle/caches/8.10.2/transforms/81e4360543fbb01d4f7fb470fa49803d/transformed/ideaIU-2025.3/lib/module-intellij.libraries.jvm.native.trusted.roots.jar:/home/ubuntu/.gradle/caches/8.10.2/transforms/81e4360543fbb01d4f7fb470fa49803d/transformed/ideaIU-2025.3/lib/module-intellij.libraries.jzlib.jar:/home/ubuntu/.gradle/caches/8.10.2/transforms/81e4360543fbb01d4f7fb470fa49803d/transformed/ideaIU-2025.3/lib/module-intellij.libraries.kotlin.reflect.jar:/home/ubuntu/.gradle/caches/8.10.2/transforms/81e4360543fbb01d4f7fb470fa49803d/transformed/ideaIU-2025.3/lib/module-intellij.libraries.kotlinx.collections.immutable.jar:/home/ubuntu/.gradle/caches/8.10.2/transforms/81e4360543fbb01d4f7fb470fa49803d/transformed/ideaIU-2025.3/lib/module-intellij.libraries.kotlinx.coroutines.slf4j.jar:/home/ubuntu/.gradle/caches/8.10.2/transforms/81e4360543fbb01d4f7fb470fa49803d/transformed/ideaIU-2025.3/lib/module-intellij.libraries.kotlinx.datetime.jar:/home/ubuntu/.gradle/caches/8.10.2/transforms/81e4360543fbb01d4f7fb470fa49803d/transformed/ideaIU-2025.3/lib/module-intellij.libraries.kotlinx.html.jar:/home/ubuntu/.gradle/caches/8.10.2/transforms/81e4360543fbb01d4f7fb470fa49803d/transformed/ideaIU-2025.3/lib/module-intellij.libraries.kotlinx.io.jar:/home/ubuntu/.gradle/caches/8.10.2/transforms/81e4360543fbb01d4f7fb470fa49803d/transformed/ideaIU-2025.3/lib/module-intellij.libraries.kotlinx.serialization.core.jar:/home/ubuntu/.gradle/caches/8.10.2/transforms/81e4360543fbb01d4f7fb470fa49803d/transformed/ideaIU-2025.3/lib/module-intellij.libraries.kotlinx.serialization.json.jar:/home/ubuntu/.gradle/caches/8.10.2/transforms/81e4360543fbb01d4f7fb470fa49803d/transformed/ideaIU-2025.3/lib/module-intellij.libraries.kotlinx.serialization.protobuf.jar:/home/ubuntu/.gradle/caches/8.10.2/transforms/81e4360543fbb01d4f7fb470fa49803d/transformed/ideaIU-2025.3/lib/module-intellij.libraries.kryo5.jar:/home/ubuntu/.gradle/caches/8.10.2/transforms/81e4360543fbb01d4f7fb470fa49803d/transformed/ideaIU-2025.3/lib/module-intellij.libraries.ktor.client.cio.jar:/home/ubuntu/.gradle/caches/8.10.2/transforms/81e4360543fbb01d4f7fb470fa49803d/transformed/ideaIU-2025.3/lib/module-intellij.libraries.ktor.client.jar:/home/ubuntu/.gradle/caches/8.10.2/transforms/81e4360543fbb01d4f7fb470fa49803d/transformed/ideaIU-2025.3/lib/module-intellij.libraries.ktor.io.jar:/home/ubuntu/.gradle/caches/8.10.2/transforms/81e4360543fbb01d4f7fb470fa49803d/transformed/ideaIU-2025.3/lib/module-intellij.libraries.ktor.network.tls.jar:/home/ubuntu/.gradle/caches/8.10.2/transforms/81e4360543fbb01d4f7fb470fa49803d/transformed/ideaIU-2025.3/lib/module-intellij.libraries.ktor.utils.jar:/home/ubuntu/.gradle/caches/8.10.2/transforms/81e4360543fbb01d4f7fb470fa49803d/transformed/ideaIU-2025.3/lib/module-intellij.libraries.lz4.jar:/home/ubuntu/.gradle/caches/8.10.2/transforms/81e4360543fbb01d4f7fb470fa49803d/transformed/ideaIU-2025.3/lib/module-intellij.libraries.markdown.jar:/home/ubuntu/.gradle/caches/8.10.2/transforms/81e4360543fbb01d4f7fb470fa49803d/transformed/ideaIU-2025.3/lib/module-intellij.libraries.miglayout.swing.jar:/home/ubuntu/.gradle/caches/8.10.2/transforms/81e4360543fbb01d4f7fb470fa49803d/transformed/ideaIU-2025.3/lib/module-intellij.libraries.mvstore.jar:/home/ubuntu/.gradle/caches/8.10.2/transforms/81e4360543fbb01d4f7fb470fa49803d/transformed/ideaIU-2025.3/lib/module-intellij.libraries.oro.matcher.jar:/home/ubuntu/.gradle/caches/8.10.2/transforms/81e4360543fbb01d4f7fb470fa49803d/transformed/ideaIU-2025.3/lib/module-intellij.libraries.proxy.vole.jar:/home/ubuntu/.gradle/caches/8.10.2/transforms/81e4360543fbb01d4f7fb470fa49803d/transformed/ideaIU-2025.3/lib/module-intellij.libraries.pty4j.jar:/home/ubuntu/.gradle/caches/8.10.2/transforms/81e4360543fbb01d4f7fb470fa49803d/transformed/ideaIU-2025.3/lib/module-intellij.libraries.rd.text.jar:/home/ubuntu/.gradle/caches/8.10.2/transforms/81e4360543fbb01d4f7fb470fa49803d/transformed/ideaIU-2025.3/lib/module-intellij.libraries.rhino.jar:/home/ubuntu/.gradle/caches/8.10.2/transforms/81e4360543fbb01d4f7fb470fa49803d/transformed/ideaIU-2025.3/lib/module-intellij.libraries.snakeyaml.engine.jar:/home/ubuntu/.gradle/caches/8.10.2/transforms/81e4360543fbb01d4f7fb470fa49803d/transformed/ideaIU-2025.3/lib/module-intellij.libraries.snakeyaml.jar:/home/ubuntu/.gradle/caches/8.10.2/transforms/81e4360543fbb01d4f7fb470fa49803d/transformed/ideaIU-2025.3/lib/module-intellij.libraries.sshj.jar:/home/ubuntu/.gradle/caches/8.10.2/transforms/81e4360543fbb01d4f7fb470fa49803d/transformed/ideaIU-2025.3/lib/module-intellij.libraries.stream.jar:/home/ubuntu/.gradle/caches/8.10.2/transforms/81e4360543fbb01d4f7fb470fa49803d/transformed/ideaIU-2025.3/lib/module-intellij.libraries.velocity.jar:/home/ubuntu/.gradle/caches/8.10.2/transforms/81e4360543fbb01d4f7fb470fa49803d/transformed/ideaIU-2025.3/lib/module-intellij.libraries.winp.jar:/home/ubuntu/.gradle/caches/8.10.2/transforms/81e4360543fbb01d4f7fb470fa49803d/transformed/ideaIU-2025.3/lib/module-intellij.libraries.xerces.jar:/home/ubuntu/.gradle/caches/8.10.2/transforms/81e4360543fbb01d4f7fb470fa49803d/transformed/ideaIU-2025.3/lib/module-intellij.libraries.xstream.jar:/home/ubuntu/.gradle/caches/8.10.2/transforms/81e4360543fbb01d4f7fb470fa49803d/transformed/ideaIU-2025.3/lib/module-intellij.libraries.xtext.xbase.jar:/home/ubuntu/.gradle/caches/8.10.2/transforms/81e4360543fbb01d4f7fb470fa49803d/transformed/ideaIU-2025.3/lib/module-intellij.libraries.xz.jar:/home/ubuntu/.gradle/caches/8.10.2/transforms/81e4360543fbb01d4f7fb470fa49803d/transformed/ideaIU-2025.3/lib/module-intellij.platform.debugger.impl.rpc.jar:/home/ubuntu/.gradle/caches/8.10.2/transforms/81e4360543fbb01d4f7fb470fa49803d/transformed/ideaIU-2025.3/lib/module-intellij.platform.debugger.impl.shared.jar:/home/ubuntu/.gradle/caches/8.10.2/transforms/81e4360543fbb01d4f7fb470fa49803d/transformed/ideaIU-2025.3/lib/module-intellij.platform.eel.impl.jar:/home/ubuntu/.gradle/caches/8.10.2/transforms/81e4360543fbb01d4f7fb470fa49803d/transformed/ideaIU-2025.3/lib/module-intellij.platform.find.jar:/home/ubuntu/.gradle/caches/8.10.2/transforms/81e4360543fbb01d4f7fb470fa49803d/transformed/ideaIU-2025.3/lib/module-intellij.platform.managed.cache.jar:/home/ubuntu/.gradle/caches/8.10.2/transforms/81e4360543fbb01d4f7fb470fa49803d/transformed/ideaIU-2025.3/lib/module-intellij.platform.polySymbols.backend.jar:/home/ubuntu/.gradle/caches/8.10.2/transforms/81e4360543fbb01d4f7fb470fa49803d/transformed/ideaIU-2025.3/lib/module-intellij.platform.polySymbols.jar:/home/ubuntu/.gradle/caches/8.10.2/transforms/81e4360543fbb01d4f7fb470fa49803d/transformed/ideaIU-2025.3/lib/module-intellij.platform.rpc.topics.jar:/home/ubuntu/.gradle/caches/8.10.2/transforms/81e4360543fbb01d4f7fb470fa49803d/transformed/ideaIU-2025.3/lib/module-intellij.platform.scopes.jar:/home/ubuntu/.gradle/caches/8.10.2/transforms/81e4360543fbb01d4f7fb470fa49803d/transformed/ideaIU-2025.3/lib/module-intellij.platform.vcs.core.jar:/home/ubuntu/.gradle/caches/8.10.2/transforms/81e4360543fbb01d4f7fb470fa49803d/transformed/ideaIU-2025.3/lib/module-intellij.platform.vcs.jar:/home/ubuntu/.gradle/caches/8.10.2/transforms/81e4360543fbb01d4f7fb470fa49803d/transformed/ideaIU-2025.3/lib/module-intellij.platform.vcs.shared.jar:/home/ubuntu/.gradle/caches/8.10.2/transforms/81e4360543fbb01d4f7fb470fa49803d/transformed/ideaIU-2025.3/lib/module-intellij.regexp.jar:/home/ubuntu/.gradle/caches/8.10.2/transforms/81e4360543fbb01d4f7fb470fa49803d/transformed/ideaIU-2025.3/lib/module-intellij.xml.analysis.impl.jar:/home/ubuntu/.gradle/caches/8.10.2/transforms/81e4360543fbb01d4f7fb470fa49803d/transformed/ideaIU-2025.3/lib/module-intellij.xml.analysis.jar:/home/ubuntu/.gradle/caches/8.10.2/transforms/81e4360543fbb01d4f7fb470fa49803d/transformed/ideaIU-2025.3/lib/module-intellij.xml.dom.impl.jar:/home/ubuntu/.gradle/caches/8.10.2/transforms/81e4360543fbb01d4f7fb470fa49803d/transformed/ideaIU-2025.3/lib/module-intellij.xml.dom.jar:/home/ubuntu/.gradle/caches/8.10.2/transforms/81e4360543fbb01d4f7fb470fa49803d/transformed/ideaIU-2025.3/lib/module-intellij.xml.impl.jar:/home/ubuntu/.gradle/caches/8.10.2/transforms/81e4360543fbb01d4f7fb470fa49803d/transformed/ideaIU-2025.3/lib/module-intellij.xml.parser.jar:/home/ubuntu/.gradle/caches/8.10.2/transforms/81e4360543fbb01d4f7fb470fa49803d/transformed/ideaIU-2025.3/lib/module-intellij.xml.psi.impl.jar:/home/ubuntu/.gradle/caches/8.10.2/transforms/81e4360543fbb01d4f7fb470fa49803d/transformed/ideaIU-2025.3/lib/module-intellij.xml.psi.jar:/home/ubuntu/.gradle/caches/8.10.2/transforms/81e4360543fbb01d4f7fb470fa49803d/transformed/ideaIU-2025.3/lib/module-intellij.xml.structureView.impl.jar:/home/ubuntu/.gradle/caches/8.10.2/transforms/81e4360543fbb01d4f7fb470fa49803d/transformed/ideaIU-2025.3/lib/module-intellij.xml.structureView.jar:/home/ubuntu/.gradle/caches/8.10.2/transforms/81e4360543fbb01d4f7fb470fa49803d/transformed/ideaIU-2025.3/lib/module-intellij.xml.syntax.jar:/home/ubuntu/.gradle/caches/8.10.2/transforms/81e4360543fbb01d4f7fb470fa49803d/transformed/ideaIU-2025.3/lib/module-intellij.xml.ui.common.jar:/home/ubuntu/.gradle/caches/8.10.2/transforms/81e4360543fbb01d4f7fb470fa49803d/transformed/ideaIU-2025.3/lib/opentelemetry.jar:/home/ubuntu/.gradle/caches/8.10.2/transforms/81e4360543fbb01d4f7fb470fa49803d/transformed/ideaIU-2025.3/lib/product.jar:/home/ubuntu/.gradle/caches/8.10.2/transforms/81e4360543fbb01d4f7fb470fa49803d/transformed/ideaIU-2025.3/lib/protobuf.jar:/home/ubuntu/.gradle/caches/8.10.2/transforms/81e4360543fbb01d4f7fb470fa49803d/transformed/ideaIU-2025.3/lib/rd.jar:/home/ubuntu/.gradle/caches/8.10.2/transforms/81e4360543fbb01d4f7fb470fa49803d/transformed/ideaIU-2025.3/lib/rhino.jar:/home/ubuntu/.gradle/caches/8.10.2/transforms/81e4360543fbb01d4f7fb470fa49803d/transformed/ideaIU-2025.3/lib/stats.jar:/home/ubuntu/.gradle/caches/8.10.2/transforms/81e4360543fbb01d4f7fb470fa49803d/transformed/ideaIU-2025.3/lib/trove.jar:/home/ubuntu/.gradle/caches/8.10.2/transforms/81e4360543fbb01d4f7fb470fa49803d/transformed/ideaIU-2025.3/lib/util_rt.jar:/home/ubuntu/.gradle/caches/modules-2/files-2.1/com.google.code.gson/gson/2.11.0/527175ca6d81050b53bdd4c457a6d6e017626b0e/gson-2.11.0.jar:/home/ubuntu/.gradle/caches/modules-2/files-2.1/org.junit.jupiter/junit-jupiter-params/5.10.2/359132c82a9d3fa87a325db6edd33b5fdc67a3d8/junit-jupiter-params-5.10.2.jar:/home/ubuntu/.gradle/caches/modules-2/files-2.1/org.junit.jupiter/junit-jupiter-engine/5.10.2/f1f8fe97bd58e85569205f071274d459c2c4f8cd/junit-jupiter-engine-5.10.2.jar:/home/ubuntu/.gradle/caches/modules-2/files-2.1/org.junit.jupiter/junit-jupiter-api/5.10.2/fb55d6e2bce173f35fd28422e7975539621055ef/junit-jupiter-api-5.10.2.jar:/home/ubuntu/.gradle/caches/modules-2/files-2.1/org.junit.platform/junit-platform-launcher/1.10.2/8125dd29e847ca274dd1a7a9ca54859acc284cb3/junit-platform-launcher-1.10.2.jar:/home/ubuntu/.gradle/caches/modules-2/files-2.1/org.junit.platform/junit-platform-engine/1.10.2/d53bb4e0ce7f211a498705783440614bfaf0df2e/junit-platform-engine-1.10.2.jar:/home/ubuntu/.gradle/caches/modules-2/files-2.1/org.junit.platform/junit-platform-commons/1.10.2/3197154a1f0c88da46c47a9ca27611ac7ec5d797/junit-platform-commons-1.10.2.jar:/home/ubuntu/.gradle/caches/modules-2/files-2.1/org.junit.jupiter/junit-jupiter/5.10.2/831c0b86ddc2ce38391c5b81ea662b0cfdc02cce/junit-jupiter-5.10.2.jar:/home/ubuntu/.gradle/caches/modules-2/files-2.1/com.google.errorprone/error_prone_annotations/2.27.0/91b2c29d8a6148b5e2e4930f070d4840e2e48e34/error_prone_annotations-2.27.0.jar:/home/ubuntu/.gradle/caches/modules-2/files-2.1/org.opentest4j/opentest4j/1.3.0/152ea56b3a72f655d4fd677fc0ef2596c3dd5e6e/opentest4j-1.3.0.jar:/home/ubuntu/.gradle/caches/8.10.2/transforms/81e4360543fbb01d4f7fb470fa49803d/transformed/ideaIU-2025.3/lib/modules/intellij.charts.jar:/home/ubuntu/.gradle/caches/8.10.2/transforms/81e4360543fbb01d4f7fb470fa49803d/transformed/ideaIU-2025.3/lib/modules/intellij.debugger.streams.backend.jar:/home/ubuntu/.gradle/caches/8.10.2/transforms/81e4360543fbb01d4f7fb470fa49803d/transformed/ideaIU-2025.3/lib/modules/intellij.debugger.streams.core.jar:/home/ubuntu/.gradle/caches/8.10.2/transforms/81e4360543fbb01d4f7fb470fa49803d/transformed/ideaIU-2025.3/lib/modules/intellij.debugger.streams.shared.jar:/home/ubuntu/.gradle/caches/8.10.2/transforms/81e4360543fbb01d4f7fb470fa49803d/transformed/ideaIU-2025.3/lib/modules/intellij.emojipicker.jar:/home/ubuntu/.gradle/caches/8.10.2/transforms/81e4360543fbb01d4f7fb470fa49803d/transformed/ideaIU-2025.3/lib/modules/intellij.execution.process.elevation.jar:/home/ubuntu/.gradle/caches/8.10.2/transforms/81e4360543fbb01d4f7fb470fa49803d/transformed/ideaIU-2025.3/lib/modules/intellij.execution.process.mediator.client.jar:/home/ubuntu/.gradle/caches/8.10.2/transforms/81e4360543fbb01d4f7fb470fa49803d/transformed/ideaIU-2025.3/lib/modules/intellij.execution.process.mediator.common.jar:/home/ubuntu/.gradle/caches/8.10.2/transforms/81e4360543fbb01d4f7fb470fa49803d/transformed/ideaIU-2025.3/lib/modules/intellij.execution.process.mediator.daemon.jar:/home/ubuntu/.gradle/caches/8.10.2/transforms/81e4360543fbb01d4f7fb470fa49803d/transformed/ideaIU-2025.3/lib/modules/intellij.grid.jar:/home/ubuntu/.gradle/caches/8.10.2/transforms/81e4360543fbb01d4f7fb470fa49803d/transformed/ideaIU-2025.3/lib/modules/intellij.grid.core.impl.jar:/home/ubuntu/.gradle/caches/8.10.2/transforms/81e4360543fbb01d4f7fb470fa49803d/transformed/ideaIU-2025.3/lib/modules/intellij.grid.csv.core.impl.jar:/home/ubuntu/.gradle/caches/8.10.2/transforms/81e4360543fbb01d4f7fb470fa49803d/transformed/ideaIU-2025.3/lib/modules/intellij.grid.impl.jar:/home/ubuntu/.gradle/caches/8.10.2/transforms/81e4360543fbb01d4f7fb470fa49803d/transformed/ideaIU-2025.3/lib/modules/intellij.grid.types.jar:/home/ubuntu/.gradle/caches/8.10.2/transforms/81e4360543fbb01d4f7fb470fa49803d/transformed/ideaIU-2025.3/lib/modules/intellij.ide.startup.importSettings.jar:/home/ubuntu/.gradle/caches/8.10.2/transforms/81e4360543fbb01d4f7fb470fa49803d/transformed/ideaIU-2025.3/lib/modules/intellij.idea.customization.backend.jar:/home/ubuntu/.gradle/caches/8.10.2/transforms/81e4360543fbb01d4f7fb470fa49803d/transformed/ideaIU-2025.3/lib/modules/intellij.idea.customization.base.jar:/home/ubuntu/.gradle/caches/8.10.2/transforms/81e4360543fbb01d4f7fb470fa49803d/transformed/ideaIU-2025.3/lib/modules/intellij.idea.ultimate.customizationTrial.jar:/home/ubuntu/.gradle/caches/8.10.2/transforms/81e4360543fbb01d4f7fb470fa49803d/transformed/ideaIU-2025.3/lib/modules/intellij.idea.ultimate.feedback.jar:/home/ubuntu/.gradle/caches/8.10.2/transforms/81e4360543fbb01d4f7fb470fa49803d/transformed/ideaIU-2025.3/lib/modules/intellij.libraries.coil.jar:/home/ubuntu/.gradle/caches/8.10.2/transforms/81e4360543fbb01d4f7fb470fa49803d/transformed/ideaIU-2025.3/lib/modules/intellij.libraries.commons.text.jar:/home/ubuntu/.gradle/caches/8.10.2/transforms/81e4360543fbb01d4f7fb470fa49803d/transformed/ideaIU-2025.3/lib/modules/intellij.libraries.compose.foundation.desktop.jar:/home/ubuntu/.gradle/caches/8.10.2/transforms/81e4360543fbb01d4f7fb470fa49803d/transformed/ideaIU-2025.3/lib/modules/intellij.libraries.compose.runtime.desktop.jar:/home/ubuntu/.gradle/caches/8.10.2/transforms/81e4360543fbb01d4f7fb470fa49803d/transformed/ideaIU-2025.3/lib/modules/intellij.libraries.grpc.jar:/home/ubuntu/.gradle/caches/8.10.2/transforms/81e4360543fbb01d4f7fb470fa49803d/transformed/ideaIU-2025.3/lib/modules/intellij.libraries.grpc.netty.shaded.jar:/home/ubuntu/.gradle/caches/8.10.2/transforms/81e4360543fbb01d4f7fb470fa49803d/transformed/ideaIU-2025.3/lib/modules/intellij.libraries.javax.activation.jar:/home/ubuntu/.gradle/caches/8.10.2/transforms/81e4360543fbb01d4f7fb470fa49803d/transformed/ideaIU-2025.3/lib/modules/intellij.libraries.kotlinx.document.store.mvstore.jar:/home/ubuntu/.gradle/caches/8.10.2/transforms/81e4360543fbb01d4f7fb470fa49803d/transformed/ideaIU-2025.3/lib/modules/intellij.libraries.lucene.common.jar:/home/ubuntu/.gradle/caches/8.10.2/transforms/81e4360543fbb01d4f7fb470fa49803d/transformed/ideaIU-2025.3/lib/modules/intellij.libraries.microba.jar:/home/ubuntu/.gradle/caches/8.10.2/transforms/81e4360543fbb01d4f7fb470fa49803d/transformed/ideaIU-2025.3/lib/modules/intellij.libraries.skiko.jar:/home/ubuntu/.gradle/caches/8.10.2/transforms/81e4360543fbb01d4f7fb470fa49803d/transformed/ideaIU-2025.3/lib/modules/intellij.libraries.xml.rpc.jar:/home/ubuntu/.gradle/caches/8.10.2/transforms/81e4360543fbb01d4f7fb470fa49803d/transformed/ideaIU-2025.3/lib/modules/intellij.platform.backend.jar:/home/ubuntu/.gradle/caches/8.10.2/transforms/81e4360543fbb01d4f7fb470fa49803d/transformed/ideaIU-2025.3/lib/modules/intellij.platform.bookmarks.backend.jar:/home/ubuntu/.gradle/caches/8.10.2/transforms/81e4360543fbb01d4f7fb470fa49803d/transformed/ideaIU-2025.3/lib/modules/intellij.platform.bookmarks.frontend.jar:/home/ubuntu/.gradle/caches/8.10.2/transforms/81e4360543fbb01d4f7fb470fa49803d/transformed/ideaIU-2025.3/lib/modules/intellij.platform.buildView.jar:/home/ubuntu/.gradle/caches/8.10.2/transforms/81e4360543fbb01d4f7fb470fa49803d/transformed/ideaIU-2025.3/lib/modules/intellij.platform.buildView.backend.jar:/home/ubuntu/.gradle/caches/8.10.2/transforms/81e4360543fbb01d4f7fb470fa49803d/transformed/ideaIU-2025.3/lib/modules/intellij.platform.buildView.frontend.jar:/home/ubuntu/.gradle/caches/8.10.2/transforms/81e4360543fbb01d4f7fb470fa49803d/transformed/ideaIU-2025.3/lib/modules/intellij.platform.clouds.jar:/home/ubuntu/.gradle/caches/8.10.2/transforms/81e4360543fbb01d4f7fb470fa49803d/transformed/ideaIU-2025.3/lib/modules/intellij.platform.collaborationTools.jar:/home/ubuntu/.gradle/caches/8.10.2/transforms/81e4360543fbb01d4f7fb470fa49803d/transformed/ideaIU-2025.3/lib/modules/intellij.platform.collaborationTools.auth.jar:/home/ubuntu/.gradle/caches/8.10.2/transforms/81e4360543fbb01d4f7fb470fa49803d/transformed/ideaIU-2025.3/lib/modules/intellij.platform.collaborationTools.auth.base.jar:/home/ubuntu/.gradle/caches/8.10.2/transforms/81e4360543fbb01d4f7fb470fa49803d/transformed/ideaIU-2025.3/lib/modules/intellij.platform.completion.backend.jar:/home/ubuntu/.gradle/caches/8.10.2/transforms/81e4360543fbb01d4f7fb470fa49803d/transformed/ideaIU-2025.3/lib/modules/intellij.platform.completion.common.jar:/home/ubuntu/.gradle/caches/8.10.2/transforms/81e4360543fbb01d4f7fb470fa49803d/transformed/ideaIU-2025.3/lib/modules/intellij.platform.completion.frontend.jar:/home/ubuntu/.gradle/caches/8.10.2/transforms/81e4360543fbb01d4f7fb470fa49803d/transformed/ideaIU-2025.3/lib/modules/intellij.platform.compose.jar:/home/ubuntu/.gradle/caches/8.10.2/transforms/81e4360543fbb01d4f7fb470fa49803d/transformed/ideaIU-2025.3/lib/modules/intellij.platform.compose.markdown.jar:/home/ubuntu/.gradle/caches/8.10.2/transforms/81e4360543fbb01d4f7fb470fa49803d/transformed/ideaIU-2025.3/lib/modules/intellij.platform.coverage.jar:/home/ubuntu/.gradle/caches/8.10.2/transforms/81e4360543fbb01d4f7fb470fa49803d/transformed/ideaIU-2025.3/lib/modules/intellij.platform.coverage.agent.jar:/home/ubuntu/.gradle/caches/8.10.2/transforms/81e4360543fbb01d4f7fb470fa49803d/transformed/ideaIU-2025.3/lib/modules/intellij.platform.customization.min.jar:/home/ubuntu/.gradle/caches/8.10.2/transforms/81e4360543fbb01d4f7fb470fa49803d/transformed/ideaIU-2025.3/lib/modules/intellij.platform.dap.jar:/home/ubuntu/.gradle/caches/8.10.2/transforms/81e4360543fbb01d4f7fb470fa49803d/transformed/ideaIU-2025.3/lib/modules/intellij.platform.debugger.impl.backend.jar:/home/ubuntu/.gradle/caches/8.10.2/transforms/81e4360543fbb01d4f7fb470fa49803d/transformed/ideaIU-2025.3/lib/modules/intellij.platform.debugger.impl.frontend.jar:/home/ubuntu/.gradle/caches/8.10.2/transforms/81e4360543fbb01d4f7fb470fa49803d/transformed/ideaIU-2025.3/lib/modules/intellij.platform.diagnostic.freezeAnalyzer.jar:/home/ubuntu/.gradle/caches/8.10.2/transforms/81e4360543fbb01d4f7fb470fa49803d/transformed/ideaIU-2025.3/lib/modules/intellij.platform.diagnostic.freezes.jar:/home/ubuntu/.gradle/caches/8.10.2/transforms/81e4360543fbb01d4f7fb470fa49803d/transformed/ideaIU-2025.3/lib/modules/intellij.platform.diagnostic.telemetry.agent.extension.jar:/home/ubuntu/.gradle/caches/8.10.2/transforms/81e4360543fbb01d4f7fb470fa49803d/transformed/ideaIU-2025.3/lib/modules/intellij.platform.editor.jar:/home/ubuntu/.gradle/caches/8.10.2/transforms/81e4360543fbb01d4f7fb470fa49803d/transformed/ideaIU-2025.3/lib/modules/intellij.platform.editor.backend.jar:/home/ubuntu/.gradle/caches/8.10.2/transforms/81e4360543fbb01d4f7fb470fa49803d/transformed/ideaIU-2025.3/lib/modules/intellij.platform.editor.frontend.jar:/home/ubuntu/.gradle/caches/8.10.2/transforms/81e4360543fbb01d4f7fb470fa49803d/transformed/ideaIU-2025.3/lib/modules/intellij.platform.execution.dashboard.jar:/home/ubuntu/.gradle/caches/8.10.2/transforms/81e4360543fbb01d4f7fb470fa49803d/transformed/ideaIU-2025.3/lib/modules/intellij.platform.execution.dashboard.backend.jar:/home/ubuntu/.gradle/caches/8.10.2/transforms/81e4360543fbb01d4f7fb470fa49803d/transformed/ideaIU-2025.3/lib/modules/intellij.platform.execution.dashboard.frontend.jar:/home/ubuntu/.gradle/caches/8.10.2/transforms/81e4360543fbb01d4f7fb470fa49803d/transformed/ideaIU-2025.3/lib/modules/intellij.platform.execution.impl.backend.jar:/home/ubuntu/.gradle/caches/8.10.2/transforms/81e4360543fbb01d4f7fb470fa49803d/transformed/ideaIU-2025.3/lib/modules/intellij.platform.execution.impl.frontend.jar:/home/ubuntu/.gradle/caches/8.10.2/transforms/81e4360543fbb01d4f7fb470fa49803d/transformed/ideaIU-2025.3/lib/modules/intellij.platform.execution.serviceView.jar:/home/ubuntu/.gradle/caches/8.10.2/transforms/81e4360543fbb01d4f7fb470fa49803d/transformed/ideaIU-2025.3/lib/modules/intellij.platform.execution.serviceView.backend.jar:/home/ubuntu/.gradle/caches/8.10.2/transforms/81e4360543fbb01d4f7fb470fa49803d/transformed/ideaIU-2025.3/lib/modules/intellij.platform.execution.serviceView.frontend.jar:/home/ubuntu/.gradle/caches/8.10.2/transforms/81e4360543fbb01d4f7fb470fa49803d/transformed/ideaIU-2025.3/lib/modules/intellij.platform.find.backend.jar:/home/ubuntu/.gradle/caches/8.10.2/transforms/81e4360543fbb01d4f7fb470fa49803d/transformed/ideaIU-2025.3/lib/modules/intellij.platform.frontend.jar:/home/ubuntu/.gradle/caches/8.10.2/transforms/81e4360543fbb01d4f7fb470fa49803d/transformed/ideaIU-2025.3/lib/modules/intellij.platform.ide.impl.wsl.jar:/home/ubuntu/.gradle/caches/8.10.2/transforms/81e4360543fbb01d4f7fb470fa49803d/transformed/ideaIU-2025.3/lib/modules/intellij.platform.ide.newUiOnboarding.jar:/home/ubuntu/.gradle/caches/8.10.2/transforms/81e4360543fbb01d4f7fb470fa49803d/transformed/ideaIU-2025.3/lib/modules/intellij.platform.ide.newUsersOnboarding.jar:/home/ubuntu/.gradle/caches/8.10.2/transforms/81e4360543fbb01d4f7fb470fa49803d/transformed/ideaIU-2025.3/lib/modules/intellij.platform.identifiers.highlighting.backend.jar:/home/ubuntu/.gradle/caches/8.10.2/transforms/81e4360543fbb01d4f7fb470fa49803d/transformed/ideaIU-2025.3/lib/modules/intellij.platform.identifiers.highlighting.shared.jar:/home/ubuntu/.gradle/caches/8.10.2/transforms/81e4360543fbb01d4f7fb470fa49803d/transformed/ideaIU-2025.3/lib/modules/intellij.platform.inline.completion.jar:/home/ubuntu/.gradle/caches/8.10.2/transforms/81e4360543fbb01d4f7fb470fa49803d/transformed/ideaIU-2025.3/lib/modules/intellij.platform.inspect.jar:/home/ubuntu/.gradle/caches/8.10.2/transforms/81e4360543fbb01d4f7fb470fa49803d/transformed/ideaIU-2025.3/lib/modules/intellij.platform.jewel.foundation.jar:/home/ubuntu/.gradle/caches/8.10.2/transforms/81e4360543fbb01d4f7fb470fa49803d/transformed/ideaIU-2025.3/lib/modules/intellij.platform.jewel.ideLafBridge.jar:/home/ubuntu/.gradle/caches/8.10.2/transforms/81e4360543fbb01d4f7fb470fa49803d/transformed/ideaIU-2025.3/lib/modules/intellij.platform.jewel.markdown.core.jar:/home/ubuntu/.gradle/caches/8.10.2/transforms/81e4360543fbb01d4f7fb470fa49803d/transformed/ideaIU-2025.3/lib/modules/intellij.platform.jewel.markdown.extensions.autolink.jar:/home/ubuntu/.gradle/caches/8.10.2/transforms/81e4360543fbb01d4f7fb470fa49803d/transformed/ideaIU-2025.3/lib/modules/intellij.platform.jewel.markdown.extensions.gfmAlerts.jar:/home/ubuntu/.gradle/caches/8.10.2/transforms/81e4360543fbb01d4f7fb470fa49803d/transformed/ideaIU-2025.3/lib/modules/intellij.platform.jewel.markdown.extensions.gfmStrikethrough.jar:/home/ubuntu/.gradle/caches/8.10.2/transforms/81e4360543fbb01d4f7fb470fa49803d/transformed/ideaIU-2025.3/lib/modules/intellij.platform.jewel.markdown.extensions.gfmTables.jar:/home/ubuntu/.gradle/caches/8.10.2/transforms/81e4360543fbb01d4f7fb470fa49803d/transformed/ideaIU-2025.3/lib/modules/intellij.platform.jewel.markdown.extensions.images.jar:/home/ubuntu/.gradle/caches/8.10.2/transforms/81e4360543fbb01d4f7fb470fa49803d/transformed/ideaIU-2025.3/lib/modules/intellij.platform.jewel.markdown.ideLafBridgeStyling.jar:/home/ubuntu/.gradle/caches/8.10.2/transforms/81e4360543fbb01d4f7fb470fa49803d/transformed/ideaIU-2025.3/lib/modules/intellij.platform.jewel.ui.jar:/home/ubuntu/.gradle/caches/8.10.2/transforms/81e4360543fbb01d4f7fb470fa49803d/transformed/ideaIU-2025.3/lib/modules/intellij.platform.kernel.backend.jar:/home/ubuntu/.gradle/caches/8.10.2/transforms/81e4360543fbb01d4f7fb470fa49803d/transformed/ideaIU-2025.3/lib/modules/intellij.platform.kernel.impl.jar:/home/ubuntu/.gradle/caches/8.10.2/transforms/81e4360543fbb01d4f7fb470fa49803d/transformed/ideaIU-2025.3/lib/modules/intellij.platform.lang.impl.backend.jar:/home/ubuntu/.gradle/caches/8.10.2/transforms/81e4360543fbb01d4f7fb470fa49803d/transformed/ideaIU-2025.3/lib/modules/intellij.platform.langInjection.jar:/home/ubuntu/.gradle/caches/8.10.2/transforms/81e4360543fbb01d4f7fb470fa49803d/transformed/ideaIU-2025.3/lib/modules/intellij.platform.langInjection.backend.jar:/home/ubuntu/.gradle/caches/8.10.2/transforms/81e4360543fbb01d4f7fb470fa49803d/transformed/ideaIU-2025.3/lib/modules/intellij.platform.lvcs.impl.jar:/home/ubuntu/.gradle/caches/8.10.2/transforms/81e4360543fbb01d4f7fb470fa49803d/transformed/ideaIU-2025.3/lib/modules/intellij.platform.managed.cache.backend.jar:/home/ubuntu/.gradle/caches/8.10.2/transforms/81e4360543fbb01d4f7fb470fa49803d/transformed/ideaIU-2025.3/lib/modules/intellij.platform.ml.impl.jar:/home/ubuntu/.gradle/caches/8.10.2/transforms/81e4360543fbb01d4f7fb470fa49803d/transformed/ideaIU-2025.3/lib/modules/intellij.platform.monolith.jar:/home/ubuntu/.gradle/caches/8.10.2/transforms/81e4360543fbb01d4f7fb470fa49803d/transformed/ideaIU-2025.3/lib/modules/intellij.platform.navbar.jar:/home/ubuntu/.gradle/caches/8.10.2/transforms/81e4360543fbb01d4f7fb470fa49803d/transformed/ideaIU-2025.3/lib/modules/intellij.platform.navbar.backend.jar:/home/ubuntu/.gradle/caches/8.10.2/transforms/81e4360543fbb01d4f7fb470fa49803d/transformed/ideaIU-2025.3/lib/modules/intellij.platform.navbar.frontend.jar:/home/ubuntu/.gradle/caches/8.10.2/transforms/81e4360543fbb01d4f7fb470fa49803d/transformed/ideaIU-2025.3/lib/modules/intellij.platform.navbar.monolith.jar:/home/ubuntu/.gradle/caches/8.10.2/transforms/81e4360543fbb01d4f7fb470fa49803d/transformed/ideaIU-2025.3/lib/modules/intellij.platform.pluginManager.backend.jar:/home/ubuntu/.gradle/caches/8.10.2/transforms/81e4360543fbb01d4f7fb470fa49803d/transformed/ideaIU-2025.3/lib/modules/intellij.platform.pluginManager.frontend.jar:/home/ubuntu/.gradle/caches/8.10.2/transforms/81e4360543fbb01d4f7fb470fa49803d/transformed/ideaIU-2025.3/lib/modules/intellij.platform.pluginManager.shared.jar:/home/ubuntu/.gradle/caches/8.10.2/transforms/81e4360543fbb01d4f7fb470fa49803d/transformed/ideaIU-2025.3/lib/modules/intellij.platform.progress.backend.jar:/home/ubuntu/.gradle/caches/8.10.2/transforms/81e4360543fbb01d4f7fb470fa49803d/transformed/ideaIU-2025.3/lib/modules/intellij.platform.project.backend.jar:/home/ubuntu/.gradle/caches/8.10.2/transforms/81e4360543fbb01d4f7fb470fa49803d/transformed/ideaIU-2025.3/lib/modules/intellij.platform.recentFiles.jar:/home/ubuntu/.gradle/caches/8.10.2/transforms/81e4360543fbb01d4f7fb470fa49803d/transformed/ideaIU-2025.3/lib/modules/intellij.platform.recentFiles.backend.jar:/home/ubuntu/.gradle/caches/8.10.2/transforms/81e4360543fbb01d4f7fb470fa49803d/transformed/ideaIU-2025.3/lib/modules/intellij.platform.recentFiles.frontend.jar:/home/ubuntu/.gradle/caches/8.10.2/transforms/81e4360543fbb01d4f7fb470fa49803d/transformed/ideaIU-2025.3/lib/modules/intellij.platform.registry.cloud.jar:/home/ubuntu/.gradle/caches/8.10.2/transforms/81e4360543fbb01d4f7fb470fa49803d/transformed/ideaIU-2025.3/lib/modules/intellij.platform.rpc.backend.jar:/home/ubuntu/.gradle/caches/8.10.2/transforms/81e4360543fbb01d4f7fb470fa49803d/transformed/ideaIU-2025.3/lib/modules/intellij.platform.rpc.topics.backend.jar:/home/ubuntu/.gradle/caches/8.10.2/transforms/81e4360543fbb01d4f7fb470fa49803d/transformed/ideaIU-2025.3/lib/modules/intellij.platform.rpc.topics.frontend.jar:/home/ubuntu/.gradle/caches/8.10.2/transforms/81e4360543fbb01d4f7fb470fa49803d/transformed/ideaIU-2025.3/lib/modules/intellij.platform.scopes.backend.jar:/home/ubuntu/.gradle/caches/8.10.2/transforms/81e4360543fbb01d4f7fb470fa49803d/transformed/ideaIU-2025.3/lib/modules/intellij.platform.scriptDebugger.backend.jar:/home/ubuntu/.gradle/caches/8.10.2/transforms/81e4360543fbb01d4f7fb470fa49803d/transformed/ideaIU-2025.3/lib/modules/intellij.platform.scriptDebugger.protocolReaderRuntime.jar:/home/ubuntu/.gradle/caches/8.10.2/transforms/81e4360543fbb01d4f7fb470fa49803d/transformed/ideaIU-2025.3/lib/modules/intellij.platform.scriptDebugger.ui.jar:/home/ubuntu/.gradle/caches/8.10.2/transforms/81e4360543fbb01d4f7fb470fa49803d/transformed/ideaIU-2025.3/lib/modules/intellij.platform.searchEverywhere.jar:/home/ubuntu/.gradle/caches/8.10.2/transforms/81e4360543fbb01d4f7fb470fa49803d/transformed/ideaIU-2025.3/lib/modules/intellij.platform.searchEverywhere.backend.jar:/home/ubuntu/.gradle/caches/8.10.2/transforms/81e4360543fbb01d4f7fb470fa49803d/transformed/ideaIU-2025.3/lib/modules/intellij.platform.searchEverywhere.frontend.jar:/home/ubuntu/.gradle/caches/8.10.2/transforms/81e4360543fbb01d4f7fb470fa49803d/transformed/ideaIU-2025.3/lib/modules/intellij.platform.settings.local.jar:/home/ubuntu/.gradle/caches/8.10.2/transforms/81e4360543fbb01d4f7fb470fa49803d/transformed/ideaIU-2025.3/lib/modules/intellij.platform.smRunner.vcs.jar:/home/ubuntu/.gradle/caches/8.10.2/transforms/81e4360543fbb01d4f7fb470fa49803d/transformed/ideaIU-2025.3/lib/modules/intellij.platform.tasks.jar:/home/ubuntu/.gradle/caches/8.10.2/transforms/81e4360543fbb01d4f7fb470fa49803d/transformed/ideaIU-2025.3/lib/modules/intellij.platform.tasks.impl.jar:/home/ubuntu/.gradle/caches/8.10.2/transforms/81e4360543fbb01d4f7fb470fa49803d/transformed/ideaIU-2025.3/lib/modules/intellij.platform.tips.jar:/home/ubuntu/.gradle/caches/8.10.2/transforms/81e4360543fbb01d4f7fb470fa49803d/transformed/ideaIU-2025.3/lib/modules/intellij.platform.trialPromotion.common.jar:/home/ubuntu/.gradle/caches/8.10.2/transforms/81e4360543fbb01d4f7fb470fa49803d/transformed/ideaIU-2025.3/lib/modules/intellij.platform.trialPromotion.idesWithFreeTier.jar:/home/ubuntu/.gradle/caches/8.10.2/transforms/81e4360543fbb01d4f7fb470fa49803d/transformed/ideaIU-2025.3/lib/modules/intellij.platform.vcs.dvcs.jar:/home/ubuntu/.gradle/caches/8.10.2/transforms/81e4360543fbb01d4f7fb470fa49803d/transformed/ideaIU-2025.3/lib/modules/intellij.platform.vcs.dvcs.impl.jar:/home/ubuntu/.gradle/caches/8.10.2/transforms/81e4360543fbb01d4f7fb470fa49803d/transformed/ideaIU-2025.3/lib/modules/intellij.platform.vcs.dvcs.impl.shared.jar:/home/ubuntu/.gradle/caches/8.10.2/transforms/81e4360543fbb01d4f7fb470fa49803d/transformed/ideaIU-2025.3/lib/modules/intellij.platform.vcs.impl.jar:/home/ubuntu/.gradle/caches/8.10.2/transforms/81e4360543fbb01d4f7fb470fa49803d/transformed/ideaIU-2025.3/lib/modules/intellij.platform.vcs.impl.exec.jar:/home/ubuntu/.gradle/caches/8.10.2/transforms/81e4360543fbb01d4f7fb470fa49803d/transformed/ideaIU-2025.3/lib/modules/intellij.platform.vcs.impl.frontend.jar:/home/ubuntu/.gradle/caches/8.10.2/transforms/81e4360543fbb01d4f7fb470fa49803d/transformed/ideaIU-2025.3/lib/modules/intellij.platform.vcs.impl.lang.jar:/home/ubuntu/.gradle/caches/8.10.2/transforms/81e4360543fbb01d4f7fb470fa49803d/transformed/ideaIU-2025.3/lib/modules/intellij.platform.vcs.impl.lang.actions.jar:/home/ubuntu/.gradle/caches/8.10.2/transforms/81e4360543fbb01d4f7fb470fa49803d/transformed/ideaIU-2025.3/lib/modules/intellij.platform.vcs.impl.shared.jar:/home/ubuntu/.gradle/caches/8.10.2/transforms/81e4360543fbb01d4f7fb470fa49803d/transformed/ideaIU-2025.3/lib/modules/intellij.platform.vcs.log.jar:/home/ubuntu/.gradle/caches/8.10.2/transforms/81e4360543fbb01d4f7fb470fa49803d/transformed/ideaIU-2025.3/lib/modules/intellij.platform.vcs.log.graph.jar:/home/ubuntu/.gradle/caches/8.10.2/transforms/81e4360543fbb01d4f7fb470fa49803d/transformed/ideaIU-2025.3/lib/modules/intellij.platform.vcs.log.graph.impl.jar:/home/ubuntu/.gradle/caches/8.10.2/transforms/81e4360543fbb01d4f7fb470fa49803d/transformed/ideaIU-2025.3/lib/modules/intellij.platform.vcs.log.impl.jar:/home/ubuntu/.gradle/caches/8.10.2/transforms/81e4360543fbb01d4f7fb470fa49803d/transformed/ideaIU-2025.3/lib/modules/intellij.platform.warmup.jar:/home/ubuntu/.gradle/caches/8.10.2/transforms/81e4360543fbb01d4f7fb470fa49803d/transformed/ideaIU-2025.3/lib/modules/intellij.profiler.asyncOne.jar:/home/ubuntu/.gradle/caches/8.10.2/transforms/81e4360543fbb01d4f7fb470fa49803d/transformed/ideaIU-2025.3/lib/modules/intellij.profiler.common.jar:/home/ubuntu/.gradle/caches/8.10.2/transforms/81e4360543fbb01d4f7fb470fa49803d/transformed/ideaIU-2025.3/lib/modules/intellij.profiler.ultimate.ideaAsyncProfiler.jar:/home/ubuntu/.gradle/caches/8.10.2/transforms/81e4360543fbb01d4f7fb470fa49803d/transformed/ideaIU-2025.3/lib/modules/intellij.rd.ide.model.generated.jar:/home/ubuntu/.gradle/caches/8.10.2/transforms/81e4360543fbb01d4f7fb470fa49803d/transformed/ideaIU-2025.3/lib/modules/intellij.rd.platform.jar:/home/ubuntu/.gradle/caches/8.10.2/transforms/81e4360543fbb01d4f7fb470fa49803d/transformed/ideaIU-2025.3/lib/modules/intellij.rd.ui.jar:/home/ubuntu/.gradle/caches/8.10.2/transforms/81e4360543fbb01d4f7fb470fa49803d/transformed/ideaIU-2025.3/lib/modules/intellij.relaxng.jar:/home/ubuntu/.gradle/caches/8.10.2/transforms/81e4360543fbb01d4f7fb470fa49803d/transformed/ideaIU-2025.3/lib/modules/intellij.rml.dfa.impl.jar:/home/ubuntu/.gradle/caches/8.10.2/transforms/81e4360543fbb01d4f7fb470fa49803d/transformed/ideaIU-2025.3/lib/modules/intellij.settingsSync.core.jar:/home/ubuntu/.gradle/caches/8.10.2/transforms/81e4360543fbb01d4f7fb470fa49803d/transformed/ideaIU-2025.3/lib/modules/intellij.spellchecker.jar:/home/ubuntu/.gradle/caches/8.10.2/transforms/81e4360543fbb01d4f7fb470fa49803d/transformed/ideaIU-2025.3/lib/modules/intellij.spellchecker.xml.jar:/home/ubuntu/.gradle/caches/8.10.2/transforms/81e4360543fbb01d4f7fb470fa49803d/transformed/ideaIU-2025.3/lib/modules/intellij.xml.langInjection.jar:/home/ubuntu/.gradle/caches/8.10.2/transforms/81e4360543fbb01d4f7fb470fa49803d/transformed/ideaIU-2025.3/lib/modules/intellij.xml.langInjection.xpath.jar:/home/ubuntu/.gradle/caches/8.10.2/transforms/81e4360543fbb01d4f7fb470fa49803d/transformed/ideaIU-2025.3/lib/modules/intellij.xml.xmlbeans.jar:/home/ubuntu/.gradle/caches/8.10.2/transforms/81e4360543fbb01d4f7fb470fa49803d/transformed/ideaIU-2025.3/plugins/angular/lib/angular.jar:/home/ubuntu/.gradle/caches/8.10.2/transforms/81e4360543fbb01d4f7fb470fa49803d/transformed/ideaIU-2025.3/plugins/java-byteCodeViewer/lib/java-byteCodeViewer.jar:/home/ubuntu/.gradle/caches/8.10.2/transforms/81e4360543fbb01d4f7fb470fa49803d/transformed/ideaIU-2025.3/plugins/java-coverage/lib/jacoco.jar:/home/ubuntu/.gradle/caches/8.10.2/transforms/81e4360543fbb01d4f7fb470fa49803d/transformed/ideaIU-2025.3/plugins/java-coverage/lib/java-coverage-rt.jar:/home/ubuntu/.gradle/caches/8.10.2/transforms/81e4360543fbb01d4f7fb470fa49803d/transformed/ideaIU-2025.3/plugins/java-coverage/lib/coverage-report.jar:/home/ubuntu/.gradle/caches/8.10.2/transforms/81e4360543fbb01d4f7fb470fa49803d/transformed/ideaIU-2025.3/plugins/java-coverage/lib/java-coverage.jar:/home/ubuntu/.gradle/caches/8.10.2/transforms/81e4360543fbb01d4f7fb470fa49803d/transformed/ideaIU-2025.3/plugins/clouds-docker-impl/lib/com.github.docker-java-docker-java-transport.jar:/home/ubuntu/.gradle/caches/8.10.2/transforms/81e4360543fbb01d4f7fb470fa49803d/transformed/ideaIU-2025.3/plugins/clouds-docker-impl/lib/clouds-docker-impl.jar:/home/ubuntu/.gradle/caches/8.10.2/transforms/81e4360543fbb01d4f7fb470fa49803d/transformed/ideaIU-2025.3/plugins/clouds-docker-impl/lib/com.github.docker-java-docker-java-api.jar:/home/ubuntu/.gradle/caches/8.10.2/transforms/81e4360543fbb01d4f7fb470fa49803d/transformed/ideaIU-2025.3/plugins/clouds-docker-impl/lib/com.github.docker-java-docker-java-core.jar:/home/ubuntu/.gradle/caches/8.10.2/transforms/81e4360543fbb01d4f7fb470fa49803d/transformed/ideaIU-2025.3/plugins/clouds-docker-impl/lib/com.github.docker-java-docker-java-transport-httpclient5.jar:/home/ubuntu/.gradle/caches/8.10.2/transforms/81e4360543fbb01d4f7fb470fa49803d/transformed/ideaIU-2025.3/plugins/clouds-docker-impl/lib/modules/intellij.clouds.docker.file.backend.jar:/home/ubuntu/.gradle/caches/8.10.2/transforms/81e4360543fbb01d4f7fb470fa49803d/transformed/ideaIU-2025.3/plugins/clouds-docker-impl/lib/modules/intellij.clouds.docker.jar:/home/ubuntu/.gradle/caches/8.10.2/transforms/81e4360543fbb01d4f7fb470fa49803d/transformed/ideaIU-2025.3/plugins/clouds-docker-impl/lib/modules/intellij.clouds.docker.shared.jar:/home/ubuntu/.gradle/caches/8.10.2/transforms/81e4360543fbb01d4f7fb470fa49803d/transformed/ideaIU-2025.3/plugins/clouds-docker-impl/lib/modules/intellij.clouds.docker.frontend.jar:/home/ubuntu/.gradle/caches/8.10.2/transforms/81e4360543fbb01d4f7fb470fa49803d/transformed/ideaIU-2025.3/plugins/clouds-docker-impl/lib/modules/intellij.clouds.docker.file.frontend.split.jar:/home/ubuntu/.gradle/caches/8.10.2/transforms/81e4360543fbb01d4f7fb470fa49803d/transformed/ideaIU-2025.3/plugins/vcs-git/lib/vcs-git-frontend.jar:/home/ubuntu/.gradle/caches/8.10.2/transforms/81e4360543fbb01d4f7fb470fa49803d/transformed/ideaIU-2025.3/plugins/vcs-git/lib/git4idea-rt.jar:/home/ubuntu/.gradle/caches/8.10.2/transforms/81e4360543fbb01d4f7fb470fa49803d/transformed/ideaIU-2025.3/plugins/vcs-git/lib/vcs-git.jar:/home/ubuntu/.gradle/caches/8.10.2/transforms/81e4360543fbb01d4f7fb470fa49803d/transformed/ideaIU-2025.3/plugins/vcs-git/lib/modules/intellij.vcs.git.frontend.jar:/home/ubuntu/.gradle/caches/8.10.2/transforms/81e4360543fbb01d4f7fb470fa49803d/transformed/ideaIU-2025.3/plugins/html-tools/lib/html-tools.jar:/home/ubuntu/.gradle/caches/8.10.2/transforms/81e4360543fbb01d4f7fb470fa49803d/transformed/ideaIU-2025.3/plugins/javaee-appServers-jboss/lib/javaee-appServers-jboss.jar:/home/ubuntu/.gradle/caches/8.10.2/transforms/81e4360543fbb01d4f7fb470fa49803d/transformed/ideaIU-2025.3/plugins/javascript-intentions/lib/javascript-intentions.jar:/home/ubuntu/.gradle/caches/8.10.2/transforms/81e4360543fbb01d4f7fb470fa49803d/transformed/ideaIU-2025.3/plugins/junit/lib/junit-rt.jar:/home/ubuntu/.gradle/caches/8.10.2/transforms/81e4360543fbb01d4f7fb470fa49803d/transformed/ideaIU-2025.3/plugins/junit/lib/junit5-rt.jar:/home/ubuntu/.gradle/caches/8.10.2/transforms/81e4360543fbb01d4f7fb470fa49803d/transformed/ideaIU-2025.3/plugins/junit/lib/junit.jar:/home/ubuntu/.gradle/caches/8.10.2/transforms/81e4360543fbb01d4f7fb470fa49803d/transformed/ideaIU-2025.3/plugins/junit/lib/junit6-rt.jar:/home/ubuntu/.gradle/caches/8.10.2/transforms/81e4360543fbb01d4f7fb470fa49803d/transformed/ideaIU-2025.3/plugins/javascript-plugin/lib/javascript-plugin-frontend.jar:/home/ubuntu/.gradle/caches/8.10.2/transforms/81e4360543fbb01d4f7fb470fa49803d/transformed/ideaIU-2025.3/plugins/javascript-plugin/lib/semver4j.jar:/home/ubuntu/.gradle/caches/8.10.2/transforms/81e4360543fbb01d4f7fb470fa49803d/transformed/ideaIU-2025.3/plugins/javascript-plugin/lib/completion-ranking-typescript.jar:/home/ubuntu/.gradle/caches/8.10.2/transforms/81e4360543fbb01d4f7fb470fa49803d/transformed/ideaIU-2025.3/plugins/javascript-plugin/lib/completion-ranking-js.jar:/home/ubuntu/.gradle/caches/8.10.2/transforms/81e4360543fbb01d4f7fb470fa49803d/transformed/ideaIU-2025.3/plugins/javascript-plugin/lib/javascript-plugin.jar:/home/ubuntu/.gradle/caches/8.10.2/transforms/81e4360543fbb01d4f7fb470fa49803d/transformed/ideaIU-2025.3/plugins/javascript-plugin/lib/modules/intellij.javascript.frontend.jar:/home/ubuntu/.gradle/caches/8.10.2/transforms/81e4360543fbb01d4f7fb470fa49803d/transformed/ideaIU-2025.3/plugins/javascript-debugger/lib/javascript-debugger.jar:/home/ubuntu/.gradle/caches/8.10.2/transforms/81e4360543fbb01d4f7fb470fa49803d/transformed/ideaIU-2025.3/plugins/javascript-debugger/lib/modules/intellij.javascript.debugger.backend.jar:/home/ubuntu/.gradle/caches/8.10.2/transforms/81e4360543fbb01d4f7fb470fa49803d/transformed/ideaIU-2025.3/plugins/javascript-debugger/lib/modules/intellij.javascript.debugger.webDeployment.jar:/home/ubuntu/.gradle/caches/8.10.2/transforms/81e4360543fbb01d4f7fb470fa49803d/transformed/ideaIU-2025.3/plugins/javascript-debugger/lib/modules/intellij.javascript.wip.backend.jar:/home/ubuntu/.gradle/caches/8.10.2/transforms/81e4360543fbb01d4f7fb470fa49803d/transformed/ideaIU-2025.3/plugins/javascript-debugger/lib/modules/intellij.javascript.reactNativeDebugger.jar:/home/ubuntu/.gradle/caches/8.10.2/transforms/81e4360543fbb01d4f7fb470fa49803d/transformed/ideaIU-2025.3/plugins/javascript-debugger/lib/modules/intellij.javascript.wip.protocol.jar:/home/ubuntu/.gradle/caches/8.10.2/transforms/81e4360543fbb01d4f7fb470fa49803d/transformed/ideaIU-2025.3/plugins/javascript-debugger/lib/modules/intellij.javascript.debugger.backend.rpc.jar:/home/ubuntu/.gradle/caches/8.10.2/transforms/81e4360543fbb01d4f7fb470fa49803d/transformed/ideaIU-2025.3/plugins/javascript-debugger/lib/modules/intellij.javascript.debugger.coverage.jar:/home/ubuntu/.gradle/caches/8.10.2/transforms/81e4360543fbb01d4f7fb470fa49803d/transformed/ideaIU-2025.3/plugins/javascript-debugger/lib/modules/intellij.javascript.debugger.ui.jar:/home/ubuntu/.gradle/caches/8.10.2/transforms/81e4360543fbb01d4f7fb470fa49803d/transformed/ideaIU-2025.3/plugins/javascript-debugger/lib/modules/intellij.javascript.debugger.webstorm.specific.jar:/home/ubuntu/.gradle/caches/8.10.2/transforms/81e4360543fbb01d4f7fb470fa49803d/transformed/ideaIU-2025.3/plugins/karma/lib/karma.jar:/home/ubuntu/.gradle/caches/8.10.2/transforms/81e4360543fbb01d4f7fb470fa49803d/transformed/ideaIU-2025.3/plugins/lombok/lib/lombok.jar:/home/ubuntu/.gradle/caches/8.10.2/transforms/81e4360543fbb01d4f7fb470fa49803d/transformed/ideaIU-2025.3/plugins/nodeJS/lib/nodeJS.jar:/home/ubuntu/.gradle/caches/8.10.2/transforms/81e4360543fbb01d4f7fb470fa49803d/transformed/ideaIU-2025.3/plugins/vcs-perforce/lib/vcs-perforce.jar:/home/ubuntu/.gradle/caches/8.10.2/transforms/81e4360543fbb01d4f7fb470fa49803d/transformed/ideaIU-2025.3/plugins/xml-refactoring/lib/xml-refactoring.jar:/home/ubuntu/.gradle/caches/8.10.2/transforms/81e4360543fbb01d4f7fb470fa49803d/transformed/ideaIU-2025.3/plugins/vcs-svn/lib/vcs-svn.jar:/home/ubuntu/.gradle/caches/8.10.2/transforms/81e4360543fbb01d4f7fb470fa49803d/transformed/ideaIU-2025.3/plugins/vcs-svn/lib/sqlite.jar:/home/ubuntu/.gradle/caches/8.10.2/transforms/81e4360543fbb01d4f7fb470fa49803d/transformed/ideaIU-2025.3/plugins/testng/lib/testng.jar:/home/ubuntu/.gradle/caches/8.10.2/transforms/81e4360543fbb01d4f7fb470fa49803d/transformed/ideaIU-2025.3/plugins/testng/lib/testng-rt.jar:/home/ubuntu/.gradle/caches/8.10.2/transforms/81e4360543fbb01d4f7fb470fa49803d/transformed/ideaIU-2025.3/plugins/testng/lib/testng-plugin.jar:/home/ubuntu/.gradle/caches/8.10.2/transforms/81e4360543fbb01d4f7fb470fa49803d/transformed/ideaIU-2025.3/plugins/javaee-appServers-tomcat/lib/intellij.tomcat.inspector.jar:/home/ubuntu/.gradle/caches/8.10.2/transforms/81e4360543fbb01d4f7fb470fa49803d/transformed/ideaIU-2025.3/plugins/javaee-appServers-tomcat/lib/javaee-appServers-tomcat.jar:/home/ubuntu/.gradle/caches/8.10.2/transforms/81e4360543fbb01d4f7fb470fa49803d/transformed/ideaIU-2025.3/plugins/xpath/lib/xpath.jar:/home/ubuntu/.gradle/caches/8.10.2/transforms/81e4360543fbb01d4f7fb470fa49803d/transformed/ideaIU-2025.3/plugins/android-gradle-declarative-lang-ide/lib/android-gradle-declarative-lang-ide-frontend.jar:/home/ubuntu/.gradle/caches/8.10.2/transforms/81e4360543fbb01d4f7fb470fa49803d/transformed/ideaIU-2025.3/plugins/android-gradle-declarative-lang-ide/lib/android-gradle-declarative-lang-ide.jar:/home/ubuntu/.gradle/caches/8.10.2/transforms/81e4360543fbb01d4f7fb470fa49803d/transformed/ideaIU-2025.3/plugins/styled-components/lib/styled-components.jar:/home/ubuntu/.gradle/caches/8.10.2/transforms/81e4360543fbb01d4f7fb470fa49803d/transformed/ideaIU-2025.3/plugins/profiler-lineProfiler/lib/profiler-lineProfiler.jar:/home/ubuntu/.gradle/caches/8.10.2/transforms/81e4360543fbb01d4f7fb470fa49803d/transformed/ideaIU-2025.3/plugins/aopCommon/lib/aopCommon.jar:/home/ubuntu/.gradle/caches/8.10.2/transforms/81e4360543fbb01d4f7fb470fa49803d/transformed/ideaIU-2025.3/plugins/javaee-beanValidation/lib/javaee-beanValidation.jar:/home/ubuntu/.gradle/caches/8.10.2/transforms/81e4360543fbb01d4f7fb470fa49803d/transformed/ideaIU-2025.3/plugins/javaee-cdi/lib/javaee-cdi.jar:/home/ubuntu/.gradle/caches/8.10.2/transforms/81e4360543fbb01d4f7fb470fa49803d/transformed/ideaIU-2025.3/plugins/completionMlRanking/lib/completionMlRanking.jar:/home/ubuntu/.gradle/caches/8.10.2/transforms/81e4360543fbb01d4f7fb470fa49803d/transformed/ideaIU-2025.3/plugins/compose-ide-plugin/lib/compose-ide-plugin.jar:/home/ubuntu/.gradle/caches/8.10.2/transforms/81e4360543fbb01d4f7fb470fa49803d/transformed/ideaIU-2025.3/plugins/compose-ide-plugin/lib/modules/intellij.compose.ide.plugin.gradleTooling.rt.jar:/home/ubuntu/.gradle/caches/8.10.2/transforms/81e4360543fbb01d4f7fb470fa49803d/transformed/ideaIU-2025.3/plugins/configurationScript/lib/configurationScript.jar:/home/ubuntu/.gradle/caches/8.10.2/transforms/81e4360543fbb01d4f7fb470fa49803d/transformed/ideaIU-2025.3/plugins/copyright/lib/copyright.jar:/home/ubuntu/.gradle/caches/8.10.2/transforms/81e4360543fbb01d4f7fb470fa49803d/transformed/ideaIU-2025.3/plugins/cron/lib/cronutils.cron.utils.jar:/home/ubuntu/.gradle/caches/8.10.2/transforms/81e4360543fbb01d4f7fb470fa49803d/transformed/ideaIU-2025.3/plugins/cron/lib/cron.jar:/home/ubuntu/.gradle/caches/8.10.2/transforms/81e4360543fbb01d4f7fb470fa49803d/transformed/ideaIU-2025.3/plugins/css-plugin/lib/css-plugin.jar:/home/ubuntu/.gradle/caches/8.10.2/transforms/81e4360543fbb01d4f7fb470fa49803d/transformed/ideaIU-2025.3/plugins/css-plugin/lib/modules/intellij.css.watcher.jar:/home/ubuntu/.gradle/caches/8.10.2/transforms/81e4360543fbb01d4f7fb470fa49803d/transformed/ideaIU-2025.3/plugins/css-plugin/lib/modules/intellij.css.schemeGenerator.jar:/home/ubuntu/.gradle/caches/8.10.2/transforms/81e4360543fbb01d4f7fb470fa49803d/transformed/ideaIU-2025.3/plugins/css-plugin/lib/modules/intellij.css.jar:/home/ubuntu/.gradle/caches/8.10.2/transforms/81e4360543fbb01d4f7fb470fa49803d/transformed/ideaIU-2025.3/plugins/css-plugin/lib/modules/intellij.css.xmlSchemeGenerator.jar:/home/ubuntu/.gradle/caches/8.10.2/transforms/81e4360543fbb01d4f7fb470fa49803d/transformed/ideaIU-2025.3/plugins/css-plugin/lib/modules/intellij.css.common.psi.jar:/home/ubuntu/.gradle/caches/8.10.2/transforms/81e4360543fbb01d4f7fb470fa49803d/transformed/ideaIU-2025.3/plugins/css-plugin/lib/modules/intellij.css.common.jar:/home/ubuntu/.gradle/caches/8.10.2/transforms/81e4360543fbb01d4f7fb470fa49803d/transformed/ideaIU-2025.3/plugins/css-plugin/lib/modules/intellij.css.copyright.jar:/home/ubuntu/.gradle/caches/8.10.2/transforms/81e4360543fbb01d4f7fb470fa49803d/transformed/ideaIU-2025.3/plugins/css-plugin/lib/modules/intellij.css.analysis.jar:/home/ubuntu/.gradle/caches/8.10.2/transforms/81e4360543fbb01d4f7fb470fa49803d/transformed/ideaIU-2025.3/plugins/css-plugin/lib/modules/intellij.css.backend.jar:/home/ubuntu/.gradle/caches/8.10.2/transforms/81e4360543fbb01d4f7fb470fa49803d/transformed/ideaIU-2025.3/plugins/css-plugin/lib/modules/intellij.css.psi.jar:/home/ubuntu/.gradle/caches/8.10.2/transforms/81e4360543fbb01d4f7fb470fa49803d/transformed/ideaIU-2025.3/plugins/css-plugin/lib/modules/intellij.css.frontend.split.jar:/home/ubuntu/.gradle/caches/8.10.2/transforms/81e4360543fbb01d4f7fb470fa49803d/transformed/ideaIU-2025.3/plugins/DatabaseTools/lib/maven-resolver-transport-file.jar:/home/ubuntu/.gradle/caches/8.10.2/transforms/81e4360543fbb01d4f7fb470fa49803d/transformed/ideaIU-2025.3/plugins/DatabaseTools/lib/tips-database-plugin.jar:/home/ubuntu/.gradle/caches/8.10.2/transforms/81e4360543fbb01d4f7fb470fa49803d/transformed/ideaIU-2025.3/plugins/DatabaseTools/lib/maven-resolver-connector-basic.jar:/home/ubuntu/.gradle/caches/8.10.2/transforms/81e4360543fbb01d4f7fb470fa49803d/transformed/ideaIU-2025.3/plugins/DatabaseTools/lib/aether-dependency-resolver.jar:/home/ubuntu/.gradle/caches/8.10.2/transforms/81e4360543fbb01d4f7fb470fa49803d/transformed/ideaIU-2025.3/plugins/DatabaseTools/lib/plexus-utils.jar:/home/ubuntu/.gradle/caches/8.10.2/transforms/81e4360543fbb01d4f7fb470fa49803d/transformed/ideaIU-2025.3/plugins/DatabaseTools/lib/maven-resolver-provider.jar:/home/ubuntu/.gradle/caches/8.10.2/transforms/81e4360543fbb01d4f7fb470fa49803d/transformed/ideaIU-2025.3/plugins/DatabaseTools/lib/database-plugin.jar:/home/ubuntu/.gradle/caches/8.10.2/transforms/81e4360543fbb01d4f7fb470fa49803d/transformed/ideaIU-2025.3/plugins/DatabaseTools/lib/maven-resolver-transport-http.jar:/home/ubuntu/.gradle/caches/8.10.2/transforms/81e4360543fbb01d4f7fb470fa49803d/transformed/ideaIU-2025.3/plugins/DatabaseTools/lib/database-plugin-frontend.jar:/home/ubuntu/.gradle/caches/8.10.2/transforms/81e4360543fbb01d4f7fb470fa49803d/transformed/ideaIU-2025.3/plugins/DatabaseTools/lib/modules/intellij.database.dialects.sql92.jar:/home/ubuntu/.gradle/caches/8.10.2/transforms/81e4360543fbb01d4f7fb470fa49803d/transformed/ideaIU-2025.3/plugins/DatabaseTools/lib/modules/intellij.database.dialects.sybase.ex.jar:/home/ubuntu/.gradle/caches/8.10.2/transforms/81e4360543fbb01d4f7fb470fa49803d/transformed/ideaIU-2025.3/plugins/DatabaseTools/lib/modules/intellij.database.core.impl.jar:/home/ubuntu/.gradle/caches/8.10.2/transforms/81e4360543fbb01d4f7fb470fa49803d/transformed/ideaIU-2025.3/plugins/DatabaseTools/lib/modules/intellij.database.dialects.base.jar:/home/ubuntu/.gradle/caches/8.10.2/transforms/81e4360543fbb01d4f7fb470fa49803d/transformed/ideaIU-2025.3/plugins/DatabaseTools/lib/modules/intellij.database.dialects.oracle.jar:/home/ubuntu/.gradle/caches/8.10.2/transforms/81e4360543fbb01d4f7fb470fa49803d/transformed/ideaIU-2025.3/plugins/DatabaseTools/lib/modules/intellij.database.sql.backend.core.jar:/home/ubuntu/.gradle/caches/8.10.2/transforms/81e4360543fbb01d4f7fb470fa49803d/transformed/ideaIU-2025.3/plugins/DatabaseTools/lib/modules/intellij.database.connectivity.jar:/home/ubuntu/.gradle/caches/8.10.2/transforms/81e4360543fbb01d4f7fb470fa49803d/transformed/ideaIU-2025.3/plugins/DatabaseTools/lib/modules/intellij.database.dialects.mongo.jar:/home/ubuntu/.gradle/caches/8.10.2/transforms/81e4360543fbb01d4f7fb470fa49803d/transformed/ideaIU-2025.3/plugins/DatabaseTools/lib/modules/intellij.database.jdbcConsole.shim.jar:/home/ubuntu/.gradle/caches/8.10.2/transforms/81e4360543fbb01d4f7fb470fa49803d/transformed/ideaIU-2025.3/plugins/DatabaseTools/lib/modules/intellij.database.sql.jar:/home/ubuntu/.gradle/caches/8.10.2/transforms/81e4360543fbb01d4f7fb470fa49803d/transformed/ideaIU-2025.3/plugins/DatabaseTools/lib/modules/intellij.database.backend.split.jar:/home/ubuntu/.gradle/caches/8.10.2/transforms/81e4360543fbb01d4f7fb470fa49803d/transformed/ideaIU-2025.3/plugins/DatabaseTools/lib/modules/intellij.database.dialects.oracle.ex.coverage.jar:/home/ubuntu/.gradle/caches/8.10.2/transforms/81e4360543fbb01d4f7fb470fa49803d/transformed/ideaIU-2025.3/plugins/DatabaseTools/lib/modules/intellij.database.dialects.redis.backend.jar:/home/ubuntu/.gradle/caches/8.10.2/transforms/81e4360543fbb01d4f7fb470fa49803d/transformed/ideaIU-2025.3/plugins/DatabaseTools/lib/modules/intellij.database.dialects.maria.jar:/home/ubuntu/.gradle/caches/8.10.2/transforms/81e4360543fbb01d4f7fb470fa49803d/transformed/ideaIU-2025.3/plugins/DatabaseTools/lib/modules/intellij.database.util.jar:/home/ubuntu/.gradle/caches/8.10.2/transforms/81e4360543fbb01d4f7fb470fa49803d/transformed/ideaIU-2025.3/plugins/DatabaseTools/lib/modules/intellij.database.dialects.redis.jar:/home/ubuntu/.gradle/caches/8.10.2/transforms/81e4360543fbb01d4f7fb470fa49803d/transformed/ideaIU-2025.3/plugins/DatabaseTools/lib/modules/intellij.database.dialects.mysql.jar:/home/ubuntu/.gradle/caches/8.10.2/transforms/81e4360543fbb01d4f7fb470fa49803d/transformed/ideaIU-2025.3/plugins/DatabaseTools/lib/modules/intellij.database.sql.core.impl.jar:/home/ubuntu/.gradle/caches/8.10.2/transforms/81e4360543fbb01d4f7fb470fa49803d/transformed/ideaIU-2025.3/plugins/DatabaseTools/lib/modules/intellij.database.dialects.mysqlbase.jar:/home/ubuntu/.gradle/caches/8.10.2/transforms/81e4360543fbb01d4f7fb470fa49803d/transformed/ideaIU-2025.3/plugins/DatabaseTools/lib/modules/intellij.database.dialects.mongo.sql.jar:/home/ubuntu/.gradle/caches/8.10.2/transforms/81e4360543fbb01d4f7fb470fa49803d/transformed/ideaIU-2025.3/plugins/DatabaseTools/lib/modules/intellij.database.jdbcConsole.jar:/home/ubuntu/.gradle/caches/8.10.2/transforms/81e4360543fbb01d4f7fb470fa49803d/transformed/ideaIU-2025.3/plugins/DatabaseTools/lib/modules/intellij.database.completionMlRanking.jar:/home/ubuntu/.gradle/caches/8.10.2/transforms/81e4360543fbb01d4f7fb470fa49803d/transformed/ideaIU-2025.3/plugins/DatabaseTools/lib/modules/intellij.database.sql.common.impl.jar:/home/ubuntu/.gradle/caches/8.10.2/transforms/81e4360543fbb01d4f7fb470fa49803d/transformed/ideaIU-2025.3/plugins/DatabaseTools/lib/modules/intellij.database.dialects.mysqlbase.ex.jar:/home/ubuntu/.gradle/caches/8.10.2/transforms/81e4360543fbb01d4f7fb470fa49803d/transformed/ideaIU-2025.3/plugins/DatabaseTools/lib/modules/intellij.database.dialects.sqlite.ex.jar:/home/ubuntu/.gradle/caches/8.10.2/transforms/81e4360543fbb01d4f7fb470fa49803d/transformed/ideaIU-2025.3/plugins/DatabaseTools/lib/modules/intellij.database.impl.jar:/home/ubuntu/.gradle/caches/8.10.2/transforms/81e4360543fbb01d4f7fb470fa49803d/transformed/ideaIU-2025.3/plugins/DatabaseTools/lib/modules/intellij.database.dialects.postgresbase.jar:/home/ubuntu/.gradle/caches/8.10.2/transforms/81e4360543fbb01d4f7fb470fa49803d/transformed/ideaIU-2025.3/plugins/DatabaseTools/lib/modules/intellij.database.sql.frontend.core.jar:/home/ubuntu/.gradle/caches/8.10.2/transforms/81e4360543fbb01d4f7fb470fa49803d/transformed/ideaIU-2025.3/plugins/DatabaseTools/lib/modules/intellij.database.trialPromotion.idesWithFreeTier.jar:/home/ubuntu/.gradle/caches/8.10.2/transforms/81e4360543fbb01d4f7fb470fa49803d/transformed/ideaIU-2025.3/plugins/DatabaseTools/lib/modules/intellij.database.dialects.mssql.jar:/home/ubuntu/.gradle/caches/8.10.2/transforms/81e4360543fbb01d4f7fb470fa49803d/transformed/ideaIU-2025.3/plugins/DatabaseTools/lib/modules/intellij.database.dialects.mssql.ex.jar:/home/ubuntu/.gradle/caches/8.10.2/transforms/81e4360543fbb01d4f7fb470fa49803d/transformed/ideaIU-2025.3/plugins/DatabaseTools/lib/modules/intellij.database.sql.frontend.impl.jar:/home/ubuntu/.gradle/caches/8.10.2/transforms/81e4360543fbb01d4f7fb470fa49803d/transformed/ideaIU-2025.3/plugins/DatabaseTools/lib/modules/intellij.database.dialects.mysqlbase.impl.jar:/home/ubuntu/.gradle/caches/8.10.2/transforms/81e4360543fbb01d4f7fb470fa49803d/transformed/ideaIU-2025.3/plugins/DatabaseTools/lib/modules/intellij.database.sql.common.core.jar:/home/ubuntu/.gradle/caches/8.10.2/transforms/81e4360543fbb01d4f7fb470fa49803d/transformed/ideaIU-2025.3/plugins/DatabaseTools/lib/modules/intellij.database.dialects.mongo.ex.jar:/home/ubuntu/.gradle/caches/8.10.2/transforms/81e4360543fbb01d4f7fb470fa49803d/transformed/ideaIU-2025.3/plugins/DatabaseTools/lib/modules/intellij.database.dialects.postgres.jar:/home/ubuntu/.gradle/caches/8.10.2/transforms/81e4360543fbb01d4f7fb470fa49803d/transformed/ideaIU-2025.3/plugins/DatabaseTools/lib/modules/intellij.database.dialects.oracle.ex.jar:/home/ubuntu/.gradle/caches/8.10.2/transforms/81e4360543fbb01d4f7fb470fa49803d/transformed/ideaIU-2025.3/plugins/DatabaseTools/lib/modules/intellij.database.dialects.mongo.js.external.jar:/home/ubuntu/.gradle/caches/8.10.2/transforms/81e4360543fbb01d4f7fb470fa49803d/transformed/ideaIU-2025.3/plugins/DatabaseTools/lib/modules/intellij.database.dialects.generic.jar:/home/ubuntu/.gradle/caches/8.10.2/transforms/81e4360543fbb01d4f7fb470fa49803d/transformed/ideaIU-2025.3/plugins/DatabaseTools/lib/modules/intellij.database.dialects.postgresgreenplumbase.jar:/home/ubuntu/.gradle/caches/8.10.2/transforms/81e4360543fbb01d4f7fb470fa49803d/transformed/ideaIU-2025.3/plugins/DatabaseTools/lib/modules/intellij.database.dialects.mssql.impl.jar:/home/ubuntu/.gradle/caches/8.10.2/transforms/81e4360543fbb01d4f7fb470fa49803d/transformed/ideaIU-2025.3/plugins/DatabaseTools/lib/modules/intellij.database.dialects.sybase.jar:/home/ubuntu/.gradle/caches/8.10.2/transforms/81e4360543fbb01d4f7fb470fa49803d/transformed/ideaIU-2025.3/plugins/DatabaseTools/lib/modules/intellij.database.pro.jar:/home/ubuntu/.gradle/caches/8.10.2/transforms/81e4360543fbb01d4f7fb470fa49803d/transformed/ideaIU-2025.3/plugins/DatabaseTools/lib/modules/intellij.database.sql.impl.jar:/home/ubuntu/.gradle/caches/8.10.2/transforms/81e4360543fbb01d4f7fb470fa49803d/transformed/ideaIU-2025.3/plugins/DatabaseTools/lib/modules/intellij.database.sql.intelliLang.jar:/home/ubuntu/.gradle/caches/8.10.2/transforms/81e4360543fbb01d4f7fb470fa49803d/transformed/ideaIU-2025.3/plugins/DatabaseTools/lib/modules/intellij.database.dialects.sqlite.jar:/home/ubuntu/.gradle/caches/8.10.2/transforms/81e4360543fbb01d4f7fb470fa49803d/transformed/ideaIU-2025.3/plugins/DatabaseTools/lib/modules/intellij.database.frontend.split.jar:/home/ubuntu/.gradle/caches/8.10.2/transforms/81e4360543fbb01d4f7fb470fa49803d/transformed/ideaIU-2025.3/plugins/DatabaseTools/lib/modules/intellij.database.sql.copyright.jar:/home/ubuntu/.gradle/caches/8.10.2/transforms/81e4360543fbb01d4f7fb470fa49803d/transformed/ideaIU-2025.3/plugins/DatabaseTools/lib/modules/intellij.database.dialects.base.ex.jar:/home/ubuntu/.gradle/caches/8.10.2/transforms/81e4360543fbb01d4f7fb470fa49803d/transformed/ideaIU-2025.3/plugins/debugger-collections-visualizer/lib/debugger-collections-visualizer.jar:/home/ubuntu/.gradle/caches/8.10.2/transforms/81e4360543fbb01d4f7fb470fa49803d/transformed/ideaIU-2025.3/plugins/debugger-collections-visualizer/lib/modules/intellij.debugger.collections.visualizer.core.backend.jar:/home/ubuntu/.gradle/caches/8.10.2/transforms/81e4360543fbb01d4f7fb470fa49803d/transformed/ideaIU-2025.3/plugins/debugger-collections-visualizer/lib/modules/intellij.debugger.collections.visualizer.jvm.jar:/home/ubuntu/.gradle/caches/8.10.2/transforms/81e4360543fbb01d4f7fb470fa49803d/transformed/ideaIU-2025.3/plugins/debugger-collections-visualizer/lib/modules/intellij.debugger.collections.visualizer.core.frontend.jar:/home/ubuntu/.gradle/caches/8.10.2/transforms/81e4360543fbb01d4f7fb470fa49803d/transformed/ideaIU-2025.3/plugins/dev/lib/dev.jar:/home/ubuntu/.gradle/caches/8.10.2/transforms/81e4360543fbb01d4f7fb470fa49803d/transformed/ideaIU-2025.3/plugins/uml/lib/uml-support.jar:/home/ubuntu/.gradle/caches/8.10.2/transforms/81e4360543fbb01d4f7fb470fa49803d/transformed/ideaIU-2025.3/plugins/uml/lib/modules/intellij.diagram.vcs.jar:/home/ubuntu/.gradle/caches/8.10.2/transforms/81e4360543fbb01d4f7fb470fa49803d/transformed/ideaIU-2025.3/plugins/uml/lib/modules/intellij.diagram.gradle.jar:/home/ubuntu/.gradle/caches/8.10.2/transforms/81e4360543fbb01d4f7fb470fa49803d/transformed/ideaIU-2025.3/plugins/uml/lib/modules/intellij.diagram.java.jar:/home/ubuntu/.gradle/caches/8.10.2/transforms/81e4360543fbb01d4f7fb470fa49803d/transformed/ideaIU-2025.3/plugins/uml/lib/modules/intellij.diagram.maven.jar:/home/ubuntu/.gradle/caches/8.10.2/transforms/81e4360543fbb01d4f7fb470fa49803d/transformed/ideaIU-2025.3/plugins/uml/lib/modules/intellij.diagram.properties.jar:/home/ubuntu/.gradle/caches/8.10.2/transforms/81e4360543fbb01d4f7fb470fa49803d/transformed/ideaIU-2025.3/plugins/findUsagesMl/lib/findUsagesMl.jar:/home/ubuntu/.gradle/caches/8.10.2/transforms/81e4360543fbb01d4f7fb470fa49803d/transformed/ideaIU-2025.3/plugins/flyway/lib/flyway.jar:/home/ubuntu/.gradle/caches/8.10.2/transforms/81e4360543fbb01d4f7fb470fa49803d/transformed/ideaIU-2025.3/plugins/freemarker/lib/freemarker.jar:/home/ubuntu/.gradle/caches/8.10.2/transforms/81e4360543fbb01d4f7fb470fa49803d/transformed/ideaIU-2025.3/plugins/freemarker/lib/modules/intellij.freemarker.spring.jar:/home/ubuntu/.gradle/caches/8.10.2/transforms/81e4360543fbb01d4f7fb470fa49803d/transformed/ideaIU-2025.3/plugins/gradle/lib/gradle-api-9.0.0.jar:/home/ubuntu/.gradle/caches/8.10.2/transforms/81e4360543fbb01d4f7fb470fa49803d/transformed/ideaIU-2025.3/plugins/gradle/lib/gradle-tooling-extension-api.jar:/home/ubuntu/.gradle/caches/8.10.2/transforms/81e4360543fbb01d4f7fb470fa49803d/transformed/ideaIU-2025.3/plugins/gradle/lib/gradle-tooling-extension-impl.jar:/home/ubuntu/.gradle/caches/8.10.2/transforms/81e4360543fbb01d4f7fb470fa49803d/transformed/ideaIU-2025.3/plugins/gradle/lib/gradle.jar:/home/ubuntu/.gradle/caches/8.10.2/transforms/81e4360543fbb01d4f7fb470fa49803d/transformed/ideaIU-2025.3/plugins/hibernate/lib/hibernate5-console.jar:/home/ubuntu/.gradle/caches/8.10.2/transforms/81e4360543fbb01d4f7fb470fa49803d/transformed/ideaIU-2025.3/plugins/hibernate/lib/hibernate52-console.jar:/home/ubuntu/.gradle/caches/8.10.2/transforms/81e4360543fbb01d4f7fb470fa49803d/transformed/ideaIU-2025.3/plugins/hibernate/lib/hibernate-console.jar:/home/ubuntu/.gradle/caches/8.10.2/transforms/81e4360543fbb01d4f7fb470fa49803d/transformed/ideaIU-2025.3/plugins/hibernate/lib/hibernate4-console.jar:/home/ubuntu/.gradle/caches/8.10.2/transforms/81e4360543fbb01d4f7fb470fa49803d/transformed/ideaIU-2025.3/plugins/hibernate/lib/hibernate3-console.jar:/home/ubuntu/.gradle/caches/8.10.2/transforms/81e4360543fbb01d4f7fb470fa49803d/transformed/ideaIU-2025.3/plugins/hibernate/lib/hibernate.jar:/home/ubuntu/.gradle/caches/8.10.2/transforms/81e4360543fbb01d4f7fb470fa49803d/transformed/ideaIU-2025.3/plugins/localization-ja/lib/localization-ja.jar:/home/ubuntu/.gradle/caches/8.10.2/transforms/81e4360543fbb01d4f7fb470fa49803d/transformed/ideaIU-2025.3/plugins/java/lib/maven-resolver-transport-file.jar:/home/ubuntu/.gradle/caches/8.10.2/transforms/81e4360543fbb01d4f7fb470fa49803d/transformed/ideaIU-2025.3/plugins/java/lib/netty-codec-protobuf.jar:/home/ubuntu/.gradle/caches/8.10.2/transforms/81e4360543fbb01d4f7fb470fa49803d/transformed/ideaIU-2025.3/plugins/java/lib/jb-jdi.jar:/home/ubuntu/.gradle/caches/8.10.2/transforms/81e4360543fbb01d4f7fb470fa49803d/transformed/ideaIU-2025.3/plugins/java/lib/sa-jdwp.jar:/home/ubuntu/.gradle/caches/8.10.2/transforms/81e4360543fbb01d4f7fb470fa49803d/transformed/ideaIU-2025.3/plugins/java/lib/maven-resolver-connector-basic.jar:/home/ubuntu/.gradle/caches/8.10.2/transforms/81e4360543fbb01d4f7fb470fa49803d/transformed/ideaIU-2025.3/plugins/java/lib/jps-javac-extension.jar:/home/ubuntu/.gradle/caches/8.10.2/transforms/81e4360543fbb01d4f7fb470fa49803d/transformed/ideaIU-2025.3/plugins/java/lib/completion-ranking-java.jar:/home/ubuntu/.gradle/caches/8.10.2/transforms/81e4360543fbb01d4f7fb470fa49803d/transformed/ideaIU-2025.3/plugins/java/lib/aether-dependency-resolver.jar:/home/ubuntu/.gradle/caches/8.10.2/transforms/81e4360543fbb01d4f7fb470fa49803d/transformed/ideaIU-2025.3/plugins/java/lib/jps-builders.jar:/home/ubuntu/.gradle/caches/8.10.2/transforms/81e4360543fbb01d4f7fb470fa49803d/transformed/ideaIU-2025.3/plugins/java/lib/java-impl-frontend.jar:/home/ubuntu/.gradle/caches/8.10.2/transforms/81e4360543fbb01d4f7fb470fa49803d/transformed/ideaIU-2025.3/plugins/java/lib/javac2.jar:/home/ubuntu/.gradle/caches/8.10.2/transforms/81e4360543fbb01d4f7fb470fa49803d/transformed/ideaIU-2025.3/plugins/java/lib/java-impl.jar:/home/ubuntu/.gradle/caches/8.10.2/transforms/81e4360543fbb01d4f7fb470fa49803d/transformed/ideaIU-2025.3/plugins/java/lib/jps-launcher.jar:/home/ubuntu/.gradle/caches/8.10.2/transforms/81e4360543fbb01d4f7fb470fa49803d/transformed/ideaIU-2025.3/plugins/java/lib/kotlin-metadata.jar:/home/ubuntu/.gradle/caches/8.10.2/transforms/81e4360543fbb01d4f7fb470fa49803d/transformed/ideaIU-2025.3/plugins/java/lib/jgoodies-common.jar:/home/ubuntu/.gradle/caches/8.10.2/transforms/81e4360543fbb01d4f7fb470fa49803d/transformed/ideaIU-2025.3/plugins/java/lib/debugger-memory-agent.jar:/home/ubuntu/.gradle/caches/8.10.2/transforms/81e4360543fbb01d4f7fb470fa49803d/transformed/ideaIU-2025.3/plugins/java/lib/maven-resolver-transport-http.jar:/home/ubuntu/.gradle/caches/8.10.2/transforms/81e4360543fbb01d4f7fb470fa49803d/transformed/ideaIU-2025.3/plugins/java/lib/jps-builders-6.jar:/home/ubuntu/.gradle/caches/8.10.2/transforms/81e4360543fbb01d4f7fb470fa49803d/transformed/ideaIU-2025.3/plugins/java/lib/modules/intellij.java.execution.impl.frontend.jar:/home/ubuntu/.gradle/caches/8.10.2/transforms/81e4360543fbb01d4f7fb470fa49803d/transformed/ideaIU-2025.3/plugins/java/lib/modules/intellij.java.unscramble.jar:/home/ubuntu/.gradle/caches/8.10.2/transforms/81e4360543fbb01d4f7fb470fa49803d/transformed/ideaIU-2025.3/plugins/java/lib/modules/intellij.java.structuralSearch.jar:/home/ubuntu/.gradle/caches/8.10.2/transforms/81e4360543fbb01d4f7fb470fa49803d/transformed/ideaIU-2025.3/plugins/java/lib/modules/intellij.java.duplicates.analysis.jar:/home/ubuntu/.gradle/caches/8.10.2/transforms/81e4360543fbb01d4f7fb470fa49803d/transformed/ideaIU-2025.3/plugins/java/lib/modules/intellij.jvm.analysis.impl.jar:/home/ubuntu/.gradle/caches/8.10.2/transforms/81e4360543fbb01d4f7fb470fa49803d/transformed/ideaIU-2025.3/plugins/java/lib/modules/intellij.java.vcs.jar:/home/ubuntu/.gradle/caches/8.10.2/transforms/81e4360543fbb01d4f7fb470fa49803d/transformed/ideaIU-2025.3/plugins/java/lib/modules/intellij.java.duplicatesDetection.jar:/home/ubuntu/.gradle/caches/8.10.2/transforms/81e4360543fbb01d4f7fb470fa49803d/transformed/ideaIU-2025.3/plugins/java/lib/modules/intellij.java.debugger.impl.frontend.jar:/home/ubuntu/.gradle/caches/8.10.2/transforms/81e4360543fbb01d4f7fb470fa49803d/transformed/ideaIU-2025.3/plugins/java/lib/modules/intellij.java.langInjection.jar:/home/ubuntu/.gradle/caches/8.10.2/transforms/81e4360543fbb01d4f7fb470fa49803d/transformed/ideaIU-2025.3/plugins/java/lib/modules/intellij.java.featuresTrainer.jar:/home/ubuntu/.gradle/caches/8.10.2/transforms/81e4360543fbb01d4f7fb470fa49803d/transformed/ideaIU-2025.3/plugins/java/lib/modules/intellij.java.jam.impl.jar:/home/ubuntu/.gradle/caches/8.10.2/transforms/81e4360543fbb01d4f7fb470fa49803d/transformed/ideaIU-2025.3/plugins/java/lib/modules/intellij.profiler.ultimate.jar:/home/ubuntu/.gradle/caches/8.10.2/transforms/81e4360543fbb01d4f7fb470fa49803d/transformed/ideaIU-2025.3/plugins/java/lib/modules/intellij.java.langInjection.jps.jar:/home/ubuntu/.gradle/caches/8.10.2/transforms/81e4360543fbb01d4f7fb470fa49803d/transformed/ideaIU-2025.3/plugins/java/lib/modules/intellij.java.execution.impl.backend.jar:/home/ubuntu/.gradle/caches/8.10.2/transforms/81e4360543fbb01d4f7fb470fa49803d/transformed/ideaIU-2025.3/plugins/java-i18n/lib/java-i18n.jar:/home/ubuntu/.gradle/caches/8.10.2/transforms/81e4360543fbb01d4f7fb470fa49803d/transformed/ideaIU-2025.3/plugins/java-ide-customization/lib/java-ide-customization.jar:/home/ubuntu/.gradle/caches/8.10.2/transforms/81e4360543fbb01d4f7fb470fa49803d/transformed/ideaIU-2025.3/plugins/JavaEE/lib/javaee-platform.jar:/home/ubuntu/.gradle/caches/8.10.2/transforms/81e4360543fbb01d4f7fb470fa49803d/transformed/ideaIU-2025.3/plugins/JavaEE/lib/javaee-rt.jar:/home/ubuntu/.gradle/caches/8.10.2/transforms/81e4360543fbb01d4f7fb470fa49803d/transformed/ideaIU-2025.3/plugins/JavaEE/lib/jasper-v2-rt.jar:/home/ubuntu/.gradle/caches/8.10.2/transforms/81e4360543fbb01d4f7fb470fa49803d/transformed/ideaIU-2025.3/plugins/JavaEE/lib/modules/intellij.javaee.web.jar:/home/ubuntu/.gradle/caches/8.10.2/transforms/81e4360543fbb01d4f7fb470fa49803d/transformed/ideaIU-2025.3/plugins/JavaEE/lib/modules/intellij.javaee.platform.impl.jar:/home/ubuntu/.gradle/caches/8.10.2/transforms/81e4360543fbb01d4f7fb470fa49803d/transformed/ideaIU-2025.3/plugins/JavaEE/lib/modules/intellij.javaee.jpa.ql.jar:/home/ubuntu/.gradle/caches/8.10.2/transforms/81e4360543fbb01d4f7fb470fa49803d/transformed/ideaIU-2025.3/plugins/JavaEE/lib/modules/intellij.javaee.platform.impl.database.jar:/home/ubuntu/.gradle/caches/8.10.2/transforms/81e4360543fbb01d4f7fb470fa49803d/transformed/ideaIU-2025.3/plugins/JavaEE/lib/modules/intellij.javaee.platform.jar:/home/ubuntu/.gradle/caches/8.10.2/transforms/81e4360543fbb01d4f7fb470fa49803d/transformed/ideaIU-2025.3/plugins/JavaEE/lib/modules/intellij.javaee.langInjection.jar:/home/ubuntu/.gradle/caches/8.10.2/transforms/81e4360543fbb01d4f7fb470fa49803d/transformed/ideaIU-2025.3/plugins/JavaEE/lib/modules/intellij.javaee.app.servers.jar:/home/ubuntu/.gradle/caches/8.10.2/transforms/81e4360543fbb01d4f7fb470fa49803d/transformed/ideaIU-2025.3/plugins/JavaEE/lib/modules/intellij.javaee.ejb.jar:/home/ubuntu/.gradle/caches/8.10.2/transforms/81e4360543fbb01d4f7fb470fa49803d/transformed/ideaIU-2025.3/plugins/JavaEE/lib/modules/intellij.javaee.platform.free.jar:/home/ubuntu/.gradle/caches/8.10.2/transforms/81e4360543fbb01d4f7fb470fa49803d/transformed/ideaIU-2025.3/plugins/JavaEE/lib/modules/intellij.javaee.application.jar:/home/ubuntu/.gradle/caches/8.10.2/transforms/81e4360543fbb01d4f7fb470fa49803d/transformed/ideaIU-2025.3/plugins/javaee-app-servers-impl/lib/AppServersView.jar:/home/ubuntu/.gradle/caches/8.10.2/transforms/81e4360543fbb01d4f7fb470fa49803d/transformed/ideaIU-2025.3/plugins/javaee-app-servers-impl/lib/javaee-appServers-cloud-rt.jar:/home/ubuntu/.gradle/caches/8.10.2/transforms/81e4360543fbb01d4f7fb470fa49803d/transformed/ideaIU-2025.3/plugins/javaee-app-servers-impl/lib/javaee-app-servers-impl.jar:/home/ubuntu/.gradle/caches/8.10.2/transforms/81e4360543fbb01d4f7fb470fa49803d/transformed/ideaIU-2025.3/plugins/javaee-app-servers-impl/lib/javaee-appServers-rt.jar:/home/ubuntu/.gradle/caches/8.10.2/transforms/81e4360543fbb01d4f7fb470fa49803d/transformed/ideaIU-2025.3/plugins/javaee-el-core/lib/javaee-el-core.jar:/home/ubuntu/.gradle/caches/8.10.2/transforms/81e4360543fbb01d4f7fb470fa49803d/transformed/ideaIU-2025.3/plugins/javaee-extensions/lib/javaee-extensions.jar:/home/ubuntu/.gradle/caches/8.10.2/transforms/81e4360543fbb01d4f7fb470fa49803d/transformed/ideaIU-2025.3/plugins/javaee-jakarta-data/lib/javaee-jakarta-data.jar:/home/ubuntu/.gradle/caches/8.10.2/transforms/81e4360543fbb01d4f7fb470fa49803d/transformed/ideaIU-2025.3/plugins/JPA/lib/jpa-support.jar:/home/ubuntu/.gradle/caches/8.10.2/transforms/81e4360543fbb01d4f7fb470fa49803d/transformed/ideaIU-2025.3/plugins/JPA/lib/modules/intellij.javaee.jpa.kotlin.jar:/home/ubuntu/.gradle/caches/8.10.2/transforms/81e4360543fbb01d4f7fb470fa49803d/transformed/ideaIU-2025.3/plugins/javaee-reverseEngineering/lib/javaee-reverseEngineering.jar:/home/ubuntu/.gradle/caches/8.10.2/transforms/81e4360543fbb01d4f7fb470fa49803d/transformed/ideaIU-2025.3/plugins/JavaeeWeb/lib/javaee-web.jar:/home/ubuntu/.gradle/caches/8.10.2/transforms/81e4360543fbb01d4f7fb470fa49803d/transformed/ideaIU-2025.3/plugins/JPA Model/lib/jpa-model.jar:/home/ubuntu/.gradle/caches/8.10.2/transforms/81e4360543fbb01d4f7fb470fa49803d/transformed/ideaIU-2025.3/plugins/JPA Model/lib/jgoodies.binding.jar:/home/ubuntu/.gradle/caches/8.10.2/transforms/81e4360543fbb01d4f7fb470fa49803d/transformed/ideaIU-2025.3/plugins/jsonpath/lib/jsonpath.jar:/home/ubuntu/.gradle/caches/8.10.2/transforms/81e4360543fbb01d4f7fb470fa49803d/transformed/ideaIU-2025.3/plugins/javaee-jsp-base-impl/lib/jsp.jar:/home/ubuntu/.gradle/caches/8.10.2/transforms/81e4360543fbb01d4f7fb470fa49803d/transformed/ideaIU-2025.3/plugins/javaee-jsp-base-impl/lib/servlets.jar:/home/ubuntu/.gradle/caches/8.10.2/transforms/81e4360543fbb01d4f7fb470fa49803d/transformed/ideaIU-2025.3/plugins/javaee-jsp-base-impl/lib/javaee-jsp-base-impl.jar:/home/ubuntu/.gradle/caches/8.10.2/transforms/81e4360543fbb01d4f7fb470fa49803d/transformed/ideaIU-2025.3/plugins/localization-ko/lib/localization-ko.jar:/home/ubuntu/.gradle/caches/8.10.2/transforms/81e4360543fbb01d4f7fb470fa49803d/transformed/ideaIU-2025.3/plugins/clouds-kubernetes/lib/intellij.kubernetes.k8s.api.spec.jar:/home/ubuntu/.gradle/caches/8.10.2/transforms/81e4360543fbb01d4f7fb470fa49803d/transformed/ideaIU-2025.3/plugins/clouds-kubernetes/lib/semver4j.jar:/home/ubuntu/.gradle/caches/8.10.2/transforms/81e4360543fbb01d4f7fb470fa49803d/transformed/ideaIU-2025.3/plugins/clouds-kubernetes/lib/kubernetes-client-java.jar:/home/ubuntu/.gradle/caches/8.10.2/transforms/81e4360543fbb01d4f7fb470fa49803d/transformed/ideaIU-2025.3/plugins/clouds-kubernetes/lib/clouds-kubernetes.jar:/home/ubuntu/.gradle/caches/8.10.2/transforms/81e4360543fbb01d4f7fb470fa49803d/transformed/ideaIU-2025.3/plugins/clouds-kubernetes/lib/modules/intellij.clouds.kubernetes.cron.jar:/home/ubuntu/.gradle/caches/8.10.2/transforms/81e4360543fbb01d4f7fb470fa49803d/transformed/ideaIU-2025.3/plugins/clouds-kubernetes/lib/modules/intellij.clouds.kubernetes.db.jar:/home/ubuntu/.gradle/caches/8.10.2/transforms/81e4360543fbb01d4f7fb470fa49803d/transformed/ideaIU-2025.3/plugins/clouds-kubernetes/lib/modules/intellij.clouds.kubernetes.backend.jar:/home/ubuntu/.gradle/caches/8.10.2/transforms/81e4360543fbb01d4f7fb470fa49803d/transformed/ideaIU-2025.3/plugins/clouds-kubernetes/lib/modules/intellij.clouds.kubernetes.charts.gotpl.jar:/home/ubuntu/.gradle/caches/8.10.2/transforms/81e4360543fbb01d4f7fb470fa49803d/transformed/ideaIU-2025.3/plugins/clouds-kubernetes/lib/modules/intellij.clouds.kubernetes.frontend.jar:/home/ubuntu/.gradle/caches/8.10.2/transforms/81e4360543fbb01d4f7fb470fa49803d/transformed/ideaIU-2025.3/plugins/liquibase/lib/liquibase-core.jar:/home/ubuntu/.gradle/caches/8.10.2/transforms/81e4360543fbb01d4f7fb470fa49803d/transformed/ideaIU-2025.3/plugins/liquibase/lib/liquibase.jar:/home/ubuntu/.gradle/caches/8.10.2/transforms/81e4360543fbb01d4f7fb470fa49803d/transformed/ideaIU-2025.3/plugins/mcpserver/lib/io.github.smiley4.schema.kenerator.core.jar:/home/ubuntu/.gradle/caches/8.10.2/transforms/81e4360543fbb01d4f7fb470fa49803d/transformed/ideaIU-2025.3/plugins/mcpserver/lib/mcpserver-frontend.jar:/home/ubuntu/.gradle/caches/8.10.2/transforms/81e4360543fbb01d4f7fb470fa49803d/transformed/ideaIU-2025.3/plugins/mcpserver/lib/mcpserver.jar:/home/ubuntu/.gradle/caches/8.10.2/transforms/81e4360543fbb01d4f7fb470fa49803d/transformed/ideaIU-2025.3/plugins/mcpserver/lib/ktor-server-cio-internal.jar:/home/ubuntu/.gradle/caches/8.10.2/transforms/81e4360543fbb01d4f7fb470fa49803d/transformed/ideaIU-2025.3/plugins/mcpserver/lib/io.github.smiley4.schema.kenerator.jsonschema.jar:/home/ubuntu/.gradle/caches/8.10.2/transforms/81e4360543fbb01d4f7fb470fa49803d/transformed/ideaIU-2025.3/plugins/mcpserver/lib/io.github.smiley4.schema.kenerator.serialization.jar:/home/ubuntu/.gradle/caches/8.10.2/transforms/81e4360543fbb01d4f7fb470fa49803d/transformed/ideaIU-2025.3/plugins/micronaut/lib/micronaut.jar:/home/ubuntu/.gradle/caches/8.10.2/transforms/81e4360543fbb01d4f7fb470fa49803d/transformed/ideaIU-2025.3/plugins/micronaut/lib/micronaut-gradle-tooling.jar:/home/ubuntu/.gradle/caches/8.10.2/transforms/81e4360543fbb01d4f7fb470fa49803d/transformed/ideaIU-2025.3/plugins/microservices-jvm/lib/microservices-jvm.jar:/home/ubuntu/.gradle/caches/8.10.2/transforms/81e4360543fbb01d4f7fb470fa49803d/transformed/ideaIU-2025.3/plugins/microservices-jvm/lib/jetbrains.intellij.deps.scheduled.debugger.agent.jar:/home/ubuntu/.gradle/caches/8.10.2/transforms/81e4360543fbb01d4f7fb470fa49803d/transformed/ideaIU-2025.3/plugins/microservices-plugin/lib/microservices-plugin.jar:/home/ubuntu/.gradle/caches/8.10.2/transforms/81e4360543fbb01d4f7fb470fa49803d/transformed/ideaIU-2025.3/plugins/microservices-plugin/lib/modules/intellij.microservices.diagrams.jar:/home/ubuntu/.gradle/caches/8.10.2/transforms/81e4360543fbb01d4f7fb470fa49803d/transformed/ideaIU-2025.3/plugins/json/lib/json.jar:/home/ubuntu/.gradle/caches/8.10.2/transforms/81e4360543fbb01d4f7fb470fa49803d/transformed/ideaIU-2025.3/plugins/json/lib/modules/intellij.json.backend.regexp.jar:/home/ubuntu/.gradle/caches/8.10.2/transforms/81e4360543fbb01d4f7fb470fa49803d/transformed/ideaIU-2025.3/plugins/json/lib/modules/intellij.json.backend.jar:/home/ubuntu/.gradle/caches/8.10.2/transforms/81e4360543fbb01d4f7fb470fa49803d/transformed/ideaIU-2025.3/plugins/json/lib/modules/intellij.json.frontend.split.jar:/home/ubuntu/.gradle/caches/8.10.2/transforms/81e4360543fbb01d4f7fb470fa49803d/transformed/ideaIU-2025.3/plugins/ultimate-plugin/lib/ultimate-plugin.jar:/home/ubuntu/.gradle/caches/8.10.2/transforms/81e4360543fbb01d4f7fb470fa49803d/transformed/ideaIU-2025.3/plugins/notebooks-plugin/lib/notebooks-plugin.jar:/home/ubuntu/.gradle/caches/8.10.2/transforms/81e4360543fbb01d4f7fb470fa49803d/transformed/ideaIU-2025.3/plugins/javaee-persistence-impl/lib/javaee-persistence-impl.jar:/home/ubuntu/.gradle/caches/8.10.2/transforms/81e4360543fbb01d4f7fb470fa49803d/transformed/ideaIU-2025.3/plugins/platform-images/lib/platform-images.jar:/home/ubuntu/.gradle/caches/8.10.2/transforms/81e4360543fbb01d4f7fb470fa49803d/transformed/ideaIU-2025.3/plugins/platform-images/lib/modules/intellij.platform.images.xdebugger.jar:/home/ubuntu/.gradle/caches/8.10.2/transforms/81e4360543fbb01d4f7fb470fa49803d/transformed/ideaIU-2025.3/plugins/keymap-eclipse/lib/keymap-eclipse.jar:/home/ubuntu/.gradle/caches/8.10.2/transforms/81e4360543fbb01d4f7fb470fa49803d/transformed/ideaIU-2025.3/plugins/keymap-netbeans/lib/keymap-netbeans.jar:/home/ubuntu/.gradle/caches/8.10.2/transforms/81e4360543fbb01d4f7fb470fa49803d/transformed/ideaIU-2025.3/plugins/keymap-visualStudio/lib/keymap-visualStudio.jar:/home/ubuntu/.gradle/caches/8.10.2/transforms/81e4360543fbb01d4f7fb470fa49803d/transformed/ideaIU-2025.3/plugins/webComponents/lib/webComponents.jar:/home/ubuntu/.gradle/caches/8.10.2/transforms/81e4360543fbb01d4f7fb470fa49803d/transformed/ideaIU-2025.3/plugins/properties/lib/properties.jar:/home/ubuntu/.gradle/caches/8.10.2/transforms/81e4360543fbb01d4f7fb470fa49803d/transformed/ideaIU-2025.3/plugins/properties/lib/modules/intellij.properties.backend.jar:/home/ubuntu/.gradle/caches/8.10.2/transforms/81e4360543fbb01d4f7fb470fa49803d/transformed/ideaIU-2025.3/plugins/properties/lib/modules/intellij.properties.backend.psi.jar:/home/ubuntu/.gradle/caches/8.10.2/transforms/81e4360543fbb01d4f7fb470fa49803d/transformed/ideaIU-2025.3/plugins/quarkus/lib/quarkus.jar:/home/ubuntu/.gradle/caches/8.10.2/transforms/81e4360543fbb01d4f7fb470fa49803d/transformed/ideaIU-2025.3/plugins/react/lib/react.jar:/home/ubuntu/.gradle/caches/8.10.2/transforms/81e4360543fbb01d4f7fb470fa49803d/transformed/ideaIU-2025.3/plugins/searchEverywhereMl/lib/searchEverywhereMl.jar:/home/ubuntu/.gradle/caches/8.10.2/transforms/81e4360543fbb01d4f7fb470fa49803d/transformed/ideaIU-2025.3/plugins/searchEverywhereMl/lib/ai.grazie.emb.jar:/home/ubuntu/.gradle/caches/8.10.2/transforms/81e4360543fbb01d4f7fb470fa49803d/transformed/ideaIU-2025.3/plugins/searchEverywhereMl/lib/jetbrains.mlapi.core.jar:/home/ubuntu/.gradle/caches/8.10.2/transforms/81e4360543fbb01d4f7fb470fa49803d/transformed/ideaIU-2025.3/plugins/searchEverywhereMl/lib/ai.grazie.model.swagger.annotations.jvm.jar:/home/ubuntu/.gradle/caches/8.10.2/transforms/81e4360543fbb01d4f7fb470fa49803d/transformed/ideaIU-2025.3/plugins/searchEverywhereMl/lib/modules/intellij.searchEverywhereMl.typos.jar:/home/ubuntu/.gradle/caches/8.10.2/transforms/81e4360543fbb01d4f7fb470fa49803d/transformed/ideaIU-2025.3/plugins/searchEverywhereMl/lib/modules/intellij.searchEverywhereMl.ranking.core.jar:/home/ubuntu/.gradle/caches/8.10.2/transforms/81e4360543fbb01d4f7fb470fa49803d/transformed/ideaIU-2025.3/plugins/settingsSync/lib/jetbrains.intellij.deps.eclipse.jgit.jar:/home/ubuntu/.gradle/caches/8.10.2/transforms/81e4360543fbb01d4f7fb470fa49803d/transformed/ideaIU-2025.3/plugins/settingsSync/lib/settingsSync.jar:/home/ubuntu/.gradle/caches/8.10.2/transforms/81e4360543fbb01d4f7fb470fa49803d/transformed/ideaIU-2025.3/plugins/settingsSync/lib/cloud-config-client.jar:/home/ubuntu/.gradle/caches/8.10.2/transforms/81e4360543fbb01d4f7fb470fa49803d/transformed/ideaIU-2025.3/plugins/Spring/lib/spring.jar:/home/ubuntu/.gradle/caches/8.10.2/transforms/81e4360543fbb01d4f7fb470fa49803d/transformed/ideaIU-2025.3/plugins/Spring/lib/modules/intellij.spring.jar:/home/ubuntu/.gradle/caches/8.10.2/transforms/81e4360543fbb01d4f7fb470fa49803d/transformed/ideaIU-2025.3/plugins/Spring/lib/modules/intellij.spring.boot.run.shared.jar:/home/ubuntu/.gradle/caches/8.10.2/transforms/81e4360543fbb01d4f7fb470fa49803d/transformed/ideaIU-2025.3/plugins/Spring/lib/modules/intellij.spring.eclipse.jar:/home/ubuntu/.gradle/caches/8.10.2/transforms/81e4360543fbb01d4f7fb470fa49803d/transformed/ideaIU-2025.3/plugins/Spring/lib/modules/intellij.spring.core.shared.jar:/home/ubuntu/.gradle/caches/8.10.2/transforms/81e4360543fbb01d4f7fb470fa49803d/transformed/ideaIU-2025.3/plugins/Spring/lib/modules/intellij.spring.boot.run.free.jar:/home/ubuntu/.gradle/caches/8.10.2/transforms/81e4360543fbb01d4f7fb470fa49803d/transformed/ideaIU-2025.3/plugins/Spring/lib/modules/intellij.spring.el.jar:/home/ubuntu/.gradle/caches/8.10.2/transforms/81e4360543fbb01d4f7fb470fa49803d/transformed/ideaIU-2025.3/plugins/Spring/lib/modules/intellij.spring.web.jar:/home/ubuntu/.gradle/caches/8.10.2/transforms/81e4360543fbb01d4f7fb470fa49803d/transformed/ideaIU-2025.3/plugins/Spring/lib/modules/intellij.spring.aop.jar:/home/ubuntu/.gradle/caches/8.10.2/transforms/81e4360543fbb01d4f7fb470fa49803d/transformed/ideaIU-2025.3/plugins/Spring/lib/modules/intellij.spring.core.injections.jar:/home/ubuntu/.gradle/caches/8.10.2/transforms/81e4360543fbb01d4f7fb470fa49803d/transformed/ideaIU-2025.3/plugins/Spring/lib/modules/intellij.spring.boot.shared.jar:/home/ubuntu/.gradle/caches/8.10.2/transforms/81e4360543fbb01d4f7fb470fa49803d/transformed/ideaIU-2025.3/plugins/Spring/lib/modules/intellij.spring.core.free.jar:/home/ubuntu/.gradle/caches/8.10.2/transforms/81e4360543fbb01d4f7fb470fa49803d/transformed/ideaIU-2025.3/plugins/Spring/lib/modules/intellij.spring.persistence.jpa.jar:/home/ubuntu/.gradle/caches/8.10.2/transforms/81e4360543fbb01d4f7fb470fa49803d/transformed/ideaIU-2025.3/plugins/Spring/lib/modules/intellij.spring.graph.jar:/home/ubuntu/.gradle/caches/8.10.2/transforms/81e4360543fbb01d4f7fb470fa49803d/transformed/ideaIU-2025.3/plugins/Spring/lib/modules/intellij.spring.persistence.jar:/home/ubuntu/.gradle/caches/8.10.2/transforms/81e4360543fbb01d4f7fb470fa49803d/transformed/ideaIU-2025.3/plugins/Spring/lib/modules/intellij.spring.jsf.jar:/home/ubuntu/.gradle/caches/8.10.2/transforms/81e4360543fbb01d4f7fb470fa49803d/transformed/ideaIU-2025.3/plugins/Spring/lib/modules/intellij.spring.persistence.hibernate.jar:/home/ubuntu/.gradle/caches/8.10.2/transforms/81e4360543fbb01d4f7fb470fa49803d/transformed/ideaIU-2025.3/plugins/Spring/lib/modules/intellij.spring.kotlin.jar:/home/ubuntu/.gradle/caches/8.10.2/transforms/81e4360543fbb01d4f7fb470fa49803d/transformed/ideaIU-2025.3/plugins/Spring/lib/modules/intellij.spring.core.jar:/home/ubuntu/.gradle/caches/8.10.2/transforms/81e4360543fbb01d4f7fb470fa49803d/transformed/ideaIU-2025.3/plugins/Spring/lib/modules/intellij.spring.data.jpa.ql.jar:/home/ubuntu/.gradle/caches/8.10.2/transforms/81e4360543fbb01d4f7fb470fa49803d/transformed/ideaIU-2025.3/plugins/spring-boot-core/lib/spring-boot-core.jar:/home/ubuntu/.gradle/caches/8.10.2/transforms/81e4360543fbb01d4f7fb470fa49803d/transformed/ideaIU-2025.3/plugins/spring-boot-core/lib/modules/intellij.spring.boot.maven.shared.jar:/home/ubuntu/.gradle/caches/8.10.2/transforms/81e4360543fbb01d4f7fb470fa49803d/transformed/ideaIU-2025.3/plugins/spring-boot-core/lib/modules/intellij.spring.boot.rewrite.jar:/home/ubuntu/.gradle/caches/8.10.2/transforms/81e4360543fbb01d4f7fb470fa49803d/transformed/ideaIU-2025.3/plugins/spring-boot-core/lib/modules/intellij.spring.boot.jpa.jar:/home/ubuntu/.gradle/caches/8.10.2/transforms/81e4360543fbb01d4f7fb470fa49803d/transformed/ideaIU-2025.3/plugins/spring-boot-core/lib/modules/intellij.spring.boot.gradle.shared.jar:/home/ubuntu/.gradle/caches/8.10.2/transforms/81e4360543fbb01d4f7fb470fa49803d/transformed/ideaIU-2025.3/plugins/spring-boot-core/lib/modules/intellij.spring.boot.gradle.kts.shared.jar:/home/ubuntu/.gradle/caches/8.10.2/transforms/81e4360543fbb01d4f7fb470fa49803d/transformed/ideaIU-2025.3/plugins/spring-boot-core/lib/modules/intellij.spring.boot.cron.jar:/home/ubuntu/.gradle/caches/8.10.2/transforms/81e4360543fbb01d4f7fb470fa49803d/transformed/ideaIU-2025.3/plugins/spring-boot-initializr/lib/spring-boot-initializr.jar:/home/ubuntu/.gradle/caches/8.10.2/transforms/81e4360543fbb01d4f7fb470fa49803d/transformed/ideaIU-2025.3/plugins/spring-boot-cloud/lib/spring-boot-cloud.jar:/home/ubuntu/.gradle/caches/8.10.2/transforms/81e4360543fbb01d4f7fb470fa49803d/transformed/ideaIU-2025.3/plugins/spring-data/lib/spring-data.jar:/home/ubuntu/.gradle/caches/8.10.2/transforms/81e4360543fbb01d4f7fb470fa49803d/transformed/ideaIU-2025.3/plugins/spring-data/lib/modules/intellij.spring.data.el.jar:/home/ubuntu/.gradle/caches/8.10.2/transforms/81e4360543fbb01d4f7fb470fa49803d/transformed/ideaIU-2025.3/plugins/spring-data/lib/modules/intellij.spring.data.ql.jar:/home/ubuntu/.gradle/caches/8.10.2/transforms/81e4360543fbb01d4f7fb470fa49803d/transformed/ideaIU-2025.3/plugins/spring-data/lib/modules/intellij.spring.data.liquibase.jar:/home/ubuntu/.gradle/caches/8.10.2/transforms/81e4360543fbb01d4f7fb470fa49803d/transformed/ideaIU-2025.3/plugins/spring-data/lib/modules/intellij.spring.data.jpa.jar:/home/ubuntu/.gradle/caches/8.10.2/transforms/81e4360543fbb01d4f7fb470fa49803d/transformed/ideaIU-2025.3/plugins/spring-data/lib/modules/intellij.spring.data.mongodb.jar:/home/ubuntu/.gradle/caches/8.10.2/transforms/81e4360543fbb01d4f7fb470fa49803d/transformed/ideaIU-2025.3/plugins/spring-integration-core/lib/spring-integration-core.jar:/home/ubuntu/.gradle/caches/8.10.2/transforms/81e4360543fbb01d4f7fb470fa49803d/transformed/ideaIU-2025.3/plugins/spring-messaging/lib/spring-messaging.jar:/home/ubuntu/.gradle/caches/8.10.2/transforms/81e4360543fbb01d4f7fb470fa49803d/transformed/ideaIU-2025.3/plugins/spring-modulith/lib/spring-modulith.jar:/home/ubuntu/.gradle/caches/8.10.2/transforms/81e4360543fbb01d4f7fb470fa49803d/transformed/ideaIU-2025.3/plugins/spring-mvc-impl/lib/spring-mvc-impl.jar:/home/ubuntu/.gradle/caches/8.10.2/transforms/81e4360543fbb01d4f7fb470fa49803d/transformed/ideaIU-2025.3/plugins/spring-security/lib/spring-security.jar:/home/ubuntu/.gradle/caches/8.10.2/transforms/81e4360543fbb01d4f7fb470fa49803d/transformed/ideaIU-2025.3/plugins/stylelint/lib/stylelint.jar:/home/ubuntu/.gradle/caches/8.10.2/transforms/81e4360543fbb01d4f7fb470fa49803d/transformed/ideaIU-2025.3/plugins/swagger/lib/org.webjars.npm-asyncapi__react-component.jar:/home/ubuntu/.gradle/caches/8.10.2/transforms/81e4360543fbb01d4f7fb470fa49803d/transformed/ideaIU-2025.3/plugins/swagger/lib/swagger.jar:/home/ubuntu/.gradle/caches/8.10.2/transforms/81e4360543fbb01d4f7fb470fa49803d/transformed/ideaIU-2025.3/plugins/swagger/lib/intellij.swagger.redoc.jar:/home/ubuntu/.gradle/caches/8.10.2/transforms/81e4360543fbb01d4f7fb470fa49803d/transformed/ideaIU-2025.3/plugins/swagger/lib/org.webjars-swagger-ui.jar:/home/ubuntu/.gradle/caches/8.10.2/transforms/81e4360543fbb01d4f7fb470fa49803d/transformed/ideaIU-2025.3/plugins/tailwindcss/lib/tailwindcss.jar:/home/ubuntu/.gradle/caches/8.10.2/transforms/81e4360543fbb01d4f7fb470fa49803d/transformed/ideaIU-2025.3/plugins/tasks/lib/commons-discovery.jar:/home/ubuntu/.gradle/caches/8.10.2/transforms/81e4360543fbb01d4f7fb470fa49803d/transformed/ideaIU-2025.3/plugins/tasks/lib/axis.jar:/home/ubuntu/.gradle/caches/8.10.2/transforms/81e4360543fbb01d4f7fb470fa49803d/transformed/ideaIU-2025.3/plugins/tasks/lib/tasks-core.jar:/home/ubuntu/.gradle/caches/8.10.2/transforms/81e4360543fbb01d4f7fb470fa49803d/transformed/ideaIU-2025.3/plugins/tasks/lib/http-client.jar:/home/ubuntu/.gradle/caches/8.10.2/transforms/81e4360543fbb01d4f7fb470fa49803d/transformed/ideaIU-2025.3/plugins/tasks/lib/modules/intellij.tasks.trac.jar:/home/ubuntu/.gradle/caches/8.10.2/transforms/81e4360543fbb01d4f7fb470fa49803d/transformed/ideaIU-2025.3/plugins/tasks/lib/modules/intellij.tasks.bugzilla.jar:/home/ubuntu/.gradle/caches/8.10.2/transforms/81e4360543fbb01d4f7fb470fa49803d/transformed/ideaIU-2025.3/plugins/tasks/lib/modules/intellij.tasks.jira.jar:/home/ubuntu/.gradle/caches/8.10.2/transforms/81e4360543fbb01d4f7fb470fa49803d/transformed/ideaIU-2025.3/plugins/tasks-timeTracking/lib/tasks-timeTracking.jar:/home/ubuntu/.gradle/caches/8.10.2/transforms/81e4360543fbb01d4f7fb470fa49803d/transformed/ideaIU-2025.3/plugins/thymeleaf-plugin/lib/thymeleaf-plugin.jar:/home/ubuntu/.gradle/caches/8.10.2/transforms/81e4360543fbb01d4f7fb470fa49803d/transformed/ideaIU-2025.3/plugins/thymeleaf-plugin/lib/modules/intellij.thymeleaf.spring.security.jar:/home/ubuntu/.gradle/caches/8.10.2/transforms/81e4360543fbb01d4f7fb470fa49803d/transformed/ideaIU-2025.3/plugins/thymeleaf-plugin/lib/modules/intellij.thymeleaf.free.jar:/home/ubuntu/.gradle/caches/8.10.2/transforms/81e4360543fbb01d4f7fb470fa49803d/transformed/ideaIU-2025.3/plugins/thymeleaf-plugin/lib/modules/intellij.thymeleaf.vue.jar:/home/ubuntu/.gradle/caches/8.10.2/transforms/81e4360543fbb01d4f7fb470fa49803d/transformed/ideaIU-2025.3/plugins/thymeleaf-plugin/lib/modules/intellij.thymeleaf.paid.jar:/home/ubuntu/.gradle/caches/8.10.2/transforms/81e4360543fbb01d4f7fb470fa49803d/transformed/ideaIU-2025.3/plugins/thymeleaf-plugin/lib/modules/intellij.thymeleaf.spring.el.jar:/home/ubuntu/.gradle/caches/8.10.2/transforms/81e4360543fbb01d4f7fb470fa49803d/transformed/ideaIU-2025.3/plugins/velocity/lib/velocity.jar:/home/ubuntu/.gradle/caches/8.10.2/transforms/81e4360543fbb01d4f7fb470fa49803d/transformed/ideaIU-2025.3/plugins/localization-zh/lib/localization-zh.jar:/home/ubuntu/.gradle/caches/8.10.2/transforms/81e4360543fbb01d4f7fb470fa49803d/transformed/ideaIU-2025.3/plugins/cwm-plugin/lib/jstun.jar:/home/ubuntu/.gradle/caches/8.10.2/transforms/81e4360543fbb01d4f7fb470fa49803d/transformed/ideaIU-2025.3/plugins/cwm-plugin/lib/split-protocol.jar:/home/ubuntu/.gradle/caches/8.10.2/transforms/81e4360543fbb01d4f7fb470fa49803d/transformed/ideaIU-2025.3/plugins/cwm-plugin/lib/intellij.community.wintools.jar:/home/ubuntu/.gradle/caches/8.10.2/transforms/81e4360543fbb01d4f7fb470fa49803d/transformed/ideaIU-2025.3/plugins/cwm-plugin/lib/intellij.platform.remoteController.jar:/home/ubuntu/.gradle/caches/8.10.2/transforms/81e4360543fbb01d4f7fb470fa49803d/transformed/ideaIU-2025.3/plugins/cwm-plugin/lib/cwm-connection-backend.jar:/home/ubuntu/.gradle/caches/8.10.2/transforms/81e4360543fbb01d4f7fb470fa49803d/transformed/ideaIU-2025.3/plugins/cwm-plugin/lib/jnaerator-runtime.jar:/home/ubuntu/.gradle/caches/8.10.2/transforms/81e4360543fbb01d4f7fb470fa49803d/transformed/ideaIU-2025.3/plugins/cwm-plugin/lib/split-connection.jar:/home/ubuntu/.gradle/caches/8.10.2/transforms/81e4360543fbb01d4f7fb470fa49803d/transformed/ideaIU-2025.3/plugins/cwm-plugin/lib/intellij.platform.remoteController.backend.jar:/home/ubuntu/.gradle/caches/8.10.2/transforms/81e4360543fbb01d4f7fb470fa49803d/transformed/ideaIU-2025.3/plugins/cwm-plugin/lib/cwm-plugin.jar:/home/ubuntu/.gradle/caches/8.10.2/transforms/81e4360543fbb01d4f7fb470fa49803d/transformed/ideaIU-2025.3/plugins/cwm-plugin/lib/intellij.platform.backend.split.jar:/home/ubuntu/.gradle/caches/8.10.2/transforms/81e4360543fbb01d4f7fb470fa49803d/transformed/ideaIU-2025.3/plugins/cwm-plugin/lib/ice4j.jar:/home/ubuntu/.gradle/caches/8.10.2/transforms/81e4360543fbb01d4f7fb470fa49803d/transformed/ideaIU-2025.3/plugins/cwm-plugin/lib/intellij.platform.split.jar:/home/ubuntu/.gradle/caches/8.10.2/transforms/81e4360543fbb01d4f7fb470fa49803d/transformed/ideaIU-2025.3/plugins/cwm-plugin/lib/tls-channel.jar:/home/ubuntu/.gradle/caches/8.10.2/transforms/81e4360543fbb01d4f7fb470fa49803d/transformed/ideaIU-2025.3/plugins/cwm-plugin/lib/quiche-jna-stubs.jar:/home/ubuntu/.gradle/caches/8.10.2/transforms/81e4360543fbb01d4f7fb470fa49803d/transformed/ideaIU-2025.3/plugins/cwm-plugin/lib/jitsi-utils.jar:/home/ubuntu/.gradle/caches/8.10.2/transforms/81e4360543fbb01d4f7fb470fa49803d/transformed/ideaIU-2025.3/plugins/cwm-plugin/lib/vcs-protocol.jar:/home/ubuntu/.gradle/caches/8.10.2/transforms/81e4360543fbb01d4f7fb470fa49803d/transformed/ideaIU-2025.3/plugins/cwm-plugin/lib/java-websocket.jar:/home/ubuntu/.gradle/caches/8.10.2/transforms/81e4360543fbb01d4f7fb470fa49803d/transformed/ideaIU-2025.3/plugins/cwm-plugin/lib/bouncy-castle-pgp.jar:/home/ubuntu/.gradle/caches/8.10.2/transforms/81e4360543fbb01d4f7fb470fa49803d/transformed/ideaIU-2025.3/plugins/cwm-plugin/lib/cwm-plugin-android.jar:/home/ubuntu/.gradle/caches/8.10.2/transforms/81e4360543fbb01d4f7fb470fa49803d/transformed/ideaIU-2025.3/plugins/cwm-plugin/lib/intellij.cwm.plugin.jar:/home/ubuntu/.gradle/caches/8.10.2/transforms/81e4360543fbb01d4f7fb470fa49803d/transformed/ideaIU-2025.3/plugins/cwm-plugin/lib/intellij.cwm.plugin.common.jar:/home/ubuntu/.gradle/caches/8.10.2/transforms/81e4360543fbb01d4f7fb470fa49803d/transformed/ideaIU-2025.3/plugins/cwm-plugin/lib/git-protocol.jar:/home/ubuntu/.gradle/caches/8.10.2/transforms/81e4360543fbb01d4f7fb470fa49803d/transformed/ideaIU-2025.3/plugins/cwm-plugin/lib/cwm-connection-common.jar:/home/ubuntu/.gradle/caches/8.10.2/transforms/81e4360543fbb01d4f7fb470fa49803d/transformed/ideaIU-2025.3/plugins/cwm-plugin/lib/modules/intellij.platform.navbar.backend.split.jar:/home/ubuntu/.gradle/caches/8.10.2/transforms/81e4360543fbb01d4f7fb470fa49803d/transformed/ideaIU-2025.3/plugins/cwm-plugin/lib/modules/intellij.platform.vcs.frontend.split.jar:/home/ubuntu/.gradle/caches/8.10.2/transforms/81e4360543fbb01d4f7fb470fa49803d/transformed/ideaIU-2025.3/plugins/cwm-plugin/lib/modules/intellij.performanceTesting.backend.split.jar:/home/ubuntu/.gradle/caches/8.10.2/transforms/81e4360543fbb01d4f7fb470fa49803d/transformed/ideaIU-2025.3/plugins/cwm-plugin/lib/modules/intellij.terminal.backend.split.jar:/home/ubuntu/.gradle/caches/8.10.2/transforms/81e4360543fbb01d4f7fb470fa49803d/transformed/ideaIU-2025.3/plugins/cwm-plugin/lib/modules/intellij.platform.searchEverywhere.frontend.split.jar:/home/ubuntu/.gradle/caches/8.10.2/transforms/81e4360543fbb01d4f7fb470fa49803d/transformed/ideaIU-2025.3/plugins/cwm-plugin/lib/modules/intellij.platform.execution.frontend.split.jar:/home/ubuntu/.gradle/caches/8.10.2/transforms/81e4360543fbb01d4f7fb470fa49803d/transformed/ideaIU-2025.3/plugins/cwm-plugin/lib/modules/intellij.platform.vcs.backend.split.jar:/home/ubuntu/.gradle/caches/8.10.2/transforms/81e4360543fbb01d4f7fb470fa49803d/transformed/ideaIU-2025.3/plugins/cwm-plugin/lib/modules/intellij.cwm.vcs.jar:/home/ubuntu/.gradle/caches/8.10.2/transforms/81e4360543fbb01d4f7fb470fa49803d/transformed/ideaIU-2025.3/plugins/cwm-plugin/lib/modules/intellij.platform.completion.backend.split.jar:/home/ubuntu/.gradle/caches/8.10.2/transforms/81e4360543fbb01d4f7fb470fa49803d/transformed/ideaIU-2025.3/plugins/cwm-plugin/lib/modules/intellij.platform.inline.completion.split.jar:/home/ubuntu/.gradle/caches/8.10.2/transforms/81e4360543fbb01d4f7fb470fa49803d/transformed/ideaIU-2025.3/plugins/cwm-plugin/lib/modules/intellij.platform.identifiers.highlighting.frontend.split.jar:/home/ubuntu/.gradle/caches/8.10.2/transforms/81e4360543fbb01d4f7fb470fa49803d/transformed/ideaIU-2025.3/plugins/cwm-plugin/lib/modules/intellij.platform.rpc.split.jar:/home/ubuntu/.gradle/caches/8.10.2/transforms/81e4360543fbb01d4f7fb470fa49803d/transformed/ideaIU-2025.3/plugins/cwm-plugin/lib/modules/intellij.driver.backend.split.jar:/home/ubuntu/.gradle/caches/8.10.2/transforms/81e4360543fbb01d4f7fb470fa49803d/transformed/ideaIU-2025.3/plugins/cwm-plugin/lib/modules/intellij.vcs.git.frontend.split.jar:/home/ubuntu/.gradle/caches/8.10.2/transforms/81e4360543fbb01d4f7fb470fa49803d/transformed/ideaIU-2025.3/plugins/cwm-plugin/lib/modules/intellij.vcs.git.backend.split.jar:/home/ubuntu/.gradle/caches/8.10.2/transforms/81e4360543fbb01d4f7fb470fa49803d/transformed/ideaIU-2025.3/plugins/cwm-plugin/lib/modules/intellij.platform.inline.completion.frontend.split.jar:/home/ubuntu/.gradle/caches/8.10.2/transforms/81e4360543fbb01d4f7fb470fa49803d/transformed/ideaIU-2025.3/plugins/cwm-plugin/lib/modules/intellij.station.backend.split.jar:/home/ubuntu/.gradle/caches/8.10.2/transforms/81e4360543fbb01d4f7fb470fa49803d/transformed/ideaIU-2025.3/plugins/cwm-plugin/lib/modules/intellij.platform.project.frontend.split.jar:/home/ubuntu/.gradle/caches/8.10.2/transforms/81e4360543fbb01d4f7fb470fa49803d/transformed/ideaIU-2025.3/plugins/cwm-plugin/lib/modules/intellij.platform.plugins.frontend.split.jar:/home/ubuntu/.gradle/caches/8.10.2/transforms/81e4360543fbb01d4f7fb470fa49803d/transformed/ideaIU-2025.3/plugins/cwm-plugin/lib/modules/intellij.platform.kernel.backend.split.jar:/home/ubuntu/.gradle/caches/8.10.2/transforms/81e4360543fbb01d4f7fb470fa49803d/transformed/ideaIU-2025.3/plugins/cwm-plugin/lib/modules/intellij.platform.plugins.shared.split.jar:/home/ubuntu/.gradle/caches/8.10.2/transforms/81e4360543fbb01d4f7fb470fa49803d/transformed/ideaIU-2025.3/plugins/cwm-plugin/lib/modules/intellij.xml.frontend.split.jar:/home/ubuntu/.gradle/caches/8.10.2/transforms/81e4360543fbb01d4f7fb470fa49803d/transformed/ideaIU-2025.3/plugins/cwm-plugin/lib/modules/intellij.platform.completion.frontend.split.jar:/home/ubuntu/.gradle/caches/8.10.2/transforms/81e4360543fbb01d4f7fb470fa49803d/transformed/ideaIU-2025.3/plugins/cwm-plugin/lib/modules/intellij.platform.plugins.backend.split.jar:/home/ubuntu/.gradle/caches/8.10.2/transforms/81e4360543fbb01d4f7fb470fa49803d/transformed/ideaIU-2025.3/plugins/cwm-plugin/lib/modules/intellij.platform.completion.common.split.jar:/home/ubuntu/.gradle/caches/8.10.2/transforms/81e4360543fbb01d4f7fb470fa49803d/transformed/ideaIU-2025.3/plugins/cwm-plugin/lib/modules/intellij.docker.backend.split.jar:/home/ubuntu/.gradle/caches/8.10.2/transforms/81e4360543fbb01d4f7fb470fa49803d/transformed/ideaIU-2025.3/plugins/cwm-plugin/lib/modules/intellij.java.backend.split.jar:/home/ubuntu/.gradle/caches/8.10.2/transforms/81e4360543fbb01d4f7fb470fa49803d/transformed/ideaIU-2025.3/plugins/cwm-plugin/lib/modules/intellij.platform.buildView.split.jar:/home/ubuntu/.gradle/caches/8.10.2/transforms/81e4360543fbb01d4f7fb470fa49803d/transformed/ideaIU-2025.3/plugins/cwm-plugin/lib/modules/intellij.platform.inline.completion.backend.split.jar:/home/ubuntu/.gradle/caches/8.10.2/transforms/81e4360543fbb01d4f7fb470fa49803d/transformed/ideaIU-2025.3/plugins/cwm-plugin/lib/modules/intellij.platform.vcs.common.split.jar:/home/ubuntu/.gradle/caches/8.10.2/transforms/81e4360543fbb01d4f7fb470fa49803d/transformed/ideaIU-2025.3/plugins/cwm-plugin/lib/modules/intellij.platform.progress.frontend.split.jar:/home/ubuntu/.gradle/caches/8.10.2/transforms/81e4360543fbb01d4f7fb470fa49803d/transformed/ideaIU-2025.3/plugins/gateway-plugin/lib/gateway-plugin.jar:/home/ubuntu/.gradle/caches/8.10.2/transforms/81e4360543fbb01d4f7fb470fa49803d/transformed/ideaIU-2025.3/plugins/gateway-plugin/lib/modules/intellij.gateway.station.jar:/home/ubuntu/.gradle/caches/8.10.2/transforms/81e4360543fbb01d4f7fb470fa49803d/transformed/ideaIU-2025.3/plugins/gateway-plugin/lib/modules/intellij.gateway.terminal.jar:/home/ubuntu/.gradle/caches/8.10.2/transforms/81e4360543fbb01d4f7fb470fa49803d/transformed/ideaIU-2025.3/plugins/performanceTesting/lib/assertj-swing.jar:/home/ubuntu/.gradle/caches/8.10.2/transforms/81e4360543fbb01d4f7fb470fa49803d/transformed/ideaIU-2025.3/plugins/performanceTesting/lib/performanceTesting.jar:/home/ubuntu/.gradle/caches/8.10.2/transforms/81e4360543fbb01d4f7fb470fa49803d/transformed/ideaIU-2025.3/plugins/performanceTesting/lib/github.oshi.core.jar:/home/ubuntu/.gradle/caches/8.10.2/transforms/81e4360543fbb01d4f7fb470fa49803d/transformed/ideaIU-2025.3/plugins/performanceTesting/lib/assertj.jar:/home/ubuntu/.gradle/caches/8.10.2/transforms/81e4360543fbb01d4f7fb470fa49803d/transformed/ideaIU-2025.3/plugins/performanceTesting/lib/modules/intellij.performanceTesting.frontend.jar:/home/ubuntu/.gradle/caches/8.10.2/transforms/81e4360543fbb01d4f7fb470fa49803d/transformed/ideaIU-2025.3/plugins/performanceTesting-async/lib/performanceTesting-async.jar:/home/ubuntu/.gradle/caches/8.10.2/transforms/81e4360543fbb01d4f7fb470fa49803d/transformed/ideaIU-2025.3/plugins/webDeployment/lib/jackrabbit2.jar:/home/ubuntu/.gradle/caches/8.10.2/transforms/81e4360543fbb01d4f7fb470fa49803d/transformed/ideaIU-2025.3/plugins/webDeployment/lib/commons-net.jar:/home/ubuntu/.gradle/caches/8.10.2/transforms/81e4360543fbb01d4f7fb470fa49803d/transformed/ideaIU-2025.3/plugins/webDeployment/lib/commons vfs.jar:/home/ubuntu/.gradle/caches/8.10.2/transforms/81e4360543fbb01d4f7fb470fa49803d/transformed/ideaIU-2025.3/plugins/webDeployment/lib/commons-pool2.jar:/home/ubuntu/.gradle/caches/8.10.2/transforms/81e4360543fbb01d4f7fb470fa49803d/transformed/ideaIU-2025.3/plugins/webDeployment/lib/webDeployment.jar:/home/ubuntu/.gradle/caches/8.10.2/transforms/81e4360543fbb01d4f7fb470fa49803d/transformed/ideaIU-2025.3/plugins/remote-dev-server/lib/remote-dev-server.jar:/home/ubuntu/.gradle/caches/8.10.2/transforms/81e4360543fbb01d4f7fb470fa49803d/transformed/ideaIU-2025.3/plugins/restClient/lib/github.javafaker.jar:/home/ubuntu/.gradle/caches/8.10.2/transforms/81e4360543fbb01d4f7fb470fa49803d/transformed/ideaIU-2025.3/plugins/restClient/lib/jooq.joox.jar:/home/ubuntu/.gradle/caches/8.10.2/transforms/81e4360543fbb01d4f7fb470fa49803d/transformed/ideaIU-2025.3/plugins/restClient/lib/restClient.jar:/home/ubuntu/.gradle/caches/8.10.2/transforms/81e4360543fbb01d4f7fb470fa49803d/transformed/ideaIU-2025.3/plugins/restClient/lib/brotli.dec.jar:/home/ubuntu/.gradle/caches/8.10.2/transforms/81e4360543fbb01d4f7fb470fa49803d/transformed/ideaIU-2025.3/plugins/restClient/lib/grpc.jar:/home/ubuntu/.gradle/caches/8.10.2/transforms/81e4360543fbb01d4f7fb470fa49803d/transformed/ideaIU-2025.3/plugins/restClient/lib/reactor-netty-http.jar:/home/ubuntu/.gradle/caches/8.10.2/transforms/81e4360543fbb01d4f7fb470fa49803d/transformed/ideaIU-2025.3/plugins/restClient/lib/graalvm.js.jar:/home/ubuntu/.gradle/caches/8.10.2/transforms/81e4360543fbb01d4f7fb470fa49803d/transformed/ideaIU-2025.3/plugins/restClient/lib/kotlinx-coroutines-reactor.jar:/home/ubuntu/.gradle/caches/8.10.2/transforms/81e4360543fbb01d4f7fb470fa49803d/transformed/ideaIU-2025.3/plugins/restClient/lib/modules/intellij.httpClient.grpc.jar:/home/ubuntu/.gradle/caches/8.10.2/transforms/81e4360543fbb01d4f7fb470fa49803d/transformed/ideaIU-2025.3/plugins/javaee-jax-rs/lib/javaee-jax-rs.jar:/home/ubuntu/.gradle/caches/8.10.2/transforms/81e4360543fbb01d4f7fb470fa49803d/transformed/ideaIU-2025.3/plugins/javaee-jax-rs/lib/javaee-jax-ws-rt.jar:/home/ubuntu/.gradle/caches/8.10.2/transforms/81e4360543fbb01d4f7fb470fa49803d/transformed/ideaIU-2025.3/plugins/sh-plugin/lib/sh-plugin.jar:/home/ubuntu/.gradle/caches/8.10.2/transforms/81e4360543fbb01d4f7fb470fa49803d/transformed/ideaIU-2025.3/plugins/sh-plugin/lib/modules/intellij.sh.backend.jar:/home/ubuntu/.gradle/caches/8.10.2/transforms/81e4360543fbb01d4f7fb470fa49803d/transformed/ideaIU-2025.3/plugins/sh-plugin/lib/modules/intellij.sh.frontend.split.jar:/home/ubuntu/.gradle/caches/8.10.2/transforms/81e4360543fbb01d4f7fb470fa49803d/transformed/ideaIU-2025.3/plugins/station-plugin/lib/station-plugin.jar:/home/ubuntu/.gradle/caches/8.10.2/transforms/81e4360543fbb01d4f7fb470fa49803d/transformed/ideaIU-2025.3/plugins/station-plugin/lib/modules/intellij.station.frontend.jar:/home/ubuntu/.gradle/caches/8.10.2/transforms/81e4360543fbb01d4f7fb470fa49803d/transformed/ideaIU-2025.3/plugins/station-plugin/lib/modules/intellij.station.aia.jar:/home/ubuntu/.gradle/caches/8.10.2/transforms/81e4360543fbb01d4f7fb470fa49803d/transformed/ideaIU-2025.3/plugins/station-plugin/lib/modules/intellij.station.frontend.split.jar:/home/ubuntu/.gradle/caches/8.10.2/transforms/81e4360543fbb01d4f7fb470fa49803d/transformed/ideaIU-2025.3/plugins/vcs-hg/lib/vcs-hg.jar:/home/ubuntu/.gradle/caches/8.10.2/transforms/81e4360543fbb01d4f7fb470fa49803d/transformed/ideaIU-2025.3/plugins/protoeditor/lib/protoeditor.jar:/home/ubuntu/.gradle/caches/8.10.2/transforms/81e4360543fbb01d4f7fb470fa49803d/transformed/ideaIU-2025.3/plugins/protoeditor/lib/google.protobuf.java.util.jar:/home/ubuntu/.gradle/caches/8.10.2/transforms/81e4360543fbb01d4f7fb470fa49803d/transformed/ideaIU-2025.3/plugins/vcs-git-commit-modal/lib/vcs-git-commit-modal.jar:/home/ubuntu/.gradle/caches/8.10.2/transforms/81e4360543fbb01d4f7fb470fa49803d/transformed/ideaIU-2025.3/plugins/grid-plugin/lib/grid-plugin.jar:/home/ubuntu/.gradle/caches/8.10.2/transforms/81e4360543fbb01d4f7fb470fa49803d/transformed/ideaIU-2025.3/plugins/grid-plugin/lib/modules/intellij.grid.scripting.rt.jar:/home/ubuntu/.gradle/caches/8.10.2/transforms/81e4360543fbb01d4f7fb470fa49803d/transformed/ideaIU-2025.3/plugins/indexing-shared-ultimate-plugin-bundled/lib/indexing-shared-ultimate-plugin-bundled.jar:/home/ubuntu/.gradle/caches/8.10.2/transforms/81e4360543fbb01d4f7fb470fa49803d/transformed/ideaIU-2025.3/plugins/indexing-shared-ultimate-plugin-bundled/lib/modules/intellij.indexing.shared.generator.jar:/home/ubuntu/.gradle/caches/8.10.2/transforms/81e4360543fbb01d4f7fb470fa49803d/transformed/ideaIU-2025.3/plugins/indexing-shared-ultimate-plugin-bundled/lib/modules/intellij.indexing.shared.ultimate.java.jar:/home/ubuntu/.gradle/caches/8.10.2/transforms/81e4360543fbb01d4f7fb470fa49803d/transformed/ideaIU-2025.3/plugins/indexing-shared-ultimate-plugin-bundled/lib/modules/intellij.indexing.shared.ultimate.git.jar:/home/ubuntu/.gradle/caches/8.10.2/transforms/81e4360543fbb01d4f7fb470fa49803d/transformed/ideaIU-2025.3/plugins/indexing-shared-ultimate-plugin-bundled/lib/modules/intellij.indexing.shared.ultimate.jar:/home/ubuntu/.gradle/caches/8.10.2/transforms/81e4360543fbb01d4f7fb470fa49803d/transformed/ideaIU-2025.3/plugins/indexing-shared/lib/indexing-shared.jar:/home/ubuntu/.gradle/caches/8.10.2/transforms/81e4360543fbb01d4f7fb470fa49803d/transformed/ideaIU-2025.3/plugins/jupyter-plugin/lib/jupyter-plugin.jar:/home/ubuntu/.gradle/caches/8.10.2/transforms/81e4360543fbb01d4f7fb470fa49803d/transformed/ideaIU-2025.3/plugins/jupyter-plugin/lib/modules/intellij.jupyter.split.frontend.jar:/home/ubuntu/.gradle/caches/8.10.2/transforms/81e4360543fbb01d4f7fb470fa49803d/transformed/ideaIU-2025.3/plugins/jupyter-plugin/lib/modules/intellij.jupyter.py.completion.ml.ranking.jar:/home/ubuntu/.gradle/caches/8.10.2/transforms/81e4360543fbb01d4f7fb470fa49803d/transformed/ideaIU-2025.3/plugins/jupyter-plugin/lib/modules/intellij.jupyter.py.psi.jar:/home/ubuntu/.gradle/caches/8.10.2/transforms/81e4360543fbb01d4f7fb470fa49803d/transformed/ideaIU-2025.3/plugins/jupyter-plugin/lib/modules/intellij.jupyter.core.jar:/home/ubuntu/.gradle/caches/8.10.2/transforms/81e4360543fbb01d4f7fb470fa49803d/transformed/ideaIU-2025.3/plugins/jupyter-plugin/lib/modules/intellij.jupyter.py.jar:/home/ubuntu/.gradle/caches/8.10.2/transforms/81e4360543fbb01d4f7fb470fa49803d/transformed/ideaIU-2025.3/plugins/jupyter-plugin/lib/modules/intellij.jupyter.execution.jar:/home/ubuntu/.gradle/caches/8.10.2/transforms/81e4360543fbb01d4f7fb470fa49803d/transformed/ideaIU-2025.3/plugins/jupyter-plugin/lib/modules/intellij.jupyter.split.frontend.py.jar:/home/ubuntu/.gradle/caches/8.10.2/transforms/81e4360543fbb01d4f7fb470fa49803d/transformed/ideaIU-2025.3/plugins/ktor/lib/ktor-gradle-tooling.jar:/home/ubuntu/.gradle/caches/8.10.2/transforms/81e4360543fbb01d4f7fb470fa49803d/transformed/ideaIU-2025.3/plugins/ktor/lib/ktor.jar:/home/ubuntu/.gradle/caches/8.10.2/transforms/81e4360543fbb01d4f7fb470fa49803d/transformed/ideaIU-2025.3/plugins/nextjs/lib/nextjs.jar:/home/ubuntu/.gradle/caches/8.10.2/transforms/81e4360543fbb01d4f7fb470fa49803d/transformed/ideaIU-2025.3/plugins/platform-ijent-impl/lib/google.protobuf.kotlin.jar:/home/ubuntu/.gradle/caches/8.10.2/transforms/81e4360543fbb01d4f7fb470fa49803d/transformed/ideaIU-2025.3/plugins/platform-ijent-impl/lib/platform-ijent-impl.jar:/home/ubuntu/.gradle/caches/8.10.2/transforms/81e4360543fbb01d4f7fb470fa49803d/transformed/ideaIU-2025.3/plugins/prettierJS/lib/prettierJS.jar:/home/ubuntu/.gradle/caches/8.10.2/transforms/81e4360543fbb01d4f7fb470fa49803d/transformed/ideaIU-2025.3/plugins/vitejs/lib/vitejs.jar:/home/ubuntu/.gradle/caches/8.10.2/transforms/81e4360543fbb01d4f7fb470fa49803d/transformed/ideaIU-2025.3/plugins/webpack/lib/webpack.jar:/home/ubuntu/.gradle/caches/8.10.2/transforms/81e4360543fbb01d4f7fb470fa49803d/transformed/ideaIU-2025.3/plugins/editorconfig-plugin/lib/editorconfig-plugin.jar:/home/ubuntu/.gradle/caches/8.10.2/transforms/81e4360543fbb01d4f7fb470fa49803d/transformed/ideaIU-2025.3/plugins/editorconfig-plugin/lib/modules/intellij.editorconfig.frontend.split.jar:/home/ubuntu/.gradle/caches/8.10.2/transforms/81e4360543fbb01d4f7fb470fa49803d/transformed/ideaIU-2025.3/plugins/editorconfig-plugin/lib/modules/intellij.editorconfig.frontend.jar:/home/ubuntu/.gradle/caches/8.10.2/transforms/81e4360543fbb01d4f7fb470fa49803d/transformed/ideaIU-2025.3/plugins/editorconfig-plugin/lib/modules/intellij.editorconfig.common.jar:/home/ubuntu/.gradle/caches/8.10.2/transforms/81e4360543fbb01d4f7fb470fa49803d/transformed/ideaIU-2025.3/plugins/editorconfig-plugin/lib/modules/intellij.editorconfig.backend.jar:/home/ubuntu/.gradle/caches/8.10.2/transforms/81e4360543fbb01d4f7fb470fa49803d/transformed/ideaIU-2025.3/plugins/Groovy/lib/groovy-jps.jar:/home/ubuntu/.gradle/caches/8.10.2/transforms/81e4360543fbb01d4f7fb470fa49803d/transformed/ideaIU-2025.3/plugins/Groovy/lib/groovy-rt-class-loader.jar:/home/ubuntu/.gradle/caches/8.10.2/transforms/81e4360543fbb01d4f7fb470fa49803d/transformed/ideaIU-2025.3/plugins/Groovy/lib/Groovy.jar:/home/ubuntu/.gradle/caches/8.10.2/transforms/81e4360543fbb01d4f7fb470fa49803d/transformed/ideaIU-2025.3/plugins/Groovy/lib/groovy-rt.jar:/home/ubuntu/.gradle/caches/8.10.2/transforms/81e4360543fbb01d4f7fb470fa49803d/transformed/ideaIU-2025.3/plugins/Groovy/lib/groovy-constants-rt.jar:/home/ubuntu/.gradle/caches/8.10.2/transforms/81e4360543fbb01d4f7fb470fa49803d/transformed/ideaIU-2025.3/plugins/Groovy/lib/groovy-spock-rt.jar:/home/ubuntu/.gradle/caches/8.10.2/transforms/81e4360543fbb01d4f7fb470fa49803d/transformed/ideaIU-2025.3/plugins/markdown/lib/markdown.jar:/home/ubuntu/.gradle/caches/8.10.2/transforms/81e4360543fbb01d4f7fb470fa49803d/transformed/ideaIU-2025.3/plugins/markdown/lib/modules/intellij.markdown.backend.jar:/home/ubuntu/.gradle/caches/8.10.2/transforms/81e4360543fbb01d4f7fb470fa49803d/transformed/ideaIU-2025.3/plugins/markdown/lib/modules/intellij.markdown.frontend.jar:/home/ubuntu/.gradle/caches/8.10.2/transforms/81e4360543fbb01d4f7fb470fa49803d/transformed/ideaIU-2025.3/plugins/postcss/lib/postcss.jar:/home/ubuntu/.gradle/caches/8.10.2/transforms/81e4360543fbb01d4f7fb470fa49803d/transformed/ideaIU-2025.3/plugins/qodana/lib/jetbrains.qodana.cloud.kotlin.client.jar:/home/ubuntu/.gradle/caches/8.10.2/transforms/81e4360543fbb01d4f7fb470fa49803d/transformed/ideaIU-2025.3/plugins/qodana/lib/qodana.jar:/home/ubuntu/.gradle/caches/8.10.2/transforms/81e4360543fbb01d4f7fb470fa49803d/transformed/ideaIU-2025.3/plugins/qodana/lib/jetbrains.qodana.web.ui.jar:/home/ubuntu/.gradle/caches/8.10.2/transforms/81e4360543fbb01d4f7fb470fa49803d/transformed/ideaIU-2025.3/plugins/qodana/lib/jetbrains.qodana.configuration.jar:/home/ubuntu/.gradle/caches/8.10.2/transforms/81e4360543fbb01d4f7fb470fa49803d/transformed/ideaIU-2025.3/plugins/qodana/lib/jetbrains.qodana.sarif.converter.jar:/home/ubuntu/.gradle/caches/8.10.2/transforms/81e4360543fbb01d4f7fb470fa49803d/transformed/ideaIU-2025.3/plugins/qodana/lib/jline.jar:/home/ubuntu/.gradle/caches/8.10.2/transforms/81e4360543fbb01d4f7fb470fa49803d/transformed/ideaIU-2025.3/plugins/qodana/lib/qodana-sarif.jar:/home/ubuntu/.gradle/caches/8.10.2/transforms/81e4360543fbb01d4f7fb470fa49803d/transformed/ideaIU-2025.3/plugins/qodana/lib/jetbrains.qodana.publisher.jar:/home/ubuntu/.gradle/caches/8.10.2/transforms/81e4360543fbb01d4f7fb470fa49803d/transformed/ideaIU-2025.3/plugins/qodana/lib/flexmark.jar:/home/ubuntu/.gradle/caches/8.10.2/transforms/81e4360543fbb01d4f7fb470fa49803d/transformed/ideaIU-2025.3/plugins/fullLine/lib/fullLine.jar:/home/ubuntu/.gradle/caches/8.10.2/transforms/81e4360543fbb01d4f7fb470fa49803d/transformed/ideaIU-2025.3/plugins/fullLine/lib/jgrapht.core.jar:/home/ubuntu/.gradle/caches/8.10.2/transforms/81e4360543fbb01d4f7fb470fa49803d/transformed/ideaIU-2025.3/plugins/fullLine/lib/jetbrains.mlapi.core.jar:/home/ubuntu/.gradle/caches/8.10.2/transforms/81e4360543fbb01d4f7fb470fa49803d/transformed/ideaIU-2025.3/plugins/fullLine/lib/jetbrains.ai.completion.trigger.model.polyglot.cloud.jar:/home/ubuntu/.gradle/caches/8.10.2/transforms/81e4360543fbb01d4f7fb470fa49803d/transformed/ideaIU-2025.3/plugins/fullLine/lib/clikt.jar:/home/ubuntu/.gradle/caches/8.10.2/transforms/81e4360543fbb01d4f7fb470fa49803d/transformed/ideaIU-2025.3/plugins/fullLine/lib/modules/intellij.fullLine.xml.jar:/home/ubuntu/.gradle/caches/8.10.2/transforms/81e4360543fbb01d4f7fb470fa49803d/transformed/ideaIU-2025.3/plugins/fullLine/lib/modules/intellij.fullLine.text.jar:/home/ubuntu/.gradle/caches/8.10.2/transforms/81e4360543fbb01d4f7fb470fa49803d/transformed/ideaIU-2025.3/plugins/fullLine/lib/modules/intellij.ml.llm.completion.trigger.model.jar:/home/ubuntu/.gradle/caches/8.10.2/transforms/81e4360543fbb01d4f7fb470fa49803d/transformed/ideaIU-2025.3/plugins/fullLine/lib/modules/intellij.fullLine.java.local.jar:/home/ubuntu/.gradle/caches/8.10.2/transforms/81e4360543fbb01d4f7fb470fa49803d/transformed/ideaIU-2025.3/plugins/fullLine/lib/modules/intellij.ml.llm.cpp.completion.jar:/home/ubuntu/.gradle/caches/8.10.2/transforms/81e4360543fbb01d4f7fb470fa49803d/transformed/ideaIU-2025.3/plugins/fullLine/lib/modules/intellij.ml.llm.php.completion.jar:/home/ubuntu/.gradle/caches/8.10.2/transforms/81e4360543fbb01d4f7fb470fa49803d/transformed/ideaIU-2025.3/plugins/fullLine/lib/modules/intellij.fullLine.properties.jar:/home/ubuntu/.gradle/caches/8.10.2/transforms/81e4360543fbb01d4f7fb470fa49803d/transformed/ideaIU-2025.3/plugins/fullLine/lib/modules/intellij.fullLine.php.local.jar:/home/ubuntu/.gradle/caches/8.10.2/transforms/81e4360543fbb01d4f7fb470fa49803d/transformed/ideaIU-2025.3/plugins/fullLine/lib/modules/intellij.fullLine.rbs.jar:/home/ubuntu/.gradle/caches/8.10.2/transforms/81e4360543fbb01d4f7fb470fa49803d/transformed/ideaIU-2025.3/plugins/fullLine/lib/modules/intellij.fullLine.rider.godot.jar:/home/ubuntu/.gradle/caches/8.10.2/transforms/81e4360543fbb01d4f7fb470fa49803d/transformed/ideaIU-2025.3/plugins/fullLine/lib/modules/intellij.ml.llm.go.completion.jar:/home/ubuntu/.gradle/caches/8.10.2/transforms/81e4360543fbb01d4f7fb470fa49803d/transformed/ideaIU-2025.3/plugins/fullLine/lib/modules/intellij.ml.llm.rider.shaderlab.completion.jar:/home/ubuntu/.gradle/caches/8.10.2/transforms/81e4360543fbb01d4f7fb470fa49803d/transformed/ideaIU-2025.3/plugins/fullLine/lib/modules/intellij.fullLine.js.local.jar:/home/ubuntu/.gradle/caches/8.10.2/transforms/81e4360543fbb01d4f7fb470fa49803d/transformed/ideaIU-2025.3/plugins/fullLine/lib/modules/intellij.fullLine.kotlin.local.jar:/home/ubuntu/.gradle/caches/8.10.2/transforms/81e4360543fbb01d4f7fb470fa49803d/transformed/ideaIU-2025.3/plugins/fullLine/lib/modules/intellij.fullLine.json.jar:/home/ubuntu/.gradle/caches/8.10.2/transforms/81e4360543fbb01d4f7fb470fa49803d/transformed/ideaIU-2025.3/plugins/fullLine/lib/modules/intellij.ml.llm.rider.fsharp.completion.jar:/home/ubuntu/.gradle/caches/8.10.2/transforms/81e4360543fbb01d4f7fb470fa49803d/transformed/ideaIU-2025.3/plugins/fullLine/lib/modules/intellij.ml.llm.css.completion.jar:/home/ubuntu/.gradle/caches/8.10.2/transforms/81e4360543fbb01d4f7fb470fa49803d/transformed/ideaIU-2025.3/plugins/fullLine/lib/modules/intellij.fullLine.yaml.jar:/home/ubuntu/.gradle/caches/8.10.2/transforms/81e4360543fbb01d4f7fb470fa49803d/transformed/ideaIU-2025.3/plugins/fullLine/lib/modules/intellij.ml.llm.python.completion.jar:/home/ubuntu/.gradle/caches/8.10.2/transforms/81e4360543fbb01d4f7fb470fa49803d/transformed/ideaIU-2025.3/plugins/fullLine/lib/modules/intellij.ml.llm.html.completion.jar:/home/ubuntu/.gradle/caches/8.10.2/transforms/81e4360543fbb01d4f7fb470fa49803d/transformed/ideaIU-2025.3/plugins/fullLine/lib/modules/intellij.fullLine.rider.shaderlab.jar:/home/ubuntu/.gradle/caches/8.10.2/transforms/81e4360543fbb01d4f7fb470fa49803d/transformed/ideaIU-2025.3/plugins/fullLine/lib/modules/intellij.fullLine.ruby.local.jar:/home/ubuntu/.gradle/caches/8.10.2/transforms/81e4360543fbb01d4f7fb470fa49803d/transformed/ideaIU-2025.3/plugins/fullLine/lib/modules/intellij.ml.llm.rust.completion.jar:/home/ubuntu/.gradle/caches/8.10.2/transforms/81e4360543fbb01d4f7fb470fa49803d/transformed/ideaIU-2025.3/plugins/fullLine/lib/modules/intellij.ml.llm.rider.cpp.completion.jar:/home/ubuntu/.gradle/caches/8.10.2/transforms/81e4360543fbb01d4f7fb470fa49803d/transformed/ideaIU-2025.3/plugins/fullLine/lib/modules/intellij.fullLine.rust.local.jar:/home/ubuntu/.gradle/caches/8.10.2/transforms/81e4360543fbb01d4f7fb470fa49803d/transformed/ideaIU-2025.3/plugins/fullLine/lib/modules/intellij.fullLine.python.local.jar:/home/ubuntu/.gradle/caches/8.10.2/transforms/81e4360543fbb01d4f7fb470fa49803d/transformed/ideaIU-2025.3/plugins/fullLine/lib/modules/intellij.fullLine.css.local.jar:/home/ubuntu/.gradle/caches/8.10.2/transforms/81e4360543fbb01d4f7fb470fa49803d/transformed/ideaIU-2025.3/plugins/fullLine/lib/modules/intellij.fullLine.terraform.local.jar:/home/ubuntu/.gradle/caches/8.10.2/transforms/81e4360543fbb01d4f7fb470fa49803d/transformed/ideaIU-2025.3/plugins/fullLine/lib/modules/intellij.ml.llm.rider.csharp.completion.jar:/home/ubuntu/.gradle/caches/8.10.2/transforms/81e4360543fbb01d4f7fb470fa49803d/transformed/ideaIU-2025.3/plugins/fullLine/lib/modules/intellij.ml.llm.kotlin.completion.jar:/home/ubuntu/.gradle/caches/8.10.2/transforms/81e4360543fbb01d4f7fb470fa49803d/transformed/ideaIU-2025.3/plugins/fullLine/lib/modules/intellij.fullLine.rider.csharp.local.jar:/home/ubuntu/.gradle/caches/8.10.2/transforms/81e4360543fbb01d4f7fb470fa49803d/transformed/ideaIU-2025.3/plugins/fullLine/lib/modules/intellij.fullLine.erb.jar:/home/ubuntu/.gradle/caches/8.10.2/transforms/81e4360543fbb01d4f7fb470fa49803d/transformed/ideaIU-2025.3/plugins/fullLine/lib/modules/intellij.ml.llm.ruby.completion.jar:/home/ubuntu/.gradle/caches/8.10.2/transforms/81e4360543fbb01d4f7fb470fa49803d/transformed/ideaIU-2025.3/plugins/fullLine/lib/modules/intellij.ml.llm.javascript.completion.jar:/home/ubuntu/.gradle/caches/8.10.2/transforms/81e4360543fbb01d4f7fb470fa49803d/transformed/ideaIU-2025.3/plugins/fullLine/lib/modules/intellij.ml.llm.rider.godot.completion.jar:/home/ubuntu/.gradle/caches/8.10.2/transforms/81e4360543fbb01d4f7fb470fa49803d/transformed/ideaIU-2025.3/plugins/fullLine/lib/modules/intellij.fullLine.rider.cpp.local.jar:/home/ubuntu/.gradle/caches/8.10.2/transforms/81e4360543fbb01d4f7fb470fa49803d/transformed/ideaIU-2025.3/plugins/fullLine/lib/modules/intellij.ml.llm.java.completion.jar:/home/ubuntu/.gradle/caches/8.10.2/transforms/81e4360543fbb01d4f7fb470fa49803d/transformed/ideaIU-2025.3/plugins/fullLine/lib/modules/intellij.fullLine.sql.jar:/home/ubuntu/.gradle/caches/8.10.2/transforms/81e4360543fbb01d4f7fb470fa49803d/transformed/ideaIU-2025.3/plugins/fullLine/lib/modules/intellij.fullLine.chat.jar:/home/ubuntu/.gradle/caches/8.10.2/transforms/81e4360543fbb01d4f7fb470fa49803d/transformed/ideaIU-2025.3/plugins/fullLine/lib/modules/intellij.fullLine.go.local.jar:/home/ubuntu/.gradle/caches/8.10.2/transforms/81e4360543fbb01d4f7fb470fa49803d/transformed/ideaIU-2025.3/plugins/fullLine/lib/modules/intellij.fullLine.rider.fsharp.jar:/home/ubuntu/.gradle/caches/8.10.2/transforms/81e4360543fbb01d4f7fb470fa49803d/transformed/ideaIU-2025.3/plugins/fullLine/lib/modules/intellij.fullLine.local.jar:/home/ubuntu/.gradle/caches/8.10.2/transforms/81e4360543fbb01d4f7fb470fa49803d/transformed/ideaIU-2025.3/plugins/fullLine/lib/modules/intellij.ml.llm.chat.completion.jar:/home/ubuntu/.gradle/caches/8.10.2/transforms/81e4360543fbb01d4f7fb470fa49803d/transformed/ideaIU-2025.3/plugins/fullLine/lib/modules/intellij.fullLine.fake.frontend.jar:/home/ubuntu/.gradle/caches/8.10.2/transforms/81e4360543fbb01d4f7fb470fa49803d/transformed/ideaIU-2025.3/plugins/fullLine/lib/modules/intellij.fullLine.html.local.jar:/home/ubuntu/.gradle/caches/8.10.2/transforms/81e4360543fbb01d4f7fb470fa49803d/transformed/ideaIU-2025.3/plugins/fullLine/lib/modules/intellij.fullLine.markdown.jar:/home/ubuntu/.gradle/caches/8.10.2/transforms/81e4360543fbb01d4f7fb470fa49803d/transformed/ideaIU-2025.3/plugins/java-debugger-streams/lib/java-debugger-streams.jar:/home/ubuntu/.gradle/caches/8.10.2/transforms/81e4360543fbb01d4f7fb470fa49803d/transformed/ideaIU-2025.3/plugins/eclipse/lib/eclipse.jar:/home/ubuntu/.gradle/caches/8.10.2/transforms/81e4360543fbb01d4f7fb470fa49803d/transformed/ideaIU-2025.3/plugins/eclipse/lib/eclipse-jps.jar:/home/ubuntu/.gradle/caches/8.10.2/transforms/81e4360543fbb01d4f7fb470fa49803d/transformed/ideaIU-2025.3/plugins/eclipse/lib/eclipse-common.jar:/home/ubuntu/.gradle/caches/8.10.2/transforms/81e4360543fbb01d4f7fb470fa49803d/transformed/ideaIU-2025.3/plugins/android-gradle-dsl/lib/android-gradle-dsl.jar:/home/ubuntu/.gradle/caches/8.10.2/transforms/81e4360543fbb01d4f7fb470fa49803d/transformed/ideaIU-2025.3/plugins/android-gradle-dsl/lib/modules/intellij.android.gradle.dsl.flags.jar:/home/ubuntu/.gradle/caches/8.10.2/transforms/81e4360543fbb01d4f7fb470fa49803d/transformed/ideaIU-2025.3/plugins/maven/lib/maven.jar:/home/ubuntu/.gradle/caches/8.10.2/transforms/81e4360543fbb01d4f7fb470fa49803d/transformed/ideaIU-2025.3/plugins/maven/lib/maven-server.jar:/home/ubuntu/.gradle/caches/8.10.2/transforms/81e4360543fbb01d4f7fb470fa49803d/transformed/ideaIU-2025.3/plugins/maven/lib/maven-jps.jar:/home/ubuntu/.gradle/caches/8.10.2/transforms/81e4360543fbb01d4f7fb470fa49803d/transformed/ideaIU-2025.3/plugins/maven/lib/maven-server-telemetry.jar:/home/ubuntu/.gradle/caches/8.10.2/transforms/81e4360543fbb01d4f7fb470fa49803d/transformed/ideaIU-2025.3/plugins/maven/lib/artifact-resolver-m31.jar:/home/ubuntu/.gradle/caches/8.10.2/transforms/81e4360543fbb01d4f7fb470fa49803d/transformed/ideaIU-2025.3/plugins/maven/lib/maven-server-indexer.jar:/home/ubuntu/.gradle/caches/8.10.2/transforms/81e4360543fbb01d4f7fb470fa49803d/transformed/ideaIU-2025.3/plugins/maven/lib/plexus-archiver.jar:/home/ubuntu/.gradle/caches/8.10.2/transforms/81e4360543fbb01d4f7fb470fa49803d/transformed/ideaIU-2025.3/plugins/maven/lib/jetbrains.idea.maven.indexer.api.rt.jar:/home/ubuntu/.gradle/caches/8.10.2/transforms/81e4360543fbb01d4f7fb470fa49803d/transformed/ideaIU-2025.3/plugins/maven/lib/maven-event-listener.jar:/home/ubuntu/.gradle/caches/8.10.2/transforms/81e4360543fbb01d4f7fb470fa49803d/transformed/ideaIU-2025.3/plugins/maven/lib/maven40-server.jar:/home/ubuntu/.gradle/caches/8.10.2/transforms/81e4360543fbb01d4f7fb470fa49803d/transformed/ideaIU-2025.3/plugins/maven/lib/maven3-server-common.jar:/home/ubuntu/.gradle/caches/8.10.2/transforms/81e4360543fbb01d4f7fb470fa49803d/transformed/ideaIU-2025.3/plugins/maven/lib/maven36-server.jar:/home/ubuntu/.gradle/caches/8.10.2/transforms/81e4360543fbb01d4f7fb470fa49803d/transformed/ideaIU-2025.3/plugins/maven/lib/maven3-server.jar:/home/ubuntu/.gradle/caches/8.10.2/transforms/81e4360543fbb01d4f7fb470fa49803d/transformed/ideaIU-2025.3/plugins/maven/lib/modules/intellij.maven.profiler.jar:/home/ubuntu/.gradle/caches/8.10.2/transforms/81e4360543fbb01d4f7fb470fa49803d/transformed/ideaIU-2025.3/plugins/repository-search/lib/maven-model.jar:/home/ubuntu/.gradle/caches/8.10.2/transforms/81e4360543fbb01d4f7fb470fa49803d/transformed/ideaIU-2025.3/plugins/repository-search/lib/repository-search.jar:/home/ubuntu/.gradle/caches/8.10.2/transforms/81e4360543fbb01d4f7fb470fa49803d/transformed/ideaIU-2025.3/plugins/repository-search/lib/kotlinx-document-store-mvstore.jar:/home/ubuntu/.gradle/caches/8.10.2/transforms/81e4360543fbb01d4f7fb470fa49803d/transformed/ideaIU-2025.3/plugins/repository-search/lib/package-search-api-client.jar:/home/ubuntu/.gradle/caches/8.10.2/transforms/81e4360543fbb01d4f7fb470fa49803d/transformed/ideaIU-2025.3/plugins/java-decompiler/lib/java-decompiler.jar:/home/ubuntu/.gradle/caches/8.10.2/transforms/81e4360543fbb01d4f7fb470fa49803d/transformed/ideaIU-2025.3/plugins/Kotlin/lib/kotlinc.scripting-compiler-plugin.jar:/home/ubuntu/.gradle/caches/8.10.2/transforms/81e4360543fbb01d4f7fb470fa49803d/transformed/ideaIU-2025.3/plugins/Kotlin/lib/kotlinc.js-plain-objects-compiler-plugin.jar:/home/ubuntu/.gradle/caches/8.10.2/transforms/81e4360543fbb01d4f7fb470fa49803d/transformed/ideaIU-2025.3/plugins/Kotlin/lib/kotlin-base-jps.jar:/home/ubuntu/.gradle/caches/8.10.2/transforms/81e4360543fbb01d4f7fb470fa49803d/transformed/ideaIU-2025.3/plugins/Kotlin/lib/kotlinc.kotlinx-serialization-compiler-plugin.jar:/home/ubuntu/.gradle/caches/8.10.2/transforms/81e4360543fbb01d4f7fb470fa49803d/transformed/ideaIU-2025.3/plugins/Kotlin/lib/kotlin-plugin.jar:/home/ubuntu/.gradle/caches/8.10.2/transforms/81e4360543fbb01d4f7fb470fa49803d/transformed/ideaIU-2025.3/plugins/Kotlin/lib/kotlinc.kotlin-jps-common.jar:/home/ubuntu/.gradle/caches/8.10.2/transforms/81e4360543fbb01d4f7fb470fa49803d/transformed/ideaIU-2025.3/plugins/Kotlin/lib/kotlinc.assignment-compiler-plugin.jar:/home/ubuntu/.gradle/caches/8.10.2/transforms/81e4360543fbb01d4f7fb470fa49803d/transformed/ideaIU-2025.3/plugins/Kotlin/lib/kotlinc.noarg-compiler-plugin.jar:/home/ubuntu/.gradle/caches/8.10.2/transforms/81e4360543fbb01d4f7fb470fa49803d/transformed/ideaIU-2025.3/plugins/Kotlin/lib/javax-inject.jar:/home/ubuntu/.gradle/caches/8.10.2/transforms/81e4360543fbb01d4f7fb470fa49803d/transformed/ideaIU-2025.3/plugins/Kotlin/lib/completion-ranking-kotlin.jar:/home/ubuntu/.gradle/caches/8.10.2/transforms/81e4360543fbb01d4f7fb470fa49803d/transformed/ideaIU-2025.3/plugins/Kotlin/lib/kotlinc.sam-with-receiver-compiler-plugin.jar:/home/ubuntu/.gradle/caches/8.10.2/transforms/81e4360543fbb01d4f7fb470fa49803d/transformed/ideaIU-2025.3/plugins/Kotlin/lib/kotlin-gradle-tooling.jar:/home/ubuntu/.gradle/caches/8.10.2/transforms/81e4360543fbb01d4f7fb470fa49803d/transformed/ideaIU-2025.3/plugins/Kotlin/lib/kotlinc.kotlin-dataframe-compiler-plugin.jar:/home/ubuntu/.gradle/caches/8.10.2/transforms/81e4360543fbb01d4f7fb470fa49803d/transformed/ideaIU-2025.3/plugins/Kotlin/lib/kotlinc.kotlin-compiler-common.jar:/home/ubuntu/.gradle/caches/8.10.2/transforms/81e4360543fbb01d4f7fb470fa49803d/transformed/ideaIU-2025.3/plugins/Kotlin/lib/kotlinc.parcelize-compiler-plugin.jar:/home/ubuntu/.gradle/caches/8.10.2/transforms/81e4360543fbb01d4f7fb470fa49803d/transformed/ideaIU-2025.3/plugins/Kotlin/lib/kotlinc.kotlin-compiler-fe10.jar:/home/ubuntu/.gradle/caches/8.10.2/transforms/81e4360543fbb01d4f7fb470fa49803d/transformed/ideaIU-2025.3/plugins/Kotlin/lib/ehcache.sizeof.jar:/home/ubuntu/.gradle/caches/8.10.2/transforms/81e4360543fbb01d4f7fb470fa49803d/transformed/ideaIU-2025.3/plugins/Kotlin/lib/kotlinc.compose-compiler-plugin.jar:/home/ubuntu/.gradle/caches/8.10.2/transforms/81e4360543fbb01d4f7fb470fa49803d/transformed/ideaIU-2025.3/plugins/Kotlin/lib/kotlinc.lombok-compiler-plugin.jar:/home/ubuntu/.gradle/caches/8.10.2/transforms/81e4360543fbb01d4f7fb470fa49803d/transformed/ideaIU-2025.3/plugins/Kotlin/lib/vavr.jar:/home/ubuntu/.gradle/caches/8.10.2/transforms/81e4360543fbb01d4f7fb470fa49803d/transformed/ideaIU-2025.3/plugins/Kotlin/lib/kotlin-plugin-shared.jar:/home/ubuntu/.gradle/caches/8.10.2/transforms/81e4360543fbb01d4f7fb470fa49803d/transformed/ideaIU-2025.3/plugins/Kotlin/lib/kotlinc.allopen-compiler-plugin.jar:/home/ubuntu/.gradle/caches/8.10.2/transforms/81e4360543fbb01d4f7fb470fa49803d/transformed/ideaIU-2025.3/plugins/Kotlin/lib/jackson-dataformat-toml.jar:/home/ubuntu/.gradle/caches/8.10.2/transforms/81e4360543fbb01d4f7fb470fa49803d/transformed/ideaIU-2025.3/plugins/Kotlin/lib/kotlinc.kotlin-compiler-ir.jar:/home/ubuntu/.gradle/caches/8.10.2/transforms/81e4360543fbb01d4f7fb470fa49803d/transformed/ideaIU-2025.3/plugins/clouds-docker-gateway/lib/clouds-docker-gateway.jar:/home/ubuntu/.gradle/caches/8.10.2/transforms/81e4360543fbb01d4f7fb470fa49803d/transformed/ideaIU-2025.3/plugins/clouds-docker-gateway/lib/clouds-docker-gateway-frontend.jar:/home/ubuntu/.gradle/caches/8.10.2/transforms/81e4360543fbb01d4f7fb470fa49803d/transformed/ideaIU-2025.3/plugins/vcs-github/lib/vcs-github.jar:/home/ubuntu/.gradle/caches/8.10.2/transforms/81e4360543fbb01d4f7fb470fa49803d/transformed/ideaIU-2025.3/plugins/vcs-github/lib/modules/intellij.vcs.github.ultimatePromo.jar:/home/ubuntu/.gradle/caches/8.10.2/transforms/81e4360543fbb01d4f7fb470fa49803d/transformed/ideaIU-2025.3/plugins/vcs-github/lib/modules/intellij.vcs.github.ultimate.cron.jar:/home/ubuntu/.gradle/caches/8.10.2/transforms/81e4360543fbb01d4f7fb470fa49803d/transformed/ideaIU-2025.3/plugins/vcs-github/lib/modules/intellij.vcs.github.ultimate.features.jar:/home/ubuntu/.gradle/caches/8.10.2/transforms/81e4360543fbb01d4f7fb470fa49803d/transformed/ideaIU-2025.3/plugins/vcs-github/lib/modules/intellij.vcs.github.git.jar:/home/ubuntu/.gradle/caches/8.10.2/transforms/81e4360543fbb01d4f7fb470fa49803d/transformed/ideaIU-2025.3/plugins/vcs-github/lib/modules/intellij.vcs.github.tracker.jar:/home/ubuntu/.gradle/caches/8.10.2/transforms/81e4360543fbb01d4f7fb470fa49803d/transformed/ideaIU-2025.3/plugins/vcs-github/lib/modules/intellij.vcs.github.json.jar:/home/ubuntu/.gradle/caches/8.10.2/transforms/81e4360543fbb01d4f7fb470fa49803d/transformed/ideaIU-2025.3/plugins/vcs-github/lib/modules/intellij.vcs.github.ultimate.docker.jar:/home/ubuntu/.gradle/caches/8.10.2/transforms/81e4360543fbb01d4f7fb470fa49803d/transformed/ideaIU-2025.3/plugins/vcs-gitlab/lib/vcs-gitlab.jar:/home/ubuntu/.gradle/caches/8.10.2/transforms/81e4360543fbb01d4f7fb470fa49803d/transformed/ideaIU-2025.3/plugins/vcs-gitlab/lib/modules/intellij.vcs.gitlab.ultimate.ci.sh.jar:/home/ubuntu/.gradle/caches/8.10.2/transforms/81e4360543fbb01d4f7fb470fa49803d/transformed/ideaIU-2025.3/plugins/vcs-gitlab/lib/modules/intellij.vcs.gitlab.git.jar:/home/ubuntu/.gradle/caches/8.10.2/transforms/81e4360543fbb01d4f7fb470fa49803d/transformed/ideaIU-2025.3/plugins/vcs-gitlab/lib/modules/intellij.vcs.gitlab.yaml.jar:/home/ubuntu/.gradle/caches/8.10.2/transforms/81e4360543fbb01d4f7fb470fa49803d/transformed/ideaIU-2025.3/plugins/vcs-gitlab/lib/modules/intellij.vcs.gitlab.ultimate.features.jar:/home/ubuntu/.gradle/caches/8.10.2/transforms/81e4360543fbb01d4f7fb470fa49803d/transformed/ideaIU-2025.3/plugins/gradle-java/lib/gradle-java.jar:/home/ubuntu/.gradle/caches/8.10.2/transforms/81e4360543fbb01d4f7fb470fa49803d/transformed/ideaIU-2025.3/plugins/gradle-java/lib/gradle-jps.jar:/home/ubuntu/.gradle/caches/8.10.2/transforms/81e4360543fbb01d4f7fb470fa49803d/transformed/ideaIU-2025.3/plugins/gradle-java/lib/modules/intellij.gradle.analysis.jar:/home/ubuntu/.gradle/caches/8.10.2/transforms/81e4360543fbb01d4f7fb470fa49803d/transformed/ideaIU-2025.3/plugins/gradle-java/lib/modules/intellij.gradle.profiler.jar:/home/ubuntu/.gradle/caches/8.10.2/transforms/81e4360543fbb01d4f7fb470fa49803d/transformed/ideaIU-2025.3/plugins/gradle-java/lib/modules/intellij.gradle.dependencyUpdater.jar:/home/ubuntu/.gradle/caches/8.10.2/transforms/81e4360543fbb01d4f7fb470fa49803d/transformed/ideaIU-2025.3/plugins/gradle-java/lib/modules/intellij.gradle.java.maven.jar:/home/ubuntu/.gradle/caches/8.10.2/transforms/81e4360543fbb01d4f7fb470fa49803d/transformed/ideaIU-2025.3/plugins/javaFX/lib/javaFX-jps.jar:/home/ubuntu/.gradle/caches/8.10.2/transforms/81e4360543fbb01d4f7fb470fa49803d/transformed/ideaIU-2025.3/plugins/javaFX/lib/javaFX-common.jar:/home/ubuntu/.gradle/caches/8.10.2/transforms/81e4360543fbb01d4f7fb470fa49803d/transformed/ideaIU-2025.3/plugins/javaFX/lib/javaFX.jar:/home/ubuntu/.gradle/caches/8.10.2/transforms/81e4360543fbb01d4f7fb470fa49803d/transformed/ideaIU-2025.3/plugins/javaFX/lib/modules/intellij.javaFX.jar:/home/ubuntu/.gradle/caches/8.10.2/transforms/81e4360543fbb01d4f7fb470fa49803d/transformed/ideaIU-2025.3/plugins/javaFX/lib/modules/intellij.javaFX.css.intellilang.jar:/home/ubuntu/.gradle/caches/8.10.2/transforms/81e4360543fbb01d4f7fb470fa49803d/transformed/ideaIU-2025.3/plugins/kotlin-jupyter-plugin/lib/batik-transcoder.jar:/home/ubuntu/.gradle/caches/8.10.2/transforms/81e4360543fbb01d4f7fb470fa49803d/transformed/ideaIU-2025.3/plugins/kotlin-jupyter-plugin/lib/xml-apis-ext.jar:/home/ubuntu/.gradle/caches/8.10.2/transforms/81e4360543fbb01d4f7fb470fa49803d/transformed/ideaIU-2025.3/plugins/kotlin-jupyter-plugin/lib/kotlin-jupyter-plugin.jar:/home/ubuntu/.gradle/caches/8.10.2/transforms/81e4360543fbb01d4f7fb470fa49803d/transformed/ideaIU-2025.3/plugins/kotlin-jupyter-plugin/lib/modules/intellij.kotlin.jupyter.liveTemplates.jar:/home/ubuntu/.gradle/caches/8.10.2/transforms/81e4360543fbb01d4f7fb470fa49803d/transformed/ideaIU-2025.3/plugins/kotlin-jupyter-plugin/lib/modules/intellij.kotlin.jupyter.k2.jar:/home/ubuntu/.gradle/caches/8.10.2/transforms/81e4360543fbb01d4f7fb470fa49803d/transformed/ideaIU-2025.3/plugins/kotlin-jupyter-plugin/lib/modules/intellij.kotlin.jupyter.k1.jar:/home/ubuntu/.gradle/caches/8.10.2/transforms/81e4360543fbb01d4f7fb470fa49803d/transformed/ideaIU-2025.3/plugins/kotlin-jupyter-plugin/lib/modules/intellij.kotlin.jupyter.core.jar:/home/ubuntu/.gradle/caches/8.10.2/transforms/81e4360543fbb01d4f7fb470fa49803d/transformed/ideaIU-2025.3/plugins/kotlin-jupyter-plugin/lib/modules/intellij.kotlin.jupyter.plots.jar:/home/ubuntu/.gradle/caches/8.10.2/transforms/81e4360543fbb01d4f7fb470fa49803d/transformed/ideaIU-2025.3/plugins/kotlin-jupyter-plugin/lib/modules/intellij.kotlin.jupyter.buildSystems.gradle.jar:/home/ubuntu/.gradle/caches/8.10.2/transforms/81e4360543fbb01d4f7fb470fa49803d/transformed/ideaIU-2025.3/plugins/kotlin-jupyter-plugin/lib/modules/intellij.kotlin.jupyter.tables.jar:/home/ubuntu/.gradle/caches/8.10.2/transforms/81e4360543fbb01d4f7fb470fa49803d/transformed/ideaIU-2025.3/plugins/less/lib/less.jar:/home/ubuntu/.gradle/caches/8.10.2/transforms/81e4360543fbb01d4f7fb470fa49803d/transformed/ideaIU-2025.3/plugins/nodeJS-remoteInterpreter/lib/nodeJS-remoteInterpreter.jar:/home/ubuntu/.gradle/caches/8.10.2/transforms/81e4360543fbb01d4f7fb470fa49803d/transformed/ideaIU-2025.3/plugins/remoteRun/lib/remoteRun.jar:/home/ubuntu/.gradle/caches/8.10.2/transforms/81e4360543fbb01d4f7fb470fa49803d/transformed/ideaIU-2025.3/plugins/remoteRun/lib/modules/intellij.remoteRun.gradle.jar:/home/ubuntu/.gradle/caches/8.10.2/transforms/81e4360543fbb01d4f7fb470fa49803d/transformed/ideaIU-2025.3/plugins/remoteRun/lib/modules/intellij.remoteRun.gradle.docker.jar:/home/ubuntu/.gradle/caches/8.10.2/transforms/81e4360543fbb01d4f7fb470fa49803d/transformed/ideaIU-2025.3/plugins/sass-plugin/lib/sass-plugin.jar:/home/ubuntu/.gradle/caches/8.10.2/transforms/81e4360543fbb01d4f7fb470fa49803d/transformed/ideaIU-2025.3/plugins/sass-plugin/lib/modules/intellij.sass.watcher.jar:/home/ubuntu/.gradle/caches/8.10.2/transforms/81e4360543fbb01d4f7fb470fa49803d/transformed/ideaIU-2025.3/plugins/sass-plugin/lib/modules/intellij.sass.frontend.split.jar:/home/ubuntu/.gradle/caches/8.10.2/transforms/81e4360543fbb01d4f7fb470fa49803d/transformed/ideaIU-2025.3/plugins/sass-plugin/lib/modules/intellij.sass.copyright.jar:/home/ubuntu/.gradle/caches/8.10.2/transforms/81e4360543fbb01d4f7fb470fa49803d/transformed/ideaIU-2025.3/plugins/sass-plugin/lib/modules/intellij.sass.jar:/home/ubuntu/.gradle/caches/8.10.2/transforms/81e4360543fbb01d4f7fb470fa49803d/transformed/ideaIU-2025.3/plugins/sass-plugin/lib/modules/intellij.sass.backend.jar:/home/ubuntu/.gradle/caches/8.10.2/transforms/81e4360543fbb01d4f7fb470fa49803d/transformed/ideaIU-2025.3/plugins/sass-plugin/lib/modules/intellij.sass.common.jar:/home/ubuntu/.gradle/caches/8.10.2/transforms/81e4360543fbb01d4f7fb470fa49803d/transformed/ideaIU-2025.3/plugins/terminal/lib/terminal-completion-db-with-extensions.jar:/home/ubuntu/.gradle/caches/8.10.2/transforms/81e4360543fbb01d4f7fb470fa49803d/transformed/ideaIU-2025.3/plugins/terminal/lib/terminal.jar:/home/ubuntu/.gradle/caches/8.10.2/transforms/81e4360543fbb01d4f7fb470fa49803d/transformed/ideaIU-2025.3/plugins/terminal/lib/completion-ranking-sh.jar:/home/ubuntu/.gradle/caches/8.10.2/transforms/81e4360543fbb01d4f7fb470fa49803d/transformed/ideaIU-2025.3/plugins/terminal/lib/terminal-completion-spec.jar:/home/ubuntu/.gradle/caches/8.10.2/transforms/81e4360543fbb01d4f7fb470fa49803d/transformed/ideaIU-2025.3/plugins/terminal/lib/modules/intellij.terminal.frontend.split.jar:/home/ubuntu/.gradle/caches/8.10.2/transforms/81e4360543fbb01d4f7fb470fa49803d/transformed/ideaIU-2025.3/plugins/textmate-plugin/lib/textmate-plugin.jar:/home/ubuntu/.gradle/caches/8.10.2/transforms/81e4360543fbb01d4f7fb470fa49803d/transformed/ideaIU-2025.3/plugins/textmate-plugin/lib/modules/intellij.textmate.joni.jar:/home/ubuntu/.gradle/caches/8.10.2/transforms/81e4360543fbb01d4f7fb470fa49803d/transformed/ideaIU-2025.3/plugins/textmate-plugin/lib/modules/intellij.textmate.core.jar:/home/ubuntu/.gradle/caches/8.10.2/transforms/81e4360543fbb01d4f7fb470fa49803d/transformed/ideaIU-2025.3/plugins/textmate-plugin/lib/modules/intellij.textmate.backend.jar:/home/ubuntu/.gradle/caches/8.10.2/transforms/81e4360543fbb01d4f7fb470fa49803d/transformed/ideaIU-2025.3/plugins/textmate-plugin/lib/modules/intellij.textmate.jar:/home/ubuntu/.gradle/caches/8.10.2/transforms/81e4360543fbb01d4f7fb470fa49803d/transformed/ideaIU-2025.3/plugins/textmate-plugin/lib/modules/intellij.textmate.common.jar:/home/ubuntu/.gradle/caches/8.10.2/transforms/81e4360543fbb01d4f7fb470fa49803d/transformed/ideaIU-2025.3/plugins/textmate-plugin/lib/modules/intellij.textmate.frontend.split.jar:/home/ubuntu/.gradle/caches/8.10.2/transforms/81e4360543fbb01d4f7fb470fa49803d/transformed/ideaIU-2025.3/plugins/vuejs-plugin/lib/vuejs-plugin.jar:/home/ubuntu/.gradle/caches/8.10.2/transforms/81e4360543fbb01d4f7fb470fa49803d/transformed/ideaIU-2025.3/plugins/vuejs-plugin/lib/modules/intellij.vuejs.debugger.jar:/home/ubuntu/.gradle/caches/8.10.2/transforms/81e4360543fbb01d4f7fb470fa49803d/transformed/ideaIU-2025.3/plugins/vuejs-plugin/lib/modules/intellij.vuejs.markdown.jar:/home/ubuntu/.gradle/caches/8.10.2/transforms/81e4360543fbb01d4f7fb470fa49803d/transformed/ideaIU-2025.3/plugins/vuejs-plugin/lib/modules/intellij.vuejs.prettier.jar:/home/ubuntu/.gradle/caches/8.10.2/transforms/81e4360543fbb01d4f7fb470fa49803d/transformed/ideaIU-2025.3/plugins/vuejs-plugin/lib/modules/intellij.vuejs.backend.jar:/home/ubuntu/.gradle/caches/8.10.2/transforms/81e4360543fbb01d4f7fb470fa49803d/transformed/ideaIU-2025.3/plugins/vuejs-plugin/lib/modules/intellij.vuejs.copyright.jar:/home/ubuntu/.gradle/caches/8.10.2/transforms/81e4360543fbb01d4f7fb470fa49803d/transformed/ideaIU-2025.3/plugins/vuejs-plugin/lib/modules/intellij.vuejs.common.jar:/home/ubuntu/.gradle/caches/8.10.2/transforms/81e4360543fbb01d4f7fb470fa49803d/transformed/ideaIU-2025.3/plugins/yaml/lib/yaml.jar:/home/ubuntu/.gradle/caches/8.10.2/transforms/81e4360543fbb01d4f7fb470fa49803d/transformed/ideaIU-2025.3/plugins/yaml/lib/modules/intellij.yaml.frontend.split.jar:/home/ubuntu/.gradle/caches/8.10.2/transforms/81e4360543fbb01d4f7fb470fa49803d/transformed/ideaIU-2025.3/plugins/yaml/lib/modules/intellij.yaml.helm.jar:/home/ubuntu/.gradle/caches/8.10.2/transforms/81e4360543fbb01d4f7fb470fa49803d/transformed/ideaIU-2025.3/plugins/yaml/lib/modules/intellij.yaml.backend.jar:/home/ubuntu/.gradle/caches/8.10.2/transforms/81e4360543fbb01d4f7fb470fa49803d/transformed/ideaIU-2025.3/plugins/packageChecker/lib/packageChecker.jar:/home/ubuntu/.gradle/caches/8.10.2/transforms/81e4360543fbb01d4f7fb470fa49803d/transformed/ideaIU-2025.3/plugins/toml/lib/toml.jar:/home/ubuntu/.gradle/caches/8.10.2/transforms/81e4360543fbb01d4f7fb470fa49803d/transformed/ideaIU-2025.3/plugins/toml/lib/modules/intellij.toml.frontend.jar:/home/ubuntu/.gradle/caches/8.10.2/transforms/81e4360543fbb01d4f7fb470fa49803d/transformed/ideaIU-2025.3/plugins/toml/lib/modules/intellij.toml.backend.jar:/home/ubuntu/.gradle/caches/8.10.2/transforms/81e4360543fbb01d4f7fb470fa49803d/transformed/ideaIU-2025.3/plugins/toml/lib/modules/intellij.toml.frontend.split.jar:/home/ubuntu/.gradle/caches/8.10.2/transforms/81e4360543fbb01d4f7fb470fa49803d/transformed/ideaIU-2025.3/plugins/grazie/lib/org.jetbrains.intellij.deps.languagetool-languagetool-core.jar:/home/ubuntu/.gradle/caches/8.10.2/transforms/81e4360543fbb01d4f7fb470fa49803d/transformed/ideaIU-2025.3/plugins/grazie/lib/ai.grazie.model.tree.jvm.jar:/home/ubuntu/.gradle/caches/8.10.2/transforms/81e4360543fbb01d4f7fb470fa49803d/transformed/ideaIU-2025.3/plugins/grazie/lib/net.loomchild-segment.jar:/home/ubuntu/.gradle/caches/8.10.2/transforms/81e4360543fbb01d4f7fb470fa49803d/transformed/ideaIU-2025.3/plugins/grazie/lib/ai.grazie.model.ner.jvm.jar:/home/ubuntu/.gradle/caches/8.10.2/transforms/81e4360543fbb01d4f7fb470fa49803d/transformed/ideaIU-2025.3/plugins/grazie/lib/com.carrotsearch-hppc.jar:/home/ubuntu/.gradle/caches/8.10.2/transforms/81e4360543fbb01d4f7fb470fa49803d/transformed/ideaIU-2025.3/plugins/grazie/lib/tech.uom.lib-uom-lib-common.jar:/home/ubuntu/.gradle/caches/8.10.2/transforms/81e4360543fbb01d4f7fb470fa49803d/transformed/ideaIU-2025.3/plugins/grazie/lib/ai.grazie.tasks.library.api.jvm.jar:/home/ubuntu/.gradle/caches/8.10.2/transforms/81e4360543fbb01d4f7fb470fa49803d/transformed/ideaIU-2025.3/plugins/grazie/lib/org.carrot2-morfologik-fsa-builders.jar:/home/ubuntu/.gradle/caches/8.10.2/transforms/81e4360543fbb01d4f7fb470fa49803d/transformed/ideaIU-2025.3/plugins/grazie/lib/javax.measure-unit-api.jar:/home/ubuntu/.gradle/caches/8.10.2/transforms/81e4360543fbb01d4f7fb470fa49803d/transformed/ideaIU-2025.3/plugins/grazie/lib/org.carrot2-morfologik-fsa.jar:/home/ubuntu/.gradle/caches/8.10.2/transforms/81e4360543fbb01d4f7fb470fa49803d/transformed/ideaIU-2025.3/plugins/grazie/lib/ai.grazie.tasks.library.model.jvm.jar:/home/ubuntu/.gradle/caches/8.10.2/transforms/81e4360543fbb01d4f7fb470fa49803d/transformed/ideaIU-2025.3/plugins/grazie/lib/org.carrot2-morfologik-stemming.jar:/home/ubuntu/.gradle/caches/8.10.2/transforms/81e4360543fbb01d4f7fb470fa49803d/transformed/ideaIU-2025.3/plugins/grazie/lib/com.hankcs-aho-corasick-double-array-trie.jar:/home/ubuntu/.gradle/caches/8.10.2/transforms/81e4360543fbb01d4f7fb470fa49803d/transformed/ideaIU-2025.3/plugins/grazie/lib/tech.units-indriya.jar:/home/ubuntu/.gradle/caches/8.10.2/transforms/81e4360543fbb01d4f7fb470fa49803d/transformed/ideaIU-2025.3/plugins/grazie/lib/ai.grazie.client.ktor.jvm.jar:/home/ubuntu/.gradle/caches/8.10.2/transforms/81e4360543fbb01d4f7fb470fa49803d/transformed/ideaIU-2025.3/plugins/grazie/lib/org.json-json.jar:/home/ubuntu/.gradle/caches/8.10.2/transforms/81e4360543fbb01d4f7fb470fa49803d/transformed/ideaIU-2025.3/plugins/grazie/lib/ai.grazie.rule.engine.jar:/home/ubuntu/.gradle/caches/8.10.2/transforms/81e4360543fbb01d4f7fb470fa49803d/transformed/ideaIU-2025.3/plugins/grazie/lib/com.vdurmont-emoji-java.jar:/home/ubuntu/.gradle/caches/8.10.2/transforms/81e4360543fbb01d4f7fb470fa49803d/transformed/ideaIU-2025.3/plugins/grazie/lib/ai.grazie.api.gateway.client.jvm.jar:/home/ubuntu/.gradle/caches/8.10.2/transforms/81e4360543fbb01d4f7fb470fa49803d/transformed/ideaIU-2025.3/plugins/grazie/lib/org.jetbrains.intellij.deps.languagetool-language-en.jar:/home/ubuntu/.gradle/caches/8.10.2/transforms/81e4360543fbb01d4f7fb470fa49803d/transformed/ideaIU-2025.3/plugins/grazie/lib/grazie.jar:/home/ubuntu/.gradle/caches/8.10.2/transforms/81e4360543fbb01d4f7fb470fa49803d/transformed/ideaIU-2025.3/plugins/grazie/lib/grazie-frontend.jar:/home/ubuntu/.gradle/caches/8.10.2/transforms/81e4360543fbb01d4f7fb470fa49803d/transformed/ideaIU-2025.3/plugins/grazie/lib/org.carrot2-morfologik-speller.jar:/home/ubuntu/.gradle/caches/8.10.2/transforms/81e4360543fbb01d4f7fb470fa49803d/transformed/ideaIU-2025.3/plugins/featuresTrainer/lib/assertj-swing.jar:/home/ubuntu/.gradle/caches/8.10.2/transforms/81e4360543fbb01d4f7fb470fa49803d/transformed/ideaIU-2025.3/plugins/featuresTrainer/lib/git-learning-project.jar:/home/ubuntu/.gradle/caches/8.10.2/transforms/81e4360543fbb01d4f7fb470fa49803d/transformed/ideaIU-2025.3/plugins/featuresTrainer/lib/assertj.jar:/home/ubuntu/.gradle/caches/8.10.2/transforms/81e4360543fbb01d4f7fb470fa49803d/transformed/ideaIU-2025.3/plugins/featuresTrainer/lib/featuresTrainer.jar:/home/ubuntu/.gradle/caches/8.10.2/transforms/81e4360543fbb01d4f7fb470fa49803d/transformed/ideaIU-2025.3/plugins/tslint/lib/tslint.jar
Launcher Type: SUN_STANDARD

[Global flags]
     intx CICompilerCount                          = 2                                         {product} {command line}
     uint ConcGCThreads                            = 2                                         {product} {ergonomic}
     uint G1ConcRefinementThreads                  = 8                                         {product} {ergonomic}
   size_t G1HeapRegionSize                         = 1048576                                   {product} {ergonomic}
    uintx GCDrainStackTargetSize                   = 64                                        {product} {ergonomic}
     bool HeapDumpOnOutOfMemoryError               = true                                   {manageable} {command line}
     bool IgnoreUnrecognizedVMOptions              = true                                      {product} {command line}
   size_t InitialHeapSize                          = 134217728                                 {product} {command line}
    uintx JbrShrinkingGcMaxHeapFreeRatio           = 40                                     {manageable} {command line}
   size_t MarkStackSize                            = 4194304                                   {product} {ergonomic}
   size_t MaxHeapSize                              = 2147483648                                {product} {command line}
   size_t MaxNewSize                               = 1287651328                                {product} {ergonomic}
   size_t MinHeapDeltaBytes                        = 1048576                                   {product} {ergonomic}
   size_t MinHeapSize                              = 134217728                                 {product} {command line}
    uintx NonNMethodCodeHeapSize                   = 5826188                                {pd product} {ergonomic}
    uintx NonProfiledCodeHeapSize                  = 265522362                              {pd product} {ergonomic}
     bool OmitStackTraceInFastThrow                = false                                     {product} {command line}
    uintx ProfiledCodeHeapSize                     = 265522362                              {pd product} {ergonomic}
    uintx ReservedCodeCacheSize                    = 536870912                              {pd product} {command line}
     bool SegmentedCodeCache                       = true                                      {product} {ergonomic}
   size_t SoftMaxHeapSize                          = 2147483648                             {manageable} {ergonomic}
     bool THPStackMitigation                       = false                                  {diagnostic} {ergonomic}
     intx TieredOldPercentage                      = 100000                                 {diagnostic} {command line}
     bool UnlockDiagnosticVMOptions                = true                                   {diagnostic} {command line}
     bool UseCompressedOops                        = true                           {product lp64_product} {ergonomic}
     bool UseG1GC                                  = true                                      {product} {ergonomic}

Logging:
Log output configuration:
 #0: stdout all=warning uptime,level,tags foldmultilines=false
 #1: stderr all=off uptime,level,tags foldmultilines=false

Environment Variables:
PATH=/opt/.devin/package/custom_binaries:/home/ubuntu/swift624/usr/bin:/home/ubuntu/repos/index-futures-stat-arb/.venv/bin:/home/ubuntu/.pixi/bin:/home/ubuntu/.local/bin:/opt/.devin/package/custom_binaries:/home/ubuntu/.local/bin:/home/linuxbrew/.linuxbrew/bin:/home/linuxbrew/.linuxbrew/sbin:/home/ubuntu/.cargo/bin:/home/ubuntu/.pyenv/shims:/home/ubuntu/.pyenv/bin:/home/ubuntu/.nvm/versions/node/v24.19.0/bin:/usr/local/sbin:/usr/local/bin:/usr/sbin:/usr/bin:/sbin:/bin:/usr/games:/usr/local/games:/snap/bin
SHELL=/bin/bash
DISPLAY=:0
LANG=C.UTF-8

Active Locale:
LC_ALL=C.UTF-8
LC_COLLATE=C.UTF-8
LC_CTYPE=C.UTF-8
LC_MESSAGES=C.UTF-8
LC_MONETARY=C.UTF-8
LC_NUMERIC=C.UTF-8
LC_TIME=C.UTF-8

Signal Handlers:
   SIGSEGV: crash_handler in libjvm.so, mask=11100100010111111101111111111110, flags=SA_RESTART|SA_SIGINFO, unblocked
    SIGBUS: crash_handler in libjvm.so, mask=11100100010111111101111111111110, flags=SA_RESTART|SA_SIGINFO, unblocked
    SIGFPE: crash_handler in libjvm.so, mask=11100100010111111101111111111110, flags=SA_RESTART|SA_SIGINFO, unblocked
   SIGPIPE: javaSignalHandler in libjvm.so, mask=11100100010111111101111111111110, flags=SA_RESTART|SA_SIGINFO, blocked
   SIGXFSZ: javaSignalHandler in libjvm.so, mask=11100100010111111101111111111110, flags=SA_RESTART|SA_SIGINFO, blocked
    SIGILL: crash_handler in libjvm.so, mask=11100100010111111101111111111110, flags=SA_RESTART|SA_SIGINFO, unblocked
   SIGUSR2: SR_handler in libjvm.so, mask=00100000000000000000000000000000, flags=SA_RESTART|SA_SIGINFO, blocked
    SIGHUP: UserHandler in libjvm.so, mask=11100100010111111101111111111110, flags=SA_RESTART|SA_SIGINFO, blocked
    SIGINT: UserHandler in libjvm.so, mask=11100100010111111101111111111110, flags=SA_RESTART|SA_SIGINFO, blocked
   SIGTERM: UserHandler in libjvm.so, mask=11100100010111111101111111111110, flags=SA_RESTART|SA_SIGINFO, blocked
   SIGQUIT: UserHandler in libjvm.so, mask=11100100010111111101111111111110, flags=SA_RESTART|SA_SIGINFO, blocked
   SIGTRAP: crash_handler in libjvm.so, mask=11100100010111111101111111111110, flags=SA_RESTART|SA_SIGINFO, unblocked


Periodic native trim disabled

JNI global refs:
JNI global refs: 8, weak refs: 0

JNI global refs memory usage: 859, weak refs: 857

Process memory usage:
Resident Set Size: 322532K (0% of 32865196K total physical memory with 27057612K free physical memory)

OOME stack traces (most recent first):
Classloader memory used:
Loader bootstrap                                                                       : 956K
Loader jdk.internal.loader.ClassLoaders$AppClassLoader                                 : 404K

---------------  S Y S T E M  ---------------

OS:
DISTRIB_ID=Ubuntu
DISTRIB_RELEASE=22.04
DISTRIB_CODENAME=jammy
DISTRIB_DESCRIPTION="Ubuntu 22.04.5 LTS"
uname: Linux 6.8.0-1061-aws #64~22.04.1-Ubuntu SMP Thu Jul 16 14:38:59 UTC 2026 x86_64
OS uptime: 0 days 2:53 hours
libc: glibc 2.35 NPTL 2.35 
rlimit (soft/hard): STACK 8192k/infinity , CORE 0k/infinity , NPROC 128106/128106 , NOFILE 524288/524288 , AS infinity/infinity , CPU infinity/infinity , DATA infinity/infinity , FSIZE infinity/infinity , MEMLOCK 8192k/8192k
load average: 1.33 0.47 0.25

/proc/meminfo:
MemTotal:       32865196 kB
MemFree:         7258048 kB
MemAvailable:   27057612 kB
Buffers:          362464 kB
Cached:         19152108 kB
SwapCached:            0 kB
Active:          6093680 kB
Inactive:       18323400 kB
Active(anon):    4958352 kB
Inactive(anon):        0 kB
Active(file):    1135328 kB
Inactive(file): 18323400 kB
Unevictable:       27656 kB
Mlocked:           27656 kB
SwapTotal:             0 kB
SwapFree:              0 kB
Zswap:                 0 kB
Zswapped:              0 kB
Dirty:              1352 kB
Writeback:             0 kB
AnonPages:       4930420 kB
Mapped:           904044 kB
Shmem:             46780 kB
KReclaimable:     806080 kB
Slab:             991876 kB
SReclaimable:     806080 kB
SUnreclaim:       185796 kB
KernelStack:       12608 kB
PageTables:        31588 kB
SecPageTables:         0 kB
NFS_Unstable:          0 kB
Bounce:                0 kB
WritebackTmp:          0 kB
CommitLimit:    16432596 kB
Committed_AS:    9439124 kB
VmallocTotal:   13743895347199 kB
VmallocUsed:       28936 kB
VmallocChunk:          0 kB
Percpu:            20032 kB
HardwareCorrupted:     0 kB
AnonHugePages:         0 kB
ShmemHugePages:        0 kB
ShmemPmdMapped:        0 kB
FileHugePages:         0 kB
FilePmdMapped:         0 kB
Unaccepted:            0 kB
HugePages_Total:       0
HugePages_Free:        0
HugePages_Rsvd:        0
HugePages_Surp:        0
Hugepagesize:       2048 kB
Hugetlb:               0 kB
DirectMap4k:      144872 kB
DirectMap2M:     3000320 kB
DirectMap1G:    32505856 kB

/sys/kernel/mm/transparent_hugepage/enabled: always [madvise] never
/sys/kernel/mm/transparent_hugepage/hpage_pmd_size: 2097152
/sys/kernel/mm/transparent_hugepage/defrag (defrag/compaction efforts parameter): always defer defer+madvise [madvise] never

Process Memory:
Virtual Size: 8137864K (peak: 8200556K)
Resident Set Size: 322568K (peak: 322568K) (anon: 234024K, file: 88544K, shmem: 0K)
Swapped out: 0K
C-Heap outstanding allocations: 33701K, retained: 2698K
glibc malloc tunables: (default)

/proc/sys/kernel/threads-max (system-wide limit on the number of threads): 256213
/proc/sys/vm/max_map_count (maximum number of memory map areas a process may have): 65530
/proc/sys/vm/swappiness (control to define how aggressively the kernel swaps out anonymous memory): 60
/proc/sys/kernel/pid_max (system-wide limit on number of process identifiers): 4194304

container (cgroup) information:
container_type: cgroupv2
cpu_cpuset_cpus: not supported
cpu_memory_nodes: not supported
active_processor_count: 8
cpu_quota: no quota
cpu_period: 100000
cpu_shares: no shares
memory_limit_in_bytes: unlimited
memory_and_swap_limit_in_bytes: unlimited
memory_soft_limit_in_bytes: 0
memory_usage_in_bytes: 23500420 k
memory_max_usage_in_bytes: not supported
memory_swap_current_in_bytes: 0
memory_swap_max_limit_in_bytes: unlimited
maximum number of tasks: 38431
current number of tasks: 517

KVM virtualization detected
Steal ticks since vm start: 1
Steal ticks percentage since vm start:  0.004

CPU: total 8 (initial active 8) (8 cores per cpu, 1 threads per core) family 6 model 207 stepping 2 microcode 0x1, cx8, cmov, fxsr, mmx, 3dnowpref, sse, sse2, sse3, ssse3, sse4.1, sse4.2, popcnt, lzcnt, tsc, tscinvbit, avx, avx2, aes, erms, clmul, bmi1, bmi2, adx, avx512f, avx512dq, avx512cd, avx512bw, avx512vl, sha, fma, vzeroupper, avx512_vpopcntdq, avx512_vpclmulqdq, avx512_vaes, avx512_vnni, clflush, clflushopt, clwb, avx512_vbmi2, avx512_vbmi, hv, serialize, rdtscp, rdpid, fsrm, gfni, avx512_bitalg, f16c, pku, ospke, cet_ibt, cet_ss, avx512_ifma
CPU Model and flags from /proc/cpuinfo:
model name	: INTEL(R) XEON(R) PLATINUM 8559C
flags		: fpu vme de pse tsc msr pae mce cx8 apic sep mtrr pge mca cmov pat pse36 clflush dts mmx fxsr sse sse2 ss ht syscall nx pdpe1gb rdtscp lm constant_tsc arch_perfmon pebs bts rep_good nopl xtopology nonstop_tsc cpuid tsc_known_freq pni pclmulqdq dtes64 vmx ssse3 fma cx16 pdcm pcid sse4_1 sse4_2 x2apic movbe popcnt tsc_deadline_timer aes xsave avx f16c rdrand hypervisor lahf_lm abm 3dnowprefetch cpuid_fault ssbd ibrs ibpb stibp ibrs_enhanced tpr_shadow flexpriority ept vpid ept_ad fsgsbase tsc_adjust bmi1 avx2 smep bmi2 erms invpcid avx512f avx512dq rdseed adx smap avx512ifma clflushopt clwb avx512cd sha_ni avx512bw avx512vl xsaveopt xsavec xgetbv1 xsaves user_shstk avx_vnni avx512_bf16 wbnoinvd arat vnmi avx512vbmi umip pku ospke waitpkg avx512_vbmi2 gfni vaes vpclmulqdq avx512_vnni avx512_bitalg avx512_vpopcntdq la57 rdpid bus_lock_detect cldemote movdiri movdir64b fsrm md_clear serialize tsxldtrk ibt avx512_fp16 flush_l1d arch_capabilities

Online cpus: 0-7
Offline cpus: 
BIOS frequency limitation: <Not Available>
Frequency switch latency (ns): <Not Available>
Available cpu frequencies: <Not Available>
Current governor: <Not Available>
Core performance/turbo boost: <Not Available>

Memory: 4k page, physical 32865196k(27057612k free), swap 0k(0k free)
Page Sizes: 4k

vm_info: OpenJDK 64-Bit Server VM (21.0.8+9-b1163.69) for linux-amd64 JRE (21.0.8+9-b1163.69), built on 2025-10-24 by "builduser" with gcc 10.3.1 20210422 (Red Hat 10.3.1-1.2.0.1)

END.
