#
# A fatal error has been detected by the Java Runtime Environment:
#
#  SIGABRT (0x6) at pc=0x0000763a156969bc (sent by kill), pid=60617, tid=60619
#
# JRE version: OpenJDK Runtime Environment JBR-21.0.8+9-1163.69-jcef (21.0.8+9) (build 21.0.8+9-b1163.69)
# Java VM: OpenJDK 64-Bit Server VM JBR-21.0.8+9-1163.69-jcef (21.0.8+9-b1163.69, mixed mode, sharing, tiered, compressed oops, compressed class ptrs, g1 gc, linux-amd64)
# Problematic frame:
# C  [libc.so.6+0x969bc]  pthread_kill+0x12c
#
# Core dump will be written. Default location: Core dumps may be processed with "/usr/share/apport/apport -p%p -s%s -c%c -d%d -P%P -u%u -g%g -F%F -- %E" (or dumping to /home/ubuntu/repos/minecraft-lua-map-maker/ide-plugin/core.60617)
#
# If you would like to submit a bug report, please visit:
#   https://youtrack.jetbrains.com/issues/JBR
#

---------------  S U M M A R Y ------------

Command Line: -Daether.connector.resumeDownloads=false -Dawt.lock.fair=true -Dcompose.swing.render.on.graphics=true -Didea.classpath.index.enabled=false -Didea.config.path=/home/ubuntu/repos/minecraft-lua-map-maker/ide-plugin/build/idea-sandbox/IU-2025.3/config-test -Didea.force.use.core.classloader=true -Didea.log.path=/home/ubuntu/repos/minecraft-lua-map-maker/ide-plugin/build/idea-sandbox/IU-2025.3/log-test -Didea.paths.selector=IntelliJIdea2025.3 -Didea.plugins.path=/home/ubuntu/repos/minecraft-lua-map-maker/ide-plugin/build/idea-sandbox/IU-2025.3/plugins-test -Didea.system.path=/home/ubuntu/repos/minecraft-lua-map-maker/ide-plugin/build/idea-sandbox/IU-2025.3/system-test -Didea.use.core.classloader.for.plugin.path=true -Didea.vendor.name=JetBrains -Dintellij.platform.runtime.repository.path=/home/ubuntu/.gradle/caches/8.10.2/transforms/81e4360543fbb01d4f7fb470fa49803d/transformed/ideaIU-2025.3/modules/module-descriptors.dat -Dintellij.testFramework.rethrow.logged.errors=true -Dio.netty.allocator.type=pooled -Djava.nio.file.spi.DefaultFileSystemProvider=com.intellij.platform.core.nio.fs.MultiRoutingFileSystemProvider -Djava.system.class.loader=com.intellij.util.lang.PathClassLoader -Djava.util.zip.use.nio.for.zip.file.access=true -Djbr.catch.SIGABRT=true -Djdk.attach.allowAttachSelf=true -Djdk.http.auth.tunneling.disabledSchemes="" -Djdk.module.illegalAccess.silent=true -Djdk.nio.maxCachedBufferSize=2097152 -Djna.boot.library.path=/home/ubuntu/.gradle/caches/8.10.2/transforms/81e4360543fbb01d4f7fb470fa49803d/transformed/ideaIU-2025.3/lib/jna/amd64 -Djna.noclasspath=true -Djna.nosys=true -Dorg.gradle.internal.worker.tmpdir=/home/ubuntu/repos/minecraft-lua-map-maker/ide-plugin/build/tmp/test/work -Dplugin.path=/home/ubuntu/repos/minecraft-lua-map-maker/ide-plugin/build/idea-sandbox/IU-2025.3/plugins-test/luamap-idea-plugin -Dpty4j.preferred.native.folder=/home/ubuntu/.gradle/caches/8.10.2/transforms/81e4360543fbb01d4f7fb470fa49803d/transformed/ideaIU-2025.3/lib/pty4j -Dsplash=true -Dsun.io.useCanonCaches=false -Dsun.java2d.metal=true -Dsun.tools.attach.tmp.only=true -XX:JbrShrinkingGcMaxHeapFreeRatio=40 -XX:ReservedCodeCacheSize=512m -XX:+HeapDumpOnOutOfMemoryError -XX:-OmitStackTraceInFastThrow -XX:CICompilerCount=2 -XX:+IgnoreUnrecognizedVMOptions -XX:+UnlockDiagnosticVMOptions -XX:TieredOldPercentage=100000 -javaagent:/home/ubuntu/repos/minecraft-lua-map-maker/ide-plugin/build/coroutines-javaagent.jar -Xbootclasspath/a:/home/ubuntu/.gradle/caches/8.10.2/transforms/81e4360543fbb01d4f7fb470fa49803d/transformed/ideaIU-2025.3/lib/nio-fs.jar --add-opens=java.base/java.io=ALL-UNNAMED --add-opens=java.base/java.lang=ALL-UNNAMED --add-opens=java.base/java.lang.ref=ALL-UNNAMED --add-opens=java.base/java.lang.reflect=ALL-UNNAMED --add-opens=java.base/java.net=ALL-UNNAMED --add-opens=java.base/java.nio=ALL-UNNAMED --add-opens=java.base/java.nio.charset=ALL-UNNAMED --add-opens=java.base/java.text=ALL-UNNAMED --add-opens=java.base/java.time=ALL-UNNAMED --add-opens=java.base/java.util=ALL-UNNAMED --add-opens=java.base/java.util.concurrent=ALL-UNNAMED --add-opens=java.base/java.util.concurrent.atomic=ALL-UNNAMED --add-opens=java.base/java.util.concurrent.locks=ALL-UNNAMED --add-opens=java.base/jdk.internal.ref=ALL-UNNAMED --add-opens=java.base/jdk.internal.vm=ALL-UNNAMED --add-opens=java.base/sun.net.dns=ALL-UNNAMED --add-opens=java.base/sun.nio=ALL-UNNAMED --add-opens=java.base/sun.nio.ch=ALL-UNNAMED --add-opens=java.base/sun.nio.fs=ALL-UNNAMED --add-opens=java.base/sun.security.ssl=ALL-UNNAMED --add-opens=java.base/sun.security.util=ALL-UNNAMED --add-opens=java.desktop/com.sun.java.swing=ALL-UNNAMED --add-opens=java.desktop/com.sun.java.swing.plaf.gtk=ALL-UNNAMED --add-opens=java.desktop/java.awt=ALL-UNNAMED --add-opens=java.desktop/java.awt.dnd.peer=ALL-UNNAMED --add-opens=java.desktop/java.awt.event=ALL-UNNAMED --add-opens=java.desktop/java.awt.font=ALL-UNNAMED --add-opens=java.desktop/java.awt.image=ALL-UNNAMED --add-opens=java.desktop/java.awt.peer=ALL-UNNAMED --add-opens=java.desktop/javax.swing=ALL-UNNAMED --add-opens=java.desktop/javax.swing.plaf.basic=ALL-UNNAMED --add-opens=java.desktop/javax.swing.text=ALL-UNNAMED --add-opens=java.desktop/javax.swing.text.html=ALL-UNNAMED --add-opens=java.desktop/javax.swing.text.html.parser=ALL-UNNAMED --add-opens=java.desktop/sun.awt=ALL-UNNAMED --add-opens=java.desktop/sun.awt.X11=ALL-UNNAMED --add-opens=java.desktop/sun.awt.datatransfer=ALL-UNNAMED --add-opens=java.desktop/sun.awt.image=ALL-UNNAMED --add-opens=java.desktop/sun.font=ALL-UNNAMED --add-opens=java.desktop/sun.java2d=ALL-UNNAMED --add-opens=java.desktop/sun.swing=ALL-UNNAMED --add-opens=java.management/sun.management=ALL-UNNAMED --add-opens=jdk.attach/sun.tools.attach=ALL-UNNAMED --add-opens=jdk.compiler/com.sun.tools.javac.api=ALL-UNNAMED --add-opens=jdk.internal.jvmstat/sun.jvmstat.monitor=ALL-UNNAMED --add-opens=jdk.jdi/com.sun.tools.jdi=ALL-UNNAMED -Xms128m -Xmx2048m -Dfile.encoding=UTF-8 -Duser.country -Duser.language=en -Duser.variant -ea -Dawt.toolkit.name=XToolkit worker.org.gradle.process.internal.worker.GradleWorkerMain 'Gradle Test Executor 44'

Host: INTEL(R) XEON(R) PLATINUM 8559C, 8 cores, 31G, Ubuntu 22.04.5 LTS
Time: Fri Sep 18 16:50:56 2026 UTC elapsed time: 0.328242 seconds (0d 0h 0m 0s)

---------------  T H R E A D  ---------------

Current thread (0x0000763a0c0378a0):  JavaThread "main"             [_thread_in_vm, id=60619, stack(0x0000763a13e19000,0x0000763a13f19000) (1024K)]

Stack: [0x0000763a13e19000,0x0000763a13f19000],  sp=0x0000763a13f177f0,  free space=1017k
Native frames: (J=compiled Java code, j=interpreted, Vv=VM code, C=native code)
C  [libc.so.6+0x969bc]  pthread_kill+0x12c

siginfo: si_signo: 6 (SIGABRT), si_code: -6 (SI_TKILL), si_pid: 60617 (current process), si_uid: 1000

Registers:
RAX=0x0000000000000000, RBX=0x0000763a13f18640, RCX=0x0000763a156969bc, RDX=0x0000000000000006
RSP=0x0000763a13f177f0, RBP=0x000000000000eccb, RSI=0x000000000000eccb, RDI=0x000000000000ecc9
R8 =0x0000763a13f178c0, R9 =0x0000000000000000, R10=0x0000000000000008, R11=0x0000000000000246
R12=0x0000000000000006, R13=0x0000000000000016, R14=0x0000763a13f17ad8, R15=0x0000000000000000
RIP=0x0000763a156969bc, EFLAGS=0x0000000000000246, CSGSFS=0x002b000000000033, ERR=0x0000000000000004
  TRAPNO=0x000000000000000e

XMM[0]=0x0000763a0c037fb0 0x0000763a0c037fa0
XMM[1]=0x0000000000000000 0x0000000000000000
XMM[2]=0x0000000000000000 0x0000000000000002
XMM[3]=0x0000763a13f16650 0x0000763a13f16650
XMM[4]=0x0000000000000000 0x0000763a13f16667
XMM[5]=0x0000000000000000 0x0000763a0c000090
XMM[6]=0x0000000000000000 0x0000763a0c0378a0
XMM[7]=0x0000000000000000 0x0000000000000000
XMM[8]=0xff00000000000000 0x0000000000000000
XMM[9]=0x6161616161616161 0x6161616161616161
XMM[10]=0x6112150f040c040d 0x2404020013350a02
XMM[11]=0x0000000000000000 0x0000000174359406
XMM[12]=0x0000000000000000 0x0000000000000000
XMM[13]=0x0000000000000000 0x0000000000000000
XMM[14]=0x0000000000000000 0x0000000000000000
XMM[15]=0x0000000000000000 0x0000000000000000
  MXCSR=0x00001fa2


Register to memory mapping:

RAX=0x0 is null
RBX=0x0000763a13f18640 is pointing into the stack for thread: 0x0000763a0c0378a0
RCX=0x0000763a156969bc: pthread_kill+0x000000000000012c in /lib/x86_64-linux-gnu/libc.so.6 at 0x0000763a15600000
RDX=0x0000000000000006 is an unknown value
RSP=0x0000763a13f177f0 is pointing into the stack for thread: 0x0000763a0c0378a0
RBP=0x000000000000eccb is an unknown value
RSI=0x000000000000eccb is an unknown value
RDI=0x000000000000ecc9 is an unknown value
R8 =0x0000763a13f178c0 is pointing into the stack for thread: 0x0000763a0c0378a0
R9 =0x0 is null
R10=0x0000000000000008 is an unknown value
R11=0x0000000000000246 is an unknown value
R12=0x0000000000000006 is an unknown value
R13=0x0000000000000016 is an unknown value
R14=0x0000763a13f17ad8 is pointing into the stack for thread: 0x0000763a0c0378a0
R15=0x0 is null

Top of Stack: (sp=0x0000763a13f177f0)
0x0000763a13f177f0:   0000000000000000 0000000000000000
0x0000763a13f17800:   0000000000000000 0000763a13f17e50
0x0000763a13f17810:   0000763a13f17e50 0000763a1500ac88
0x0000763a13f17820:   000076398e00dd60 0000763a13f1788c
0x0000763a13f17830:   0000763a13f17890 000000640100e0d0
0x0000763a13f17840:   0000000000000000 0000000000000000
0x0000763a13f17850:   0000000000000000 0000000000000000
0x0000763a13f17860:   0000000000000002 0000000000000000
0x0000763a13f17870:   0000000000000000 7fd50299887e6600
0x0000763a13f17880:   0000763a13f18640 0000000000000006
0x0000763a13f17890:   0000763a0c0378a0 0000763a1592d758
0x0000763a13f178a0:   0000763a13f17ad8 0000763a15642476
0x0000763a13f178b0:   0000763a1581be90 0000763a156287f3
0x0000763a13f178c0:   0000000000000020 0000763a14f8644b
0x0000763a13f178d0:   0000763a13f17940 0000763a14447d04
0x0000763a13f178e0:   0000763a0c000b70 000000011517f480
0x0000763a13f178f0:   0000763a13f17ad8 0000000000000000
0x0000763a13f17900:   0000763a13f17a20 0000763a14d06d5d
0x0000763a13f17910:   0000763a0c037fa0 7fd50299887e6600
0x0000763a13f17920:   0000763a13f18640 ffffffffffffff80
0x0000763a13f17930:   0000000000000002 7fd50299887e6600
0x0000763a13f17940:   0000763a158772f0 ffffffffffffff80
0x0000763a13f17950:   0000000000000002 0000763a0c018980
0x0000763a13f17960:   0000763a158772f0 0000763a13f17ad8
0x0000763a13f17970:   0000000000000000 0000763a156a5413
0x0000763a13f17980:   0000763a13f179a0 0000763a15876716
0x0000763a13f17990:   0000763a0c0378a0 0000763a14623830
0x0000763a13f179a0:   0000763a13f179c0 0000763a1587698d
0x0000763a13f179b0:   0000763a0c0378a0 0000763a0c0378a0
0x0000763a13f179c0:   0000763a13f179f0 0000763a14624137
0x0000763a13f179d0:   0000000000000001 7fd50299887e6600
0x0000763a13f179e0:   0000000000000001 0000000000000001 

Instructions: (pc=0x0000763a156969bc)
0x0000763a156968bc:   00 31 c0 83 fa 01 76 7e 48 89 fb 41 89 f4 64 48
0x0000763a156968cc:   3b 3c 25 10 00 00 00 0f 84 c7 00 00 00 49 89 e6
0x0000763a156968dc:   41 ba 08 00 00 00 31 ff b8 0e 00 00 00 4c 89 f2
0x0000763a156968ec:   48 8d 35 6d c1 13 00 0f 05 31 c0 48 8d ab 74 09
0x0000763a156968fc:   00 00 ba 01 00 00 00 f0 0f b1 55 00 0f 85 ca 00
0x0000763a1569690c:   00 00 80 bb 73 09 00 00 00 74 59 45 31 ed 31 d2
0x0000763a1569691c:   87 93 74 09 00 00 83 fa 01 0f 8f bd 00 00 00 41
0x0000763a1569692c:   ba 08 00 00 00 31 d2 4c 89 f6 bf 02 00 00 00 b8
0x0000763a1569693c:   0e 00 00 00 0f 05 48 8b 84 24 88 00 00 00 64 48
0x0000763a1569694c:   2b 04 25 28 00 00 00 0f 85 9c 00 00 00 48 81 c4
0x0000763a1569695c:   90 00 00 00 44 89 e8 5b 5d 41 5c 41 5d 41 5e c3
0x0000763a1569696c:   0f 1f 40 00 44 8b ab d0 02 00 00 e8 84 56 05 00
0x0000763a1569697c:   44 89 e2 89 c7 44 89 ee b8 ea 00 00 00 0f 05 3d
0x0000763a1569698c:   00 f0 ff ff 76 85 41 89 c5 41 f7 dd eb 80 66 0f
0x0000763a1569699c:   1f 44 00 00 b8 ba 00 00 00 0f 05 89 c5 e8 52 56
0x0000763a156969ac:   05 00 44 89 e2 89 ee 89 c7 b8 ea 00 00 00 0f 05
0x0000763a156969bc:   41 89 c5 41 f7 dd 3d 00 f0 ff ff b8 00 00 00 00
0x0000763a156969cc:   44 0f 46 e8 e9 6d ff ff ff 0f 1f 00 48 89 ef e8
0x0000763a156969dc:   10 a8 ff ff e9 29 ff ff ff 0f 1f 00 48 89 ef e8
0x0000763a156969ec:   d0 a8 ff ff e9 36 ff ff ff e8 96 fb 09 00 66 0f
0x0000763a156969fc:   1f 44 00 00 f3 0f 1e fa c3 66 2e 0f 1f 84 00 00
0x0000763a15696a0c:   00 00 00 90 41 57 41 56 41 55 41 54 55 48 89 fd
0x0000763a15696a1c:   53 48 83 ec 28 64 48 8b 04 25 28 00 00 00 48 89
0x0000763a15696a2c:   44 24 18 31 c0 64 8b 04 25 d0 02 00 00 89 44 24
0x0000763a15696a3c:   0c 8b 57 10 4c 8d 77 10 89 d0 83 e0 7f 83 f8 33
0x0000763a15696a4c:   0f 8f a6 01 00 00 83 f8 2f 0f 8f f5 00 00 00 83
0x0000763a15696a5c:   f8 13 0f 8f e4 00 00 00 83 e2 70 0f 84 ab 00 00
0x0000763a15696a6c:   00 4c 8d 4f 20 64 4c 89 0c 25 f0 02 00 00 8b 5c
0x0000763a15696a7c:   24 0c 8b 17 41 bf ca 00 00 00 41 bd 81 08 00 00
0x0000763a15696a8c:   81 cb 00 00 00 80 85 d2 0f 85 20 03 00 00 89 d0
0x0000763a15696a9c:   f0 0f b1 5d 00 89 c2 85 c0 0f 85 0f 03 00 00 81
0x0000763a15696aac:   7d 08 fe ff ff 7f 0f 84 2a 05 00 00 c7 45 04 01 


Stack slot to memory mapping:

stack at sp + 0 slots: 0x0 is null
stack at sp + 1 slots: 0x0 is null
stack at sp + 2 slots: 0x0 is null
stack at sp + 3 slots: 0x0000763a13f17e50 is pointing into the stack for thread: 0x0000763a0c0378a0
stack at sp + 4 slots: 0x0000763a13f17e50 is pointing into the stack for thread: 0x0000763a0c0378a0
stack at sp + 5 slots: 0x0000763a1500ac88: <offset 0x000000000100ac88> in /home/ubuntu/.gradle/caches/8.10.2/transforms/81e4360543fbb01d4f7fb470fa49803d/transformed/ideaIU-2025.3/jbr/lib/server/libjvm.so at 0x0000763a14000000
stack at sp + 6 slots: 0x000076398e00dd60 is a pointer to class: 
java.lang.Throwable {0x000076398e00dd60}
 - instance size:     5
 - klass size:        82
 - access:            public synchronized 
 - flags:             rewritten has_nonstatic_fields is_shared_boot_class has_localvariable_table has_final_method 
 - state:             fully_initialized
 - name:              'java/lang/Throwable'
 - super:             'java/lang/Object'
 - sub:               'java/lang/Exception'   'java/lang/Error'   
 - arrays:            'java/lang/Throwable'[]
 - methods:           Array<T>(0x000076398fb6e670)
 - method ordering:   Array<T>(0x000076398fb6e5f0)
 - local interfaces:  Array<T>(0x000076398ee82ef8)
 - trans. interfaces: Array<T>(0x000076398ee82ef8)
 - secondary supers: Array<T>(0x000076398ee82ef8)
 - hash_slot:         30
 - bitmap:            0x0000000100000000
 - constants:         constant pool [428] {0x000076398fb6d2f8} for 'java/lang/Throwable' cache=0x000076398eb3bb20
 - class loader data:  loader data: 0x0000763a0c1487c0 of 'bootstrap'
 - source file:       'Throwable.java'
 - inner classes:     Array<T>(0x000076398fb6f770)
 - nest members:     Array<T>(0x000076398fb6e568)
 - permitted subclasses:     Array<T>(0x000076398ee74df8)
 - java mirror:       a 'java/lang/Class'{0x00000000ffe2c0c0} = 'java/lang/Throwable'
 - vtable length      15  (start addr: 0x000076398e00df60)
 - itable length      2 (start addr: 0x000076398e00dfd8)
 - ---- static fields (6 words):
 - private static final 'serialVersionUID' 'J' @144 
 - private static final 'UNASSIGNED_STACK' '[Ljava/lang/StackTraceElement;' @112 
 - private static final 'SUPPRESSED_SENTINEL' 'Ljava/util/List;' @116 
 - private static final 'NULL_CAUSE_MESSAGE' 'Ljava/lang/String;' @120 
 - private static final 'SELF_SUPPRESSION_MESSAGE' 'Ljava/lang/String;' @124 
 - private static final 'CAUSE_CAPTION' 'Ljava/lang/String;' @128 
 - private static final 'SUPPRESSED_CAPTION' 'Ljava/lang/String;' @132 
 - private static final 'EMPTY_THROWABLE_ARRAY' '[Ljava/lang/Throwable;' @136 
 - private static volatile '$$jb$additionalInfoSupplier' 'Ljava/util/function/Supplier;' @140 
 - static final synthetic '$assertionsDisabled' 'Z' @152 
 - ---- non-static fields (6 words):
 - private transient 'depth' 'I' @12 
 - private transient 'backtrace' 'Ljava/lang/Object;' @16 
 - private 'detailMessage' 'Ljava/lang/String;' @20 
 - private 'cause' 'Ljava/lang/Throwable;' @24 
 - private 'stackTrace' '[Ljava/lang/StackTraceElement;' @28 
 - private 'suppressedExceptions' 'Ljava/util/List;' @32 
 - non-static oop maps: 16-32 
stack at sp + 7 slots: 0x0000763a13f1788c is pointing into the stack for thread: 0x0000763a0c0378a0


---------------  P R O C E S S  ---------------

Threads class SMR info:
_java_thread_list=0x0000763a0c176ee0, length=9, elements={
0x0000763a0c0378a0, 0x0000763a0c169cb0, 0x0000763a0c16cef0, 0x0000763a0c16e460,
0x0000763a0c16fbe0, 0x0000763a0c171220, 0x0000763a0c1727b0, 0x0000763a0c1742e0,
0x0000763a0c175990
}

Java Threads: ( => current thread )
=>0x0000763a0c0378a0 JavaThread "main"                              [_thread_in_vm, id=60619, stack(0x0000763a13e19000,0x0000763a13f19000) (1024K)]
  0x0000763a0c169cb0 JavaThread "Common-Cleaner"             daemon [_thread_blocked, id=60627, stack(0x00007639e5300000,0x00007639e5400000) (1024K)]
  0x0000763a0c16cef0 JavaThread "Reference Handler"          daemon [_thread_blocked, id=60628, stack(0x00007639e5200000,0x00007639e5300000) (1024K)]
  0x0000763a0c16e460 JavaThread "Finalizer"                  daemon [_thread_blocked, id=60629, stack(0x00007639e5100000,0x00007639e5200000) (1024K)]
  0x0000763a0c16fbe0 JavaThread "Signal Dispatcher"          daemon [_thread_blocked, id=60630, stack(0x00007639e5000000,0x00007639e5100000) (1024K)]
  0x0000763a0c171220 JavaThread "Service Thread"             daemon [_thread_blocked, id=60631, stack(0x00007639e4f00000,0x00007639e5000000) (1024K)]
  0x0000763a0c1727b0 JavaThread "Monitor Deflation Thread"   daemon [_thread_blocked, id=60632, stack(0x00007639e4e00000,0x00007639e4f00000) (1024K)]
  0x0000763a0c1742e0 JavaThread "C2 CompilerThread0"         daemon [_thread_blocked, id=60633, stack(0x00007639e4d00000,0x00007639e4e00000) (1024K)]
  0x0000763a0c175990 JavaThread "C1 CompilerThread0"         daemon [_thread_blocked, id=60634, stack(0x00007639e4c00000,0x00007639e4d00000) (1024K)]
Total: 9

Other Threads:
  0x0000763a0c15edb0 VMThread "VM Thread"                           [id=60626, stack(0x00007639e5761000,0x00007639e5861000) (1024K)]
  0x0000763a0c14f080 WatcherThread "VM Periodic Task Thread"        [id=60625, stack(0x00007639e5862000,0x00007639e5962000) (1024K)]
  0x0000763a0c090700 WorkerThread "GC Thread#0"                     [id=60620, stack(0x0000763a1087b000,0x0000763a1097b000) (1024K)]
  0x000076397c007c00 WorkerThread "GC Thread#1"                     [id=60635, stack(0x0000763940728000,0x0000763940828000) (1024K)]
  0x000076397c008670 WorkerThread "GC Thread#2"                     [id=60636, stack(0x0000763940191000,0x0000763940291000) (1024K)]
  0x000076397c06f800 WorkerThread "GC Thread#3"                     [id=60637, stack(0x00007638cbf00000,0x00007638cc000000) (1024K)]
  0x000076397c070010 WorkerThread "GC Thread#4"                     [id=60638, stack(0x00007638cb700000,0x00007638cb800000) (1024K)]
  0x0000763a0c0a1d10 ConcurrentGCThread "G1 Main Marker"            [id=60621, stack(0x0000763a1077a000,0x0000763a1087a000) (1024K)]
  0x0000763a0c0a2cb0 WorkerThread "G1 Conc#0"                       [id=60622, stack(0x0000763a10679000,0x0000763a10779000) (1024K)]
  0x0000763a0c139720 ConcurrentGCThread "G1 Refine#0"               [id=60623, stack(0x00007639e5bff000,0x00007639e5cff000) (1024K)]
  0x0000763a0c13a6d0 ConcurrentGCThread "G1 Service"                [id=60624, stack(0x00007639e5afe000,0x00007639e5bfe000) (1024K)]
Total: 11

Threads with active compile tasks:
Total: 0

VM state: not at safepoint (normal execution)

VM Mutex/Monitor currently owned by a thread: None

Heap address: 0x0000000080000000, size: 2048 MB, Compressed Oops mode: 32-bit

CDS archive(s) mapped at: [0x000076398e000000-0x000076398fc7e000-0x000076398fc7e000), size 29876224, SharedBaseAddress: 0x000076398e000000, ArchiveRelocationMode: 1.
Compressed class space mapped at: 0x0000763990000000-0x00007639d0000000, reserved size: 1073741824
Narrow klass base: 0x000076398e000000, Narrow klass shift: 0, Narrow klass range: 0x100000000

GC Precious Log:
 CardTable entry size: 512
 Card Set container configuration: InlinePtr #cards 5 size 8 Array Of Cards #cards 12 size 40 Howl #buckets 4 coarsen threshold 1843 Howl Bitmap #cards 512 size 80 coarsen threshold 460 Card regions per heap region 1 cards per card region 2048
 CPUs: 8 total, 8 available
 Memory: 32094M
 Large Page Support: Disabled
 NUMA Support: Disabled
 Compressed Oops: Enabled (32-bit)
 Heap Region Size: 1M
 Heap Min Capacity: 128M
 Heap Initial Capacity: 128M
 Heap Max Capacity: 2G
 Pre-touch: Disabled
 Parallel Workers: 8
 Concurrent Workers: 2
 Concurrent Refinement Workers: 8
 Periodic GC: Disabled

Heap:
 garbage-first heap   total 245760K, used 60426K [0x0000000080000000, 0x0000000100000000)
  region size 1024K, 21 young (21504K), 12 survivors (12288K)
 Metaspace       used 1332K, committed 1472K, reserved 1114112K
  class space    used 74K, committed 128K, reserved 1048576K

Heap Regions: E=young(eden), S=young(survivor), O=old, HS=humongous(starts), HC=humongous(continues), CS=collection set, F=free, TAMS=top-at-mark-start, PB=parsable bottom
|   0|0x0000000080000000, 0x0000000080100000, 0x0000000080100000|100%| O|  |TAMS 0x0000000080000000| PB 0x0000000080000000| Untracked 
|   1|0x0000000080100000, 0x0000000080200000, 0x0000000080200000|100%|HS|  |TAMS 0x0000000080100000| PB 0x0000000080100000| Complete 
|   2|0x0000000080200000, 0x0000000080300000, 0x0000000080300000|100%|HC|  |TAMS 0x0000000080200000| PB 0x0000000080200000| Complete 
|   3|0x0000000080300000, 0x0000000080400000, 0x0000000080400000|100%|HS|  |TAMS 0x0000000080300000| PB 0x0000000080300000| Complete 
|   4|0x0000000080400000, 0x0000000080500000, 0x0000000080500000|100%|HC|  |TAMS 0x0000000080400000| PB 0x0000000080400000| Complete 
|   5|0x0000000080500000, 0x0000000080600000, 0x0000000080600000|100%| O|  |TAMS 0x0000000080500000| PB 0x0000000080500000| Untracked 
|   6|0x0000000080600000, 0x0000000080700000, 0x0000000080700000|100%| O|  |TAMS 0x0000000080600000| PB 0x0000000080600000| Untracked 
|   7|0x0000000080700000, 0x0000000080800000, 0x0000000080800000|100%| O|  |TAMS 0x0000000080700000| PB 0x0000000080700000| Untracked 
|   8|0x0000000080800000, 0x0000000080900000, 0x0000000080900000|100%| O|  |TAMS 0x0000000080800000| PB 0x0000000080800000| Untracked 
|   9|0x0000000080900000, 0x0000000080a00000, 0x0000000080a00000|100%| O|  |TAMS 0x0000000080900000| PB 0x0000000080900000| Untracked 
|  10|0x0000000080a00000, 0x0000000080b00000, 0x0000000080b00000|100%| O|  |TAMS 0x0000000080a00000| PB 0x0000000080a00000| Untracked 
|  11|0x0000000080b00000, 0x0000000080c00000, 0x0000000080c00000|100%|HS|  |TAMS 0x0000000080b00000| PB 0x0000000080b00000| Complete 
|  12|0x0000000080c00000, 0x0000000080d00000, 0x0000000080d00000|100%|HC|  |TAMS 0x0000000080c00000| PB 0x0000000080c00000| Complete 
|  13|0x0000000080d00000, 0x0000000080e00000, 0x0000000080e00000|100%|HS|  |TAMS 0x0000000080d00000| PB 0x0000000080d00000| Complete 
|  14|0x0000000080e00000, 0x0000000080f00000, 0x0000000080f00000|100%|HC|  |TAMS 0x0000000080e00000| PB 0x0000000080e00000| Complete 
|  15|0x0000000080f00000, 0x0000000081000000, 0x0000000081000000|100%| O|  |TAMS 0x0000000080f00000| PB 0x0000000080f00000| Untracked 
|  16|0x0000000081000000, 0x0000000081100000, 0x0000000081100000|100%| O|  |TAMS 0x0000000081000000| PB 0x0000000081000000| Untracked 
|  17|0x0000000081100000, 0x0000000081200000, 0x0000000081200000|100%| O|  |TAMS 0x0000000081100000| PB 0x0000000081100000| Untracked 
|  18|0x0000000081200000, 0x0000000081300000, 0x0000000081300000|100%| O|  |TAMS 0x0000000081200000| PB 0x0000000081200000| Untracked 
|  19|0x0000000081300000, 0x00000000813972e0, 0x0000000081400000| 59%| O|  |TAMS 0x0000000081300000| PB 0x0000000081300000| Untracked 
|  20|0x0000000081400000, 0x0000000081500000, 0x0000000081500000|100%|HS|  |TAMS 0x0000000081400000| PB 0x0000000081400000| Complete 
|  21|0x0000000081500000, 0x0000000081600000, 0x0000000081600000|100%|HS|  |TAMS 0x0000000081500000| PB 0x0000000081500000| Complete 
|  22|0x0000000081600000, 0x0000000081700000, 0x0000000081700000|100%|HS|  |TAMS 0x0000000081600000| PB 0x0000000081600000| Complete 
|  23|0x0000000081700000, 0x0000000081800000, 0x0000000081800000|100%|HS|  |TAMS 0x0000000081700000| PB 0x0000000081700000| Complete 
|  24|0x0000000081800000, 0x0000000081900000, 0x0000000081900000|100%|HS|  |TAMS 0x0000000081800000| PB 0x0000000081800000| Complete 
|  25|0x0000000081900000, 0x0000000081a00000, 0x0000000081a00000|100%|HS|  |TAMS 0x0000000081900000| PB 0x0000000081900000| Complete 
|  26|0x0000000081a00000, 0x0000000081b00000, 0x0000000081b00000|100%|HS|  |TAMS 0x0000000081a00000| PB 0x0000000081a00000| Complete 
|  27|0x0000000081b00000, 0x0000000081c00000, 0x0000000081c00000|100%|HS|  |TAMS 0x0000000081b00000| PB 0x0000000081b00000| Complete 
|  28|0x0000000081c00000, 0x0000000081d00000, 0x0000000081d00000|100%|HS|  |TAMS 0x0000000081c00000| PB 0x0000000081c00000| Complete 
|  29|0x0000000081d00000, 0x0000000081e00000, 0x0000000081e00000|100%|HS|  |TAMS 0x0000000081d00000| PB 0x0000000081d00000| Complete 
|  30|0x0000000081e00000, 0x0000000081f00000, 0x0000000081f00000|100%|HS|  |TAMS 0x0000000081e00000| PB 0x0000000081e00000| Complete 
|  31|0x0000000081f00000, 0x0000000082000000, 0x0000000082000000|100%|HS|  |TAMS 0x0000000081f00000| PB 0x0000000081f00000| Complete 
|  32|0x0000000082000000, 0x0000000082100000, 0x0000000082100000|100%|HS|  |TAMS 0x0000000082000000| PB 0x0000000082000000| Complete 
|  33|0x0000000082100000, 0x0000000082200000, 0x0000000082200000|100%|HS|  |TAMS 0x0000000082100000| PB 0x0000000082100000| Complete 
|  34|0x0000000082200000, 0x0000000082300000, 0x0000000082300000|100%|HS|  |TAMS 0x0000000082200000| PB 0x0000000082200000| Complete 
|  35|0x0000000082300000, 0x0000000082400000, 0x0000000082400000|100%|HS|  |TAMS 0x0000000082300000| PB 0x0000000082300000| Complete 
|  36|0x0000000082400000, 0x0000000082400000, 0x0000000082500000|  0%| F|  |TAMS 0x0000000082400000| PB 0x0000000082400000| Untracked 
|  37|0x0000000082500000, 0x0000000082500000, 0x0000000082600000|  0%| F|  |TAMS 0x0000000082500000| PB 0x0000000082500000| Untracked 
|  38|0x0000000082600000, 0x0000000082600000, 0x0000000082700000|  0%| F|  |TAMS 0x0000000082600000| PB 0x0000000082600000| Untracked 
|  39|0x0000000082700000, 0x0000000082700000, 0x0000000082800000|  0%| F|  |TAMS 0x0000000082700000| PB 0x0000000082700000| Untracked 
|  40|0x0000000082800000, 0x0000000082800000, 0x0000000082900000|  0%| F|  |TAMS 0x0000000082800000| PB 0x0000000082800000| Untracked 
|  41|0x0000000082900000, 0x0000000082900000, 0x0000000082a00000|  0%| F|  |TAMS 0x0000000082900000| PB 0x0000000082900000| Untracked 
|  42|0x0000000082a00000, 0x0000000082a00000, 0x0000000082b00000|  0%| F|  |TAMS 0x0000000082a00000| PB 0x0000000082a00000| Untracked 
|  43|0x0000000082b00000, 0x0000000082b00000, 0x0000000082c00000|  0%| F|  |TAMS 0x0000000082b00000| PB 0x0000000082b00000| Untracked 
|  44|0x0000000082c00000, 0x0000000082c00000, 0x0000000082d00000|  0%| F|  |TAMS 0x0000000082c00000| PB 0x0000000082c00000| Untracked 
|  45|0x0000000082d00000, 0x0000000082d00000, 0x0000000082e00000|  0%| F|  |TAMS 0x0000000082d00000| PB 0x0000000082d00000| Untracked 
|  46|0x0000000082e00000, 0x0000000082e00000, 0x0000000082f00000|  0%| F|  |TAMS 0x0000000082e00000| PB 0x0000000082e00000| Untracked 
|  47|0x0000000082f00000, 0x0000000082f00000, 0x0000000083000000|  0%| F|  |TAMS 0x0000000082f00000| PB 0x0000000082f00000| Untracked 
|  48|0x0000000083000000, 0x0000000083000000, 0x0000000083100000|  0%| F|  |TAMS 0x0000000083000000| PB 0x0000000083000000| Untracked 
|  49|0x0000000083100000, 0x0000000083100000, 0x0000000083200000|  0%| F|  |TAMS 0x0000000083100000| PB 0x0000000083100000| Untracked 
|  50|0x0000000083200000, 0x0000000083200000, 0x0000000083300000|  0%| F|  |TAMS 0x0000000083200000| PB 0x0000000083200000| Untracked 
|  51|0x0000000083300000, 0x0000000083300000, 0x0000000083400000|  0%| F|  |TAMS 0x0000000083300000| PB 0x0000000083300000| Untracked 
|  52|0x0000000083400000, 0x0000000083400000, 0x0000000083500000|  0%| F|  |TAMS 0x0000000083400000| PB 0x0000000083400000| Untracked 
|  53|0x0000000083500000, 0x0000000083500000, 0x0000000083600000|  0%| F|  |TAMS 0x0000000083500000| PB 0x0000000083500000| Untracked 
|  54|0x0000000083600000, 0x0000000083600000, 0x0000000083700000|  0%| F|  |TAMS 0x0000000083600000| PB 0x0000000083600000| Untracked 
|  55|0x0000000083700000, 0x0000000083700000, 0x0000000083800000|  0%| F|  |TAMS 0x0000000083700000| PB 0x0000000083700000| Untracked 
|  56|0x0000000083800000, 0x0000000083800000, 0x0000000083900000|  0%| F|  |TAMS 0x0000000083800000| PB 0x0000000083800000| Untracked 
|  57|0x0000000083900000, 0x0000000083900000, 0x0000000083a00000|  0%| F|  |TAMS 0x0000000083900000| PB 0x0000000083900000| Untracked 
|  58|0x0000000083a00000, 0x0000000083a00000, 0x0000000083b00000|  0%| F|  |TAMS 0x0000000083a00000| PB 0x0000000083a00000| Untracked 
|  59|0x0000000083b00000, 0x0000000083b00000, 0x0000000083c00000|  0%| F|  |TAMS 0x0000000083b00000| PB 0x0000000083b00000| Untracked 
|  60|0x0000000083c00000, 0x0000000083c00000, 0x0000000083d00000|  0%| F|  |TAMS 0x0000000083c00000| PB 0x0000000083c00000| Untracked 
|  61|0x0000000083d00000, 0x0000000083d00000, 0x0000000083e00000|  0%| F|  |TAMS 0x0000000083d00000| PB 0x0000000083d00000| Untracked 
|  62|0x0000000083e00000, 0x0000000083e00000, 0x0000000083f00000|  0%| F|  |TAMS 0x0000000083e00000| PB 0x0000000083e00000| Untracked 
|  63|0x0000000083f00000, 0x0000000083f00000, 0x0000000084000000|  0%| F|  |TAMS 0x0000000083f00000| PB 0x0000000083f00000| Untracked 
|  64|0x0000000084000000, 0x0000000084000000, 0x0000000084100000|  0%| F|  |TAMS 0x0000000084000000| PB 0x0000000084000000| Untracked 
|  65|0x0000000084100000, 0x0000000084100000, 0x0000000084200000|  0%| F|  |TAMS 0x0000000084100000| PB 0x0000000084100000| Untracked 
|  66|0x0000000084200000, 0x0000000084200000, 0x0000000084300000|  0%| F|  |TAMS 0x0000000084200000| PB 0x0000000084200000| Untracked 
|  67|0x0000000084300000, 0x0000000084300000, 0x0000000084400000|  0%| F|  |TAMS 0x0000000084300000| PB 0x0000000084300000| Untracked 
|  68|0x0000000084400000, 0x0000000084400000, 0x0000000084500000|  0%| F|  |TAMS 0x0000000084400000| PB 0x0000000084400000| Untracked 
|  69|0x0000000084500000, 0x0000000084500000, 0x0000000084600000|  0%| F|  |TAMS 0x0000000084500000| PB 0x0000000084500000| Untracked 
|  70|0x0000000084600000, 0x0000000084600000, 0x0000000084700000|  0%| F|  |TAMS 0x0000000084600000| PB 0x0000000084600000| Untracked 
|  71|0x0000000084700000, 0x0000000084700000, 0x0000000084800000|  0%| F|  |TAMS 0x0000000084700000| PB 0x0000000084700000| Untracked 
|  72|0x0000000084800000, 0x0000000084800000, 0x0000000084900000|  0%| F|  |TAMS 0x0000000084800000| PB 0x0000000084800000| Untracked 
|  73|0x0000000084900000, 0x0000000084900000, 0x0000000084a00000|  0%| F|  |TAMS 0x0000000084900000| PB 0x0000000084900000| Untracked 
|  74|0x0000000084a00000, 0x0000000084a00000, 0x0000000084b00000|  0%| F|  |TAMS 0x0000000084a00000| PB 0x0000000084a00000| Untracked 
|  75|0x0000000084b00000, 0x0000000084b00000, 0x0000000084c00000|  0%| F|  |TAMS 0x0000000084b00000| PB 0x0000000084b00000| Untracked 
|  76|0x0000000084c00000, 0x0000000084c00000, 0x0000000084d00000|  0%| F|  |TAMS 0x0000000084c00000| PB 0x0000000084c00000| Untracked 
|  77|0x0000000084d00000, 0x0000000084d00000, 0x0000000084e00000|  0%| F|  |TAMS 0x0000000084d00000| PB 0x0000000084d00000| Untracked 
|  78|0x0000000084e00000, 0x0000000084e00000, 0x0000000084f00000|  0%| F|  |TAMS 0x0000000084e00000| PB 0x0000000084e00000| Untracked 
|  79|0x0000000084f00000, 0x0000000084f00000, 0x0000000085000000|  0%| F|  |TAMS 0x0000000084f00000| PB 0x0000000084f00000| Untracked 
|  80|0x0000000085000000, 0x0000000085000000, 0x0000000085100000|  0%| F|  |TAMS 0x0000000085000000| PB 0x0000000085000000| Untracked 
|  81|0x0000000085100000, 0x0000000085100000, 0x0000000085200000|  0%| F|  |TAMS 0x0000000085100000| PB 0x0000000085100000| Untracked 
|  82|0x0000000085200000, 0x0000000085200000, 0x0000000085300000|  0%| F|  |TAMS 0x0000000085200000| PB 0x0000000085200000| Untracked 
|  83|0x0000000085300000, 0x0000000085300000, 0x0000000085400000|  0%| F|  |TAMS 0x0000000085300000| PB 0x0000000085300000| Untracked 
|  84|0x0000000085400000, 0x0000000085400000, 0x0000000085500000|  0%| F|  |TAMS 0x0000000085400000| PB 0x0000000085400000| Untracked 
|  85|0x0000000085500000, 0x0000000085500000, 0x0000000085600000|  0%| F|  |TAMS 0x0000000085500000| PB 0x0000000085500000| Untracked 
|  86|0x0000000085600000, 0x0000000085600000, 0x0000000085700000|  0%| F|  |TAMS 0x0000000085600000| PB 0x0000000085600000| Untracked 
|  87|0x0000000085700000, 0x0000000085700000, 0x0000000085800000|  0%| F|  |TAMS 0x0000000085700000| PB 0x0000000085700000| Untracked 
|  88|0x0000000085800000, 0x0000000085800000, 0x0000000085900000|  0%| F|  |TAMS 0x0000000085800000| PB 0x0000000085800000| Untracked 
|  89|0x0000000085900000, 0x0000000085900000, 0x0000000085a00000|  0%| F|  |TAMS 0x0000000085900000| PB 0x0000000085900000| Untracked 
|  90|0x0000000085a00000, 0x0000000085a00000, 0x0000000085b00000|  0%| F|  |TAMS 0x0000000085a00000| PB 0x0000000085a00000| Untracked 
|  91|0x0000000085b00000, 0x0000000085b00000, 0x0000000085c00000|  0%| F|  |TAMS 0x0000000085b00000| PB 0x0000000085b00000| Untracked 
|  92|0x0000000085c00000, 0x0000000085c00000, 0x0000000085d00000|  0%| F|  |TAMS 0x0000000085c00000| PB 0x0000000085c00000| Untracked 
|  93|0x0000000085d00000, 0x0000000085d00000, 0x0000000085e00000|  0%| F|  |TAMS 0x0000000085d00000| PB 0x0000000085d00000| Untracked 
|  94|0x0000000085e00000, 0x0000000085e00000, 0x0000000085f00000|  0%| F|  |TAMS 0x0000000085e00000| PB 0x0000000085e00000| Untracked 
|  95|0x0000000085f00000, 0x0000000085f00000, 0x0000000086000000|  0%| F|  |TAMS 0x0000000085f00000| PB 0x0000000085f00000| Untracked 
|  96|0x0000000086000000, 0x0000000086000000, 0x0000000086100000|  0%| F|  |TAMS 0x0000000086000000| PB 0x0000000086000000| Untracked 
|  97|0x0000000086100000, 0x0000000086100000, 0x0000000086200000|  0%| F|  |TAMS 0x0000000086100000| PB 0x0000000086100000| Untracked 
|  98|0x0000000086200000, 0x0000000086300000, 0x0000000086300000|100%|HS|  |TAMS 0x0000000086200000| PB 0x0000000086200000| Complete 
|  99|0x0000000086300000, 0x0000000086400000, 0x0000000086400000|100%|HS|  |TAMS 0x0000000086300000| PB 0x0000000086300000| Complete 
| 100|0x0000000086400000, 0x0000000086400000, 0x0000000086500000|  0%| F|  |TAMS 0x0000000086400000| PB 0x0000000086400000| Untracked 
| 101|0x0000000086500000, 0x0000000086500000, 0x0000000086600000|  0%| F|  |TAMS 0x0000000086500000| PB 0x0000000086500000| Untracked 
| 102|0x0000000086600000, 0x0000000086600000, 0x0000000086700000|  0%| F|  |TAMS 0x0000000086600000| PB 0x0000000086600000| Untracked 
| 103|0x0000000086700000, 0x0000000086800000, 0x0000000086800000|100%|HS|  |TAMS 0x0000000086700000| PB 0x0000000086700000| Complete 
| 104|0x0000000086800000, 0x0000000086800000, 0x0000000086900000|  0%| F|  |TAMS 0x0000000086800000| PB 0x0000000086800000| Untracked 
| 105|0x0000000086900000, 0x0000000086900000, 0x0000000086a00000|  0%| F|  |TAMS 0x0000000086900000| PB 0x0000000086900000| Untracked 
| 106|0x0000000086a00000, 0x0000000086a00000, 0x0000000086b00000|  0%| F|  |TAMS 0x0000000086a00000| PB 0x0000000086a00000| Untracked 
| 107|0x0000000086b00000, 0x0000000086b00000, 0x0000000086c00000|  0%| F|  |TAMS 0x0000000086b00000| PB 0x0000000086b00000| Untracked 
| 108|0x0000000086c00000, 0x0000000086c00000, 0x0000000086d00000|  0%| F|  |TAMS 0x0000000086c00000| PB 0x0000000086c00000| Untracked 
| 109|0x0000000086d00000, 0x0000000086d00000, 0x0000000086e00000|  0%| F|  |TAMS 0x0000000086d00000| PB 0x0000000086d00000| Untracked 
| 110|0x0000000086e00000, 0x0000000086e00000, 0x0000000086f00000|  0%| F|  |TAMS 0x0000000086e00000| PB 0x0000000086e00000| Untracked 
| 111|0x0000000086f00000, 0x0000000086f00000, 0x0000000087000000|  0%| F|  |TAMS 0x0000000086f00000| PB 0x0000000086f00000| Untracked 
| 112|0x0000000087000000, 0x0000000087000000, 0x0000000087100000|  0%| F|  |TAMS 0x0000000087000000| PB 0x0000000087000000| Untracked 
| 113|0x0000000087100000, 0x0000000087100000, 0x0000000087200000|  0%| F|  |TAMS 0x0000000087100000| PB 0x0000000087100000| Untracked 
| 114|0x0000000087200000, 0x0000000087200000, 0x0000000087300000|  0%| F|  |TAMS 0x0000000087200000| PB 0x0000000087200000| Untracked 
| 115|0x0000000087300000, 0x0000000087300000, 0x0000000087400000|  0%| F|  |TAMS 0x0000000087300000| PB 0x0000000087300000| Untracked 
| 116|0x0000000087400000, 0x0000000087400000, 0x0000000087500000|  0%| F|  |TAMS 0x0000000087400000| PB 0x0000000087400000| Untracked 
| 117|0x0000000087500000, 0x0000000087500000, 0x0000000087600000|  0%| F|  |TAMS 0x0000000087500000| PB 0x0000000087500000| Untracked 
| 118|0x0000000087600000, 0x0000000087600000, 0x0000000087700000|  0%| F|  |TAMS 0x0000000087600000| PB 0x0000000087600000| Untracked 
| 119|0x0000000087700000, 0x0000000087700000, 0x0000000087800000|  0%| F|  |TAMS 0x0000000087700000| PB 0x0000000087700000| Untracked 
| 120|0x0000000087800000, 0x0000000087800000, 0x0000000087900000|  0%| F|  |TAMS 0x0000000087800000| PB 0x0000000087800000| Untracked 
| 121|0x0000000087900000, 0x0000000087900000, 0x0000000087a00000|  0%| F|  |TAMS 0x0000000087900000| PB 0x0000000087900000| Untracked 
| 122|0x0000000087a00000, 0x0000000087a00000, 0x0000000087b00000|  0%| F|  |TAMS 0x0000000087a00000| PB 0x0000000087a00000| Untracked 
| 123|0x0000000087b00000, 0x0000000087b00000, 0x0000000087c00000|  0%| F|  |TAMS 0x0000000087b00000| PB 0x0000000087b00000| Untracked 
| 124|0x0000000087c00000, 0x0000000087c00000, 0x0000000087d00000|  0%| F|  |TAMS 0x0000000087c00000| PB 0x0000000087c00000| Untracked 
| 125|0x0000000087d00000, 0x0000000087d00000, 0x0000000087e00000|  0%| F|  |TAMS 0x0000000087d00000| PB 0x0000000087d00000| Untracked 
| 126|0x0000000087e00000, 0x0000000087e00000, 0x0000000087f00000|  0%| F|  |TAMS 0x0000000087e00000| PB 0x0000000087e00000| Untracked 
| 127|0x0000000087f00000, 0x0000000087f00000, 0x0000000088000000|  0%| F|  |TAMS 0x0000000087f00000| PB 0x0000000087f00000| Untracked 
| 128|0x0000000088000000, 0x0000000088000000, 0x0000000088100000|  0%| F|  |TAMS 0x0000000088000000| PB 0x0000000088000000| Untracked 
| 129|0x0000000088100000, 0x0000000088100000, 0x0000000088200000|  0%| F|  |TAMS 0x0000000088100000| PB 0x0000000088100000| Untracked 
| 130|0x0000000088200000, 0x0000000088200000, 0x0000000088300000|  0%| F|  |TAMS 0x0000000088200000| PB 0x0000000088200000| Untracked 
| 131|0x0000000088300000, 0x0000000088300000, 0x0000000088400000|  0%| F|  |TAMS 0x0000000088300000| PB 0x0000000088300000| Untracked 
| 132|0x0000000088400000, 0x0000000088400000, 0x0000000088500000|  0%| F|  |TAMS 0x0000000088400000| PB 0x0000000088400000| Untracked 
| 133|0x0000000088500000, 0x0000000088500000, 0x0000000088600000|  0%| F|  |TAMS 0x0000000088500000| PB 0x0000000088500000| Untracked 
| 134|0x0000000088600000, 0x0000000088600000, 0x0000000088700000|  0%| F|  |TAMS 0x0000000088600000| PB 0x0000000088600000| Untracked 
| 135|0x0000000088700000, 0x0000000088700000, 0x0000000088800000|  0%| F|  |TAMS 0x0000000088700000| PB 0x0000000088700000| Untracked 
| 136|0x0000000088800000, 0x0000000088800000, 0x0000000088900000|  0%| F|  |TAMS 0x0000000088800000| PB 0x0000000088800000| Untracked 
| 137|0x0000000088900000, 0x0000000088900000, 0x0000000088a00000|  0%| F|  |TAMS 0x0000000088900000| PB 0x0000000088900000| Untracked 
| 138|0x0000000088a00000, 0x0000000088a00000, 0x0000000088b00000|  0%| F|  |TAMS 0x0000000088a00000| PB 0x0000000088a00000| Untracked 
| 139|0x0000000088b00000, 0x0000000088b00000, 0x0000000088c00000|  0%| F|  |TAMS 0x0000000088b00000| PB 0x0000000088b00000| Untracked 
| 140|0x0000000088c00000, 0x0000000088c00000, 0x0000000088d00000|  0%| F|  |TAMS 0x0000000088c00000| PB 0x0000000088c00000| Untracked 
| 141|0x0000000088d00000, 0x0000000088d00000, 0x0000000088e00000|  0%| F|  |TAMS 0x0000000088d00000| PB 0x0000000088d00000| Untracked 
| 142|0x0000000088e00000, 0x0000000088e00000, 0x0000000088f00000|  0%| F|  |TAMS 0x0000000088e00000| PB 0x0000000088e00000| Untracked 
| 143|0x0000000088f00000, 0x0000000088f00000, 0x0000000089000000|  0%| F|  |TAMS 0x0000000088f00000| PB 0x0000000088f00000| Untracked 
| 144|0x0000000089000000, 0x0000000089000000, 0x0000000089100000|  0%| F|  |TAMS 0x0000000089000000| PB 0x0000000089000000| Untracked 
| 145|0x0000000089100000, 0x0000000089100000, 0x0000000089200000|  0%| F|  |TAMS 0x0000000089100000| PB 0x0000000089100000| Untracked 
| 146|0x0000000089200000, 0x0000000089200000, 0x0000000089300000|  0%| F|  |TAMS 0x0000000089200000| PB 0x0000000089200000| Untracked 
| 147|0x0000000089300000, 0x0000000089300000, 0x0000000089400000|  0%| F|  |TAMS 0x0000000089300000| PB 0x0000000089300000| Untracked 
| 148|0x0000000089400000, 0x0000000089400000, 0x0000000089500000|  0%| F|  |TAMS 0x0000000089400000| PB 0x0000000089400000| Untracked 
| 149|0x0000000089500000, 0x0000000089500000, 0x0000000089600000|  0%| F|  |TAMS 0x0000000089500000| PB 0x0000000089500000| Untracked 
| 150|0x0000000089600000, 0x0000000089600000, 0x0000000089700000|  0%| F|  |TAMS 0x0000000089600000| PB 0x0000000089600000| Untracked 
| 151|0x0000000089700000, 0x0000000089700000, 0x0000000089800000|  0%| F|  |TAMS 0x0000000089700000| PB 0x0000000089700000| Untracked 
| 152|0x0000000089800000, 0x0000000089800000, 0x0000000089900000|  0%| F|  |TAMS 0x0000000089800000| PB 0x0000000089800000| Untracked 
| 153|0x0000000089900000, 0x0000000089900000, 0x0000000089a00000|  0%| F|  |TAMS 0x0000000089900000| PB 0x0000000089900000| Untracked 
| 154|0x0000000089a00000, 0x0000000089a00000, 0x0000000089b00000|  0%| F|  |TAMS 0x0000000089a00000| PB 0x0000000089a00000| Untracked 
| 155|0x0000000089b00000, 0x0000000089b00000, 0x0000000089c00000|  0%| F|  |TAMS 0x0000000089b00000| PB 0x0000000089b00000| Untracked 
| 156|0x0000000089c00000, 0x0000000089c00000, 0x0000000089d00000|  0%| F|  |TAMS 0x0000000089c00000| PB 0x0000000089c00000| Untracked 
| 157|0x0000000089d00000, 0x0000000089d00000, 0x0000000089e00000|  0%| F|  |TAMS 0x0000000089d00000| PB 0x0000000089d00000| Untracked 
| 158|0x0000000089e00000, 0x0000000089e00000, 0x0000000089f00000|  0%| F|  |TAMS 0x0000000089e00000| PB 0x0000000089e00000| Untracked 
| 159|0x0000000089f00000, 0x0000000089f00000, 0x000000008a000000|  0%| F|  |TAMS 0x0000000089f00000| PB 0x0000000089f00000| Untracked 
| 160|0x000000008a000000, 0x000000008a000000, 0x000000008a100000|  0%| F|  |TAMS 0x000000008a000000| PB 0x000000008a000000| Untracked 
| 161|0x000000008a100000, 0x000000008a100000, 0x000000008a200000|  0%| F|  |TAMS 0x000000008a100000| PB 0x000000008a100000| Untracked 
| 162|0x000000008a200000, 0x000000008a200000, 0x000000008a300000|  0%| F|  |TAMS 0x000000008a200000| PB 0x000000008a200000| Untracked 
| 163|0x000000008a300000, 0x000000008a300000, 0x000000008a400000|  0%| F|  |TAMS 0x000000008a300000| PB 0x000000008a300000| Untracked 
| 164|0x000000008a400000, 0x000000008a400000, 0x000000008a500000|  0%| F|  |TAMS 0x000000008a400000| PB 0x000000008a400000| Untracked 
| 165|0x000000008a500000, 0x000000008a500000, 0x000000008a600000|  0%| F|  |TAMS 0x000000008a500000| PB 0x000000008a500000| Untracked 
| 166|0x000000008a600000, 0x000000008a600000, 0x000000008a700000|  0%| F|  |TAMS 0x000000008a600000| PB 0x000000008a600000| Untracked 
| 167|0x000000008a700000, 0x000000008a700000, 0x000000008a800000|  0%| F|  |TAMS 0x000000008a700000| PB 0x000000008a700000| Untracked 
| 168|0x000000008a800000, 0x000000008a800000, 0x000000008a900000|  0%| F|  |TAMS 0x000000008a800000| PB 0x000000008a800000| Untracked 
| 169|0x000000008a900000, 0x000000008a900000, 0x000000008aa00000|  0%| F|  |TAMS 0x000000008a900000| PB 0x000000008a900000| Untracked 
| 170|0x000000008aa00000, 0x000000008aa00000, 0x000000008ab00000|  0%| F|  |TAMS 0x000000008aa00000| PB 0x000000008aa00000| Untracked 
| 171|0x000000008ab00000, 0x000000008ab00000, 0x000000008ac00000|  0%| F|  |TAMS 0x000000008ab00000| PB 0x000000008ab00000| Untracked 
| 172|0x000000008ac00000, 0x000000008ac00000, 0x000000008ad00000|  0%| F|  |TAMS 0x000000008ac00000| PB 0x000000008ac00000| Untracked 
| 173|0x000000008ad00000, 0x000000008ad00000, 0x000000008ae00000|  0%| F|  |TAMS 0x000000008ad00000| PB 0x000000008ad00000| Untracked 
| 174|0x000000008ae00000, 0x000000008ae00000, 0x000000008af00000|  0%| F|  |TAMS 0x000000008ae00000| PB 0x000000008ae00000| Untracked 
| 175|0x000000008af00000, 0x000000008af00000, 0x000000008b000000|  0%| F|  |TAMS 0x000000008af00000| PB 0x000000008af00000| Untracked 
| 176|0x000000008b000000, 0x000000008b000000, 0x000000008b100000|  0%| F|  |TAMS 0x000000008b000000| PB 0x000000008b000000| Untracked 
| 177|0x000000008b100000, 0x000000008b100000, 0x000000008b200000|  0%| F|  |TAMS 0x000000008b100000| PB 0x000000008b100000| Untracked 
| 178|0x000000008b200000, 0x000000008b200000, 0x000000008b300000|  0%| F|  |TAMS 0x000000008b200000| PB 0x000000008b200000| Untracked 
| 179|0x000000008b300000, 0x000000008b300000, 0x000000008b400000|  0%| F|  |TAMS 0x000000008b300000| PB 0x000000008b300000| Untracked 
| 180|0x000000008b400000, 0x000000008b400000, 0x000000008b500000|  0%| F|  |TAMS 0x000000008b400000| PB 0x000000008b400000| Untracked 
| 181|0x000000008b500000, 0x000000008b500000, 0x000000008b600000|  0%| F|  |TAMS 0x000000008b500000| PB 0x000000008b500000| Untracked 
| 182|0x000000008b600000, 0x000000008b600000, 0x000000008b700000|  0%| F|  |TAMS 0x000000008b600000| PB 0x000000008b600000| Untracked 
| 183|0x000000008b700000, 0x000000008b73b190, 0x000000008b800000| 23%| S|CS|TAMS 0x000000008b700000| PB 0x000000008b700000| Complete 
| 184|0x000000008b800000, 0x000000008b900000, 0x000000008b900000|100%| S|CS|TAMS 0x000000008b800000| PB 0x000000008b800000| Complete 
| 185|0x000000008b900000, 0x000000008ba00000, 0x000000008ba00000|100%| S|CS|TAMS 0x000000008b900000| PB 0x000000008b900000| Complete 
| 186|0x000000008ba00000, 0x000000008bb00000, 0x000000008bb00000|100%| S|CS|TAMS 0x000000008ba00000| PB 0x000000008ba00000| Complete 
| 187|0x000000008bb00000, 0x000000008bc00000, 0x000000008bc00000|100%| S|CS|TAMS 0x000000008bb00000| PB 0x000000008bb00000| Complete 
| 188|0x000000008bc00000, 0x000000008bd00000, 0x000000008bd00000|100%| S|CS|TAMS 0x000000008bc00000| PB 0x000000008bc00000| Complete 
| 189|0x000000008bd00000, 0x000000008be00000, 0x000000008be00000|100%| S|CS|TAMS 0x000000008bd00000| PB 0x000000008bd00000| Complete 
| 190|0x000000008be00000, 0x000000008bf00000, 0x000000008bf00000|100%| S|CS|TAMS 0x000000008be00000| PB 0x000000008be00000| Complete 
| 191|0x000000008bf00000, 0x000000008c000000, 0x000000008c000000|100%| S|CS|TAMS 0x000000008bf00000| PB 0x000000008bf00000| Complete 
| 192|0x000000008c000000, 0x000000008c100000, 0x000000008c100000|100%| S|CS|TAMS 0x000000008c000000| PB 0x000000008c000000| Complete 
| 193|0x000000008c100000, 0x000000008c200000, 0x000000008c200000|100%| S|CS|TAMS 0x000000008c100000| PB 0x000000008c100000| Complete 
| 194|0x000000008c200000, 0x000000008c300000, 0x000000008c300000|100%| S|CS|TAMS 0x000000008c200000| PB 0x000000008c200000| Complete 
| 195|0x000000008c300000, 0x000000008c300000, 0x000000008c400000|  0%| F|  |TAMS 0x000000008c300000| PB 0x000000008c300000| Untracked 
| 196|0x000000008c400000, 0x000000008c400000, 0x000000008c500000|  0%| F|  |TAMS 0x000000008c400000| PB 0x000000008c400000| Untracked 
| 197|0x000000008c500000, 0x000000008c500000, 0x000000008c600000|  0%| F|  |TAMS 0x000000008c500000| PB 0x000000008c500000| Untracked 
| 198|0x000000008c600000, 0x000000008c600000, 0x000000008c700000|  0%| F|  |TAMS 0x000000008c600000| PB 0x000000008c600000| Untracked 
| 199|0x000000008c700000, 0x000000008c700000, 0x000000008c800000|  0%| F|  |TAMS 0x000000008c700000| PB 0x000000008c700000| Untracked 
| 200|0x000000008c800000, 0x000000008c800000, 0x000000008c900000|  0%| F|  |TAMS 0x000000008c800000| PB 0x000000008c800000| Untracked 
| 201|0x000000008c900000, 0x000000008c900000, 0x000000008ca00000|  0%| F|  |TAMS 0x000000008c900000| PB 0x000000008c900000| Untracked 
| 202|0x000000008ca00000, 0x000000008ca00000, 0x000000008cb00000|  0%| F|  |TAMS 0x000000008ca00000| PB 0x000000008ca00000| Untracked 
| 203|0x000000008cb00000, 0x000000008cb00000, 0x000000008cc00000|  0%| F|  |TAMS 0x000000008cb00000| PB 0x000000008cb00000| Untracked 
| 204|0x000000008cc00000, 0x000000008cc00000, 0x000000008cd00000|  0%| F|  |TAMS 0x000000008cc00000| PB 0x000000008cc00000| Untracked 
| 205|0x000000008cd00000, 0x000000008cd00000, 0x000000008ce00000|  0%| F|  |TAMS 0x000000008cd00000| PB 0x000000008cd00000| Untracked 
| 206|0x000000008ce00000, 0x000000008ce00000, 0x000000008cf00000|  0%| F|  |TAMS 0x000000008ce00000| PB 0x000000008ce00000| Untracked 
| 207|0x000000008cf00000, 0x000000008cf00000, 0x000000008d000000|  0%| F|  |TAMS 0x000000008cf00000| PB 0x000000008cf00000| Untracked 
| 208|0x000000008d000000, 0x000000008d000000, 0x000000008d100000|  0%| F|  |TAMS 0x000000008d000000| PB 0x000000008d000000| Untracked 
| 209|0x000000008d100000, 0x000000008d100000, 0x000000008d200000|  0%| F|  |TAMS 0x000000008d100000| PB 0x000000008d100000| Untracked 
| 210|0x000000008d200000, 0x000000008d200000, 0x000000008d300000|  0%| F|  |TAMS 0x000000008d200000| PB 0x000000008d200000| Untracked 
| 211|0x000000008d300000, 0x000000008d300000, 0x000000008d400000|  0%| F|  |TAMS 0x000000008d300000| PB 0x000000008d300000| Untracked 
| 212|0x000000008d400000, 0x000000008d400000, 0x000000008d500000|  0%| F|  |TAMS 0x000000008d400000| PB 0x000000008d400000| Untracked 
| 213|0x000000008d500000, 0x000000008d500000, 0x000000008d600000|  0%| F|  |TAMS 0x000000008d500000| PB 0x000000008d500000| Untracked 
| 214|0x000000008d600000, 0x000000008d600000, 0x000000008d700000|  0%| F|  |TAMS 0x000000008d600000| PB 0x000000008d600000| Untracked 
| 215|0x000000008d700000, 0x000000008d700000, 0x000000008d800000|  0%| F|  |TAMS 0x000000008d700000| PB 0x000000008d700000| Untracked 
| 216|0x000000008d800000, 0x000000008d800000, 0x000000008d900000|  0%| F|  |TAMS 0x000000008d800000| PB 0x000000008d800000| Untracked 
| 217|0x000000008d900000, 0x000000008d900000, 0x000000008da00000|  0%| F|  |TAMS 0x000000008d900000| PB 0x000000008d900000| Untracked 
| 218|0x000000008da00000, 0x000000008da00000, 0x000000008db00000|  0%| F|  |TAMS 0x000000008da00000| PB 0x000000008da00000| Untracked 
| 219|0x000000008db00000, 0x000000008db00000, 0x000000008dc00000|  0%| F|  |TAMS 0x000000008db00000| PB 0x000000008db00000| Untracked 
| 220|0x000000008dc00000, 0x000000008dc00000, 0x000000008dd00000|  0%| F|  |TAMS 0x000000008dc00000| PB 0x000000008dc00000| Untracked 
| 221|0x000000008dd00000, 0x000000008dd00000, 0x000000008de00000|  0%| F|  |TAMS 0x000000008dd00000| PB 0x000000008dd00000| Untracked 
| 222|0x000000008de00000, 0x000000008de00000, 0x000000008df00000|  0%| F|  |TAMS 0x000000008de00000| PB 0x000000008de00000| Untracked 
| 223|0x000000008df00000, 0x000000008df00000, 0x000000008e000000|  0%| F|  |TAMS 0x000000008df00000| PB 0x000000008df00000| Untracked 
| 224|0x000000008e000000, 0x000000008e000000, 0x000000008e100000|  0%| F|  |TAMS 0x000000008e000000| PB 0x000000008e000000| Untracked 
| 225|0x000000008e100000, 0x000000008e100000, 0x000000008e200000|  0%| F|  |TAMS 0x000000008e100000| PB 0x000000008e100000| Untracked 
| 226|0x000000008e200000, 0x000000008e200000, 0x000000008e300000|  0%| F|  |TAMS 0x000000008e200000| PB 0x000000008e200000| Untracked 
| 227|0x000000008e300000, 0x000000008e300000, 0x000000008e400000|  0%| F|  |TAMS 0x000000008e300000| PB 0x000000008e300000| Untracked 
| 228|0x000000008e400000, 0x000000008e4b0030, 0x000000008e500000| 68%| E|  |TAMS 0x000000008e400000| PB 0x000000008e400000| Complete 
| 229|0x000000008e500000, 0x000000008e600000, 0x000000008e600000|100%| E|CS|TAMS 0x000000008e500000| PB 0x000000008e500000| Complete 
| 230|0x000000008e600000, 0x000000008e700000, 0x000000008e700000|100%| E|  |TAMS 0x000000008e600000| PB 0x000000008e600000| Complete 
| 231|0x000000008e700000, 0x000000008e800000, 0x000000008e800000|100%| E|CS|TAMS 0x000000008e700000| PB 0x000000008e700000| Complete 
| 232|0x000000008e800000, 0x000000008e900000, 0x000000008e900000|100%| E|CS|TAMS 0x000000008e800000| PB 0x000000008e800000| Complete 
| 233|0x000000008e900000, 0x000000008ea00000, 0x000000008ea00000|100%| E|CS|TAMS 0x000000008e900000| PB 0x000000008e900000| Complete 
| 234|0x000000008ea00000, 0x000000008eb00000, 0x000000008eb00000|100%| E|CS|TAMS 0x000000008ea00000| PB 0x000000008ea00000| Complete 
| 235|0x000000008eb00000, 0x000000008ec00000, 0x000000008ec00000|100%| E|CS|TAMS 0x000000008eb00000| PB 0x000000008eb00000| Complete 
| 236|0x000000008ec00000, 0x000000008ed00000, 0x000000008ed00000|100%| E|CS|TAMS 0x000000008ec00000| PB 0x000000008ec00000| Complete 
|2045|0x00000000ffd00000, 0x00000000ffe00000, 0x00000000ffe00000|100%| O|  |TAMS 0x00000000ffd00000| PB 0x00000000ffd00000| Untracked 
|2046|0x00000000ffe00000, 0x00000000fff00000, 0x00000000fff00000|100%| O|  |TAMS 0x00000000ffe00000| PB 0x00000000ffe00000| Untracked 
|2047|0x00000000fff00000, 0x00000000fff303b8, 0x0000000100000000| 18%| O|  |TAMS 0x00000000fff00000| PB 0x00000000fff00000| Untracked 

Card table byte_map: [0x0000763a12a00000,0x0000763a12e00000] _byte_map_base: 0x0000763a12600000

Marking Bits: (CMBitMap*) 0x0000763a0c091220
 Bits: [0x0000763a10a00000, 0x0000763a12a00000)

Polling page: 0x0000763a15932000

Metaspace:

Usage:
  Non-class:      1.23 MB used.
      Class:     74.96 KB used.
       Both:      1.30 MB used.

Virtual space:
  Non-class space:       64.00 MB reserved,       1.31 MB (  2%) committed,  1 nodes.
      Class space:        1.00 GB reserved,     128.00 KB ( <1%) committed,  1 nodes.
             Both:        1.06 GB reserved,       1.44 MB ( <1%) committed. 

Chunk freelists:
   Non-Class:  11.60 MB
       Class:  15.69 MB
        Both:  27.29 MB

MaxMetaspaceSize: unlimited
CompressedClassSpaceSize: 1.00 GB
Initial GC threshold: 21.00 MB
Current GC threshold: 21.00 MB
CDS: on
 - commit_granule_bytes: 65536.
 - commit_granule_words: 8192.
 - virtual_space_node_default_size: 8388608.
 - enlarge_chunks_in_place: 1.
 - use_allocation_guard: 0.


Internal statistics:

num_allocs_failed_limit: 0.
num_arena_births: 52.
num_arena_deaths: 0.
num_vsnodes_births: 2.
num_vsnodes_deaths: 0.
num_space_committed: 23.
num_space_uncommitted: 0.
num_chunks_returned_to_freelist: 0.
num_chunks_taken_from_freelist: 80.
num_chunk_merges: 0.
num_chunk_splits: 54.
num_chunks_enlarged: 36.
num_inconsistent_stats: 0.

CodeHeap 'non-profiled nmethods': size=259300Kb used=296Kb max_used=296Kb free=259003Kb
 bounds [0x00007639f80c7000, 0x00007639f8337000, 0x0000763a07e00000]
CodeHeap 'profiled nmethods': size=259296Kb used=1387Kb max_used=1387Kb free=257908Kb
 bounds [0x00007639e7e00000, 0x00007639e8070000, 0x00007639f7b38000]
CodeHeap 'non-nmethods': size=5692Kb used=1394Kb max_used=1410Kb free=4297Kb
 bounds [0x00007639f7b38000, 0x00007639f7da8000, 0x00007639f80c7000]
CodeCache: size=524288Kb, used=3077Kb, max_used=3093Kb, free=521208Kb
 total_blobs=1280, nmethods=858, adapters=328, full_count=0
Compilation: enabled, stopped_count=0, restarted_count=0

Compilation events (20 events):
Event: 0.304 Thread 0x0000763a0c175990  849       3       sun.nio.ch.FileChannelImpl::<init> (148 bytes)
Event: 0.304 Thread 0x0000763a0c175990 nmethod 849 0x00007639e7f56490 code [0x00007639e7f56700, 0x00007639e7f575d0]
Event: 0.304 Thread 0x0000763a0c175990  850       3       java.nio.channels.FileChannel::<init> (5 bytes)
Event: 0.304 Thread 0x0000763a0c175990 nmethod 850 0x00007639e7f57a10 code [0x00007639e7f57bc0, 0x00007639e7f57e98]
Event: 0.304 Thread 0x0000763a0c175990  851       3       java.nio.channels.spi.AbstractInterruptibleChannel::<init> (16 bytes)
Event: 0.304 Thread 0x0000763a0c175990 nmethod 851 0x00007639e7f57f90 code [0x00007639e7f58140, 0x00007639e7f583b8]
Event: 0.304 Thread 0x0000763a0c175990  852       3       sun.nio.ch.NativeThreadSet::<init> (17 bytes)
Event: 0.304 Thread 0x0000763a0c175990 nmethod 852 0x00007639e7f58490 code [0x00007639e7f58640, 0x00007639e7f588a0]
Event: 0.304 Thread 0x0000763a0c175990  853       3       sun.nio.ch.FileChannelImpl$Closer::<init> (10 bytes)
Event: 0.304 Thread 0x0000763a0c175990 nmethod 853 0x00007639e7f58990 code [0x00007639e7f58b20, 0x00007639e7f58cd0]
Event: 0.304 Thread 0x0000763a0c175990  854   !   3       sun.nio.ch.FileChannelImpl::size (261 bytes)
Event: 0.305 Thread 0x0000763a0c175990 nmethod 854 0x00007639e7f58d90 code [0x00007639e7f590a0, 0x00007639e7f5a078]
Event: 0.305 Thread 0x0000763a0c175990  855       3       com.intellij.util.lang.JarLoader::findClass (14 bytes)
Event: 0.305 Thread 0x0000763a0c175990 nmethod 855 0x00007639e7f5a990 code [0x00007639e7f5ab40, 0x00007639e7f5acc8]
Event: 0.311 Thread 0x0000763a0c1742e0  856       4       java.lang.ThreadLocal::get (35 bytes)
Event: 0.312 Thread 0x0000763a0c1742e0 nmethod 856 0x00007639f8110890 code [0x00007639f8110a20, 0x00007639f8110bb0]
Event: 0.324 Thread 0x0000763a0c175990  857       1       java.util.concurrent.locks.AbstractOwnableSynchronizer::getExclusiveOwnerThread (5 bytes)
Event: 0.324 Thread 0x0000763a0c175990 nmethod 857 0x00007639f8110d90 code [0x00007639f8110f20, 0x00007639f8110fe0]
Event: 0.324 Thread 0x0000763a0c175990  858       1       java.util.concurrent.locks.AbstractQueuedSynchronizer::setState (6 bytes)
Event: 0.324 Thread 0x0000763a0c175990 nmethod 858 0x00007639f8111090 code [0x00007639f8111220, 0x00007639f81112e8]

GC Heap History (14 events):
Event: 0.136 GC heap before
{Heap before GC invocations=0 (full 0):
 garbage-first heap   total 134144K, used 29888K [0x0000000080000000, 0x0000000100000000)
  region size 1024K, 23 young (23552K), 0 survivors (0K)
 Metaspace       used 1080K, committed 1216K, reserved 1114112K
  class space    used 73K, committed 128K, reserved 1048576K
}
Event: 0.139 GC heap after
{Heap after GC invocations=1 (full 0):
 garbage-first heap   total 134144K, used 11978K [0x0000000080000000, 0x0000000100000000)
  region size 1024K, 3 young (3072K), 3 survivors (3072K)
 Metaspace       used 1080K, committed 1216K, reserved 1114112K
  class space    used 73K, committed 128K, reserved 1048576K
}
Event: 0.159 GC heap before
{Heap before GC invocations=1 (full 0):
 garbage-first heap   total 134144K, used 39626K [0x0000000080000000, 0x0000000100000000)
  region size 1024K, 31 young (31744K), 3 survivors (3072K)
 Metaspace       used 1156K, committed 1280K, reserved 1114112K
  class space    used 73K, committed 128K, reserved 1048576K
}
Event: 0.161 GC heap after
{Heap after GC invocations=2 (full 0):
 garbage-first heap   total 134144K, used 14382K [0x0000000080000000, 0x0000000100000000)
  region size 1024K, 3 young (3072K), 3 survivors (3072K)
 Metaspace       used 1156K, committed 1280K, reserved 1114112K
  class space    used 73K, committed 128K, reserved 1048576K
}
Event: 0.200 GC heap before
{Heap before GC invocations=2 (full 0):
 garbage-first heap   total 134144K, used 93230K [0x0000000080000000, 0x0000000100000000)
  region size 1024K, 76 young (77824K), 3 survivors (3072K)
 Metaspace       used 1211K, committed 1344K, reserved 1114112K
  class space    used 73K, committed 128K, reserved 1048576K
}
Event: 0.202 GC heap after
{Heap after GC invocations=3 (full 0):
 garbage-first heap   total 134144K, used 22714K [0x0000000080000000, 0x0000000100000000)
  region size 1024K, 7 young (7168K), 7 survivors (7168K)
 Metaspace       used 1211K, committed 1344K, reserved 1114112K
  class space    used 73K, committed 128K, reserved 1048576K
}
Event: 0.221 GC heap before
{Heap before GC invocations=3 (full 0):
 garbage-first heap   total 134144K, used 92346K [0x0000000080000000, 0x0000000100000000)
  region size 1024K, 76 young (77824K), 7 survivors (7168K)
 Metaspace       used 1296K, committed 1472K, reserved 1114112K
  class space    used 73K, committed 128K, reserved 1048576K
}
Event: 0.223 GC heap after
{Heap after GC invocations=4 (full 0):
 garbage-first heap   total 134144K, used 26912K [0x0000000080000000, 0x0000000100000000)
  region size 1024K, 9 young (9216K), 9 survivors (9216K)
 Metaspace       used 1296K, committed 1472K, reserved 1114112K
  class space    used 73K, committed 128K, reserved 1048576K
}
Event: 0.239 GC heap before
{Heap before GC invocations=4 (full 0):
 garbage-first heap   total 134144K, used 94496K [0x0000000080000000, 0x0000000100000000)
  region size 1024K, 76 young (77824K), 9 survivors (9216K)
 Metaspace       used 1310K, committed 1472K, reserved 1114112K
  class space    used 73K, committed 128K, reserved 1048576K
}
Event: 0.242 GC heap after
{Heap after GC invocations=5 (full 0):
 garbage-first heap   total 245760K, used 29661K [0x0000000080000000, 0x0000000100000000)
  region size 1024K, 8 young (8192K), 8 survivors (8192K)
 Metaspace       used 1310K, committed 1472K, reserved 1114112K
  class space    used 73K, committed 128K, reserved 1048576K
}
Event: 0.294 GC heap before
{Heap before GC invocations=5 (full 0):
 garbage-first heap   total 245760K, used 180189K [0x0000000080000000, 0x0000000100000000)
  region size 1024K, 72 young (73728K), 8 survivors (8192K)
 Metaspace       used 1320K, committed 1472K, reserved 1114112K
  class space    used 73K, committed 128K, reserved 1048576K
}
Event: 0.297 GC heap after
{Heap after GC invocations=6 (full 0):
 garbage-first heap   total 245760K, used 35606K [0x0000000080000000, 0x0000000100000000)
  region size 1024K, 10 young (10240K), 10 survivors (10240K)
 Metaspace       used 1320K, committed 1472K, reserved 1114112K
  class space    used 73K, committed 128K, reserved 1048576K
}
Event: 0.317 GC heap before
{Heap before GC invocations=6 (full 0):
 garbage-first heap   total 245760K, used 160534K [0x0000000080000000, 0x0000000100000000)
  region size 1024K, 52 young (53248K), 10 survivors (10240K)
 Metaspace       used 1323K, committed 1472K, reserved 1114112K
  class space    used 73K, committed 128K, reserved 1048576K
}
Event: 0.319 GC heap after
{Heap after GC invocations=7 (full 0):
 garbage-first heap   total 245760K, used 36874K [0x0000000080000000, 0x0000000100000000)
  region size 1024K, 12 young (12288K), 12 survivors (12288K)
 Metaspace       used 1323K, committed 1472K, reserved 1114112K
  class space    used 73K, committed 128K, reserved 1048576K
}

Dll operation events (6 events):
Event: 0.002 Loaded shared library /home/ubuntu/.gradle/caches/8.10.2/transforms/81e4360543fbb01d4f7fb470fa49803d/transformed/ideaIU-2025.3/jbr/lib/libjava.so
Event: 0.002 Loaded shared library /home/ubuntu/.gradle/caches/8.10.2/transforms/81e4360543fbb01d4f7fb470fa49803d/transformed/ideaIU-2025.3/jbr/lib/libzip.so
Event: 0.070 Loaded shared library /home/ubuntu/.gradle/caches/8.10.2/transforms/81e4360543fbb01d4f7fb470fa49803d/transformed/ideaIU-2025.3/jbr/lib/libnio.so
Event: 0.072 Loaded shared library /home/ubuntu/.gradle/caches/8.10.2/transforms/81e4360543fbb01d4f7fb470fa49803d/transformed/ideaIU-2025.3/jbr/lib/libzip.so
Event: 0.089 Loaded shared library /home/ubuntu/.gradle/caches/8.10.2/transforms/81e4360543fbb01d4f7fb470fa49803d/transformed/ideaIU-2025.3/jbr/lib/libinstrument.so
Event: 0.093 Loaded shared library /home/ubuntu/.gradle/caches/8.10.2/transforms/81e4360543fbb01d4f7fb470fa49803d/transformed/ideaIU-2025.3/jbr/lib/libnet.so

Deoptimization events (20 events):
Event: 0.211 Thread 0x0000763a0c0378a0 Uncommon trap: trap_request=0xffffff45 fr.pc=0x00007639f81038d0 relative=0x00000000000001b0
Event: 0.211 Thread 0x0000763a0c0378a0 Uncommon trap: reason=unstable_if action=reinterpret pc=0x00007639f81038d0 method=java.net.URI.match(CJJ)Z @ 19 c2
Event: 0.211 Thread 0x0000763a0c0378a0 DEOPT PACKING pc=0x00007639f81038d0 sp=0x0000763a13f16b80
Event: 0.211 Thread 0x0000763a0c0378a0 DEOPT UNPACKING pc=0x00007639f7b8f619 sp=0x0000763a13f16a90 mode 2
Event: 0.211 Thread 0x0000763a0c0378a0 Uncommon trap: trap_request=0xffffff45 fr.pc=0x00007639f80f4ff8 relative=0x0000000000000058
Event: 0.211 Thread 0x0000763a0c0378a0 Uncommon trap: reason=unstable_if action=reinterpret pc=0x00007639f80f4ff8 method=java.net.URI.match(CJJ)Z @ 19 c2
Event: 0.211 Thread 0x0000763a0c0378a0 DEOPT PACKING pc=0x00007639f80f4ff8 sp=0x0000763a13f16b80
Event: 0.211 Thread 0x0000763a0c0378a0 DEOPT UNPACKING pc=0x00007639f7b8f619 sp=0x0000763a13f16b30 mode 2
Event: 0.215 Thread 0x0000763a0c0378a0 DEOPT PACKING pc=0x00007639e7f2ab5b sp=0x0000763a13f16b20
Event: 0.215 Thread 0x0000763a0c0378a0 DEOPT UNPACKING pc=0x00007639f7b9014f sp=0x0000763a13f160a0 mode 0
Event: 0.224 Thread 0x0000763a0c0378a0 DEOPT PACKING pc=0x00007639e7f2ab5b sp=0x0000763a13f16b20
Event: 0.224 Thread 0x0000763a0c0378a0 DEOPT UNPACKING pc=0x00007639f7b9014f sp=0x0000763a13f160a0 mode 0
Event: 0.230 Thread 0x0000763a0c0378a0 DEOPT PACKING pc=0x00007639e7f2ab5b sp=0x0000763a13f16a90
Event: 0.230 Thread 0x0000763a0c0378a0 DEOPT UNPACKING pc=0x00007639f7b9014f sp=0x0000763a13f16010 mode 0
Event: 0.235 Thread 0x0000763a0c0378a0 DEOPT PACKING pc=0x00007639e7f2ab5b sp=0x0000763a13f16a90
Event: 0.235 Thread 0x0000763a0c0378a0 DEOPT UNPACKING pc=0x00007639f7b9014f sp=0x0000763a13f16010 mode 0
Event: 0.247 Thread 0x0000763a0c0378a0 DEOPT PACKING pc=0x00007639e7f2ab5b sp=0x0000763a13f16a90
Event: 0.247 Thread 0x0000763a0c0378a0 DEOPT UNPACKING pc=0x00007639f7b9014f sp=0x0000763a13f16010 mode 0
Event: 0.269 Thread 0x0000763a0c0378a0 DEOPT PACKING pc=0x00007639e7f2ab5b sp=0x0000763a13f16a90
Event: 0.269 Thread 0x0000763a0c0378a0 DEOPT UNPACKING pc=0x00007639f7b9014f sp=0x0000763a13f16010 mode 0

Classes loaded (20 events):
Event: 0.108 Loading class com/intellij/util/lang/FileLoader$LoaderData
Event: 0.108 Loading class com/intellij/util/lang/FileLoader$LoaderData done
Event: 0.108 Loading class com/intellij/util/lang/StrippedLongSet$SetIterator
Event: 0.108 Loading class com/intellij/util/lang/StrippedLongSet$SetIterator done
Event: 0.108 Loading class com/intellij/util/lang/FileLoader$NameFilter
Event: 0.108 Loading class com/intellij/util/lang/FileLoader$NameFilter done
Event: 0.108 Loading class com/intellij/util/lang/Xor16
Event: 0.108 Loading class com/intellij/util/lang/Xor16 done
Event: 0.110 Loading class com/intellij/util/lang/Ikv
Event: 0.110 Loading class com/intellij/util/lang/Ikv done
Event: 0.110 Loading class com/intellij/util/lang/Ikv$SizeAwareIkv
Event: 0.110 Loading class com/intellij/util/lang/Ikv$SizeAwareIkv done
Event: 0.111 Loading class com/intellij/util/lang/StrippedLongToLongMap
Event: 0.111 Loading class com/intellij/util/lang/StrippedLongToLongMap done
Event: 0.111 Loading class com/intellij/util/lang/ZipResourceFile$1
Event: 0.111 Loading class com/intellij/util/lang/ZipResourceFile$1 done
Event: 0.323 Loading class java/lang/Throwable$WrappedPrintStream
Event: 0.323 Loading class java/lang/Throwable$PrintStreamOrWriter
Event: 0.323 Loading class java/lang/Throwable$PrintStreamOrWriter done
Event: 0.323 Loading class java/lang/Throwable$WrappedPrintStream done

Classes unloaded (0 events):
No events

Classes redefined (0 events):
No events

Internal exceptions (8 events):
Event: 0.075 Thread 0x0000763a0c0378a0 Implicit null exception at 0x00007639f80d70e9 to 0x00007639f80d723c
Event: 0.076 Thread 0x0000763a0c0378a0 Exception <a 'java/lang/NoSuchMethodError'{0x0000000087c38288}: 'java.lang.Object java.lang.invoke.DirectMethodHandle$Holder.invokeStaticInit(java.lang.Object, int, java.lang.Object, java.lang.Object)'> (0x0000000087c38288) 
thrown [src/hotspot/share/interpreter/linkResolver.cpp, line 783]
Event: 0.076 Thread 0x0000763a0c0378a0 Exception <a 'java/lang/NoSuchMethodError'{0x0000000087c3e838}: 'java.lang.Object java.lang.invoke.DirectMethodHandle$Holder.newInvokeSpecial(java.lang.Object, int, java.lang.Object)'> (0x0000000087c3e838) 
thrown [src/hotspot/share/interpreter/linkResolver.cpp, line 783]
Event: 0.084 Thread 0x0000763a0c0378a0 Exception <a 'java/lang/NoSuchMethodError'{0x0000000087cb48c0}: 'java.lang.Object java.lang.invoke.DirectMethodHandle$Holder.invokeStaticInit(java.lang.Object, long)'> (0x0000000087cb48c0) 
thrown [src/hotspot/share/interpreter/linkResolver.cpp, line 783]
Event: 0.094 Thread 0x0000763a0c0378a0 Exception <a 'java/lang/NoSuchMethodError'{0x0000000087b04868}: 'int java.lang.invoke.DirectMethodHandle$Holder.invokeSpecial(java.lang.Object, java.lang.Object, java.lang.Object, int)'> (0x0000000087b04868) 
thrown [src/hotspot/share/interpreter/linkResolver.cpp, line 783]
Event: 0.096 Thread 0x0000763a0c0378a0 Exception <a 'java/lang/NoSuchMethodError'{0x0000000087b17000}: 'java.lang.Object java.lang.invoke.DirectMethodHandle$Holder.invokeStatic(java.lang.Object, java.lang.Object, java.lang.Object, java.lang.Object, int)'> (0x0000000087b17000) 
thrown [src/hotspot/share/interpreter/linkResolver.cpp, line 783]
Event: 0.096 Thread 0x0000763a0c0378a0 Exception <a 'java/lang/NoSuchMethodError'{0x0000000087b1ee90}: 'long java.lang.invoke.DirectMethodHandle$Holder.invokeStatic(java.lang.Object, java.lang.Object, int)'> (0x0000000087b1ee90) 
thrown [src/hotspot/share/interpreter/linkResolver.cpp, line 783]
Event: 0.097 Thread 0x0000763a0c0378a0 Exception <a 'java/lang/NoSuchMethodError'{0x0000000087b2a3d0}: 'java.lang.Object java.lang.invoke.DelegatingMethodHandle$Holder.reinvoke_L(java.lang.Object, int, long, java.lang.Object, java.lang.Object, int, java.lang.Object)'> (0x0000000087b2a3d0) 
thrown [src/hotspot/share/interpreter/linkResolver.cpp, line 783]

ZGC Phase Switch (0 events):
No events

VM Operations (20 events):
Event: 0.060 Executing VM operation: HandshakeAllThreads (Deoptimize)
Event: 0.060 Executing VM operation: HandshakeAllThreads (Deoptimize) done
Event: 0.069 Executing VM operation: HandshakeAllThreads (Deoptimize)
Event: 0.069 Executing VM operation: HandshakeAllThreads (Deoptimize) done
Event: 0.086 Executing VM operation: HandshakeAllThreads (Deoptimize)
Event: 0.086 Executing VM operation: HandshakeAllThreads (Deoptimize) done
Event: 0.136 Executing VM operation: G1CollectForAllocation (G1 Evacuation Pause)
Event: 0.139 Executing VM operation: G1CollectForAllocation (G1 Evacuation Pause) done
Event: 0.159 Executing VM operation: G1CollectForAllocation (G1 Evacuation Pause)
Event: 0.161 Executing VM operation: G1CollectForAllocation (G1 Evacuation Pause) done
Event: 0.200 Executing VM operation: G1CollectForAllocation (G1 Evacuation Pause)
Event: 0.202 Executing VM operation: G1CollectForAllocation (G1 Evacuation Pause) done
Event: 0.221 Executing VM operation: G1CollectForAllocation (G1 Evacuation Pause)
Event: 0.223 Executing VM operation: G1CollectForAllocation (G1 Evacuation Pause) done
Event: 0.239 Executing VM operation: G1CollectForAllocation (G1 Evacuation Pause)
Event: 0.242 Executing VM operation: G1CollectForAllocation (G1 Evacuation Pause) done
Event: 0.294 Executing VM operation: G1TryInitiateConcMark (G1 Humongous Allocation)
Event: 0.297 Executing VM operation: G1TryInitiateConcMark (G1 Humongous Allocation) done
Event: 0.317 Executing VM operation: G1TryInitiateConcMark (G1 Humongous Allocation)
Event: 0.319 Executing VM operation: G1TryInitiateConcMark (G1 Humongous Allocation) done

Memory protections (9 events):
Event: 0.002 Protecting memory [0x0000763a13e19000,0x0000763a13e1d000] with protection modes 0
Event: 0.026 Protecting memory [0x00007639e5300000,0x00007639e5304000] with protection modes 0
Event: 0.027 Protecting memory [0x00007639e5200000,0x00007639e5204000] with protection modes 0
Event: 0.027 Protecting memory [0x00007639e5100000,0x00007639e5104000] with protection modes 0
Event: 0.027 Protecting memory [0x00007639e5000000,0x00007639e5004000] with protection modes 0
Event: 0.027 Protecting memory [0x00007639e4f00000,0x00007639e4f04000] with protection modes 0
Event: 0.027 Protecting memory [0x00007639e4e00000,0x00007639e4e04000] with protection modes 0
Event: 0.027 Protecting memory [0x00007639e4d00000,0x00007639e4d04000] with protection modes 0
Event: 0.027 Protecting memory [0x00007639e4c00000,0x00007639e4c04000] with protection modes 0

Nmethod flushes (0 events):
No events

Events (9 events):
Event: 0.019 Thread 0x0000763a0c0378a0 Thread added: 0x0000763a0c0378a0
Event: 0.026 Thread 0x0000763a0c0378a0 Thread added: 0x0000763a0c169cb0
Event: 0.027 Thread 0x0000763a0c0378a0 Thread added: 0x0000763a0c16cef0
Event: 0.027 Thread 0x0000763a0c0378a0 Thread added: 0x0000763a0c16e460
Event: 0.027 Thread 0x0000763a0c0378a0 Thread added: 0x0000763a0c16fbe0
Event: 0.027 Thread 0x0000763a0c0378a0 Thread added: 0x0000763a0c171220
Event: 0.027 Thread 0x0000763a0c0378a0 Thread added: 0x0000763a0c1727b0
Event: 0.027 Thread 0x0000763a0c0378a0 Thread added: 0x0000763a0c1742e0
Event: 0.027 Thread 0x0000763a0c0378a0 Thread added: 0x0000763a0c175990


Dynamic libraries:
80000000-8ed00000 rw-p 00000000 00:00 0 
8ed00000-ffd00000 ---p 00000000 00:00 0 
ffd00000-fff31000 rw-p 01d0a000 fd:01 4393180                            /home/ubuntu/.gradle/caches/8.10.2/transforms/81e4360543fbb01d4f7fb470fa49803d/transformed/ideaIU-2025.3/jbr/lib/server/classes.jsa
fff31000-100000000 rw-p 00000000 00:00 0 
644e651d7000-644e651d8000 r--p 00000000 fd:01 4393007                    /home/ubuntu/.gradle/caches/8.10.2/transforms/81e4360543fbb01d4f7fb470fa49803d/transformed/ideaIU-2025.3/jbr/bin/java
644e651d8000-644e651d9000 r-xp 00001000 fd:01 4393007                    /home/ubuntu/.gradle/caches/8.10.2/transforms/81e4360543fbb01d4f7fb470fa49803d/transformed/ideaIU-2025.3/jbr/bin/java
644e651d9000-644e651da000 r--p 00002000 fd:01 4393007                    /home/ubuntu/.gradle/caches/8.10.2/transforms/81e4360543fbb01d4f7fb470fa49803d/transformed/ideaIU-2025.3/jbr/bin/java
644e651da000-644e651db000 r--p 00002000 fd:01 4393007                    /home/ubuntu/.gradle/caches/8.10.2/transforms/81e4360543fbb01d4f7fb470fa49803d/transformed/ideaIU-2025.3/jbr/bin/java
644e651db000-644e651dc000 rw-p 00003000 fd:01 4393007                    /home/ubuntu/.gradle/caches/8.10.2/transforms/81e4360543fbb01d4f7fb470fa49803d/transformed/ideaIU-2025.3/jbr/bin/java
644e9309c000-644e930de000 rw-p 00000000 00:00 0                          [heap]
76389f000000-76389f3d9000 r--s 00000000 fd:01 4391396                    /home/ubuntu/.gradle/caches/8.10.2/transforms/81e4360543fbb01d4f7fb470fa49803d/transformed/ideaIU-2025.3/plugins/featuresTrainer/lib/featuresTrainer.jar
76389f400000-76389f7c0000 r--s 00000000 fd:01 4391398                    /home/ubuntu/.gradle/caches/8.10.2/transforms/81e4360543fbb01d4f7fb470fa49803d/transformed/ideaIU-2025.3/plugins/featuresTrainer/lib/assertj.jar
76389f800000-7638a0423000 r--s 00000000 fd:01 4389168                    /home/ubuntu/.gradle/caches/8.10.2/transforms/81e4360543fbb01d4f7fb470fa49803d/transformed/ideaIU-2025.3/plugins/grazie/lib/grazie-frontend.jar
7638a0600000-7638a094f000 r--s 00000000 fd:01 4389172                    /home/ubuntu/.gradle/caches/8.10.2/transforms/81e4360543fbb01d4f7fb470fa49803d/transformed/ideaIU-2025.3/plugins/grazie/lib/grazie.jar
7638a0a00000-7638a1c79000 r--s 00000000 fd:01 4389173                    /home/ubuntu/.gradle/caches/8.10.2/transforms/81e4360543fbb01d4f7fb470fa49803d/transformed/ideaIU-2025.3/plugins/grazie/lib/org.jetbrains.intellij.deps.languagetool-language-en.jar
7638a1e00000-7638a2efb000 r--s 00000000 fd:01 4389165                    /home/ubuntu/.gradle/caches/8.10.2/transforms/81e4360543fbb01d4f7fb470fa49803d/transformed/ideaIU-2025.3/plugins/grazie/lib/ai.grazie.api.gateway.client.jvm.jar
7638a3000000-7638a3704000 r--s 00000000 fd:01 4389155                    /home/ubuntu/.gradle/caches/8.10.2/transforms/81e4360543fbb01d4f7fb470fa49803d/transformed/ideaIU-2025.3/plugins/grazie/lib/ai.grazie.rule.engine.jar
7638a3800000-7638a3a76000 r--s 00000000 fd:01 4389164                    /home/ubuntu/.gradle/caches/8.10.2/transforms/81e4360543fbb01d4f7fb470fa49803d/transformed/ideaIU-2025.3/plugins/grazie/lib/ai.grazie.tasks.library.api.jvm.jar
7638a3c00000-7638a40c2000 r--s 00000000 fd:01 4389154                    /home/ubuntu/.gradle/caches/8.10.2/transforms/81e4360543fbb01d4f7fb470fa49803d/transformed/ideaIU-2025.3/plugins/grazie/lib/com.carrotsearch-hppc.jar
7638a4200000-7638a471c000 r--s 00000000 fd:01 4389161                    /home/ubuntu/.gradle/caches/8.10.2/transforms/81e4360543fbb01d4f7fb470fa49803d/transformed/ideaIU-2025.3/plugins/grazie/lib/org.jetbrains.intellij.deps.languagetool-languagetool-core.jar
7638a4800000-7638a4a71000 r--s 00000000 fd:01 4391478                    /home/ubuntu/.gradle/caches/8.10.2/transforms/81e4360543fbb01d4f7fb470fa49803d/transformed/ideaIU-2025.3/plugins/packageChecker/lib/packageChecker.jar
7638a4c00000-7638a7e15000 r--s 00000000 fd:01 4389064                    /home/ubuntu/.gradle/caches/8.10.2/transforms/81e4360543fbb01d4f7fb470fa49803d/transformed/ideaIU-2025.3/plugins/terminal/lib/terminal-completion-db-with-extensions.jar
7638a8000000-7638a8021000 rw-p 00000000 00:00 0 
7638a8021000-7638ac000000 ---p 00000000 00:00 0 
7638ac114000-7638ac400000 rw-p 00000000 00:00 0 
7638ac400000-7638ac990000 r--s 00000000 fd:01 4390720                    /home/ubuntu/.gradle/caches/8.10.2/transforms/81e4360543fbb01d4f7fb470fa49803d/transformed/ideaIU-2025.3/plugins/vuejs-plugin/lib/modules/intellij.vuejs.backend.jar
7638aca00000-7638ace21000 r--s 00000000 fd:01 4391376                    /home/ubuntu/.gradle/caches/8.10.2/transforms/81e4360543fbb01d4f7fb470fa49803d/transformed/ideaIU-2025.3/plugins/textmate-plugin/lib/modules/intellij.textmate.joni.jar
7638ad000000-7638ad819000 r--s 00000000 fd:01 4389068                    /home/ubuntu/.gradle/caches/8.10.2/transforms/81e4360543fbb01d4f7fb470fa49803d/transformed/ideaIU-2025.3/plugins/terminal/lib/terminal.jar
7638ada00000-7638ade32000 r--s 00000000 fd:01 4390493                    /home/ubuntu/.gradle/caches/8.10.2/transforms/81e4360543fbb01d4f7fb470fa49803d/transformed/ideaIU-2025.3/plugins/sass-plugin/lib/modules/intellij.sass.backend.jar
7638ae000000-7638ae211000 r--s 00000000 fd:01 4390762                    /home/ubuntu/.gradle/caches/8.10.2/transforms/81e4360543fbb01d4f7fb470fa49803d/transformed/ideaIU-2025.3/plugins/kotlin-jupyter-plugin/lib/modules/intellij.kotlin.jupyter.plots.jar
7638ae400000-7638aed2f000 r--s 00000000 fd:01 4390766                    /home/ubuntu/.gradle/caches/8.10.2/transforms/81e4360543fbb01d4f7fb470fa49803d/transformed/ideaIU-2025.3/plugins/kotlin-jupyter-plugin/lib/modules/intellij.kotlin.jupyter.core.jar
7638aee00000-7638af5da000 r--s 00000000 fd:01 4390759                    /home/ubuntu/.gradle/caches/8.10.2/transforms/81e4360543fbb01d4f7fb470fa49803d/transformed/ideaIU-2025.3/plugins/kotlin-jupyter-plugin/lib/batik-transcoder.jar
7638af600000-7638afac1000 r--s 00000000 fd:01 4389126                    /home/ubuntu/.gradle/caches/8.10.2/transforms/81e4360543fbb01d4f7fb470fa49803d/transformed/ideaIU-2025.3/plugins/gradle-java/lib/gradle-jps.jar
7638afc00000-7638afecc000 r--s 00000000 fd:01 4389120                    /home/ubuntu/.gradle/caches/8.10.2/transforms/81e4360543fbb01d4f7fb470fa49803d/transformed/ideaIU-2025.3/plugins/gradle-java/lib/gradle-java.jar
7638b0000000-7638b0021000 rw-p 00000000 00:00 0 
7638b0021000-7638b4000000 ---p 00000000 00:00 0 
7638b4279000-7638b4400000 rw-p 00000000 00:00 0 
7638b4400000-7638b4fe4000 r--s 00000000 fd:01 4390835                    /home/ubuntu/.gradle/caches/8.10.2/transforms/81e4360543fbb01d4f7fb470fa49803d/transformed/ideaIU-2025.3/plugins/vcs-gitlab/lib/vcs-gitlab.jar
7638b5000000-7638b5b6b000 r--s 00000000 fd:01 4389465                    /home/ubuntu/.gradle/caches/8.10.2/transforms/81e4360543fbb01d4f7fb470fa49803d/transformed/ideaIU-2025.3/plugins/vcs-github/lib/vcs-github.jar
7638b5c00000-7638b5ea0000 r--s 00000000 fd:01 4389103                    /home/ubuntu/.gradle/caches/8.10.2/transforms/81e4360543fbb01d4f7fb470fa49803d/transformed/ideaIU-2025.3/plugins/clouds-docker-gateway/lib/clouds-docker-gateway.jar
7638b6000000-7638b7007000 r--s 00000000 fd:01 4389693                    /home/ubuntu/.gradle/caches/8.10.2/transforms/81e4360543fbb01d4f7fb470fa49803d/transformed/ideaIU-2025.3/plugins/Kotlin/lib/kotlinc.kotlin-compiler-ir.jar
7638b704b000-7638b7200000 r--s 00000000 fd:01 4391397                    /home/ubuntu/.gradle/caches/8.10.2/transforms/81e4360543fbb01d4f7fb470fa49803d/transformed/ideaIU-2025.3/plugins/featuresTrainer/lib/assertj-swing.jar
7638b7200000-7638b74d0000 r--s 00000000 fd:01 4389710                    /home/ubuntu/.gradle/caches/8.10.2/transforms/81e4360543fbb01d4f7fb470fa49803d/transformed/ideaIU-2025.3/plugins/Kotlin/lib/vavr.jar
7638b7600000-7638b7860000 r--s 00000000 fd:01 4389707                    /home/ubuntu/.gradle/caches/8.10.2/transforms/81e4360543fbb01d4f7fb470fa49803d/transformed/ideaIU-2025.3/plugins/Kotlin/lib/kotlinc.compose-compiler-plugin.jar
7638b786b000-7638b7904000 r--s 00000000 fd:01 4389424                    /home/ubuntu/.gradle/caches/8.10.2/transforms/81e4360543fbb01d4f7fb470fa49803d/transformed/ideaIU-2025.3/plugins/tslint/lib/tslint.jar
7638b7904000-7638b79a5000 r--s 00000000 fd:01 4391399                    /home/ubuntu/.gradle/caches/8.10.2/transforms/81e4360543fbb01d4f7fb470fa49803d/transformed/ideaIU-2025.3/plugins/featuresTrainer/lib/git-learning-project.jar
7638b79a5000-7638b7a00000 r--s 00000000 fd:01 4389157                    /home/ubuntu/.gradle/caches/8.10.2/transforms/81e4360543fbb01d4f7fb470fa49803d/transformed/ideaIU-2025.3/plugins/grazie/lib/com.vdurmont-emoji-java.jar
7638b7a00000-7638ba2e0000 r--s 00000000 fd:01 4389711                    /home/ubuntu/.gradle/caches/8.10.2/transforms/81e4360543fbb01d4f7fb470fa49803d/transformed/ideaIU-2025.3/plugins/Kotlin/lib/kotlinc.kotlin-compiler-fe10.jar
7638ba2f6000-7638ba400000 r--s 00000000 fd:01 4390263                    /home/ubuntu/.gradle/caches/8.10.2/transforms/81e4360543fbb01d4f7fb470fa49803d/transformed/ideaIU-2025.3/plugins/yaml/lib/modules/intellij.yaml.backend.jar
7638ba400000-7638bbc70000 r--s 00000000 fd:01 4389684                    /home/ubuntu/.gradle/caches/8.10.2/transforms/81e4360543fbb01d4f7fb470fa49803d/transformed/ideaIU-2025.3/plugins/Kotlin/lib/kotlinc.kotlin-compiler-common.jar
7638bbc89000-7638bbd17000 r--s 00000000 fd:01 4389167                    /home/ubuntu/.gradle/caches/8.10.2/transforms/81e4360543fbb01d4f7fb470fa49803d/transformed/ideaIU-2025.3/plugins/grazie/lib/tech.units-indriya.jar
7638bbd17000-7638bbe00000 r--s 00000000 fd:01 4391374                    /home/ubuntu/.gradle/caches/8.10.2/transforms/81e4360543fbb01d4f7fb470fa49803d/transformed/ideaIU-2025.3/plugins/textmate-plugin/lib/modules/intellij.textmate.core.jar
7638bbe00000-7638bc98f000 r--s 00000000 fd:01 4389709                    /home/ubuntu/.gradle/caches/8.10.2/transforms/81e4360543fbb01d4f7fb470fa49803d/transformed/ideaIU-2025.3/plugins/Kotlin/lib/kotlinc.kotlin-dataframe-compiler-plugin.jar
7638bc99a000-7638bc9c2000 r--s 00000000 fd:01 4389153                    /home/ubuntu/.gradle/caches/8.10.2/transforms/81e4360543fbb01d4f7fb470fa49803d/transformed/ideaIU-2025.3/plugins/grazie/lib/org.json-json.jar
7638bc9c2000-7638bca00000 r--s 00000000 fd:01 4389152                    /home/ubuntu/.gradle/caches/8.10.2/transforms/81e4360543fbb01d4f7fb470fa49803d/transformed/ideaIU-2025.3/plugins/grazie/lib/ai.grazie.client.ktor.jvm.jar
7638bca00000-7638bd564000 r--s 00000000 fd:01 4389704                    /home/ubuntu/.gradle/caches/8.10.2/transforms/81e4360543fbb01d4f7fb470fa49803d/transformed/ideaIU-2025.3/plugins/Kotlin/lib/kotlin-gradle-tooling.jar
7638bd58a000-7638bd5a9000 r--s 00000000 fd:01 4389160                    /home/ubuntu/.gradle/caches/8.10.2/transforms/81e4360543fbb01d4f7fb470fa49803d/transformed/ideaIU-2025.3/plugins/grazie/lib/ai.grazie.tasks.library.model.jvm.jar
7638bd5a9000-7638bd600000 r--s 00000000 fd:01 4389717                    /home/ubuntu/.gradle/caches/8.10.2/transforms/81e4360543fbb01d4f7fb470fa49803d/transformed/ideaIU-2025.3/plugins/toml/lib/toml.jar
7638bd600000-7638c7a73000 r--s 00000000 fd:01 4389708                    /home/ubuntu/.gradle/caches/8.10.2/transforms/81e4360543fbb01d4f7fb470fa49803d/transformed/ideaIU-2025.3/plugins/Kotlin/lib/kotlin-plugin.jar
7638c7a7e000-7638c7c00000 r--s 00000000 fd:01 4390501                    /home/ubuntu/.gradle/caches/8.10.2/transforms/81e4360543fbb01d4f7fb470fa49803d/transformed/ideaIU-2025.3/plugins/remoteRun/lib/remoteRun.jar
7638c7c00000-7638c7e3e000 r--s 00000000 fd:01 4390641                    /home/ubuntu/.gradle/caches/8.10.2/transforms/81e4360543fbb01d4f7fb470fa49803d/transformed/ideaIU-2025.3/plugins/java-decompiler/lib/java-decompiler.jar
7638c7e4b000-7638c7ee0000 r--s 00000000 fd:01 4390259                    /home/ubuntu/.gradle/caches/8.10.2/transforms/81e4360543fbb01d4f7fb470fa49803d/transformed/ideaIU-2025.3/plugins/yaml/lib/yaml.jar
7638c7ee0000-7638c8000000 r--s 00000000 fd:01 4389257                    /home/ubuntu/.gradle/caches/8.10.2/transforms/81e4360543fbb01d4f7fb470fa49803d/transformed/ideaIU-2025.3/plugins/javaFX/lib/modules/intellij.javaFX.jar
7638c8000000-7638c878f000 r--s 00000000 fd:01 4390338                    /home/ubuntu/.gradle/caches/8.10.2/transforms/81e4360543fbb01d4f7fb470fa49803d/transformed/ideaIU-2025.3/plugins/maven/lib/jetbrains.idea.maven.indexer.api.rt.jar
7638c8794000-7638c8800000 r--s 00000000 fd:01 4391377                    /home/ubuntu/.gradle/caches/8.10.2/transforms/81e4360543fbb01d4f7fb470fa49803d/transformed/ideaIU-2025.3/plugins/textmate-plugin/lib/modules/intellij.textmate.jar
7638c8800000-7638c933b000 r--s 00000000 fd:01 4390466                    /home/ubuntu/.gradle/caches/8.10.2/transforms/81e4360543fbb01d4f7fb470fa49803d/transformed/ideaIU-2025.3/plugins/maven/lib/maven.jar
7638c933f000-7638c936c000 r--s 00000000 fd:01 4389159                    /home/ubuntu/.gradle/caches/8.10.2/transforms/81e4360543fbb01d4f7fb470fa49803d/transformed/ideaIU-2025.3/plugins/grazie/lib/net.loomchild-segment.jar
7638c936c000-7638c9400000 r--s 00000000 fd:01 4389067                    /home/ubuntu/.gradle/caches/8.10.2/transforms/81e4360543fbb01d4f7fb470fa49803d/transformed/ideaIU-2025.3/plugins/terminal/lib/completion-ranking-sh.jar
7638c9400000-7638c9730000 r--s 00000000 fd:01 4389538                    /home/ubuntu/.gradle/caches/8.10.2/transforms/81e4360543fbb01d4f7fb470fa49803d/transformed/ideaIU-2025.3/plugins/android-gradle-dsl/lib/android-gradle-dsl.jar
7638c9748000-7638c976a000 r--s 00000000 fd:01 4389162                    /home/ubuntu/.gradle/caches/8.10.2/transforms/81e4360543fbb01d4f7fb470fa49803d/transformed/ideaIU-2025.3/plugins/grazie/lib/ai.grazie.model.tree.jvm.jar
7638c976a000-7638c9800000 r--s 00000000 fd:01 4389456                    /home/ubuntu/.gradle/caches/8.10.2/transforms/81e4360543fbb01d4f7fb470fa49803d/transformed/ideaIU-2025.3/plugins/less/lib/less.jar
7638c9800000-7638c9c2a000 r--s 00000000 fd:01 4389335                    /home/ubuntu/.gradle/caches/8.10.2/transforms/81e4360543fbb01d4f7fb470fa49803d/transformed/ideaIU-2025.3/plugins/fullLine/lib/modules/intellij.fullLine.local.jar
7638c9c44000-7638c9e00000 r--s 00000000 fd:01 4389694                    /home/ubuntu/.gradle/caches/8.10.2/transforms/81e4360543fbb01d4f7fb470fa49803d/transformed/ideaIU-2025.3/plugins/Kotlin/lib/kotlin-plugin-shared.jar
7638c9e00000-7638ca1bd000 r--s 00000000 fd:01 4389359                    /home/ubuntu/.gradle/caches/8.10.2/transforms/81e4360543fbb01d4f7fb470fa49803d/transformed/ideaIU-2025.3/plugins/fullLine/lib/modules/intellij.fullLine.go.local.jar
7638ca1d4000-7638ca200000 r--s 00000000 fd:01 4390722                    /home/ubuntu/.gradle/caches/8.10.2/transforms/81e4360543fbb01d4f7fb470fa49803d/transformed/ideaIU-2025.3/plugins/vuejs-plugin/lib/modules/intellij.vuejs.common.jar
7638ca200000-7638ca56b000 r--s 00000000 fd:01 4389343                    /home/ubuntu/.gradle/caches/8.10.2/transforms/81e4360543fbb01d4f7fb470fa49803d/transformed/ideaIU-2025.3/plugins/fullLine/lib/modules/intellij.ml.llm.java.completion.jar
7638ca583000-7638ca5a5000 r--s 00000000 fd:01 4389066                    /home/ubuntu/.gradle/caches/8.10.2/transforms/81e4360543fbb01d4f7fb470fa49803d/transformed/ideaIU-2025.3/plugins/terminal/lib/modules/intellij.terminal.frontend.split.jar
7638ca5a5000-7638ca5c6000 r--s 00000000 fd:01 4389063                    /home/ubuntu/.gradle/caches/8.10.2/transforms/81e4360543fbb01d4f7fb470fa49803d/transformed/ideaIU-2025.3/plugins/terminal/lib/terminal-completion-spec.jar
7638ca5c6000-7638ca600000 r--s 00000000 fd:01 4390489                    /home/ubuntu/.gradle/caches/8.10.2/transforms/81e4360543fbb01d4f7fb470fa49803d/transformed/ideaIU-2025.3/plugins/sass-plugin/lib/modules/intellij.sass.common.jar
7638ca600000-7638caa4d000 r--s 00000000 fd:01 4389341                    /home/ubuntu/.gradle/caches/8.10.2/transforms/81e4360543fbb01d4f7fb470fa49803d/transformed/ideaIU-2025.3/plugins/fullLine/lib/modules/intellij.fullLine.rider.cpp.local.jar
7638caa54000-7638cac00000 r--s 00000000 fd:01 4389473                    /home/ubuntu/.gradle/caches/8.10.2/transforms/81e4360543fbb01d4f7fb470fa49803d/transformed/ideaIU-2025.3/plugins/vcs-github/lib/modules/intellij.vcs.github.ultimate.features.jar
7638cac00000-7638cb004000 r--s 00000000 fd:01 4389348                    /home/ubuntu/.gradle/caches/8.10.2/transforms/81e4360543fbb01d4f7fb470fa49803d/transformed/ideaIU-2025.3/plugins/fullLine/lib/modules/intellij.fullLine.rider.csharp.local.jar
7638cb006000-7638cb200000 r--s 00000000 fd:01 4389358                    /home/ubuntu/.gradle/caches/8.10.2/transforms/81e4360543fbb01d4f7fb470fa49803d/transformed/ideaIU-2025.3/plugins/fullLine/lib/modules/intellij.fullLine.html.local.jar
7638cb200000-7638cb6e5000 r--s 00000000 fd:01 4389338                    /home/ubuntu/.gradle/caches/8.10.2/transforms/81e4360543fbb01d4f7fb470fa49803d/transformed/ideaIU-2025.3/plugins/fullLine/lib/modules/intellij.ml.llm.kotlin.completion.jar
7638cb6e5000-7638cb6ff000 r--s 00000000 fd:01 4389174                    /home/ubuntu/.gradle/caches/8.10.2/transforms/81e4360543fbb01d4f7fb470fa49803d/transformed/ideaIU-2025.3/plugins/grazie/lib/org.carrot2-morfologik-stemming.jar
7638cb6ff000-7638cb700000 ---p 00000000 00:00 0 
7638cb700000-7638cb800000 rw-p 00000000 00:00 0 
7638cb800000-7638cbbc2000 r--s 00000000 fd:01 4389370                    /home/ubuntu/.gradle/caches/8.10.2/transforms/81e4360543fbb01d4f7fb470fa49803d/transformed/ideaIU-2025.3/plugins/fullLine/lib/modules/intellij.fullLine.python.local.jar
7638cbbcf000-7638cbc00000 r--s 00000000 fd:01 4390491                    /home/ubuntu/.gradle/caches/8.10.2/transforms/81e4360543fbb01d4f7fb470fa49803d/transformed/ideaIU-2025.3/plugins/sass-plugin/lib/modules/intellij.sass.jar
7638cbc00000-7638cbe26000 r--s 00000000 fd:01 4389351                    /home/ubuntu/.gradle/caches/8.10.2/transforms/81e4360543fbb01d4f7fb470fa49803d/transformed/ideaIU-2025.3/plugins/fullLine/lib/modules/intellij.ml.llm.rider.cpp.completion.jar
7638cbe28000-7638cbe61000 r--s 00000000 fd:01 4389549                    /home/ubuntu/.gradle/caches/8.10.2/transforms/81e4360543fbb01d4f7fb470fa49803d/transformed/ideaIU-2025.3/plugins/nodeJS-remoteInterpreter/lib/nodeJS-remoteInterpreter.jar
7638cbe61000-7638cbe84000 r--s 00000000 fd:01 4390764                    /home/ubuntu/.gradle/caches/8.10.2/transforms/81e4360543fbb01d4f7fb470fa49803d/transformed/ideaIU-2025.3/plugins/kotlin-jupyter-plugin/lib/modules/intellij.kotlin.jupyter.tables.jar
7638cbe84000-7638cbeff000 r--s 00000000 fd:01 4389260                    /home/ubuntu/.gradle/caches/8.10.2/transforms/81e4360543fbb01d4f7fb470fa49803d/transformed/ideaIU-2025.3/plugins/javaFX/lib/javaFX.jar
7638cbeff000-7638cbf00000 ---p 00000000 00:00 0 
7638cbf00000-7638cc000000 rw-p 00000000 00:00 0 
7638cc000000-7638cc223000 r--s 00000000 fd:01 4389331                    /home/ubuntu/.gradle/caches/8.10.2/transforms/81e4360543fbb01d4f7fb470fa49803d/transformed/ideaIU-2025.3/plugins/fullLine/lib/modules/intellij.ml.llm.rust.completion.jar
7638cc230000-7638cc240000 r--s 00000000 fd:01 4389171                    /home/ubuntu/.gradle/caches/8.10.2/transforms/81e4360543fbb01d4f7fb470fa49803d/transformed/ideaIU-2025.3/plugins/grazie/lib/javax.measure-unit-api.jar
7638cc240000-7638cc27a000 r--s 00000000 fd:01 4390767                    /home/ubuntu/.gradle/caches/8.10.2/transforms/81e4360543fbb01d4f7fb470fa49803d/transformed/ideaIU-2025.3/plugins/kotlin-jupyter-plugin/lib/modules/intellij.kotlin.jupyter.k1.jar
7638cc27a000-7638cc400000 r--s 00000000 fd:01 4389688                    /home/ubuntu/.gradle/caches/8.10.2/transforms/81e4360543fbb01d4f7fb470fa49803d/transformed/ideaIU-2025.3/plugins/Kotlin/lib/kotlinc.kotlinx-serialization-compiler-plugin.jar
7638cc400000-7638cc6a1000 r--s 00000000 fd:01 4389373                    /home/ubuntu/.gradle/caches/8.10.2/transforms/81e4360543fbb01d4f7fb470fa49803d/transformed/ideaIU-2025.3/plugins/fullLine/lib/modules/intellij.fullLine.ruby.local.jar
7638cc6a7000-7638cc6ae000 r--s 00000000 fd:01 4389169                    /home/ubuntu/.gradle/caches/8.10.2/transforms/81e4360543fbb01d4f7fb470fa49803d/transformed/ideaIU-2025.3/plugins/grazie/lib/org.carrot2-morfologik-speller.jar
7638cc6ae000-7638cc6bc000 r--s 00000000 fd:01 4389163                    /home/ubuntu/.gradle/caches/8.10.2/transforms/81e4360543fbb01d4f7fb470fa49803d/transformed/ideaIU-2025.3/plugins/grazie/lib/org.carrot2-morfologik-fsa-builders.jar
7638cc6bc000-7638cc72c000 r--s 00000000 fd:01 4390840                    /home/ubuntu/.gradle/caches/8.10.2/transforms/81e4360543fbb01d4f7fb470fa49803d/transformed/ideaIU-2025.3/plugins/vcs-gitlab/lib/modules/intellij.vcs.gitlab.ultimate.features.jar
7638cc72c000-7638cc800000 r--s 00000000 fd:01 4389687                    /home/ubuntu/.gradle/caches/8.10.2/transforms/81e4360543fbb01d4f7fb470fa49803d/transformed/ideaIU-2025.3/plugins/Kotlin/lib/kotlinc.lombok-compiler-plugin.jar
7638cc800000-7638cca0e000 r--s 00000000 fd:01 4389371                    /home/ubuntu/.gradle/caches/8.10.2/transforms/81e4360543fbb01d4f7fb470fa49803d/transformed/ideaIU-2025.3/plugins/fullLine/lib/modules/intellij.ml.llm.python.completion.jar
7638cca0f000-7638cca19000 r--s 00000000 fd:01 4389170                    /home/ubuntu/.gradle/caches/8.10.2/transforms/81e4360543fbb01d4f7fb470fa49803d/transformed/ideaIU-2025.3/plugins/grazie/lib/com.hankcs-aho-corasick-double-array-trie.jar
7638cca19000-7638cca71000 r--s 00000000 fd:01 4390768                    /home/ubuntu/.gradle/caches/8.10.2/transforms/81e4360543fbb01d4f7fb470fa49803d/transformed/ideaIU-2025.3/plugins/kotlin-jupyter-plugin/lib/modules/intellij.kotlin.jupyter.k2.jar
7638cca71000-7638ccc00000 r--s 00000000 fd:01 4389703                    /home/ubuntu/.gradle/caches/8.10.2/transforms/81e4360543fbb01d4f7fb470fa49803d/transformed/ideaIU-2025.3/plugins/Kotlin/lib/kotlinc.scripting-compiler-plugin.jar
7638ccc00000-7638cce72000 r--s 00000000 fd:01 4389372                    /home/ubuntu/.gradle/caches/8.10.2/transforms/81e4360543fbb01d4f7fb470fa49803d/transformed/ideaIU-2025.3/plugins/fullLine/lib/modules/intellij.fullLine.kotlin.local.jar
7638cce75000-7638cce7e000 r--s 00000000 fd:01 4389158                    /home/ubuntu/.gradle/caches/8.10.2/transforms/81e4360543fbb01d4f7fb470fa49803d/transformed/ideaIU-2025.3/plugins/grazie/lib/org.carrot2-morfologik-fsa.jar
7638cce7e000-7638cd000000 r--s 00000000 fd:01 4389448                    /home/ubuntu/.gradle/caches/8.10.2/transforms/81e4360543fbb01d4f7fb470fa49803d/transformed/ideaIU-2025.3/plugins/repository-search/lib/package-search-api-client.jar
7638cd000000-7638cd450000 r--s 00000000 fd:01 4389369                    /home/ubuntu/.gradle/caches/8.10.2/transforms/81e4360543fbb01d4f7fb470fa49803d/transformed/ideaIU-2025.3/plugins/fullLine/lib/modules/intellij.fullLine.js.local.jar
7638cd451000-7638cd46a000 r--s 00000000 fd:01 4389156                    /home/ubuntu/.gradle/caches/8.10.2/transforms/81e4360543fbb01d4f7fb470fa49803d/transformed/ideaIU-2025.3/plugins/grazie/lib/ai.grazie.model.ner.jvm.jar
7638cd46a000-7638cd600000 r--s 00000000 fd:01 4390325                    /home/ubuntu/.gradle/caches/8.10.2/transforms/81e4360543fbb01d4f7fb470fa49803d/transformed/ideaIU-2025.3/plugins/eclipse/lib/eclipse.jar
7638cd600000-7638cd886000 r--s 00000000 fd:01 4389329                    /home/ubuntu/.gradle/caches/8.10.2/transforms/81e4360543fbb01d4f7fb470fa49803d/transformed/ideaIU-2025.3/plugins/fullLine/lib/modules/intellij.fullLine.php.local.jar
7638cd888000-7638cd897000 r--s 00000000 fd:01 4389720                    /home/ubuntu/.gradle/caches/8.10.2/transforms/81e4360543fbb01d4f7fb470fa49803d/transformed/ideaIU-2025.3/plugins/toml/lib/modules/intellij.toml.backend.jar
7638cd897000-7638cd8b5000 r--s 00000000 fd:01 4390769                    /home/ubuntu/.gradle/caches/8.10.2/transforms/81e4360543fbb01d4f7fb470fa49803d/transformed/ideaIU-2025.3/plugins/kotlin-jupyter-plugin/lib/xml-apis-ext.jar
7638cd8b5000-7638cd8d9000 r--s 00000000 fd:01 4389123                    /home/ubuntu/.gradle/caches/8.10.2/transforms/81e4360543fbb01d4f7fb470fa49803d/transformed/ideaIU-2025.3/plugins/gradle-java/lib/modules/intellij.gradle.java.maven.jar
7638cd8d9000-7638cd906000 r--s 00000000 fd:01 4390838                    /home/ubuntu/.gradle/caches/8.10.2/transforms/81e4360543fbb01d4f7fb470fa49803d/transformed/ideaIU-2025.3/plugins/vcs-gitlab/lib/modules/intellij.vcs.gitlab.git.jar
7638cd906000-7638cda00000 r--s 00000000 fd:01 4389701                    /home/ubuntu/.gradle/caches/8.10.2/transforms/81e4360543fbb01d4f7fb470fa49803d/transformed/ideaIU-2025.3/plugins/Kotlin/lib/kotlinc.parcelize-compiler-plugin.jar
7638cda00000-7638cdc27000 r--s 00000000 fd:01 4389334                    /home/ubuntu/.gradle/caches/8.10.2/transforms/81e4360543fbb01d4f7fb470fa49803d/transformed/ideaIU-2025.3/plugins/fullLine/lib/modules/intellij.ml.llm.php.completion.jar
7638cdc28000-7638cdc30000 r--s 00000000 fd:01 4389719                    /home/ubuntu/.gradle/caches/8.10.2/transforms/81e4360543fbb01d4f7fb470fa49803d/transformed/ideaIU-2025.3/plugins/toml/lib/modules/intellij.toml.frontend.jar
7638cdc30000-7638cdc52000 r--s 00000000 fd:01 4389472                    /home/ubuntu/.gradle/caches/8.10.2/transforms/81e4360543fbb01d4f7fb470fa49803d/transformed/ideaIU-2025.3/plugins/vcs-github/lib/modules/intellij.vcs.github.json.jar
7638cdc52000-7638cdc90000 r--s 00000000 fd:01 4389102                    /home/ubuntu/.gradle/caches/8.10.2/transforms/81e4360543fbb01d4f7fb470fa49803d/transformed/ideaIU-2025.3/plugins/clouds-docker-gateway/lib/clouds-docker-gateway-frontend.jar
7638cdc90000-7638cde00000 r--s 00000000 fd:01 4389336                    /home/ubuntu/.gradle/caches/8.10.2/transforms/81e4360543fbb01d4f7fb470fa49803d/transformed/ideaIU-2025.3/plugins/fullLine/lib/modules/intellij.ml.llm.javascript.completion.jar
7638cde00000-7638ce024000 r--s 00000000 fd:01 4389363                    /home/ubuntu/.gradle/caches/8.10.2/transforms/81e4360543fbb01d4f7fb470fa49803d/transformed/ideaIU-2025.3/plugins/fullLine/lib/modules/intellij.ml.llm.cpp.completion.jar
7638ce026000-7638ce034000 r--s 00000000 fd:01 4390262                    /home/ubuntu/.gradle/caches/8.10.2/transforms/81e4360543fbb01d4f7fb470fa49803d/transformed/ideaIU-2025.3/plugins/yaml/lib/modules/intellij.yaml.helm.jar
7638ce034000-7638ce03f000 r--s 00000000 fd:01 4391378                    /home/ubuntu/.gradle/caches/8.10.2/transforms/81e4360543fbb01d4f7fb470fa49803d/transformed/ideaIU-2025.3/plugins/textmate-plugin/lib/modules/intellij.textmate.backend.jar
7638ce03f000-7638ce0e2000 r--s 00000000 fd:01 4389695                    /home/ubuntu/.gradle/caches/8.10.2/transforms/81e4360543fbb01d4f7fb470fa49803d/transformed/ideaIU-2025.3/plugins/Kotlin/lib/completion-ranking-kotlin.jar
7638ce0e2000-7638ce200000 r--s 00000000 fd:01 4389349                    /home/ubuntu/.gradle/caches/8.10.2/transforms/81e4360543fbb01d4f7fb470fa49803d/transformed/ideaIU-2025.3/plugins/fullLine/lib/modules/intellij.ml.llm.ruby.completion.jar
7638ce200000-7638ce63c000 r--s 00000000 fd:01 4389332                    /home/ubuntu/.gradle/caches/8.10.2/transforms/81e4360543fbb01d4f7fb470fa49803d/transformed/ideaIU-2025.3/plugins/fullLine/lib/modules/intellij.fullLine.java.local.jar
7638ce63f000-7638ce649000 r--s 00000000 fd:01 4390760                    /home/ubuntu/.gradle/caches/8.10.2/transforms/81e4360543fbb01d4f7fb470fa49803d/transformed/ideaIU-2025.3/plugins/kotlin-jupyter-plugin/lib/kotlin-jupyter-plugin.jar
7638ce649000-7638ce66f000 r--s 00000000 fd:01 4389690                    /home/ubuntu/.gradle/caches/8.10.2/transforms/81e4360543fbb01d4f7fb470fa49803d/transformed/ideaIU-2025.3/plugins/Kotlin/lib/ehcache.sizeof.jar
7638ce66f000-7638ce800000 r--s 00000000 fd:01 4389356                    /home/ubuntu/.gradle/caches/8.10.2/transforms/81e4360543fbb01d4f7fb470fa49803d/transformed/ideaIU-2025.3/plugins/fullLine/lib/modules/intellij.ml.llm.rider.csharp.completion.jar
7638ce800000-7638d289e000 r--s 00000000 fd:01 4389347                    /home/ubuntu/.gradle/caches/8.10.2/transforms/81e4360543fbb01d4f7fb470fa49803d/transformed/ideaIU-2025.3/plugins/fullLine/lib/modules/intellij.ml.llm.completion.trigger.model.jar
7638d289f000-7638d2a00000 r--s 00000000 fd:01 4389374                    /home/ubuntu/.gradle/caches/8.10.2/transforms/81e4360543fbb01d4f7fb470fa49803d/transformed/ideaIU-2025.3/plugins/fullLine/lib/modules/intellij.fullLine.css.local.jar
7638d2a00000-7638d3433000 r--s 00000000 fd:01 4389375                    /home/ubuntu/.gradle/caches/8.10.2/transforms/81e4360543fbb01d4f7fb470fa49803d/transformed/ideaIU-2025.3/plugins/fullLine/lib/jetbrains.ai.completion.trigger.model.polyglot.cloud.jar
7638d3439000-7638d344d000 r--s 00000000 fd:01 4389259                    /home/ubuntu/.gradle/caches/8.10.2/transforms/81e4360543fbb01d4f7fb470fa49803d/transformed/ideaIU-2025.3/plugins/javaFX/lib/javaFX-jps.jar
7638d344d000-7638d3600000 r--s 00000000 fd:01 4389365                    /home/ubuntu/.gradle/caches/8.10.2/transforms/81e4360543fbb01d4f7fb470fa49803d/transformed/ideaIU-2025.3/plugins/fullLine/lib/modules/intellij.fullLine.rust.local.jar
7638d3600000-7638d3906000 r--s 00000000 fd:01 4389327                    /home/ubuntu/.gradle/caches/8.10.2/transforms/81e4360543fbb01d4f7fb470fa49803d/transformed/ideaIU-2025.3/plugins/fullLine/lib/jgrapht.core.jar
7638d3909000-7638d3960000 r--s 00000000 fd:01 4389696                    /home/ubuntu/.gradle/caches/8.10.2/transforms/81e4360543fbb01d4f7fb470fa49803d/transformed/ideaIU-2025.3/plugins/Kotlin/lib/kotlinc.kotlin-jps-common.jar
7638d3960000-7638d3a00000 r--s 00000000 fd:01 4389449                    /home/ubuntu/.gradle/caches/8.10.2/transforms/81e4360543fbb01d4f7fb470fa49803d/transformed/ideaIU-2025.3/plugins/repository-search/lib/kotlinx-document-store-mvstore.jar
7638d3a00000-7638d48bf000 r--s 00000000 fd:01 4389325                    /home/ubuntu/.gradle/caches/8.10.2/transforms/81e4360543fbb01d4f7fb470fa49803d/transformed/ideaIU-2025.3/plugins/fullLine/lib/fullLine.jar
7638d48c5000-7638d48ea000 r--s 00000000 fd:01 4389705                    /home/ubuntu/.gradle/caches/8.10.2/transforms/81e4360543fbb01d4f7fb470fa49803d/transformed/ideaIU-2025.3/plugins/Kotlin/lib/kotlinc.noarg-compiler-plugin.jar
7638d48ea000-7638d495d000 r--s 00000000 fd:01 4390455                    /home/ubuntu/.gradle/caches/8.10.2/transforms/81e4360543fbb01d4f7fb470fa49803d/transformed/ideaIU-2025.3/plugins/maven/lib/plexus-archiver.jar
7638d495d000-7638d4a00000 r--s 00000000 fd:01 4389360                    /home/ubuntu/.gradle/caches/8.10.2/transforms/81e4360543fbb01d4f7fb470fa49803d/transformed/ideaIU-2025.3/plugins/fullLine/lib/modules/intellij.fullLine.terraform.local.jar
7638d4a00000-7638d5bed000 r--s 00000000 fd:01 4391419                    /home/ubuntu/.gradle/caches/8.10.2/transforms/81e4360543fbb01d4f7fb470fa49803d/transformed/ideaIU-2025.3/plugins/qodana/lib/flexmark.jar
7638d5bf2000-7638d5c00000 r--s 00000000 fd:01 4389253                    /home/ubuntu/.gradle/caches/8.10.2/transforms/81e4360543fbb01d4f7fb470fa49803d/transformed/ideaIU-2025.3/plugins/javaFX/lib/javaFX-common.jar
7638d5c00000-7638d5e54000 r--s 00000000 fd:01 4391426                    /home/ubuntu/.gradle/caches/8.10.2/transforms/81e4360543fbb01d4f7fb470fa49803d/transformed/ideaIU-2025.3/plugins/qodana/lib/jline.jar
7638d5e56000-7638d5e74000 r--s 00000000 fd:01 4389685                    /home/ubuntu/.gradle/caches/8.10.2/transforms/81e4360543fbb01d4f7fb470fa49803d/transformed/ideaIU-2025.3/plugins/Kotlin/lib/jackson-dataformat-toml.jar
7638d5e74000-7638d6000000 r--s 00000000 fd:01 4389333                    /home/ubuntu/.gradle/caches/8.10.2/transforms/81e4360543fbb01d4f7fb470fa49803d/transformed/ideaIU-2025.3/plugins/fullLine/lib/modules/intellij.ml.llm.go.completion.jar
7638d6000000-7638d63fc000 r--s 00000000 fd:01 4391420                    /home/ubuntu/.gradle/caches/8.10.2/transforms/81e4360543fbb01d4f7fb470fa49803d/transformed/ideaIU-2025.3/plugins/qodana/lib/jetbrains.qodana.web.ui.jar
7638d6400000-7638d73a1000 r--s 00000000 fd:01 4391422                    /home/ubuntu/.gradle/caches/8.10.2/transforms/81e4360543fbb01d4f7fb470fa49803d/transformed/ideaIU-2025.3/plugins/qodana/lib/qodana.jar
7638d73a1000-7638d73c0000 r--s 00000000 fd:01 4389700                    /home/ubuntu/.gradle/caches/8.10.2/transforms/81e4360543fbb01d4f7fb470fa49803d/transformed/ideaIU-2025.3/plugins/Kotlin/lib/kotlinc.assignment-compiler-plugin.jar
7638d73c0000-7638d7400000 r--s 00000000 fd:01 4389450                    /home/ubuntu/.gradle/caches/8.10.2/transforms/81e4360543fbb01d4f7fb470fa49803d/transformed/ideaIU-2025.3/plugins/repository-search/lib/repository-search.jar
7638d7400000-7638d7a8f000 r--s 00000000 fd:01 4389409                    /home/ubuntu/.gradle/caches/8.10.2/transforms/81e4360543fbb01d4f7fb470fa49803d/transformed/ideaIU-2025.3/plugins/markdown/lib/markdown.jar
7638d7a92000-7638d7abc000 r--s 00000000 fd:01 4389702                    /home/ubuntu/.gradle/caches/8.10.2/transforms/81e4360543fbb01d4f7fb470fa49803d/transformed/ideaIU-2025.3/plugins/Kotlin/lib/kotlinc.js-plain-objects-compiler-plugin.jar
7638d7abc000-7638d7af6000 r--s 00000000 fd:01 4390339                    /home/ubuntu/.gradle/caches/8.10.2/transforms/81e4360543fbb01d4f7fb470fa49803d/transformed/ideaIU-2025.3/plugins/maven/lib/maven3-server.jar
7638d7af6000-7638d7c00000 r--s 00000000 fd:01 4389362                    /home/ubuntu/.gradle/caches/8.10.2/transforms/81e4360543fbb01d4f7fb470fa49803d/transformed/ideaIU-2025.3/plugins/fullLine/lib/modules/intellij.ml.llm.html.completion.jar
7638d7c00000-7638d8f19000 r--s 00000000 fd:01 4390620                    /home/ubuntu/.gradle/caches/8.10.2/transforms/81e4360543fbb01d4f7fb470fa49803d/transformed/ideaIU-2025.3/plugins/Groovy/lib/Groovy.jar
7638d8f1b000-7638d9000000 r--s 00000000 fd:01 4389352                    /home/ubuntu/.gradle/caches/8.10.2/transforms/81e4360543fbb01d4f7fb470fa49803d/transformed/ideaIU-2025.3/plugins/fullLine/lib/modules/intellij.ml.llm.css.completion.jar
7638d9000000-7638d9291000 r--s 00000000 fd:01 4389753                    /home/ubuntu/.gradle/caches/8.10.2/transforms/81e4360543fbb01d4f7fb470fa49803d/transformed/ideaIU-2025.3/plugins/editorconfig-plugin/lib/modules/intellij.editorconfig.backend.jar
7638d9295000-7638d92a3000 r--s 00000000 fd:01 4389124                    /home/ubuntu/.gradle/caches/8.10.2/transforms/81e4360543fbb01d4f7fb470fa49803d/transformed/ideaIU-2025.3/plugins/gradle-java/lib/modules/intellij.gradle.profiler.jar
7638d92a3000-7638d9400000 r--s 00000000 fd:01 4389324                    /home/ubuntu/.gradle/caches/8.10.2/transforms/81e4360543fbb01d4f7fb470fa49803d/transformed/ideaIU-2025.3/plugins/fullLine/lib/clikt.jar
7638d9400000-7638d9aec000 r--s 00000000 fd:01 4390315                    /home/ubuntu/.gradle/caches/8.10.2/transforms/81e4360543fbb01d4f7fb470fa49803d/transformed/ideaIU-2025.3/plugins/platform-ijent-impl/lib/platform-ijent-impl.jar
7638d9af1000-7638d9b01000 r--s 00000000 fd:01 4389125                    /home/ubuntu/.gradle/caches/8.10.2/transforms/81e4360543fbb01d4f7fb470fa49803d/transformed/ideaIU-2025.3/plugins/gradle-java/lib/modules/intellij.gradle.analysis.jar
7638d9b01000-7638d9c00000 r--s 00000000 fd:01 4389326                    /home/ubuntu/.gradle/caches/8.10.2/transforms/81e4360543fbb01d4f7fb470fa49803d/transformed/ideaIU-2025.3/plugins/fullLine/lib/jetbrains.mlapi.core.jar
7638d9c00000-7638d9f02000 r--s 00000000 fd:01 4390498                    /home/ubuntu/.gradle/caches/8.10.2/transforms/81e4360543fbb01d4f7fb470fa49803d/transformed/ideaIU-2025.3/plugins/ktor/lib/ktor.jar
7638d9f05000-7638d9f14000 r--s 00000000 fd:01 4389469                    /home/ubuntu/.gradle/caches/8.10.2/transforms/81e4360543fbb01d4f7fb470fa49803d/transformed/ideaIU-2025.3/plugins/vcs-github/lib/modules/intellij.vcs.github.tracker.jar
7638d9f14000-7638d9f65000 r--s 00000000 fd:01 4390344                    /home/ubuntu/.gradle/caches/8.10.2/transforms/81e4360543fbb01d4f7fb470fa49803d/transformed/ideaIU-2025.3/plugins/maven/lib/maven-server.jar
7638d9f65000-7638da000000 r--s 00000000 fd:01 4391423                    /home/ubuntu/.gradle/caches/8.10.2/transforms/81e4360543fbb01d4f7fb470fa49803d/transformed/ideaIU-2025.3/plugins/qodana/lib/qodana-sarif.jar
7638da000000-7638da460000 r--s 00000000 fd:01 4391547                    /home/ubuntu/.gradle/caches/8.10.2/transforms/81e4360543fbb01d4f7fb470fa49803d/transformed/ideaIU-2025.3/plugins/jupyter-plugin/lib/modules/intellij.jupyter.execution.jar
7638da465000-7638da474000 r--s 00000000 fd:01 4389471                    /home/ubuntu/.gradle/caches/8.10.2/transforms/81e4360543fbb01d4f7fb470fa49803d/transformed/ideaIU-2025.3/plugins/vcs-github/lib/modules/intellij.vcs.github.git.jar
7638da474000-7638da48e000 r--s 00000000 fd:01 4390469                    /home/ubuntu/.gradle/caches/8.10.2/transforms/81e4360543fbb01d4f7fb470fa49803d/transformed/ideaIU-2025.3/plugins/maven/lib/modules/intellij.maven.profiler.jar
7638da48e000-7638da52e000 r--s 00000000 fd:01 4391418                    /home/ubuntu/.gradle/caches/8.10.2/transforms/81e4360543fbb01d4f7fb470fa49803d/transformed/ideaIU-2025.3/plugins/qodana/lib/jetbrains.qodana.sarif.converter.jar
7638da52e000-7638da600000 r--s 00000000 fd:01 4391421                    /home/ubuntu/.gradle/caches/8.10.2/transforms/81e4360543fbb01d4f7fb470fa49803d/transformed/ideaIU-2025.3/plugins/qodana/lib/jetbrains.qodana.configuration.jar
7638da600000-7638da8fe000 r--s 00000000 fd:01 4391548                    /home/ubuntu/.gradle/caches/8.10.2/transforms/81e4360543fbb01d4f7fb470fa49803d/transformed/ideaIU-2025.3/plugins/jupyter-plugin/lib/modules/intellij.jupyter.py.jar
7638da903000-7638daa00000 r--s 00000000 fd:01 4391424                    /home/ubuntu/.gradle/caches/8.10.2/transforms/81e4360543fbb01d4f7fb470fa49803d/transformed/ideaIU-2025.3/plugins/qodana/lib/jetbrains.qodana.cloud.kotlin.client.jar
7638daa00000-7638db569000 r--s 00000000 fd:01 4391552                    /home/ubuntu/.gradle/caches/8.10.2/transforms/81e4360543fbb01d4f7fb470fa49803d/transformed/ideaIU-2025.3/plugins/jupyter-plugin/lib/modules/intellij.jupyter.core.jar
7638db569000-7638db5b1000 r--s 00000000 fd:01 4390456                    /home/ubuntu/.gradle/caches/8.10.2/transforms/81e4360543fbb01d4f7fb470fa49803d/transformed/ideaIU-2025.3/plugins/maven/lib/maven40-server.jar
7638db5b1000-7638db600000 r--s 00000000 fd:01 4389441                    /home/ubuntu/.gradle/caches/8.10.2/transforms/81e4360543fbb01d4f7fb470fa49803d/transformed/ideaIU-2025.3/plugins/java-debugger-streams/lib/java-debugger-streams.jar
7638db600000-7638db816000 r--s 00000000 fd:01 4390235                    /home/ubuntu/.gradle/caches/8.10.2/transforms/81e4360543fbb01d4f7fb470fa49803d/transformed/ideaIU-2025.3/plugins/indexing-shared/lib/indexing-shared.jar
7638db816000-7638db823000 r--s 00000000 fd:01 4389706                    /home/ubuntu/.gradle/caches/8.10.2/transforms/81e4360543fbb01d4f7fb470fa49803d/transformed/ideaIU-2025.3/plugins/Kotlin/lib/kotlinc.allopen-compiler-plugin.jar
7638db823000-7638db84e000 r--s 00000000 fd:01 4390457                    /home/ubuntu/.gradle/caches/8.10.2/transforms/81e4360543fbb01d4f7fb470fa49803d/transformed/ideaIU-2025.3/plugins/maven/lib/maven3-server-common.jar
7638db84e000-7638dba00000 r--s 00000000 fd:01 4391544                    /home/ubuntu/.gradle/caches/8.10.2/transforms/81e4360543fbb01d4f7fb470fa49803d/transformed/ideaIU-2025.3/plugins/jupyter-plugin/lib/jupyter-plugin.jar
7638dba00000-7638dbc56000 r--s 00000000 fd:01 4389177                    /home/ubuntu/.gradle/caches/8.10.2/transforms/81e4360543fbb01d4f7fb470fa49803d/transformed/ideaIU-2025.3/plugins/protoeditor/lib/protoeditor.jar
7638dbc5a000-7638dbcdd000 r--s 00000000 fd:01 4389350                    /home/ubuntu/.gradle/caches/8.10.2/transforms/81e4360543fbb01d4f7fb470fa49803d/transformed/ideaIU-2025.3/plugins/fullLine/lib/modules/intellij.ml.llm.chat.completion.jar
7638dbcdd000-7638dbe00000 r--s 00000000 fd:01 4390314                    /home/ubuntu/.gradle/caches/8.10.2/transforms/81e4360543fbb01d4f7fb470fa49803d/transformed/ideaIU-2025.3/plugins/platform-ijent-impl/lib/google.protobuf.kotlin.jar
7638dbe00000-7638dc106000 r--s 00000000 fd:01 4389136                    /home/ubuntu/.gradle/caches/8.10.2/transforms/81e4360543fbb01d4f7fb470fa49803d/transformed/ideaIU-2025.3/plugins/restClient/lib/modules/intellij.httpClient.grpc.jar
7638dc106000-7638dc110000 r--s 00000000 fd:01 4389122                    /home/ubuntu/.gradle/caches/8.10.2/transforms/81e4360543fbb01d4f7fb470fa49803d/transformed/ideaIU-2025.3/plugins/gradle-java/lib/modules/intellij.gradle.dependencyUpdater.jar
7638dc110000-7638dc14a000 r--s 00000000 fd:01 4390341                    /home/ubuntu/.gradle/caches/8.10.2/transforms/81e4360543fbb01d4f7fb470fa49803d/transformed/ideaIU-2025.3/plugins/maven/lib/maven-jps.jar
7638dc14a000-7638dc184000 r--s 00000000 fd:01 4391425                    /home/ubuntu/.gradle/caches/8.10.2/transforms/81e4360543fbb01d4f7fb470fa49803d/transformed/ideaIU-2025.3/plugins/qodana/lib/jetbrains.qodana.publisher.jar
7638dc184000-7638dc200000 r--s 00000000 fd:01 4390611                    /home/ubuntu/.gradle/caches/8.10.2/transforms/81e4360543fbb01d4f7fb470fa49803d/transformed/ideaIU-2025.3/plugins/postcss/lib/postcss.jar
7638dc200000-7638e182b000 r--s 00000000 fd:01 4389132                    /home/ubuntu/.gradle/caches/8.10.2/transforms/81e4360543fbb01d4f7fb470fa49803d/transformed/ideaIU-2025.3/plugins/restClient/lib/graalvm.js.jar
7638e182b000-7638e1834000 r--s 00000000 fd:01 4390837                    /home/ubuntu/.gradle/caches/8.10.2/transforms/81e4360543fbb01d4f7fb470fa49803d/transformed/ideaIU-2025.3/plugins/vcs-gitlab/lib/modules/intellij.vcs.gitlab.ultimate.ci.sh.jar
7638e1834000-7638e185c000 r--s 00000000 fd:01 4390627                    /home/ubuntu/.gradle/caches/8.10.2/transforms/81e4360543fbb01d4f7fb470fa49803d/transformed/ideaIU-2025.3/plugins/Groovy/lib/groovy-rt-class-loader.jar
7638e185c000-7638e1a00000 r--s 00000000 fd:01 4389727                    /home/ubuntu/.gradle/caches/8.10.2/transforms/81e4360543fbb01d4f7fb470fa49803d/transformed/ideaIU-2025.3/plugins/vcs-hg/lib/vcs-hg.jar
7638e1a00000-7638e223c000 r--s 00000000 fd:01 4389138                    /home/ubuntu/.gradle/caches/8.10.2/transforms/81e4360543fbb01d4f7fb470fa49803d/transformed/ideaIU-2025.3/plugins/restClient/lib/reactor-netty-http.jar
7638e223c000-7638e224c000 r--s 00000000 fd:01 4390471                    /home/ubuntu/.gradle/caches/8.10.2/transforms/81e4360543fbb01d4f7fb470fa49803d/transformed/ideaIU-2025.3/plugins/maven/lib/maven36-server.jar
7638e224c000-7638e225d000 r--s 00000000 fd:01 4390337                    /home/ubuntu/.gradle/caches/8.10.2/transforms/81e4360543fbb01d4f7fb470fa49803d/transformed/ideaIU-2025.3/plugins/maven/lib/maven-server-indexer.jar
7638e225d000-7638e2400000 r--s 00000000 fd:01 4389522                    /home/ubuntu/.gradle/caches/8.10.2/transforms/81e4360543fbb01d4f7fb470fa49803d/transformed/ideaIU-2025.3/plugins/station-plugin/lib/station-plugin.jar
7638e2400000-7638e3118000 r--s 00000000 fd:01 4389133                    /home/ubuntu/.gradle/caches/8.10.2/transforms/81e4360543fbb01d4f7fb470fa49803d/transformed/ideaIU-2025.3/plugins/restClient/lib/restClient.jar
7638e311b000-7638e315f000 r--s 00000000 fd:01 4389755                    /home/ubuntu/.gradle/caches/8.10.2/transforms/81e4360543fbb01d4f7fb470fa49803d/transformed/ideaIU-2025.3/plugins/editorconfig-plugin/lib/modules/intellij.editorconfig.common.jar
7638e315f000-7638e3200000 r--s 00000000 fd:01 4390099                    /home/ubuntu/.gradle/caches/8.10.2/transforms/81e4360543fbb01d4f7fb470fa49803d/transformed/ideaIU-2025.3/plugins/prettierJS/lib/prettierJS.jar
7638e3200000-7638e3695000 r--s 00000000 fd:01 4389131                    /home/ubuntu/.gradle/caches/8.10.2/transforms/81e4360543fbb01d4f7fb470fa49803d/transformed/ideaIU-2025.3/plugins/restClient/lib/github.javafaker.jar
7638e3699000-7638e36a3000 r--s 00000000 fd:01 4389699                    /home/ubuntu/.gradle/caches/8.10.2/transforms/81e4360543fbb01d4f7fb470fa49803d/transformed/ideaIU-2025.3/plugins/Kotlin/lib/kotlinc.sam-with-receiver-compiler-plugin.jar
7638e36a3000-7638e36fd000 r--s 00000000 fd:01 4391472                    /home/ubuntu/.gradle/caches/8.10.2/transforms/81e4360543fbb01d4f7fb470fa49803d/transformed/ideaIU-2025.3/plugins/webpack/lib/webpack.jar
7638e36fd000-7638e3780000 r--s 00000000 fd:01 4390240                    /home/ubuntu/.gradle/caches/8.10.2/transforms/81e4360543fbb01d4f7fb470fa49803d/transformed/ideaIU-2025.3/plugins/indexing-shared-ultimate-plugin-bundled/lib/modules/intellij.indexing.shared.generator.jar
7638e3780000-7638e3800000 r--s 00000000 fd:01 4389288                    /home/ubuntu/.gradle/caches/8.10.2/transforms/81e4360543fbb01d4f7fb470fa49803d/transformed/ideaIU-2025.3/plugins/grid-plugin/lib/grid-plugin.jar
7638e3800000-7638e3b8e000 r--s 00000000 fd:01 4390249                    /home/ubuntu/.gradle/caches/8.10.2/transforms/81e4360543fbb01d4f7fb470fa49803d/transformed/ideaIU-2025.3/plugins/webDeployment/lib/webDeployment.jar
7638e3b8e000-7638e3b96000 r--s 00000000 fd:01 4390715                    /home/ubuntu/.gradle/caches/8.10.2/transforms/81e4360543fbb01d4f7fb470fa49803d/transformed/ideaIU-2025.3/plugins/vuejs-plugin/lib/vuejs-plugin.jar
7638e3b96000-7638e3ba9000 r--s 00000000 fd:01 4389411                    /home/ubuntu/.gradle/caches/8.10.2/transforms/81e4360543fbb01d4f7fb470fa49803d/transformed/ideaIU-2025.3/plugins/markdown/lib/modules/intellij.markdown.frontend.jar
7638e3ba9000-7638e3c00000 r--s 00000000 fd:01 4391546                    /home/ubuntu/.gradle/caches/8.10.2/transforms/81e4360543fbb01d4f7fb470fa49803d/transformed/ideaIU-2025.3/plugins/jupyter-plugin/lib/modules/intellij.jupyter.split.frontend.jar
7638e3c00000-7638e3fc0000 r--s 00000000 fd:01 4390094                    /home/ubuntu/.gradle/caches/8.10.2/transforms/81e4360543fbb01d4f7fb470fa49803d/transformed/ideaIU-2025.3/plugins/performanceTesting/lib/assertj.jar
7638e3fc2000-7638e4000000 r--s 00000000 fd:01 4390626                    /home/ubuntu/.gradle/caches/8.10.2/transforms/81e4360543fbb01d4f7fb470fa49803d/transformed/ideaIU-2025.3/plugins/Groovy/lib/groovy-jps.jar
7638e4000000-7638e4201000 r--s 00000000 fd:01 4390093                    /home/ubuntu/.gradle/caches/8.10.2/transforms/81e4360543fbb01d4f7fb470fa49803d/transformed/ideaIU-2025.3/plugins/performanceTesting/lib/github.oshi.core.jar
7638e4202000-7638e4216000 r--s 00000000 fd:01 4390621                    /home/ubuntu/.gradle/caches/8.10.2/transforms/81e4360543fbb01d4f7fb470fa49803d/transformed/ideaIU-2025.3/plugins/Groovy/lib/groovy-rt.jar
7638e4216000-7638e423c000 r--s 00000000 fd:01 4390243                    /home/ubuntu/.gradle/caches/8.10.2/transforms/81e4360543fbb01d4f7fb470fa49803d/transformed/ideaIU-2025.3/plugins/indexing-shared-ultimate-plugin-bundled/lib/modules/intellij.indexing.shared.ultimate.git.jar
7638e423c000-7638e4297000 r--s 00000000 fd:01 4389525                    /home/ubuntu/.gradle/caches/8.10.2/transforms/81e4360543fbb01d4f7fb470fa49803d/transformed/ideaIU-2025.3/plugins/station-plugin/lib/modules/intellij.station.frontend.split.jar
7638e4297000-7638e4301000 r--s 00000000 fd:01 4389113                    /home/ubuntu/.gradle/caches/8.10.2/transforms/81e4360543fbb01d4f7fb470fa49803d/transformed/ideaIU-2025.3/plugins/sh-plugin/lib/modules/intellij.sh.backend.jar
7638e4301000-7638e4400000 r--s 00000000 fd:01 4389111                    /home/ubuntu/.gradle/caches/8.10.2/transforms/81e4360543fbb01d4f7fb470fa49803d/transformed/ideaIU-2025.3/plugins/sh-plugin/lib/sh-plugin.jar
7638e4400000-7638e473e000 r--s 00000000 fd:01 4390091                    /home/ubuntu/.gradle/caches/8.10.2/transforms/81e4360543fbb01d4f7fb470fa49803d/transformed/ideaIU-2025.3/plugins/performanceTesting/lib/performanceTesting.jar
7638e473e000-7638e4744000 r--s 00000000 fd:01 4389166                    /home/ubuntu/.gradle/caches/8.10.2/transforms/81e4360543fbb01d4f7fb470fa49803d/transformed/ideaIU-2025.3/plugins/grazie/lib/tech.uom.lib-uom-lib-common.jar
7638e4744000-7638e475c000 r--s 00000000 fd:01 4389453                    /home/ubuntu/.gradle/caches/8.10.2/transforms/81e4360543fbb01d4f7fb470fa49803d/transformed/ideaIU-2025.3/plugins/vitejs/lib/vitejs.jar
7638e475c000-7638e4800000 r--s 00000000 fd:01 4390607                    /home/ubuntu/.gradle/caches/8.10.2/transforms/81e4360543fbb01d4f7fb470fa49803d/transformed/ideaIU-2025.3/plugins/javaee-jax-rs/lib/javaee-jax-rs.jar
7638e4800000-7638e4d00000 r--s 00000000 fd:01 4389307                    /home/ubuntu/.gradle/caches/8.10.2/transforms/81e4360543fbb01d4f7fb470fa49803d/transformed/ideaIU-2025.3/plugins/gateway-plugin/lib/gateway-plugin.jar
7638e4d00000-7638e4d09000 r--s 00000000 fd:01 4389467                    /home/ubuntu/.gradle/caches/8.10.2/transforms/81e4360543fbb01d4f7fb470fa49803d/transformed/ideaIU-2025.3/plugins/vcs-github/lib/modules/intellij.vcs.github.ultimate.docker.jar
7638e4d09000-7638e4d2e000 r--s 00000000 fd:01 4390242                    /home/ubuntu/.gradle/caches/8.10.2/transforms/81e4360543fbb01d4f7fb470fa49803d/transformed/ideaIU-2025.3/plugins/indexing-shared-ultimate-plugin-bundled/lib/modules/intellij.indexing.shared.ultimate.java.jar
7638e4d2e000-7638e4d57000 r--s 00000000 fd:01 4389178                    /home/ubuntu/.gradle/caches/8.10.2/transforms/81e4360543fbb01d4f7fb470fa49803d/transformed/ideaIU-2025.3/plugins/protoeditor/lib/google.protobuf.java.util.jar
7638e4d57000-7638e4e00000 r--s 00000000 fd:01 4389129                    /home/ubuntu/.gradle/caches/8.10.2/transforms/81e4360543fbb01d4f7fb470fa49803d/transformed/ideaIU-2025.3/plugins/restClient/lib/jooq.joox.jar
7638e4e00000-7638e5076000 r--s 00000000 fd:01 4389187                    /home/ubuntu/.gradle/caches/8.10.2/transforms/81e4360543fbb01d4f7fb470fa49803d/transformed/ideaIU-2025.3/plugins/cwm-plugin/lib/intellij.cwm.plugin.jar
7638e5076000-7638e507b000 r--s 00000000 fd:01 4390494                    /home/ubuntu/.gradle/caches/8.10.2/transforms/81e4360543fbb01d4f7fb470fa49803d/transformed/ideaIU-2025.3/plugins/sass-plugin/lib/sass-plugin.jar
7638e507b000-7638e508d000 r--s 00000000 fd:01 4389754                    /home/ubuntu/.gradle/caches/8.10.2/transforms/81e4360543fbb01d4f7fb470fa49803d/transformed/ideaIU-2025.3/plugins/editorconfig-plugin/lib/modules/intellij.editorconfig.frontend.jar
7638e508d000-7638e5161000 r--s 00000000 fd:01 4390252                    /home/ubuntu/.gradle/caches/8.10.2/transforms/81e4360543fbb01d4f7fb470fa49803d/transformed/ideaIU-2025.3/plugins/webDeployment/lib/commons vfs.jar
7638e5161000-7638e5200000 r--s 00000000 fd:01 4390253                    /home/ubuntu/.gradle/caches/8.10.2/transforms/81e4360543fbb01d4f7fb470fa49803d/transformed/ideaIU-2025.3/plugins/webDeployment/lib/commons-net.jar
7638e5200000-7638e5424000 r--s 00000000 fd:01 4389201                    /home/ubuntu/.gradle/caches/8.10.2/transforms/81e4360543fbb01d4f7fb470fa49803d/transformed/ideaIU-2025.3/plugins/cwm-plugin/lib/intellij.platform.split.jar
7638e5427000-7638e544b000 r--s 00000000 fd:01 4389524                    /home/ubuntu/.gradle/caches/8.10.2/transforms/81e4360543fbb01d4f7fb470fa49803d/transformed/ideaIU-2025.3/plugins/station-plugin/lib/modules/intellij.station.frontend.jar
7638e544b000-7638e5600000 r--s 00000000 fd:01 4390092                    /home/ubuntu/.gradle/caches/8.10.2/transforms/81e4360543fbb01d4f7fb470fa49803d/transformed/ideaIU-2025.3/plugins/performanceTesting/lib/assertj-swing.jar
7638e5600000-7638e6613000 r--s 00000000 fd:01 4389199                    /home/ubuntu/.gradle/caches/8.10.2/transforms/81e4360543fbb01d4f7fb470fa49803d/transformed/ideaIU-2025.3/plugins/cwm-plugin/lib/intellij.platform.backend.split.jar
7638e6613000-7638e661a000 r--s 00000000 fd:01 4390763                    /home/ubuntu/.gradle/caches/8.10.2/transforms/81e4360543fbb01d4f7fb470fa49803d/transformed/ideaIU-2025.3/plugins/kotlin-jupyter-plugin/lib/modules/intellij.kotlin.jupyter.liveTemplates.jar
7638e661a000-7638e6655000 r--s 00000000 fd:01 4389137                    /home/ubuntu/.gradle/caches/8.10.2/transforms/81e4360543fbb01d4f7fb470fa49803d/transformed/ideaIU-2025.3/plugins/restClient/lib/kotlinx-coroutines-reactor.jar
7638e6655000-7638e66aa000 r--s 00000000 fd:01 4390250                    /home/ubuntu/.gradle/caches/8.10.2/transforms/81e4360543fbb01d4f7fb470fa49803d/transformed/ideaIU-2025.3/plugins/webDeployment/lib/commons-pool2.jar
7638e66aa000-7638e6800000 r--s 00000000 fd:01 4389231                    /home/ubuntu/.gradle/caches/8.10.2/transforms/81e4360543fbb01d4f7fb470fa49803d/transformed/ideaIU-2025.3/plugins/cwm-plugin/lib/modules/intellij.platform.plugins.frontend.split.jar
7638e6800000-7638e6a88000 r--s 00000000 fd:01 4389186                    /home/ubuntu/.gradle/caches/8.10.2/transforms/81e4360543fbb01d4f7fb470fa49803d/transformed/ideaIU-2025.3/plugins/cwm-plugin/lib/intellij.platform.remoteController.backend.jar
7638e6a88000-7638e6a8e000 r--s 00000000 fd:01 4389470                    /home/ubuntu/.gradle/caches/8.10.2/transforms/81e4360543fbb01d4f7fb470fa49803d/transformed/ideaIU-2025.3/plugins/vcs-github/lib/modules/intellij.vcs.github.ultimate.cron.jar
7638e6a8e000-7638e6a99000 r--s 00000000 fd:01 4390324                    /home/ubuntu/.gradle/caches/8.10.2/transforms/81e4360543fbb01d4f7fb470fa49803d/transformed/ideaIU-2025.3/plugins/eclipse/lib/eclipse-common.jar
7638e6a99000-7638e6b55000 r--s 00000000 fd:01 4390251                    /home/ubuntu/.gradle/caches/8.10.2/transforms/81e4360543fbb01d4f7fb470fa49803d/transformed/ideaIU-2025.3/plugins/webDeployment/lib/jackrabbit2.jar
7638e6b55000-7638e6c00000 r--s 00000000 fd:01 4389224                    /home/ubuntu/.gradle/caches/8.10.2/transforms/81e4360543fbb01d4f7fb470fa49803d/transformed/ideaIU-2025.3/plugins/cwm-plugin/lib/modules/intellij.platform.inline.completion.split.jar
7638e6c00000-7638e6fdf000 r--s 00000000 fd:01 4389183                    /home/ubuntu/.gradle/caches/8.10.2/transforms/81e4360543fbb01d4f7fb470fa49803d/transformed/ideaIU-2025.3/plugins/cwm-plugin/lib/split-connection.jar
7638e6fe0000-7638e7000000 r--s 00000000 fd:01 4390241                    /home/ubuntu/.gradle/caches/8.10.2/transforms/81e4360543fbb01d4f7fb470fa49803d/transformed/ideaIU-2025.3/plugins/indexing-shared-ultimate-plugin-bundled/lib/modules/intellij.indexing.shared.ultimate.jar
7638e7000000-7638e764b000 r--s 00000000 fd:01 4389204                    /home/ubuntu/.gradle/caches/8.10.2/transforms/81e4360543fbb01d4f7fb470fa49803d/transformed/ideaIU-2025.3/plugins/cwm-plugin/lib/split-protocol.jar
7638e764e000-7638e7658000 r--s 00000000 fd:01 4390323                    /home/ubuntu/.gradle/caches/8.10.2/transforms/81e4360543fbb01d4f7fb470fa49803d/transformed/ideaIU-2025.3/plugins/eclipse/lib/eclipse-jps.jar
7638e7658000-7638e7681000 r--s 00000000 fd:01 4389134                    /home/ubuntu/.gradle/caches/8.10.2/transforms/81e4360543fbb01d4f7fb470fa49803d/transformed/ideaIU-2025.3/plugins/restClient/lib/grpc.jar
7638e7681000-7638e7800000 r--s 00000000 fd:01 4389235                    /home/ubuntu/.gradle/caches/8.10.2/transforms/81e4360543fbb01d4f7fb470fa49803d/transformed/ideaIU-2025.3/plugins/cwm-plugin/lib/modules/intellij.platform.execution.frontend.split.jar
7638e7800000-7638e847b000 r--s 00000000 fd:01 4390729                    /home/ubuntu/.gradle/caches/8.10.2/transforms/81e4360543fbb01d4f7fb470fa49803d/transformed/ideaIU-2025.3/plugins/localization-zh/lib/localization-zh.jar
7638e847b000-7638e847f000 r--s 00000000 fd:01 4389721                    /home/ubuntu/.gradle/caches/8.10.2/transforms/81e4360543fbb01d4f7fb470fa49803d/transformed/ideaIU-2025.3/plugins/toml/lib/modules/intellij.toml.frontend.split.jar
7638e847f000-7638e8492000 r--s 00000000 fd:01 4389379                    /home/ubuntu/.gradle/caches/8.10.2/transforms/81e4360543fbb01d4f7fb470fa49803d/transformed/ideaIU-2025.3/plugins/nextjs/lib/nextjs.jar
7638e8492000-7638e8600000 r--s 00000000 fd:01 4389243                    /home/ubuntu/.gradle/caches/8.10.2/transforms/81e4360543fbb01d4f7fb470fa49803d/transformed/ideaIU-2025.3/plugins/cwm-plugin/lib/intellij.cwm.plugin.common.jar
7638e8600000-7638e899a000 r--s 00000000 fd:01 4389743                    /home/ubuntu/.gradle/caches/8.10.2/transforms/81e4360543fbb01d4f7fb470fa49803d/transformed/ideaIU-2025.3/plugins/tasks/lib/axis.jar
7638e899a000-7638e89a2000 r--s 00000000 fd:01 4389686                    /home/ubuntu/.gradle/caches/8.10.2/transforms/81e4360543fbb01d4f7fb470fa49803d/transformed/ideaIU-2025.3/plugins/Kotlin/lib/kotlin-base-jps.jar
7638e89a2000-7638e89d6000 r--s 00000000 fd:01 4389130                    /home/ubuntu/.gradle/caches/8.10.2/transforms/81e4360543fbb01d4f7fb470fa49803d/transformed/ideaIU-2025.3/plugins/restClient/lib/brotli.dec.jar
7638e89d6000-7638e8a00000 r--s 00000000 fd:01 4389229                    /home/ubuntu/.gradle/caches/8.10.2/transforms/81e4360543fbb01d4f7fb470fa49803d/transformed/ideaIU-2025.3/plugins/cwm-plugin/lib/modules/intellij.platform.inline.completion.backend.split.jar
7638e8a00000-7638e9599000 r--s 00000000 fd:01 4391460                    /home/ubuntu/.gradle/caches/8.10.2/transforms/81e4360543fbb01d4f7fb470fa49803d/transformed/ideaIU-2025.3/plugins/swagger/lib/org.webjars-swagger-ui.jar
7638e9599000-7638e959c000 r--s 00000000 fd:01 4390261                    /home/ubuntu/.gradle/caches/8.10.2/transforms/81e4360543fbb01d4f7fb470fa49803d/transformed/ideaIU-2025.3/plugins/yaml/lib/modules/intellij.yaml.frontend.split.jar
7638e959c000-7638e95b5000 r--s 00000000 fd:01 4389526                    /home/ubuntu/.gradle/caches/8.10.2/transforms/81e4360543fbb01d4f7fb470fa49803d/transformed/ideaIU-2025.3/plugins/station-plugin/lib/modules/intellij.station.aia.jar
7638e95b5000-7638e9600000 r--s 00000000 fd:01 4389210                    /home/ubuntu/.gradle/caches/8.10.2/transforms/81e4360543fbb01d4f7fb470fa49803d/transformed/ideaIU-2025.3/plugins/cwm-plugin/lib/modules/intellij.platform.completion.common.split.jar
7638e9600000-7638e9817000 r--s 00000000 fd:01 4391461                    /home/ubuntu/.gradle/caches/8.10.2/transforms/81e4360543fbb01d4f7fb470fa49803d/transformed/ideaIU-2025.3/plugins/swagger/lib/intellij.swagger.redoc.jar
7638e9818000-7638e981a000 r--s 00000000 fd:01 4390719                    /home/ubuntu/.gradle/caches/8.10.2/transforms/81e4360543fbb01d4f7fb470fa49803d/transformed/ideaIU-2025.3/plugins/vuejs-plugin/lib/modules/intellij.vuejs.prettier.jar
7638e981a000-7638e9823000 r--s 00000000 fd:01 4389412                    /home/ubuntu/.gradle/caches/8.10.2/transforms/81e4360543fbb01d4f7fb470fa49803d/transformed/ideaIU-2025.3/plugins/markdown/lib/modules/intellij.markdown.backend.jar
7638e9823000-7638e987f000 r--s 00000000 fd:01 4389239                    /home/ubuntu/.gradle/caches/8.10.2/transforms/81e4360543fbb01d4f7fb470fa49803d/transformed/ideaIU-2025.3/plugins/cwm-plugin/lib/modules/intellij.station.backend.split.jar
7638e987f000-7638e9a00000 r--s 00000000 fd:01 4389244                    /home/ubuntu/.gradle/caches/8.10.2/transforms/81e4360543fbb01d4f7fb470fa49803d/transformed/ideaIU-2025.3/plugins/cwm-plugin/lib/bouncy-castle-pgp.jar
7638e9a00000-7638ea0e5000 r--s 00000000 fd:01 4391462                    /home/ubuntu/.gradle/caches/8.10.2/transforms/81e4360543fbb01d4f7fb470fa49803d/transformed/ideaIU-2025.3/plugins/swagger/lib/swagger.jar
7638ea0e6000-7638ea0e9000 r--s 00000000 fd:01 4390492                    /home/ubuntu/.gradle/caches/8.10.2/transforms/81e4360543fbb01d4f7fb470fa49803d/transformed/ideaIU-2025.3/plugins/sass-plugin/lib/modules/intellij.sass.copyright.jar
7638ea0e9000-7638ea0f7000 r--s 00000000 fd:01 4389290                    /home/ubuntu/.gradle/caches/8.10.2/transforms/81e4360543fbb01d4f7fb470fa49803d/transformed/ideaIU-2025.3/plugins/grid-plugin/lib/modules/intellij.grid.scripting.rt.jar
7638ea0f7000-7638ea17a000 r--s 00000000 fd:01 4389211                    /home/ubuntu/.gradle/caches/8.10.2/transforms/81e4360543fbb01d4f7fb470fa49803d/transformed/ideaIU-2025.3/plugins/cwm-plugin/lib/modules/intellij.platform.rpc.split.jar
7638ea17a000-7638ea200000 r--s 00000000 fd:01 4389232                    /home/ubuntu/.gradle/caches/8.10.2/transforms/81e4360543fbb01d4f7fb470fa49803d/transformed/ideaIU-2025.3/plugins/cwm-plugin/lib/modules/intellij.platform.vcs.backend.split.jar
7638ea200000-7638eabd3000 r--s 00000000 fd:01 4391463                    /home/ubuntu/.gradle/caches/8.10.2/transforms/81e4360543fbb01d4f7fb470fa49803d/transformed/ideaIU-2025.3/plugins/swagger/lib/org.webjars.npm-asyncapi__react-component.jar
7638eabd3000-7638eabd6000 r--s 00000000 fd:01 4390488                    /home/ubuntu/.gradle/caches/8.10.2/transforms/81e4360543fbb01d4f7fb470fa49803d/transformed/ideaIU-2025.3/plugins/sass-plugin/lib/modules/intellij.sass.watcher.jar
7638eabd6000-7638eabdb000 r--s 00000000 fd:01 4390340                    /home/ubuntu/.gradle/caches/8.10.2/transforms/81e4360543fbb01d4f7fb470fa49803d/transformed/ideaIU-2025.3/plugins/maven/lib/maven-event-listener.jar
7638eabdb000-7638eac00000 r--s 00000000 fd:01 4389217                    /home/ubuntu/.gradle/caches/8.10.2/transforms/81e4360543fbb01d4f7fb470fa49803d/transformed/ideaIU-2025.3/plugins/cwm-plugin/lib/modules/intellij.platform.plugins.backend.split.jar
7638eac00000-7638eaebf000 r--s 00000000 fd:01 4390232                    /home/ubuntu/.gradle/caches/8.10.2/transforms/81e4360543fbb01d4f7fb470fa49803d/transformed/ideaIU-2025.3/plugins/spring-mvc-impl/lib/spring-mvc-impl.jar
7638eaebf000-7638eaee2000 r--s 00000000 fd:01 4390507                    /home/ubuntu/.gradle/caches/8.10.2/transforms/81e4360543fbb01d4f7fb470fa49803d/transformed/ideaIU-2025.3/plugins/performanceTesting-async/lib/performanceTesting-async.jar
7638eaee2000-7638eaef7000 r--s 00000000 fd:01 4389223                    /home/ubuntu/.gradle/caches/8.10.2/transforms/81e4360543fbb01d4f7fb470fa49803d/transformed/ideaIU-2025.3/plugins/cwm-plugin/lib/modules/intellij.platform.completion.frontend.split.jar
7638eaef7000-7638eb000000 r--s 00000000 fd:01 4389200                    /home/ubuntu/.gradle/caches/8.10.2/transforms/81e4360543fbb01d4f7fb470fa49803d/transformed/ideaIU-2025.3/plugins/cwm-plugin/lib/ice4j.jar
7638eb000000-7638eb52c000 r--s 00000000 fd:01 4390644                    /home/ubuntu/.gradle/caches/8.10.2/transforms/81e4360543fbb01d4f7fb470fa49803d/transformed/ideaIU-2025.3/plugins/spring-boot-core/lib/spring-boot-core.jar
7638eb52c000-7638eb539000 r--s 00000000 fd:01 4391550                    /home/ubuntu/.gradle/caches/8.10.2/transforms/81e4360543fbb01d4f7fb470fa49803d/transformed/ideaIU-2025.3/plugins/jupyter-plugin/lib/modules/intellij.jupyter.split.frontend.py.jar
7638eb539000-7638eb600000 r--s 00000000 fd:01 4389182                    /home/ubuntu/.gradle/caches/8.10.2/transforms/81e4360543fbb01d4f7fb470fa49803d/transformed/ideaIU-2025.3/plugins/cwm-plugin/lib/cwm-connection-common.jar
7638eb600000-7638ebc77000 r--s 00000000 fd:01 4390303                    /home/ubuntu/.gradle/caches/8.10.2/transforms/81e4360543fbb01d4f7fb470fa49803d/transformed/ideaIU-2025.3/plugins/Spring/lib/modules/intellij.spring.core.jar
7638ebc78000-7638ebc7b000 r--s 00000000 fd:01 4390503                    /home/ubuntu/.gradle/caches/8.10.2/transforms/81e4360543fbb01d4f7fb470fa49803d/transformed/ideaIU-2025.3/plugins/remoteRun/lib/modules/intellij.remoteRun.gradle.docker.jar
7638ebc7b000-7638ebc82000 r--s 00000000 fd:01 4389751                    /home/ubuntu/.gradle/caches/8.10.2/transforms/81e4360543fbb01d4f7fb470fa49803d/transformed/ideaIU-2025.3/plugins/editorconfig-plugin/lib/editorconfig-plugin.jar
7638ebc82000-7638ebd00000 r--s 00000000 fd:01 4389216                    /home/ubuntu/.gradle/caches/8.10.2/transforms/81e4360543fbb01d4f7fb470fa49803d/transformed/ideaIU-2025.3/plugins/cwm-plugin/lib/modules/intellij.platform.vcs.frontend.split.jar
7638ebd00000-7638ebe00000 r--s 00000000 fd:01 4389184                    /home/ubuntu/.gradle/caches/8.10.2/transforms/81e4360543fbb01d4f7fb470fa49803d/transformed/ideaIU-2025.3/plugins/cwm-plugin/lib/cwm-connection-backend.jar
7638ebe00000-7638ec065000 r--s 00000000 fd:01 4390302                    /home/ubuntu/.gradle/caches/8.10.2/transforms/81e4360543fbb01d4f7fb470fa49803d/transformed/ideaIU-2025.3/plugins/Spring/lib/modules/intellij.spring.jar
7638ec066000-7638ec097000 r--s 00000000 fd:01 4389234                    /home/ubuntu/.gradle/caches/8.10.2/transforms/81e4360543fbb01d4f7fb470fa49803d/transformed/ideaIU-2025.3/plugins/cwm-plugin/lib/modules/intellij.platform.plugins.shared.split.jar
7638ec097000-7638ec13c000 r--s 00000000 fd:01 4389206                    /home/ubuntu/.gradle/caches/8.10.2/transforms/81e4360543fbb01d4f7fb470fa49803d/transformed/ideaIU-2025.3/plugins/cwm-plugin/lib/vcs-protocol.jar
7638ec13c000-7638ec229000 r--s 00000000 fd:01 4389546                    /home/ubuntu/.gradle/caches/8.10.2/transforms/81e4360543fbb01d4f7fb470fa49803d/transformed/ideaIU-2025.3/plugins/velocity/lib/velocity.jar
7638ec229000-7638ec400000 r--s 00000000 fd:01 4389141                    /home/ubuntu/.gradle/caches/8.10.2/transforms/81e4360543fbb01d4f7fb470fa49803d/transformed/ideaIU-2025.3/plugins/settingsSync/lib/settingsSync.jar
7638ec400000-7638eca4f000 r--s 00000000 fd:01 4389143                    /home/ubuntu/.gradle/caches/8.10.2/transforms/81e4360543fbb01d4f7fb470fa49803d/transformed/ideaIU-2025.3/plugins/settingsSync/lib/jetbrains.intellij.deps.eclipse.jgit.jar
7638eca4f000-7638eca50000 r--s 00000000 fd:01 3358059                    /home/ubuntu/repos/minecraft-lua-map-maker/ide-plugin/build/coroutines-javaagent.jar
7638eca50000-7638eca55000 r--s 00000000 fd:01 4389344                    /home/ubuntu/.gradle/caches/8.10.2/transforms/81e4360543fbb01d4f7fb470fa49803d/transformed/ideaIU-2025.3/plugins/fullLine/lib/modules/intellij.ml.llm.rider.godot.completion.jar
7638eca55000-7638eca9d000 r--s 00000000 fd:01 4389202                    /home/ubuntu/.gradle/caches/8.10.2/transforms/81e4360543fbb01d4f7fb470fa49803d/transformed/ideaIU-2025.3/plugins/cwm-plugin/lib/java-websocket.jar
7638eca9d000-7638ecaed000 r--s 00000000 fd:01 4389205                    /home/ubuntu/.gradle/caches/8.10.2/transforms/81e4360543fbb01d4f7fb470fa49803d/transformed/ideaIU-2025.3/plugins/cwm-plugin/lib/jitsi-utils.jar
7638ecaed000-7638ecc00000 r--s 00000000 fd:01 4390084                    /home/ubuntu/.gradle/caches/8.10.2/transforms/81e4360543fbb01d4f7fb470fa49803d/transformed/ideaIU-2025.3/plugins/thymeleaf-plugin/lib/modules/intellij.thymeleaf.paid.jar
7638ecc00000-7638ed319000 r--s 00000000 fd:01 4390783                    /home/ubuntu/.gradle/caches/8.10.2/transforms/81e4360543fbb01d4f7fb470fa49803d/transformed/ideaIU-2025.3/plugins/searchEverywhereMl/lib/modules/intellij.searchEverywhereMl.ranking.core.jar
7638ed319000-7638ed329000 r--s 00000000 fd:01 4389313                    /home/ubuntu/.gradle/caches/8.10.2/transforms/81e4360543fbb01d4f7fb470fa49803d/transformed/ideaIU-2025.3/plugins/gateway-plugin/lib/modules/intellij.gateway.station.jar
7638ed329000-7638ed353000 r--s 00000000 fd:01 4389218                    /home/ubuntu/.gradle/caches/8.10.2/transforms/81e4360543fbb01d4f7fb470fa49803d/transformed/ideaIU-2025.3/plugins/cwm-plugin/lib/modules/intellij.platform.completion.backend.split.jar
7638ed353000-7638ed400000 r--s 00000000 fd:01 4389208                    /home/ubuntu/.gradle/caches/8.10.2/transforms/81e4360543fbb01d4f7fb470fa49803d/transformed/ideaIU-2025.3/plugins/cwm-plugin/lib/cwm-plugin.jar
7638ed400000-7638ed673000 r--s 00000000 fd:01 4389444                    /home/ubuntu/.gradle/caches/8.10.2/transforms/81e4360543fbb01d4f7fb470fa49803d/transformed/ideaIU-2025.3/plugins/quarkus/lib/quarkus.jar
7638ed673000-7638ed676000 r--s 00000000 fd:01 4390504                    /home/ubuntu/.gradle/caches/8.10.2/transforms/81e4360543fbb01d4f7fb470fa49803d/transformed/ideaIU-2025.3/plugins/remoteRun/lib/modules/intellij.remoteRun.gradle.jar
7638ed676000-7638ed800000 r--s 00000000 fd:01 4389744                    /home/ubuntu/.gradle/caches/8.10.2/transforms/81e4360543fbb01d4f7fb470fa49803d/transformed/ideaIU-2025.3/plugins/tasks/lib/tasks-core.jar
7638ed800000-7638edb29000 r--s 00000000 fd:01 4389382                    /home/ubuntu/.gradle/caches/8.10.2/transforms/81e4360543fbb01d4f7fb470fa49803d/transformed/ideaIU-2025.3/plugins/notebooks-plugin/lib/notebooks-plugin.jar
7638edb29000-7638edb2d000 r--s 00000000 fd:01 4389468                    /home/ubuntu/.gradle/caches/8.10.2/transforms/81e4360543fbb01d4f7fb470fa49803d/transformed/ideaIU-2025.3/plugins/vcs-github/lib/modules/intellij.vcs.github.ultimatePromo.jar
7638edb2d000-7638edb4c000 r--s 00000000 fd:01 4389222                    /home/ubuntu/.gradle/caches/8.10.2/transforms/81e4360543fbb01d4f7fb470fa49803d/transformed/ideaIU-2025.3/plugins/cwm-plugin/lib/modules/intellij.platform.inline.completion.frontend.split.jar
7638edb4c000-7638edb6f000 r--s 00000000 fd:01 4389237                    /home/ubuntu/.gradle/caches/8.10.2/transforms/81e4360543fbb01d4f7fb470fa49803d/transformed/ideaIU-2025.3/plugins/cwm-plugin/lib/modules/intellij.terminal.backend.split.jar
7638edb6f000-7638edb93000 r--s 00000000 fd:01 4389242                    /home/ubuntu/.gradle/caches/8.10.2/transforms/81e4360543fbb01d4f7fb470fa49803d/transformed/ideaIU-2025.3/plugins/cwm-plugin/lib/tls-channel.jar
7638edb93000-7638edc00000 r--s 00000000 fd:01 4389188                    /home/ubuntu/.gradle/caches/8.10.2/transforms/81e4360543fbb01d4f7fb470fa49803d/transformed/ideaIU-2025.3/plugins/cwm-plugin/lib/intellij.platform.remoteController.jar
7638edc00000-7638ededc000 r--s 00000000 fd:01 4390226                    /home/ubuntu/.gradle/caches/8.10.2/transforms/81e4360543fbb01d4f7fb470fa49803d/transformed/ideaIU-2025.3/plugins/json/lib/modules/intellij.json.backend.jar
7638ededc000-7638ededd000 r--s 00000000 fd:01 4390717                    /home/ubuntu/.gradle/caches/8.10.2/transforms/81e4360543fbb01d4f7fb470fa49803d/transformed/ideaIU-2025.3/plugins/vuejs-plugin/lib/modules/intellij.vuejs.copyright.jar
7638ededd000-7638edee3000 r--s 00000000 fd:01 4391549                    /home/ubuntu/.gradle/caches/8.10.2/transforms/81e4360543fbb01d4f7fb470fa49803d/transformed/ideaIU-2025.3/plugins/jupyter-plugin/lib/modules/intellij.jupyter.py.psi.jar
7638edee3000-7638edf08000 r--s 00000000 fd:01 4389241                    /home/ubuntu/.gradle/caches/8.10.2/transforms/81e4360543fbb01d4f7fb470fa49803d/transformed/ideaIU-2025.3/plugins/cwm-plugin/lib/jstun.jar
7638edf08000-7638edf5d000 r--s 00000000 fd:01 4389746                    /home/ubuntu/.gradle/caches/8.10.2/transforms/81e4360543fbb01d4f7fb470fa49803d/transformed/ideaIU-2025.3/plugins/tasks/lib/modules/intellij.tasks.jira.jar
7638edf5d000-7638ee000000 r--s 00000000 fd:01 4389741                    /home/ubuntu/.gradle/caches/8.10.2/transforms/81e4360543fbb01d4f7fb470fa49803d/transformed/ideaIU-2025.3/plugins/tasks/lib/http-client.jar
7638ee000000-7638ee263000 r--s 00000000 fd:01 4390272                    /home/ubuntu/.gradle/caches/8.10.2/transforms/81e4360543fbb01d4f7fb470fa49803d/transformed/ideaIU-2025.3/plugins/microservices-jvm/lib/microservices-jvm.jar
7638ee263000-7638ee264000 r--s 00000000 fd:01 4390721                    /home/ubuntu/.gradle/caches/8.10.2/transforms/81e4360543fbb01d4f7fb470fa49803d/transformed/ideaIU-2025.3/plugins/vuejs-plugin/lib/modules/intellij.vuejs.markdown.jar
7638ee264000-7638ee268000 r--s 00000000 fd:01 4389355                    /home/ubuntu/.gradle/caches/8.10.2/transforms/81e4360543fbb01d4f7fb470fa49803d/transformed/ideaIU-2025.3/plugins/fullLine/lib/modules/intellij.ml.llm.rider.fsharp.completion.jar
7638ee268000-7638ee26f000 r--s 00000000 fd:01 4390238                    /home/ubuntu/.gradle/caches/8.10.2/transforms/81e4360543fbb01d4f7fb470fa49803d/transformed/ideaIU-2025.3/plugins/indexing-shared-ultimate-plugin-bundled/lib/indexing-shared-ultimate-plugin-bundled.jar
7638ee26f000-7638ee27e000 r--s 00000000 fd:01 4389212                    /home/ubuntu/.gradle/caches/8.10.2/transforms/81e4360543fbb01d4f7fb470fa49803d/transformed/ideaIU-2025.3/plugins/cwm-plugin/lib/modules/intellij.vcs.git.backend.split.jar
7638ee27e000-7638ee371000 r--s 00000000 fd:01 4390285                    /home/ubuntu/.gradle/caches/8.10.2/transforms/81e4360543fbb01d4f7fb470fa49803d/transformed/ideaIU-2025.3/plugins/spring-security/lib/spring-security.jar
7638ee371000-7638ee400000 r--s 00000000 fd:01 4389438                    /home/ubuntu/.gradle/caches/8.10.2/transforms/81e4360543fbb01d4f7fb470fa49803d/transformed/ideaIU-2025.3/plugins/spring-modulith/lib/spring-modulith.jar
7638ee400000-7638ee6d9000 r--s 00000000 fd:01 4390320                    /home/ubuntu/.gradle/caches/8.10.2/transforms/81e4360543fbb01d4f7fb470fa49803d/transformed/ideaIU-2025.3/plugins/micronaut/lib/micronaut.jar
7638ee6d9000-7638ee6da000 r--s 00000000 fd:01 4390718                    /home/ubuntu/.gradle/caches/8.10.2/transforms/81e4360543fbb01d4f7fb470fa49803d/transformed/ideaIU-2025.3/plugins/vuejs-plugin/lib/modules/intellij.vuejs.debugger.jar
7638ee6da000-7638ee6df000 r--s 00000000 fd:01 4389114                    /home/ubuntu/.gradle/caches/8.10.2/transforms/81e4360543fbb01d4f7fb470fa49803d/transformed/ideaIU-2025.3/plugins/sh-plugin/lib/modules/intellij.sh.frontend.split.jar
7638ee6df000-7638ee702000 r--s 00000000 fd:01 4389299                    /home/ubuntu/.gradle/caches/8.10.2/transforms/81e4360543fbb01d4f7fb470fa49803d/transformed/ideaIU-2025.3/plugins/tasks-timeTracking/lib/tasks-timeTracking.jar
7638ee702000-7638ee727000 r--s 00000000 fd:01 4389742                    /home/ubuntu/.gradle/caches/8.10.2/transforms/81e4360543fbb01d4f7fb470fa49803d/transformed/ideaIU-2025.3/plugins/tasks/lib/commons-discovery.jar
7638ee727000-7638ee800000 r--s 00000000 fd:01 4389759                    /home/ubuntu/.gradle/caches/8.10.2/transforms/81e4360543fbb01d4f7fb470fa49803d/transformed/ideaIU-2025.3/plugins/spring-messaging/lib/spring-messaging.jar
7638ee800000-7638eeaaa000 r--s 00000000 fd:01 4391381                    /home/ubuntu/.gradle/caches/8.10.2/transforms/81e4360543fbb01d4f7fb470fa49803d/transformed/ideaIU-2025.3/plugins/mcpserver/lib/ktor-server-cio-internal.jar
7638eeaaa000-7638eec00000 r--s 00000000 fd:01 4389285                    /home/ubuntu/.gradle/caches/8.10.2/transforms/81e4360543fbb01d4f7fb470fa49803d/transformed/ideaIU-2025.3/plugins/spring-integration-core/lib/spring-integration-core.jar
7638eec00000-7638eeecb000 r--s 00000000 fd:01 4391383                    /home/ubuntu/.gradle/caches/8.10.2/transforms/81e4360543fbb01d4f7fb470fa49803d/transformed/ideaIU-2025.3/plugins/mcpserver/lib/mcpserver-frontend.jar
7638eeecb000-7638eeed9000 r--s 00000000 fd:01 4389240                    /home/ubuntu/.gradle/caches/8.10.2/transforms/81e4360543fbb01d4f7fb470fa49803d/transformed/ideaIU-2025.3/plugins/cwm-plugin/lib/modules/intellij.platform.kernel.backend.split.jar
7638eeed9000-7638eeee8000 r--s 00000000 fd:01 4389214                    /home/ubuntu/.gradle/caches/8.10.2/transforms/81e4360543fbb01d4f7fb470fa49803d/transformed/ideaIU-2025.3/plugins/cwm-plugin/lib/modules/intellij.vcs.git.frontend.split.jar
7638eeee8000-7638eef3a000 r--s 00000000 fd:01 4389530                    /home/ubuntu/.gradle/caches/8.10.2/transforms/81e4360543fbb01d4f7fb470fa49803d/transformed/ideaIU-2025.3/plugins/spring-data/lib/modules/intellij.spring.data.mongodb.jar
7638eef3a000-7638ef000000 r--s 00000000 fd:01 4389534                    /home/ubuntu/.gradle/caches/8.10.2/transforms/81e4360543fbb01d4f7fb470fa49803d/transformed/ideaIU-2025.3/plugins/spring-data/lib/modules/intellij.spring.data.jpa.jar
7638ef000000-7638ef4c3000 r--s 00000000 fd:01 4390776                    /home/ubuntu/.gradle/caches/8.10.2/transforms/81e4360543fbb01d4f7fb470fa49803d/transformed/ideaIU-2025.3/plugins/liquibase/lib/liquibase.jar
7638ef4c3000-7638ef4ca000 r--s 00000000 fd:01 4389312                    /home/ubuntu/.gradle/caches/8.10.2/transforms/81e4360543fbb01d4f7fb470fa49803d/transformed/ideaIU-2025.3/plugins/gateway-plugin/lib/modules/intellij.gateway.terminal.jar
7638ef4ca000-7638ef4db000 r--s 00000000 fd:01 4389225                    /home/ubuntu/.gradle/caches/8.10.2/transforms/81e4360543fbb01d4f7fb470fa49803d/transformed/ideaIU-2025.3/plugins/cwm-plugin/lib/modules/intellij.platform.navbar.backend.split.jar
7638ef4db000-7638ef593000 r--s 00000000 fd:01 4389535                    /home/ubuntu/.gradle/caches/8.10.2/transforms/81e4360543fbb01d4f7fb470fa49803d/transformed/ideaIU-2025.3/plugins/spring-data/lib/spring-data.jar
7638ef593000-7638ef600000 r--s 00000000 fd:01 4390300                    /home/ubuntu/.gradle/caches/8.10.2/transforms/81e4360543fbb01d4f7fb470fa49803d/transformed/ideaIU-2025.3/plugins/Spring/lib/modules/intellij.spring.graph.jar
7638ef600000-7638efdc2000 r--s 00000000 fd:01 4390775                    /home/ubuntu/.gradle/caches/8.10.2/transforms/81e4360543fbb01d4f7fb470fa49803d/transformed/ideaIU-2025.3/plugins/liquibase/lib/liquibase-core.jar
7638efdc2000-7638efdc4000 r--s 00000000 fd:01 4390843                    /home/ubuntu/.gradle/caches/8.10.2/transforms/81e4360543fbb01d4f7fb470fa49803d/transformed/ideaIU-2025.3/plugins/textmate-plugin/lib/textmate-plugin.jar
7638efdc4000-7638efdce000 r--s 00000000 fd:01 4389219                    /home/ubuntu/.gradle/caches/8.10.2/transforms/81e4360543fbb01d4f7fb470fa49803d/transformed/ideaIU-2025.3/plugins/cwm-plugin/lib/modules/intellij.java.backend.split.jar
7638efdce000-7638efdde000 r--s 00000000 fd:01 4389207                    /home/ubuntu/.gradle/caches/8.10.2/transforms/81e4360543fbb01d4f7fb470fa49803d/transformed/ideaIU-2025.3/plugins/cwm-plugin/lib/git-protocol.jar
7638efdde000-7638efe00000 r--s 00000000 fd:01 4391402                    /home/ubuntu/.gradle/caches/8.10.2/transforms/81e4360543fbb01d4f7fb470fa49803d/transformed/ideaIU-2025.3/plugins/tailwindcss/lib/tailwindcss.jar
7638efe00000-7638f052c000 r--s 00000000 fd:01 4389403                    /home/ubuntu/.gradle/caches/8.10.2/transforms/81e4360543fbb01d4f7fb470fa49803d/transformed/ideaIU-2025.3/plugins/clouds-kubernetes/lib/modules/intellij.clouds.kubernetes.backend.jar
7638f052c000-7638f053b000 r--s 00000000 fd:01 4389198                    /home/ubuntu/.gradle/caches/8.10.2/transforms/81e4360543fbb01d4f7fb470fa49803d/transformed/ideaIU-2025.3/plugins/cwm-plugin/lib/quiche-jna-stubs.jar
7638f053b000-7638f0592000 r--s 00000000 fd:01 4390269                    /home/ubuntu/.gradle/caches/8.10.2/transforms/81e4360543fbb01d4f7fb470fa49803d/transformed/ideaIU-2025.3/plugins/spring-boot-cloud/lib/spring-boot-cloud.jar
7638f0592000-7638f0600000 r--s 00000000 fd:01 4390297                    /home/ubuntu/.gradle/caches/8.10.2/transforms/81e4360543fbb01d4f7fb470fa49803d/transformed/ideaIU-2025.3/plugins/Spring/lib/modules/intellij.spring.el.jar
7638f0600000-7638f0e31000 r--s 00000000 fd:01 4389397                    /home/ubuntu/.gradle/caches/8.10.2/transforms/81e4360543fbb01d4f7fb470fa49803d/transformed/ideaIU-2025.3/plugins/clouds-kubernetes/lib/clouds-kubernetes.jar
7638f0e31000-7638f0e32000 r--s 00000000 fd:01 4391375                    /home/ubuntu/.gradle/caches/8.10.2/transforms/81e4360543fbb01d4f7fb470fa49803d/transformed/ideaIU-2025.3/plugins/textmate-plugin/lib/modules/intellij.textmate.frontend.split.jar
7638f0e32000-7638f0e34000 r--s 00000000 fd:01 4390765                    /home/ubuntu/.gradle/caches/8.10.2/transforms/81e4360543fbb01d4f7fb470fa49803d/transformed/ideaIU-2025.3/plugins/kotlin-jupyter-plugin/lib/modules/intellij.kotlin.jupyter.buildSystems.gradle.jar
7638f0e34000-7638f0e77000 r--s 00000000 fd:01 4390298                    /home/ubuntu/.gradle/caches/8.10.2/transforms/81e4360543fbb01d4f7fb470fa49803d/transformed/ideaIU-2025.3/plugins/Spring/lib/modules/intellij.spring.aop.jar
7638f0e77000-7638f0f01000 r--s 00000000 fd:01 4390784                    /home/ubuntu/.gradle/caches/8.10.2/transforms/81e4360543fbb01d4f7fb470fa49803d/transformed/ideaIU-2025.3/plugins/searchEverywhereMl/lib/modules/intellij.searchEverywhereMl.typos.jar
7638f0f01000-7638f1000000 r--s 00000000 fd:01 4390780                    /home/ubuntu/.gradle/caches/8.10.2/transforms/81e4360543fbb01d4f7fb470fa49803d/transformed/ideaIU-2025.3/plugins/searchEverywhereMl/lib/jetbrains.mlapi.core.jar
7638f1000000-7638f186d000 r--s 00000000 fd:01 4389398                    /home/ubuntu/.gradle/caches/8.10.2/transforms/81e4360543fbb01d4f7fb470fa49803d/transformed/ideaIU-2025.3/plugins/clouds-kubernetes/lib/kubernetes-client-java.jar
7638f186d000-7638f1875000 r--s 00000000 fd:01 4389220                    /home/ubuntu/.gradle/caches/8.10.2/transforms/81e4360543fbb01d4f7fb470fa49803d/transformed/ideaIU-2025.3/plugins/cwm-plugin/lib/modules/intellij.xml.frontend.split.jar
7638f1875000-7638f189e000 r--s 00000000 fd:01 4390557                    /home/ubuntu/.gradle/caches/8.10.2/transforms/81e4360543fbb01d4f7fb470fa49803d/transformed/ideaIU-2025.3/plugins/stylelint/lib/stylelint.jar
7638f189e000-7638f1a00000 r--s 00000000 fd:01 4390785                    /home/ubuntu/.gradle/caches/8.10.2/transforms/81e4360543fbb01d4f7fb470fa49803d/transformed/ideaIU-2025.3/plugins/searchEverywhereMl/lib/ai.grazie.emb.jar
7638f1a00000-7638f3afc000 r--s 00000000 fd:01 4389399                    /home/ubuntu/.gradle/caches/8.10.2/transforms/81e4360543fbb01d4f7fb470fa49803d/transformed/ideaIU-2025.3/plugins/clouds-kubernetes/lib/intellij.kubernetes.k8s.api.spec.jar
7638f3afc000-7638f3afd000 r--s 00000000 fd:01 4391373                    /home/ubuntu/.gradle/caches/8.10.2/transforms/81e4360543fbb01d4f7fb470fa49803d/transformed/ideaIU-2025.3/plugins/textmate-plugin/lib/modules/intellij.textmate.common.jar
7638f3afd000-7638f3aff000 r--s 00000000 fd:01 4389447                    /home/ubuntu/.gradle/caches/8.10.2/transforms/81e4360543fbb01d4f7fb470fa49803d/transformed/ideaIU-2025.3/plugins/repository-search/lib/maven-model.jar
7638f3aff000-7638f3b16000 r--s 00000000 fd:01 4389197                    /home/ubuntu/.gradle/caches/8.10.2/transforms/81e4360543fbb01d4f7fb470fa49803d/transformed/ideaIU-2025.3/plugins/cwm-plugin/lib/jnaerator-runtime.jar
7638f3b16000-7638f3b36000 r--s 00000000 fd:01 4390328                    /home/ubuntu/.gradle/caches/8.10.2/transforms/81e4360543fbb01d4f7fb470fa49803d/transformed/ideaIU-2025.3/plugins/spring-boot-initializr/lib/spring-boot-initializr.jar
7638f3b36000-7638f3c00000 r--s 00000000 fd:01 4391469                    /home/ubuntu/.gradle/caches/8.10.2/transforms/81e4360543fbb01d4f7fb470fa49803d/transformed/ideaIU-2025.3/plugins/react/lib/react.jar
7638f3c00000-7638f4a2c000 r--s 00000000 fd:01 4389513                    /home/ubuntu/.gradle/caches/8.10.2/transforms/81e4360543fbb01d4f7fb470fa49803d/transformed/ideaIU-2025.3/plugins/localization-ko/lib/localization-ko.jar
7638f4a2c000-7638f4a30000 r--s 00000000 fd:01 4389346                    /home/ubuntu/.gradle/caches/8.10.2/transforms/81e4360543fbb01d4f7fb470fa49803d/transformed/ideaIU-2025.3/plugins/fullLine/lib/modules/intellij.ml.llm.rider.shaderlab.completion.jar
7638f4a30000-7638f4a68000 r--s 00000000 fd:01 4390293                    /home/ubuntu/.gradle/caches/8.10.2/transforms/81e4360543fbb01d4f7fb470fa49803d/transformed/ideaIU-2025.3/plugins/Spring/lib/modules/intellij.spring.boot.run.shared.jar
7638f4a68000-7638f4ab5000 r--s 00000000 fd:01 4390779                    /home/ubuntu/.gradle/caches/8.10.2/transforms/81e4360543fbb01d4f7fb470fa49803d/transformed/ideaIU-2025.3/plugins/searchEverywhereMl/lib/searchEverywhereMl.jar
7638f4ab5000-7638f4c00000 r--s 00000000 fd:01 4389293                    /home/ubuntu/.gradle/caches/8.10.2/transforms/81e4360543fbb01d4f7fb470fa49803d/transformed/ideaIU-2025.3/plugins/javaee-persistence-impl/lib/javaee-persistence-impl.jar
7638f4c00000-7638f4e49000 r--s 00000000 fd:01 4390637                    /home/ubuntu/.gradle/caches/8.10.2/transforms/81e4360543fbb01d4f7fb470fa49803d/transformed/ideaIU-2025.3/plugins/javaee-jsp-base-impl/lib/javaee-jsp-base-impl.jar
7638f4e49000-7638f4e4d000 r--s 00000000 fd:01 4390266                    /home/ubuntu/.gradle/caches/8.10.2/transforms/81e4360543fbb01d4f7fb470fa49803d/transformed/ideaIU-2025.3/plugins/vcs-git-commit-modal/lib/vcs-git-commit-modal.jar
7638f4e4d000-7638f4e59000 r--s 00000000 fd:01 4389748                    /home/ubuntu/.gradle/caches/8.10.2/transforms/81e4360543fbb01d4f7fb470fa49803d/transformed/ideaIU-2025.3/plugins/tasks/lib/modules/intellij.tasks.bugzilla.jar
7638f4e59000-7638f4e71000 r--s 00000000 fd:01 4390648                    /home/ubuntu/.gradle/caches/8.10.2/transforms/81e4360543fbb01d4f7fb470fa49803d/transformed/ideaIU-2025.3/plugins/spring-boot-core/lib/modules/intellij.spring.boot.gradle.shared.jar
7638f4e71000-7638f5000000 r--s 00000000 fd:01 4391382                    /home/ubuntu/.gradle/caches/8.10.2/transforms/81e4360543fbb01d4f7fb470fa49803d/transformed/ideaIU-2025.3/plugins/mcpserver/lib/mcpserver.jar
7638f5000000-7638f57c1000 r--s 00000000 fd:01 4390725                    /home/ubuntu/.gradle/caches/8.10.2/transforms/81e4360543fbb01d4f7fb470fa49803d/transformed/ideaIU-2025.3/plugins/JPA Model/lib/jpa-model.jar
7638f57c1000-7638f57cc000 r--s 00000000 fd:01 4389185                    /home/ubuntu/.gradle/caches/8.10.2/transforms/81e4360543fbb01d4f7fb470fa49803d/transformed/ideaIU-2025.3/plugins/cwm-plugin/lib/intellij.community.wintools.jar
7638f57cc000-7638f57ed000 r--s 00000000 fd:01 4390308                    /home/ubuntu/.gradle/caches/8.10.2/transforms/81e4360543fbb01d4f7fb470fa49803d/transformed/ideaIU-2025.3/plugins/Spring/lib/modules/intellij.spring.kotlin.jar
7638f57ed000-7638f587b000 r--s 00000000 fd:01 4389098                    /home/ubuntu/.gradle/caches/8.10.2/transforms/81e4360543fbb01d4f7fb470fa49803d/transformed/ideaIU-2025.3/plugins/properties/lib/modules/intellij.properties.backend.psi.jar
7638f587b000-7638f5a00000 r--s 00000000 fd:01 4389516                    /home/ubuntu/.gradle/caches/8.10.2/transforms/81e4360543fbb01d4f7fb470fa49803d/transformed/ideaIU-2025.3/plugins/javaee-reverseEngineering/lib/javaee-reverseEngineering.jar
7638f5a00000-7638f5d97000 r--s 00000000 fd:01 4391391                    /home/ubuntu/.gradle/caches/8.10.2/transforms/81e4360543fbb01d4f7fb470fa49803d/transformed/ideaIU-2025.3/plugins/JPA/lib/jpa-support.jar
7638f5d97000-7638f5da0000 r--s 00000000 fd:01 4389227                    /home/ubuntu/.gradle/caches/8.10.2/transforms/81e4360543fbb01d4f7fb470fa49803d/transformed/ideaIU-2025.3/plugins/cwm-plugin/lib/modules/intellij.platform.identifiers.highlighting.frontend.split.jar
7638f5da0000-7638f5e1a000 r--s 00000000 fd:01 4389099                    /home/ubuntu/.gradle/caches/8.10.2/transforms/81e4360543fbb01d4f7fb470fa49803d/transformed/ideaIU-2025.3/plugins/properties/lib/modules/intellij.properties.backend.jar
7638f5e1a000-7638f6000000 r--s 00000000 fd:01 4390281                    /home/ubuntu/.gradle/caches/8.10.2/transforms/81e4360543fbb01d4f7fb470fa49803d/transformed/ideaIU-2025.3/plugins/javaee-app-servers-impl/lib/javaee-app-servers-impl.jar
7638f6000000-7638f64c3000 r--s 00000000 fd:01 4389274                    /home/ubuntu/.gradle/caches/8.10.2/transforms/81e4360543fbb01d4f7fb470fa49803d/transformed/ideaIU-2025.3/plugins/JavaEE/lib/modules/intellij.javaee.platform.impl.jar
7638f64c3000-7638f64c4000 r--s 00000000 fd:01 4390490                    /home/ubuntu/.gradle/caches/8.10.2/transforms/81e4360543fbb01d4f7fb470fa49803d/transformed/ideaIU-2025.3/plugins/sass-plugin/lib/modules/intellij.sass.frontend.split.jar
7638f64c4000-7638f64c6000 r--s 00000000 fd:01 4390467                    /home/ubuntu/.gradle/caches/8.10.2/transforms/81e4360543fbb01d4f7fb470fa49803d/transformed/ideaIU-2025.3/plugins/maven/lib/artifact-resolver-m31.jar
7638f64c6000-7638f64e3000 r--s 00000000 fd:01 4390305                    /home/ubuntu/.gradle/caches/8.10.2/transforms/81e4360543fbb01d4f7fb470fa49803d/transformed/ideaIU-2025.3/plugins/Spring/lib/modules/intellij.spring.persistence.hibernate.jar
7638f64e3000-7638f6529000 r--s 00000000 fd:01 4389096                    /home/ubuntu/.gradle/caches/8.10.2/transforms/81e4360543fbb01d4f7fb470fa49803d/transformed/ideaIU-2025.3/plugins/properties/lib/properties.jar
7638f6529000-7638f6600000 r--s 00000000 fd:01 4390480                    /home/ubuntu/.gradle/caches/8.10.2/transforms/81e4360543fbb01d4f7fb470fa49803d/transformed/ideaIU-2025.3/plugins/platform-images/lib/platform-images.jar
7638f6600000-7638f6bd3000 r--s 00000000 fd:01 4390818                    /home/ubuntu/.gradle/caches/8.10.2/transforms/81e4360543fbb01d4f7fb470fa49803d/transformed/ideaIU-2025.3/plugins/java/lib/modules/intellij.profiler.ultimate.jar
7638f6bd3000-7638f6bd6000 r--s 00000000 fd:01 4390470                    /home/ubuntu/.gradle/caches/8.10.2/transforms/81e4360543fbb01d4f7fb470fa49803d/transformed/ideaIU-2025.3/plugins/maven/lib/maven-server-telemetry.jar
7638f6bd6000-7638f6be7000 r--s 00000000 fd:01 4390651                    /home/ubuntu/.gradle/caches/8.10.2/transforms/81e4360543fbb01d4f7fb470fa49803d/transformed/ideaIU-2025.3/plugins/spring-boot-core/lib/modules/intellij.spring.boot.maven.shared.jar
7638f6be7000-7638f6c00000 r--s 00000000 fd:01 4390295                    /home/ubuntu/.gradle/caches/8.10.2/transforms/81e4360543fbb01d4f7fb470fa49803d/transformed/ideaIU-2025.3/plugins/Spring/lib/modules/intellij.spring.boot.shared.jar
7638f6c00000-7638f70eb000 r--s 00000000 fd:01 4390812                    /home/ubuntu/.gradle/caches/8.10.2/transforms/81e4360543fbb01d4f7fb470fa49803d/transformed/ideaIU-2025.3/plugins/java/lib/debugger-memory-agent.jar
7638f70eb000-7638f70f2000 r--s 00000000 fd:01 4389238                    /home/ubuntu/.gradle/caches/8.10.2/transforms/81e4360543fbb01d4f7fb470fa49803d/transformed/ideaIU-2025.3/plugins/cwm-plugin/lib/modules/intellij.driver.backend.split.jar
7638f70f2000-7638f70fc000 r--s 00000000 fd:01 4390301                    /home/ubuntu/.gradle/caches/8.10.2/transforms/81e4360543fbb01d4f7fb470fa49803d/transformed/ideaIU-2025.3/plugins/Spring/lib/modules/intellij.spring.core.injections.jar
7638f70fc000-7638f7119000 r--s 00000000 fd:01 4390288                    /home/ubuntu/.gradle/caches/8.10.2/transforms/81e4360543fbb01d4f7fb470fa49803d/transformed/ideaIU-2025.3/plugins/Spring/lib/spring.jar
7638f7119000-7638f71a9000 r--s 00000000 fd:01 4390222                    /home/ubuntu/.gradle/caches/8.10.2/transforms/81e4360543fbb01d4f7fb470fa49803d/transformed/ideaIU-2025.3/plugins/json/lib/json.jar
7638f71a9000-7638f7200000 r--s 00000000 fd:01 4389478                    /home/ubuntu/.gradle/caches/8.10.2/transforms/81e4360543fbb01d4f7fb470fa49803d/transformed/ideaIU-2025.3/plugins/microservices-plugin/lib/modules/intellij.microservices.diagrams.jar
7638f7200000-7638f74aa000 r--s 00000000 fd:01 4390832                    /home/ubuntu/.gradle/caches/8.10.2/transforms/81e4360543fbb01d4f7fb470fa49803d/transformed/ideaIU-2025.3/plugins/java/lib/kotlin-metadata.jar
7638f74aa000-7638f7569000 r--s 00000000 fd:01 4389476                    /home/ubuntu/.gradle/caches/8.10.2/transforms/81e4360543fbb01d4f7fb470fa49803d/transformed/ideaIU-2025.3/plugins/microservices-plugin/lib/microservices-plugin.jar
7638f7569000-7638f75b0000 r--s 00000000 fd:01 4390273                    /home/ubuntu/.gradle/caches/8.10.2/transforms/81e4360543fbb01d4f7fb470fa49803d/transformed/ideaIU-2025.3/plugins/microservices-jvm/lib/jetbrains.intellij.deps.scheduled.debugger.agent.jar
7638f75b0000-7638f7600000 r--s 00000000 fd:01 4391384                    /home/ubuntu/.gradle/caches/8.10.2/transforms/81e4360543fbb01d4f7fb470fa49803d/transformed/ideaIU-2025.3/plugins/mcpserver/lib/io.github.smiley4.schema.kenerator.jsonschema.jar
7638f7600000-7638fc643000 r--s 00000000 fd:01 4390811                    /home/ubuntu/.gradle/caches/8.10.2/transforms/81e4360543fbb01d4f7fb470fa49803d/transformed/ideaIU-2025.3/plugins/java/lib/java-impl.jar
7638fc643000-7638fc644000 r--s 00000000 fd:01 4389258                    /home/ubuntu/.gradle/caches/8.10.2/transforms/81e4360543fbb01d4f7fb470fa49803d/transformed/ideaIU-2025.3/plugins/javaFX/lib/modules/intellij.javaFX.css.intellilang.jar
7638fc644000-7638fc64b000 r--s 00000000 fd:01 4390088                    /home/ubuntu/.gradle/caches/8.10.2/transforms/81e4360543fbb01d4f7fb470fa49803d/transformed/ideaIU-2025.3/plugins/thymeleaf-plugin/lib/modules/intellij.thymeleaf.free.jar
7638fc64b000-7638fc655000 r--s 00000000 fd:01 4390299                    /home/ubuntu/.gradle/caches/8.10.2/transforms/81e4360543fbb01d4f7fb470fa49803d/transformed/ideaIU-2025.3/plugins/Spring/lib/modules/intellij.spring.web.jar
7638fc655000-7638fc687000 r--s 00000000 fd:01 4389405                    /home/ubuntu/.gradle/caches/8.10.2/transforms/81e4360543fbb01d4f7fb470fa49803d/transformed/ideaIU-2025.3/plugins/clouds-kubernetes/lib/modules/intellij.clouds.kubernetes.frontend.jar
7638fc687000-7638fc800000 r--s 00000000 fd:01 4390827                    /home/ubuntu/.gradle/caches/8.10.2/transforms/81e4360543fbb01d4f7fb470fa49803d/transformed/ideaIU-2025.3/plugins/java/lib/modules/intellij.jvm.analysis.impl.jar
7638fc800000-7638fd2b8000 r--s 00000000 fd:01 4390800                    /home/ubuntu/.gradle/caches/8.10.2/transforms/81e4360543fbb01d4f7fb470fa49803d/transformed/ideaIU-2025.3/plugins/java/lib/java-impl-frontend.jar
7638fd2b8000-7638fd2ba000 r--s 00000000 fd:01 4389540                    /home/ubuntu/.gradle/caches/8.10.2/transforms/81e4360543fbb01d4f7fb470fa49803d/transformed/ideaIU-2025.3/plugins/android-gradle-dsl/lib/modules/intellij.android.gradle.dsl.flags.jar
7638fd2ba000-7638fd2df000 r--s 00000000 fd:01 4391386                    /home/ubuntu/.gradle/caches/8.10.2/transforms/81e4360543fbb01d4f7fb470fa49803d/transformed/ideaIU-2025.3/plugins/mcpserver/lib/io.github.smiley4.schema.kenerator.core.jar
7638fd2df000-7638fd323000 r--s 00000000 fd:01 4389406                    /home/ubuntu/.gradle/caches/8.10.2/transforms/81e4360543fbb01d4f7fb470fa49803d/transformed/ideaIU-2025.3/plugins/clouds-kubernetes/lib/modules/intellij.clouds.kubernetes.charts.gotpl.jar
7638fd323000-7638fd393000 r--s 00000000 fd:01 4389296                    /home/ubuntu/.gradle/caches/8.10.2/transforms/81e4360543fbb01d4f7fb470fa49803d/transformed/ideaIU-2025.3/plugins/jsonpath/lib/jsonpath.jar
7638fd393000-7638fd400000 r--s 00000000 fd:01 4390726                    /home/ubuntu/.gradle/caches/8.10.2/transforms/81e4360543fbb01d4f7fb470fa49803d/transformed/ideaIU-2025.3/plugins/JPA Model/lib/jgoodies.binding.jar
7638fd400000-7638fd962000 r--s 00000000 fd:01 4390801                    /home/ubuntu/.gradle/caches/8.10.2/transforms/81e4360543fbb01d4f7fb470fa49803d/transformed/ideaIU-2025.3/plugins/java/lib/jps-builders.jar
7638fd962000-7638fd966000 r--s 00000000 fd:01 4390096                    /home/ubuntu/.gradle/caches/8.10.2/transforms/81e4360543fbb01d4f7fb470fa49803d/transformed/ideaIU-2025.3/plugins/performanceTesting/lib/modules/intellij.performanceTesting.frontend.jar
7638fd966000-7638fd97f000 r--s 00000000 fd:01 4389302                    /home/ubuntu/.gradle/caches/8.10.2/transforms/81e4360543fbb01d4f7fb470fa49803d/transformed/ideaIU-2025.3/plugins/webComponents/lib/webComponents.jar
7638fd97f000-7638fd9b9000 r--s 00000000 fd:01 4389404                    /home/ubuntu/.gradle/caches/8.10.2/transforms/81e4360543fbb01d4f7fb470fa49803d/transformed/ideaIU-2025.3/plugins/clouds-kubernetes/lib/modules/intellij.clouds.kubernetes.db.jar
7638fd9b9000-7638fda92000 r--s 00000000 fd:01 4390106                    /home/ubuntu/.gradle/caches/8.10.2/transforms/81e4360543fbb01d4f7fb470fa49803d/transformed/ideaIU-2025.3/plugins/JavaeeWeb/lib/javaee-web.jar
7638fda92000-7638fdc00000 r--s 00000000 fd:01 4390792                    /home/ubuntu/.gradle/caches/8.10.2/transforms/81e4360543fbb01d4f7fb470fa49803d/transformed/ideaIU-2025.3/plugins/java/lib/jb-jdi.jar
7638fdc00000-7638feb56000 r--s 00000000 fd:01 4389247                    /home/ubuntu/.gradle/caches/8.10.2/transforms/81e4360543fbb01d4f7fb470fa49803d/transformed/ideaIU-2025.3/plugins/localization-ja/lib/localization-ja.jar
7638feb56000-7638feb57000 r--s 00000000 fd:01 4390839                    /home/ubuntu/.gradle/caches/8.10.2/transforms/81e4360543fbb01d4f7fb470fa49803d/transformed/ideaIU-2025.3/plugins/vcs-gitlab/lib/modules/intellij.vcs.gitlab.yaml.jar
7638feb57000-7638feb66000 r--s 00000000 fd:01 4389142                    /home/ubuntu/.gradle/caches/8.10.2/transforms/81e4360543fbb01d4f7fb470fa49803d/transformed/ideaIU-2025.3/plugins/settingsSync/lib/cloud-config-client.jar
7638feb66000-7638feb79000 r--s 00000000 fd:01 4391475                    /home/ubuntu/.gradle/caches/8.10.2/transforms/81e4360543fbb01d4f7fb470fa49803d/transformed/ideaIU-2025.3/plugins/ultimate-plugin/lib/ultimate-plugin.jar
7638feb79000-7638febde000 r--s 00000000 fd:01 4390331                    /home/ubuntu/.gradle/caches/8.10.2/transforms/81e4360543fbb01d4f7fb470fa49803d/transformed/ideaIU-2025.3/plugins/javaee-el-core/lib/javaee-el-core.jar
7638febde000-7638fec3e000 r--s 00000000 fd:01 4389272                    /home/ubuntu/.gradle/caches/8.10.2/transforms/81e4360543fbb01d4f7fb470fa49803d/transformed/ideaIU-2025.3/plugins/JavaEE/lib/modules/intellij.javaee.ejb.jar
7638fec3e000-7638fecb6000 r--s 00000000 fd:01 4389280                    /home/ubuntu/.gradle/caches/8.10.2/transforms/81e4360543fbb01d4f7fb470fa49803d/transformed/ideaIU-2025.3/plugins/JavaEE/lib/modules/intellij.javaee.platform.jar
7638fecb6000-7638fee00000 r--s 00000000 fd:01 4391454                    /home/ubuntu/.gradle/caches/8.10.2/transforms/81e4360543fbb01d4f7fb470fa49803d/transformed/ideaIU-2025.3/plugins/hibernate/lib/hibernate.jar
7638fee00000-7638ff36f000 r--s 00000000 fd:01 4390525                    /home/ubuntu/.gradle/caches/8.10.2/transforms/81e4360543fbb01d4f7fb470fa49803d/transformed/ideaIU-2025.3/plugins/gradle/lib/gradle.jar
7638ff36f000-7638ff373000 r--s 00000000 fd:01 4389215                    /home/ubuntu/.gradle/caches/8.10.2/transforms/81e4360543fbb01d4f7fb470fa49803d/transformed/ideaIU-2025.3/plugins/cwm-plugin/lib/modules/intellij.docker.backend.split.jar
7638ff373000-7638ff47b000 r--s 00000000 fd:01 4389276                    /home/ubuntu/.gradle/caches/8.10.2/transforms/81e4360543fbb01d4f7fb470fa49803d/transformed/ideaIU-2025.3/plugins/JavaEE/lib/modules/intellij.javaee.jpa.ql.jar
7638ff47b000-7638ff600000 r--s 00000000 fd:01 4390524                    /home/ubuntu/.gradle/caches/8.10.2/transforms/81e4360543fbb01d4f7fb470fa49803d/transformed/ideaIU-2025.3/plugins/gradle/lib/gradle-tooling-extension-impl.jar
7638ff600000-763909b58000 r--s 00000000 fd:01 4390554                    /home/ubuntu/.gradle/caches/8.10.2/transforms/81e4360543fbb01d4f7fb470fa49803d/transformed/ideaIU-2025.3/plugins/gradle/lib/gradle-api-9.0.0.jar
763909b58000-763909b59000 r--s 00000000 fd:01 4389689                    /home/ubuntu/.gradle/caches/8.10.2/transforms/81e4360543fbb01d4f7fb470fa49803d/transformed/ideaIU-2025.3/plugins/Kotlin/lib/javax-inject.jar
763909b59000-763909b5a000 r--s 00000000 fd:01 4389342                    /home/ubuntu/.gradle/caches/8.10.2/transforms/81e4360543fbb01d4f7fb470fa49803d/transformed/ideaIU-2025.3/plugins/fullLine/lib/modules/intellij.fullLine.markdown.jar
763909b5a000-763909b5b000 r--s 00000000 fd:01 4389337                    /home/ubuntu/.gradle/caches/8.10.2/transforms/81e4360543fbb01d4f7fb470fa49803d/transformed/ideaIU-2025.3/plugins/fullLine/lib/modules/intellij.fullLine.fake.frontend.jar
763909b5b000-763909b78000 r--s 00000000 fd:01 4391385                    /home/ubuntu/.gradle/caches/8.10.2/transforms/81e4360543fbb01d4f7fb470fa49803d/transformed/ideaIU-2025.3/plugins/mcpserver/lib/io.github.smiley4.schema.kenerator.serialization.jar
763909b78000-763909ba4000 r--s 00000000 fd:01 4390636                    /home/ubuntu/.gradle/caches/8.10.2/transforms/81e4360543fbb01d4f7fb470fa49803d/transformed/ideaIU-2025.3/plugins/javaee-jsp-base-impl/lib/servlets.jar
763909ba4000-763909c67000 r--s 00000000 fd:01 4391429                    /home/ubuntu/.gradle/caches/8.10.2/transforms/81e4360543fbb01d4f7fb470fa49803d/transformed/ideaIU-2025.3/plugins/java-i18n/lib/java-i18n.jar
763909c67000-763909e00000 r--s 00000000 fd:01 4390614                    /home/ubuntu/.gradle/caches/8.10.2/transforms/81e4360543fbb01d4f7fb470fa49803d/transformed/ideaIU-2025.3/plugins/freemarker/lib/freemarker.jar
763909e00000-76390a182000 r--s 00000000 fd:01 4389385                    /home/ubuntu/.gradle/caches/8.10.2/transforms/81e4360543fbb01d4f7fb470fa49803d/transformed/ideaIU-2025.3/plugins/uml/lib/uml-support.jar
76390a182000-76390a183000 r--s 00000000 fd:01 4389345                    /home/ubuntu/.gradle/caches/8.10.2/transforms/81e4360543fbb01d4f7fb470fa49803d/transformed/ideaIU-2025.3/plugins/fullLine/lib/modules/intellij.fullLine.rider.fsharp.jar
76390a183000-76390a188000 r--s 00000000 fd:01 4389203                    /home/ubuntu/.gradle/caches/8.10.2/transforms/81e4360543fbb01d4f7fb470fa49803d/transformed/ideaIU-2025.3/plugins/cwm-plugin/lib/cwm-plugin-android.jar
76390a188000-76390a1ae000 r--s 00000000 fd:01 4390246                    /home/ubuntu/.gradle/caches/8.10.2/transforms/81e4360543fbb01d4f7fb470fa49803d/transformed/ideaIU-2025.3/plugins/javaee-jakarta-data/lib/javaee-jakarta-data.jar
76390a1ae000-76390a22d000 r--s 00000000 fd:01 4389281                    /home/ubuntu/.gradle/caches/8.10.2/transforms/81e4360543fbb01d4f7fb470fa49803d/transformed/ideaIU-2025.3/plugins/JavaEE/lib/javaee-platform.jar
76390a22d000-76390a2aa000 r--s 00000000 fd:01 4390822                    /home/ubuntu/.gradle/caches/8.10.2/transforms/81e4360543fbb01d4f7fb470fa49803d/transformed/ideaIU-2025.3/plugins/java/lib/modules/intellij.java.featuresTrainer.jar
76390a2aa000-76390a400000 r--s 00000000 fd:01 4390334                    /home/ubuntu/.gradle/caches/8.10.2/transforms/81e4360543fbb01d4f7fb470fa49803d/transformed/ideaIU-2025.3/plugins/dev/lib/dev.jar
76390a400000-76390a942000 r--s 00000000 fd:01 4391497                    /home/ubuntu/.gradle/caches/8.10.2/transforms/81e4360543fbb01d4f7fb470fa49803d/transformed/ideaIU-2025.3/plugins/DatabaseTools/lib/modules/intellij.database.sql.impl.jar
76390a942000-76390a950000 r--s 00000000 fd:01 4390296                    /home/ubuntu/.gradle/caches/8.10.2/transforms/81e4360543fbb01d4f7fb470fa49803d/transformed/ideaIU-2025.3/plugins/Spring/lib/modules/intellij.spring.core.shared.jar
76390a950000-76390a99b000 r--s 00000000 fd:01 4389277                    /home/ubuntu/.gradle/caches/8.10.2/transforms/81e4360543fbb01d4f7fb470fa49803d/transformed/ideaIU-2025.3/plugins/JavaEE/lib/modules/intellij.javaee.web.jar
76390a99b000-76390aa00000 r--s 00000000 fd:01 4390824                    /home/ubuntu/.gradle/caches/8.10.2/transforms/81e4360543fbb01d4f7fb470fa49803d/transformed/ideaIU-2025.3/plugins/java/lib/modules/intellij.java.langInjection.jar
76390aa00000-76390ac38000 r--s 00000000 fd:01 4391508                    /home/ubuntu/.gradle/caches/8.10.2/transforms/81e4360543fbb01d4f7fb470fa49803d/transformed/ideaIU-2025.3/plugins/DatabaseTools/lib/modules/intellij.database.dialects.sybase.jar
76390ac38000-76390ac41000 r--s 00000000 fd:01 4389533                    /home/ubuntu/.gradle/caches/8.10.2/transforms/81e4360543fbb01d4f7fb470fa49803d/transformed/ideaIU-2025.3/plugins/spring-data/lib/modules/intellij.spring.data.liquibase.jar
76390ac41000-76390ac5d000 r--s 00000000 fd:01 4390638                    /home/ubuntu/.gradle/caches/8.10.2/transforms/81e4360543fbb01d4f7fb470fa49803d/transformed/ideaIU-2025.3/plugins/javaee-jsp-base-impl/lib/jsp.jar
76390ac5d000-76390ac7d000 r--s 00000000 fd:01 4390282                    /home/ubuntu/.gradle/caches/8.10.2/transforms/81e4360543fbb01d4f7fb470fa49803d/transformed/ideaIU-2025.3/plugins/javaee-app-servers-impl/lib/AppServersView.jar
76390ac7d000-76390ae2c000 r--s 00000000 fd:01 4391527                    /home/ubuntu/.gradle/caches/8.10.2/transforms/81e4360543fbb01d4f7fb470fa49803d/transformed/ideaIU-2025.3/plugins/DatabaseTools/lib/modules/intellij.database.dialects.sqlite.jar
76390ae2c000-76390b000000 r--s 00000000 fd:01 4391536                    /home/ubuntu/.gradle/caches/8.10.2/transforms/81e4360543fbb01d4f7fb470fa49803d/transformed/ideaIU-2025.3/plugins/DatabaseTools/lib/modules/intellij.database.dialects.postgresgreenplumbase.jar
76390b000000-76390b2ff000 r--s 00000000 fd:01 4391504                    /home/ubuntu/.gradle/caches/8.10.2/transforms/81e4360543fbb01d4f7fb470fa49803d/transformed/ideaIU-2025.3/plugins/DatabaseTools/lib/modules/intellij.database.dialects.postgres.jar
76390b2ff000-76390b300000 r--s 00000000 fd:01 4389357                    /home/ubuntu/.gradle/caches/8.10.2/transforms/81e4360543fbb01d4f7fb470fa49803d/transformed/ideaIU-2025.3/plugins/fullLine/lib/modules/intellij.fullLine.chat.jar
76390b300000-76390b318000 r--s 00000000 fd:01 4391466                    /home/ubuntu/.gradle/caches/8.10.2/transforms/81e4360543fbb01d4f7fb470fa49803d/transformed/ideaIU-2025.3/plugins/javaee-extensions/lib/javaee-extensions.jar
76390b318000-76390b400000 r--s 00000000 fd:01 4390830                    /home/ubuntu/.gradle/caches/8.10.2/transforms/81e4360543fbb01d4f7fb470fa49803d/transformed/ideaIU-2025.3/plugins/java/lib/jps-builders-6.jar
76390b400000-76390b94a000 r--s 00000000 fd:01 4391530                    /home/ubuntu/.gradle/caches/8.10.2/transforms/81e4360543fbb01d4f7fb470fa49803d/transformed/ideaIU-2025.3/plugins/DatabaseTools/lib/modules/intellij.database.dialects.mssql.jar
76390b94a000-76390b94d000 r--s 00000000 fd:01 4390623                    /home/ubuntu/.gradle/caches/8.10.2/transforms/81e4360543fbb01d4f7fb470fa49803d/transformed/ideaIU-2025.3/plugins/Groovy/lib/groovy-constants-rt.jar
76390b94d000-76390b95c000 r--s 00000000 fd:01 4389400                    /home/ubuntu/.gradle/caches/8.10.2/transforms/81e4360543fbb01d4f7fb470fa49803d/transformed/ideaIU-2025.3/plugins/clouds-kubernetes/lib/semver4j.jar
76390b95c000-76390b98f000 r--s 00000000 fd:01 4389275                    /home/ubuntu/.gradle/caches/8.10.2/transforms/81e4360543fbb01d4f7fb470fa49803d/transformed/ideaIU-2025.3/plugins/JavaEE/lib/modules/intellij.javaee.app.servers.jar
76390b98f000-76390ba00000 r--s 00000000 fd:01 4390791                    /home/ubuntu/.gradle/caches/8.10.2/transforms/81e4360543fbb01d4f7fb470fa49803d/transformed/ideaIU-2025.3/plugins/java/lib/javac2.jar
76390ba00000-76390bc9b000 r--s 00000000 fd:01 4391512                    /home/ubuntu/.gradle/caches/8.10.2/transforms/81e4360543fbb01d4f7fb470fa49803d/transformed/ideaIU-2025.3/plugins/DatabaseTools/lib/modules/intellij.database.dialects.postgresbase.jar
76390bc9b000-76390bca4000 r--s 00000000 fd:01 4390309                    /home/ubuntu/.gradle/caches/8.10.2/transforms/81e4360543fbb01d4f7fb470fa49803d/transformed/ideaIU-2025.3/plugins/Spring/lib/modules/intellij.spring.persistence.jar
76390bca4000-76390bcb4000 r--s 00000000 fd:01 4390280                    /home/ubuntu/.gradle/caches/8.10.2/transforms/81e4360543fbb01d4f7fb470fa49803d/transformed/ideaIU-2025.3/plugins/javaee-app-servers-impl/lib/javaee-appServers-rt.jar
76390bcb4000-76390bccb000 r--s 00000000 fd:01 4389263                    /home/ubuntu/.gradle/caches/8.10.2/transforms/81e4360543fbb01d4f7fb470fa49803d/transformed/ideaIU-2025.3/plugins/JavaEE/lib/javaee-rt.jar
76390bccb000-76390bcea000 r--s 00000000 fd:01 4390817                    /home/ubuntu/.gradle/caches/8.10.2/transforms/81e4360543fbb01d4f7fb470fa49803d/transformed/ideaIU-2025.3/plugins/java/lib/modules/intellij.java.jam.impl.jar
76390bcea000-76390be00000 r--s 00000000 fd:01 4391494                    /home/ubuntu/.gradle/caches/8.10.2/transforms/81e4360543fbb01d4f7fb470fa49803d/transformed/ideaIU-2025.3/plugins/DatabaseTools/lib/modules/intellij.database.dialects.generic.jar
76390be00000-76390d188000 r--s 00000000 fd:01 4391505                    /home/ubuntu/.gradle/caches/8.10.2/transforms/81e4360543fbb01d4f7fb470fa49803d/transformed/ideaIU-2025.3/plugins/DatabaseTools/lib/modules/intellij.database.impl.jar
76390d188000-76390d189000 r--s 00000000 fd:01 4389339                    /home/ubuntu/.gradle/caches/8.10.2/transforms/81e4360543fbb01d4f7fb470fa49803d/transformed/ideaIU-2025.3/plugins/fullLine/lib/modules/intellij.fullLine.sql.jar
76390d189000-76390d18e000 r--s 00000000 fd:01 4390087                    /home/ubuntu/.gradle/caches/8.10.2/transforms/81e4360543fbb01d4f7fb470fa49803d/transformed/ideaIU-2025.3/plugins/thymeleaf-plugin/lib/modules/intellij.thymeleaf.spring.el.jar
76390d18e000-76390d266000 r--s 00000000 fd:01 4389391                    /home/ubuntu/.gradle/caches/8.10.2/transforms/81e4360543fbb01d4f7fb470fa49803d/transformed/ideaIU-2025.3/plugins/uml/lib/modules/intellij.diagram.java.jar
76390d266000-76390d400000 r--s 00000000 fd:01 4391515                    /home/ubuntu/.gradle/caches/8.10.2/transforms/81e4360543fbb01d4f7fb470fa49803d/transformed/ideaIU-2025.3/plugins/DatabaseTools/lib/modules/intellij.database.jdbcConsole.jar
76390d400000-76390d66e000 r--s 00000000 fd:01 4391540                    /home/ubuntu/.gradle/caches/8.10.2/transforms/81e4360543fbb01d4f7fb470fa49803d/transformed/ideaIU-2025.3/plugins/DatabaseTools/lib/modules/intellij.database.dialects.mysqlbase.jar
76390d66e000-76390d66f000 r--s 00000000 fd:01 4389340                    /home/ubuntu/.gradle/caches/8.10.2/transforms/81e4360543fbb01d4f7fb470fa49803d/transformed/ideaIU-2025.3/plugins/fullLine/lib/modules/intellij.fullLine.erb.jar
76390d66f000-76390d670000 r--s 00000000 fd:01 4389330                    /home/ubuntu/.gradle/caches/8.10.2/transforms/81e4360543fbb01d4f7fb470fa49803d/transformed/ideaIU-2025.3/plugins/fullLine/lib/modules/intellij.fullLine.rider.shaderlab.jar
76390d670000-76390d67c000 r--s 00000000 fd:01 4390256                    /home/ubuntu/.gradle/caches/8.10.2/transforms/81e4360543fbb01d4f7fb470fa49803d/transformed/ideaIU-2025.3/plugins/keymap-visualStudio/lib/keymap-visualStudio.jar
76390d67c000-76390d71d000 r--s 00000000 fd:01 4390806                    /home/ubuntu/.gradle/caches/8.10.2/transforms/81e4360543fbb01d4f7fb470fa49803d/transformed/ideaIU-2025.3/plugins/java/lib/completion-ranking-java.jar
76390d71d000-76390d800000 r--s 00000000 fd:01 4391520                    /home/ubuntu/.gradle/caches/8.10.2/transforms/81e4360543fbb01d4f7fb470fa49803d/transformed/ideaIU-2025.3/plugins/DatabaseTools/lib/modules/intellij.database.dialects.oracle.ex.jar
76390d800000-76390deb2000 r--s 00000000 fd:01 4391517                    /home/ubuntu/.gradle/caches/8.10.2/transforms/81e4360543fbb01d4f7fb470fa49803d/transformed/ideaIU-2025.3/plugins/DatabaseTools/lib/modules/intellij.database.sql.core.impl.jar
76390deb2000-76390deb3000 r--s 00000000 fd:01 4389367                    /home/ubuntu/.gradle/caches/8.10.2/transforms/81e4360543fbb01d4f7fb470fa49803d/transformed/ideaIU-2025.3/plugins/fullLine/lib/modules/intellij.fullLine.yaml.jar
76390deb3000-76390dec0000 r--s 00000000 fd:01 4391393                    /home/ubuntu/.gradle/caches/8.10.2/transforms/81e4360543fbb01d4f7fb470fa49803d/transformed/ideaIU-2025.3/plugins/JPA/lib/modules/intellij.javaee.jpa.kotlin.jar
76390dec0000-76390df13000 r--s 00000000 fd:01 4390828                    /home/ubuntu/.gradle/caches/8.10.2/transforms/81e4360543fbb01d4f7fb470fa49803d/transformed/ideaIU-2025.3/plugins/java/lib/modules/intellij.java.structuralSearch.jar
76390df13000-76390e000000 r--s 00000000 fd:01 4391498                    /home/ubuntu/.gradle/caches/8.10.2/transforms/81e4360543fbb01d4f7fb470fa49803d/transformed/ideaIU-2025.3/plugins/DatabaseTools/lib/modules/intellij.database.dialects.mysql.jar
76390e000000-76390e227000 r--s 00000000 fd:01 4391510                    /home/ubuntu/.gradle/caches/8.10.2/transforms/81e4360543fbb01d4f7fb470fa49803d/transformed/ideaIU-2025.3/plugins/DatabaseTools/lib/modules/intellij.database.dialects.mongo.jar
76390e227000-76390e228000 r--s 00000000 fd:01 4389366                    /home/ubuntu/.gradle/caches/8.10.2/transforms/81e4360543fbb01d4f7fb470fa49803d/transformed/ideaIU-2025.3/plugins/fullLine/lib/modules/intellij.fullLine.json.jar
76390e228000-76390e22f000 r--s 00000000 fd:01 4390085                    /home/ubuntu/.gradle/caches/8.10.2/transforms/81e4360543fbb01d4f7fb470fa49803d/transformed/ideaIU-2025.3/plugins/thymeleaf-plugin/lib/modules/intellij.thymeleaf.spring.security.jar
76390e22f000-76390e23f000 r--s 00000000 fd:01 4390829                    /home/ubuntu/.gradle/caches/8.10.2/transforms/81e4360543fbb01d4f7fb470fa49803d/transformed/ideaIU-2025.3/plugins/java/lib/modules/intellij.java.langInjection.jps.jar
76390e23f000-76390e254000 r--s 00000000 fd:01 4390821                    /home/ubuntu/.gradle/caches/8.10.2/transforms/81e4360543fbb01d4f7fb470fa49803d/transformed/ideaIU-2025.3/plugins/java/lib/modules/intellij.java.duplicatesDetection.jar
76390e254000-76390e271000 r--s 00000000 fd:01 4390796                    /home/ubuntu/.gradle/caches/8.10.2/transforms/81e4360543fbb01d4f7fb470fa49803d/transformed/ideaIU-2025.3/plugins/java/lib/maven-resolver-transport-http.jar
76390e271000-76390e2f0000 r--s 00000000 fd:01 4390831                    /home/ubuntu/.gradle/caches/8.10.2/transforms/81e4360543fbb01d4f7fb470fa49803d/transformed/ideaIU-2025.3/plugins/java/lib/sa-jdwp.jar
76390e2f0000-76390e400000 r--s 00000000 fd:01 4391526                    /home/ubuntu/.gradle/caches/8.10.2/transforms/81e4360543fbb01d4f7fb470fa49803d/transformed/ideaIU-2025.3/plugins/DatabaseTools/lib/modules/intellij.database.dialects.redis.jar
76390e400000-76390e7f1000 r--s 00000000 fd:01 4391524                    /home/ubuntu/.gradle/caches/8.10.2/transforms/81e4360543fbb01d4f7fb470fa49803d/transformed/ideaIU-2025.3/plugins/DatabaseTools/lib/modules/intellij.database.connectivity.jar
76390e7f1000-76390e7f5000 r--s 00000000 fd:01 4390082                    /home/ubuntu/.gradle/caches/8.10.2/transforms/81e4360543fbb01d4f7fb470fa49803d/transformed/ideaIU-2025.3/plugins/thymeleaf-plugin/lib/thymeleaf-plugin.jar
76390e7f5000-76390e800000 r--s 00000000 fd:01 4390816                    /home/ubuntu/.gradle/caches/8.10.2/transforms/81e4360543fbb01d4f7fb470fa49803d/transformed/ideaIU-2025.3/plugins/java/lib/modules/intellij.java.execution.impl.backend.jar
76390e800000-76390ee74000 r--s 00000000 fd:01 4391534                    /home/ubuntu/.gradle/caches/8.10.2/transforms/81e4360543fbb01d4f7fb470fa49803d/transformed/ideaIU-2025.3/plugins/DatabaseTools/lib/modules/intellij.database.dialects.oracle.jar
76390ee74000-76390ee7d000 r--s 00000000 fd:01 4390294                    /home/ubuntu/.gradle/caches/8.10.2/transforms/81e4360543fbb01d4f7fb470fa49803d/transformed/ideaIU-2025.3/plugins/Spring/lib/modules/intellij.spring.persistence.jpa.jar
76390ee7d000-76390ee87000 r--s 00000000 fd:01 4390823                    /home/ubuntu/.gradle/caches/8.10.2/transforms/81e4360543fbb01d4f7fb470fa49803d/transformed/ideaIU-2025.3/plugins/java/lib/modules/intellij.java.vcs.jar
76390ee87000-76390eedf000 r--s 00000000 fd:01 4390553                    /home/ubuntu/.gradle/caches/8.10.2/transforms/81e4360543fbb01d4f7fb470fa49803d/transformed/ideaIU-2025.3/plugins/gradle/lib/gradle-tooling-extension-api.jar
76390eedf000-76390f000000 r--s 00000000 fd:01 4391500                    /home/ubuntu/.gradle/caches/8.10.2/transforms/81e4360543fbb01d4f7fb470fa49803d/transformed/ideaIU-2025.3/plugins/DatabaseTools/lib/modules/intellij.database.dialects.maria.jar
76390f000000-76390f3e0000 r--s 00000000 fd:01 4391493                    /home/ubuntu/.gradle/caches/8.10.2/transforms/81e4360543fbb01d4f7fb470fa49803d/transformed/ideaIU-2025.3/plugins/DatabaseTools/lib/modules/intellij.database.dialects.base.jar
76390f3e0000-76390f3e1000 r--s 00000000 fd:01 4389368                    /home/ubuntu/.gradle/caches/8.10.2/transforms/81e4360543fbb01d4f7fb470fa49803d/transformed/ideaIU-2025.3/plugins/fullLine/lib/modules/intellij.fullLine.rider.godot.jar
76390f3e1000-76390f3e7000 r--s 00000000 fd:01 4389747                    /home/ubuntu/.gradle/caches/8.10.2/transforms/81e4360543fbb01d4f7fb470fa49803d/transformed/ideaIU-2025.3/plugins/tasks/lib/modules/intellij.tasks.trac.jar
76390f3e7000-76390f400000 r--s 00000000 fd:01 4390797                    /home/ubuntu/.gradle/caches/8.10.2/transforms/81e4360543fbb01d4f7fb470fa49803d/transformed/ideaIU-2025.3/plugins/java/lib/aether-dependency-resolver.jar
76390f400000-7639107bf000 r--s 00000000 fd:01 4391514                    /home/ubuntu/.gradle/caches/8.10.2/transforms/81e4360543fbb01d4f7fb470fa49803d/transformed/ideaIU-2025.3/plugins/DatabaseTools/lib/modules/intellij.database.core.impl.jar
7639107bf000-7639107c6000 r--s 00000000 fd:01 4390649                    /home/ubuntu/.gradle/caches/8.10.2/transforms/81e4360543fbb01d4f7fb470fa49803d/transformed/ideaIU-2025.3/plugins/spring-boot-core/lib/modules/intellij.spring.boot.cron.jar
7639107c6000-763910856000 r--s 00000000 fd:01 4389543                    /home/ubuntu/.gradle/caches/8.10.2/transforms/81e4360543fbb01d4f7fb470fa49803d/transformed/ideaIU-2025.3/plugins/flyway/lib/flyway.jar
763910856000-763910a00000 r--s 00000000 fd:01 4391541                    /home/ubuntu/.gradle/caches/8.10.2/transforms/81e4360543fbb01d4f7fb470fa49803d/transformed/ideaIU-2025.3/plugins/DatabaseTools/lib/database-plugin-frontend.jar
763910a00000-76391336b000 r--s 00000000 fd:01 4391481                    /home/ubuntu/.gradle/caches/8.10.2/transforms/81e4360543fbb01d4f7fb470fa49803d/transformed/ideaIU-2025.3/plugins/DatabaseTools/lib/database-plugin.jar
76391336b000-76391336c000 r--s 00000000 fd:01 4389354                    /home/ubuntu/.gradle/caches/8.10.2/transforms/81e4360543fbb01d4f7fb470fa49803d/transformed/ideaIU-2025.3/plugins/fullLine/lib/modules/intellij.fullLine.rbs.jar
76391336c000-76391336d000 r--s 00000000 fd:01 4389361                    /home/ubuntu/.gradle/caches/8.10.2/transforms/81e4360543fbb01d4f7fb470fa49803d/transformed/ideaIU-2025.3/plugins/fullLine/lib/modules/intellij.fullLine.properties.jar
76391336d000-76391338e000 r--s 00000000 fd:01 4390795                    /home/ubuntu/.gradle/caches/8.10.2/transforms/81e4360543fbb01d4f7fb470fa49803d/transformed/ideaIU-2025.3/plugins/java/lib/jps-javac-extension.jar
76391338e000-763913400000 r--s 00000000 fd:01 4391519                    /home/ubuntu/.gradle/caches/8.10.2/transforms/81e4360543fbb01d4f7fb470fa49803d/transformed/ideaIU-2025.3/plugins/DatabaseTools/lib/modules/intellij.database.dialects.mssql.ex.jar
763913400000-7639137f7000 r--s 00000000 fd:01 4391486                    /home/ubuntu/.gradle/caches/8.10.2/transforms/81e4360543fbb01d4f7fb470fa49803d/transformed/ideaIU-2025.3/plugins/DatabaseTools/lib/maven-resolver-provider.jar
7639137f7000-763913800000 r--s 00000000 fd:01 4389282                    /home/ubuntu/.gradle/caches/8.10.2/transforms/81e4360543fbb01d4f7fb470fa49803d/transformed/ideaIU-2025.3/plugins/JavaEE/lib/jasper-v2-rt.jar
763913800000-763913b29000 r--s 00000000 fd:01 4391441                    /home/ubuntu/.gradle/caches/8.10.2/transforms/81e4360543fbb01d4f7fb470fa49803d/transformed/ideaIU-2025.3/plugins/css-plugin/lib/modules/intellij.css.psi.jar
763913b29000-763913b2c000 r--s 00000000 fd:01 4389756                    /home/ubuntu/.gradle/caches/8.10.2/transforms/81e4360543fbb01d4f7fb470fa49803d/transformed/ideaIU-2025.3/plugins/editorconfig-plugin/lib/modules/intellij.editorconfig.frontend.split.jar
763913b2c000-763913b3b000 r--s 00000000 fd:01 4390820                    /home/ubuntu/.gradle/caches/8.10.2/transforms/81e4360543fbb01d4f7fb470fa49803d/transformed/ideaIU-2025.3/plugins/java/lib/modules/intellij.java.duplicates.analysis.jar
763913b3b000-763913b57000 r--s 00000000 fd:01 4389388                    /home/ubuntu/.gradle/caches/8.10.2/transforms/81e4360543fbb01d4f7fb470fa49803d/transformed/ideaIU-2025.3/plugins/uml/lib/modules/intellij.diagram.maven.jar
763913b57000-763913b73000 r--s 00000000 fd:01 4389390                    /home/ubuntu/.gradle/caches/8.10.2/transforms/81e4360543fbb01d4f7fb470fa49803d/transformed/ideaIU-2025.3/plugins/uml/lib/modules/intellij.diagram.gradle.jar
763913b73000-763913c00000 r--s 00000000 fd:01 4391537                    /home/ubuntu/.gradle/caches/8.10.2/transforms/81e4360543fbb01d4f7fb470fa49803d/transformed/ideaIU-2025.3/plugins/DatabaseTools/lib/modules/intellij.database.sql.common.impl.jar
763913c00000-763914149000 r--s 00000000 fd:01 4391439                    /home/ubuntu/.gradle/caches/8.10.2/transforms/81e4360543fbb01d4f7fb470fa49803d/transformed/ideaIU-2025.3/plugins/css-plugin/lib/modules/intellij.css.backend.jar
763914149000-76391414b000 r--s 00000000 fd:01 4390497                    /home/ubuntu/.gradle/caches/8.10.2/transforms/81e4360543fbb01d4f7fb470fa49803d/transformed/ideaIU-2025.3/plugins/ktor/lib/ktor-gradle-tooling.jar
76391414b000-76391414f000 r--s 00000000 fd:01 4389532                    /home/ubuntu/.gradle/caches/8.10.2/transforms/81e4360543fbb01d4f7fb470fa49803d/transformed/ideaIU-2025.3/plugins/spring-data/lib/modules/intellij.spring.data.el.jar
76391414f000-76391417e000 r--s 00000000 fd:01 4389738                    /home/ubuntu/.gradle/caches/8.10.2/transforms/81e4360543fbb01d4f7fb470fa49803d/transformed/ideaIU-2025.3/plugins/debugger-collections-visualizer/lib/modules/intellij.debugger.collections.visualizer.core.frontend.jar
76391417e000-7639141fd000 r--s 00000000 fd:01 4391532                    /home/ubuntu/.gradle/caches/8.10.2/transforms/81e4360543fbb01d4f7fb470fa49803d/transformed/ideaIU-2025.3/plugins/DatabaseTools/lib/modules/intellij.database.completionMlRanking.jar
7639141fd000-76391428b000 r--s 00000000 fd:01 4391495                    /home/ubuntu/.gradle/caches/8.10.2/transforms/81e4360543fbb01d4f7fb470fa49803d/transformed/ideaIU-2025.3/plugins/DatabaseTools/lib/modules/intellij.database.sql.jar
76391428b000-76391430e000 r--s 00000000 fd:01 4391489                    /home/ubuntu/.gradle/caches/8.10.2/transforms/81e4360543fbb01d4f7fb470fa49803d/transformed/ideaIU-2025.3/plugins/DatabaseTools/lib/plexus-utils.jar
76391430e000-763914400000 r--s 00000000 fd:01 4391443                    /home/ubuntu/.gradle/caches/8.10.2/transforms/81e4360543fbb01d4f7fb470fa49803d/transformed/ideaIU-2025.3/plugins/css-plugin/lib/modules/intellij.css.common.psi.jar
763914400000-763914a0d000 r--s 00000000 fd:01 4391436                    /home/ubuntu/.gradle/caches/8.10.2/transforms/81e4360543fbb01d4f7fb470fa49803d/transformed/ideaIU-2025.3/plugins/css-plugin/lib/modules/intellij.css.xmlSchemeGenerator.jar
763914a0d000-763914a10000 r--s 00000000 fd:01 4391551                    /home/ubuntu/.gradle/caches/8.10.2/transforms/81e4360543fbb01d4f7fb470fa49803d/transformed/ideaIU-2025.3/plugins/jupyter-plugin/lib/modules/intellij.jupyter.py.completion.ml.ranking.jar
763914a10000-763914a29000 r--s 00000000 fd:01 4389389                    /home/ubuntu/.gradle/caches/8.10.2/transforms/81e4360543fbb01d4f7fb470fa49803d/transformed/ideaIU-2025.3/plugins/uml/lib/modules/intellij.diagram.vcs.jar
763914a29000-763914a50000 r--s 00000000 fd:01 4389736                    /home/ubuntu/.gradle/caches/8.10.2/transforms/81e4360543fbb01d4f7fb470fa49803d/transformed/ideaIU-2025.3/plugins/debugger-collections-visualizer/lib/modules/intellij.debugger.collections.visualizer.jvm.jar
763914a50000-763914ae5000 r--s 00000000 fd:01 4391487                    /home/ubuntu/.gradle/caches/8.10.2/transforms/81e4360543fbb01d4f7fb470fa49803d/transformed/ideaIU-2025.3/plugins/DatabaseTools/lib/tips-database-plugin.jar
763914ae5000-763914c00000 r--s 00000000 fd:01 4389519                    /home/ubuntu/.gradle/caches/8.10.2/transforms/81e4360543fbb01d4f7fb470fa49803d/transformed/ideaIU-2025.3/plugins/completionMlRanking/lib/completionMlRanking.jar
763914c00000-763914e75000 r--s 00000000 fd:01 4390512                    /home/ubuntu/.gradle/caches/8.10.2/transforms/81e4360543fbb01d4f7fb470fa49803d/transformed/ideaIU-2025.3/plugins/xpath/lib/xpath.jar
763914e75000-763914e77000 r--s 00000000 fd:01 4389250                    /home/ubuntu/.gradle/caches/8.10.2/transforms/81e4360543fbb01d4f7fb470fa49803d/transformed/ideaIU-2025.3/plugins/remote-dev-server/lib/remote-dev-server.jar
763914e77000-763914e87000 r--s 00000000 fd:01 4390807                    /home/ubuntu/.gradle/caches/8.10.2/transforms/81e4360543fbb01d4f7fb470fa49803d/transformed/ideaIU-2025.3/plugins/java/lib/jgoodies-common.jar
763914e87000-763914ef3000 r--s 00000000 fd:01 4391518                    /home/ubuntu/.gradle/caches/8.10.2/transforms/81e4360543fbb01d4f7fb470fa49803d/transformed/ideaIU-2025.3/plugins/DatabaseTools/lib/modules/intellij.database.dialects.sql92.jar
763914ef3000-763915000000 r--s 00000000 fd:01 4389415                    /home/ubuntu/.gradle/caches/8.10.2/transforms/81e4360543fbb01d4f7fb470fa49803d/transformed/ideaIU-2025.3/plugins/javaee-cdi/lib/javaee-cdi.jar
763915000000-763915349000 r--s 00000000 fd:01 4389106                    /home/ubuntu/.gradle/caches/8.10.2/transforms/81e4360543fbb01d4f7fb470fa49803d/transformed/ideaIU-2025.3/plugins/testng/lib/testng.jar
763915349000-76391534c000 r--s 00000000 fd:01 4389230                    /home/ubuntu/.gradle/caches/8.10.2/transforms/81e4360543fbb01d4f7fb470fa49803d/transformed/ideaIU-2025.3/plugins/cwm-plugin/lib/modules/intellij.platform.vcs.common.split.jar
76391534c000-763915364000 r--s 00000000 fd:01 4389734                    /home/ubuntu/.gradle/caches/8.10.2/transforms/81e4360543fbb01d4f7fb470fa49803d/transformed/ideaIU-2025.3/plugins/debugger-collections-visualizer/lib/debugger-collections-visualizer.jar
763915364000-763915381000 r--s 00000000 fd:01 4391533                    /home/ubuntu/.gradle/caches/8.10.2/transforms/81e4360543fbb01d4f7fb470fa49803d/transformed/ideaIU-2025.3/plugins/DatabaseTools/lib/modules/intellij.database.dialects.base.ex.jar
763915381000-763915400000 r--s 00000000 fd:01 4391438                    /home/ubuntu/.gradle/caches/8.10.2/transforms/81e4360543fbb01d4f7fb470fa49803d/transformed/ideaIU-2025.3/plugins/css-plugin/lib/modules/intellij.css.analysis.jar
763915400000-763916cf8000 r--s 00000000 fd:01 4389552                    /home/ubuntu/.gradle/caches/8.10.2/transforms/81e4360543fbb01d4f7fb470fa49803d/transformed/ideaIU-2025.3/plugins/vcs-svn/lib/sqlite.jar
763916cf8000-763916cfd000 r--s 00000000 fd:01 4390292                    /home/ubuntu/.gradle/caches/8.10.2/transforms/81e4360543fbb01d4f7fb470fa49803d/transformed/ideaIU-2025.3/plugins/Spring/lib/modules/intellij.spring.jsf.jar
763916cfd000-763916d1b000 r--s 00000000 fd:01 4391501                    /home/ubuntu/.gradle/caches/8.10.2/transforms/81e4360543fbb01d4f7fb470fa49803d/transformed/ideaIU-2025.3/plugins/DatabaseTools/lib/modules/intellij.database.sql.intelliLang.jar
763916d1b000-763916d3c000 r--s 00000000 fd:01 4391521                    /home/ubuntu/.gradle/caches/8.10.2/transforms/81e4360543fbb01d4f7fb470fa49803d/transformed/ideaIU-2025.3/plugins/DatabaseTools/lib/modules/intellij.database.dialects.mongo.js.external.jar
763916d3c000-763916d9c000 r--s 00000000 fd:01 4391444                    /home/ubuntu/.gradle/caches/8.10.2/transforms/81e4360543fbb01d4f7fb470fa49803d/transformed/ideaIU-2025.3/plugins/css-plugin/lib/modules/intellij.css.common.jar
763916d9c000-763916e00000 r--s 00000000 fd:01 4389731                    /home/ubuntu/.gradle/caches/8.10.2/transforms/81e4360543fbb01d4f7fb470fa49803d/transformed/ideaIU-2025.3/plugins/cron/lib/cronutils.cron.utils.jar
763916e00000-763917266000 r--s 00000000 fd:01 4389553                    /home/ubuntu/.gradle/caches/8.10.2/transforms/81e4360543fbb01d4f7fb470fa49803d/transformed/ideaIU-2025.3/plugins/vcs-svn/lib/vcs-svn.jar
763917266000-763917281000 r--s 00000000 fd:01 4391513                    /home/ubuntu/.gradle/caches/8.10.2/transforms/81e4360543fbb01d4f7fb470fa49803d/transformed/ideaIU-2025.3/plugins/DatabaseTools/lib/modules/intellij.database.dialects.mysqlbase.ex.jar
763917281000-7639172b9000 r--s 00000000 fd:01 4391502                    /home/ubuntu/.gradle/caches/8.10.2/transforms/81e4360543fbb01d4f7fb470fa49803d/transformed/ideaIU-2025.3/plugins/DatabaseTools/lib/modules/intellij.database.util.jar
7639172b9000-76391732c000 r--s 00000000 fd:01 4391415                    /home/ubuntu/.gradle/caches/8.10.2/transforms/81e4360543fbb01d4f7fb470fa49803d/transformed/ideaIU-2025.3/plugins/copyright/lib/copyright.jar
76391732c000-763917400000 r--s 00000000 fd:01 4390276                    /home/ubuntu/.gradle/caches/8.10.2/transforms/81e4360543fbb01d4f7fb470fa49803d/transformed/ideaIU-2025.3/plugins/aopCommon/lib/aopCommon.jar
763917400000-763917664000 r--s 00000000 fd:01 4390756                    /home/ubuntu/.gradle/caches/8.10.2/transforms/81e4360543fbb01d4f7fb470fa49803d/transformed/ideaIU-2025.3/plugins/vcs-perforce/lib/vcs-perforce.jar
763917664000-763917666000 r--s 00000000 fd:01 4389221                    /home/ubuntu/.gradle/caches/8.10.2/transforms/81e4360543fbb01d4f7fb470fa49803d/transformed/ideaIU-2025.3/plugins/cwm-plugin/lib/modules/intellij.platform.progress.frontend.split.jar
763917666000-763917703000 r--s 00000000 fd:01 4390573                    /home/ubuntu/.gradle/caches/8.10.2/transforms/81e4360543fbb01d4f7fb470fa49803d/transformed/ideaIU-2025.3/plugins/compose-ide-plugin/lib/compose-ide-plugin.jar
763917703000-763917800000 r--s 00000000 fd:01 4390218                    /home/ubuntu/.gradle/caches/8.10.2/transforms/81e4360543fbb01d4f7fb470fa49803d/transformed/ideaIU-2025.3/plugins/android-gradle-declarative-lang-ide/lib/android-gradle-declarative-lang-ide.jar
763917800000-763917b50000 r--s 00000000 fd:01 4390215                    /home/ubuntu/.gradle/caches/8.10.2/transforms/81e4360543fbb01d4f7fb470fa49803d/transformed/ideaIU-2025.3/plugins/nodeJS/lib/nodeJS.jar
763917b50000-763917b67000 r--s 00000000 fd:01 4390813                    /home/ubuntu/.gradle/caches/8.10.2/transforms/81e4360543fbb01d4f7fb470fa49803d/transformed/ideaIU-2025.3/plugins/java/lib/maven-resolver-connector-basic.jar
763917b67000-763917ba8000 r--s 00000000 fd:01 4391437                    /home/ubuntu/.gradle/caches/8.10.2/transforms/81e4360543fbb01d4f7fb470fa49803d/transformed/ideaIU-2025.3/plugins/css-plugin/lib/modules/intellij.css.jar
763917ba8000-763917c19000 r--s 00000000 fd:01 4389394                    /home/ubuntu/.gradle/caches/8.10.2/transforms/81e4360543fbb01d4f7fb470fa49803d/transformed/ideaIU-2025.3/plugins/profiler-lineProfiler/lib/profiler-lineProfiler.jar
763917c19000-763917e00000 r--s 00000000 fd:01 4391457                    /home/ubuntu/.gradle/caches/8.10.2/transforms/81e4360543fbb01d4f7fb470fa49803d/transformed/ideaIU-2025.3/plugins/lombok/lib/lombok.jar
763917e00000-763918049000 r--s 00000000 fd:01 4389489                    /home/ubuntu/.gradle/caches/8.10.2/transforms/81e4360543fbb01d4f7fb470fa49803d/transformed/ideaIU-2025.3/plugins/javascript-debugger/lib/modules/intellij.javascript.wip.backend.jar
763918049000-76391804a000 r--s 00000000 fd:01 4389364                    /home/ubuntu/.gradle/caches/8.10.2/transforms/81e4360543fbb01d4f7fb470fa49803d/transformed/ideaIU-2025.3/plugins/fullLine/lib/modules/intellij.fullLine.text.jar
76391804a000-763918063000 r--s 00000000 fd:01 4391516                    /home/ubuntu/.gradle/caches/8.10.2/transforms/81e4360543fbb01d4f7fb470fa49803d/transformed/ideaIU-2025.3/plugins/DatabaseTools/lib/modules/intellij.database.pro.jar
763918063000-763918200000 r--s 00000000 fd:01 4389491                    /home/ubuntu/.gradle/caches/8.10.2/transforms/81e4360543fbb01d4f7fb470fa49803d/transformed/ideaIU-2025.3/plugins/javascript-debugger/lib/modules/intellij.javascript.wip.protocol.jar
763918200000-763918588000 r--s 00000000 fd:01 4389492                    /home/ubuntu/.gradle/caches/8.10.2/transforms/81e4360543fbb01d4f7fb470fa49803d/transformed/ideaIU-2025.3/plugins/javascript-debugger/lib/modules/intellij.javascript.debugger.backend.jar
763918588000-76391858c000 r--s 00000000 fd:01 4390306                    /home/ubuntu/.gradle/caches/8.10.2/transforms/81e4360543fbb01d4f7fb470fa49803d/transformed/ideaIU-2025.3/plugins/Spring/lib/modules/intellij.spring.data.jpa.ql.jar
76391858c000-763918597000 r--s 00000000 fd:01 4390826                    /home/ubuntu/.gradle/caches/8.10.2/transforms/81e4360543fbb01d4f7fb470fa49803d/transformed/ideaIU-2025.3/plugins/java/lib/modules/intellij.java.unscramble.jar
763918597000-7639185c1000 r--s 00000000 fd:01 4391539                    /home/ubuntu/.gradle/caches/8.10.2/transforms/81e4360543fbb01d4f7fb470fa49803d/transformed/ideaIU-2025.3/plugins/DatabaseTools/lib/modules/intellij.database.sql.backend.core.jar
7639185c1000-763918660000 r--s 00000000 fd:01 4390518                    /home/ubuntu/.gradle/caches/8.10.2/transforms/81e4360543fbb01d4f7fb470fa49803d/transformed/ideaIU-2025.3/plugins/javaee-appServers-tomcat/lib/intellij.tomcat.inspector.jar
763918660000-763918704000 r--s 00000000 fd:01 4389107                    /home/ubuntu/.gradle/caches/8.10.2/transforms/81e4360543fbb01d4f7fb470fa49803d/transformed/ideaIU-2025.3/plugins/testng/lib/testng-plugin.jar
763918704000-763918800000 r--s 00000000 fd:01 4389486                    /home/ubuntu/.gradle/caches/8.10.2/transforms/81e4360543fbb01d4f7fb470fa49803d/transformed/ideaIU-2025.3/plugins/javascript-debugger/lib/javascript-debugger.jar
763918800000-76391b1ec000 r--s 00000000 fd:01 4389835                    /home/ubuntu/.gradle/caches/8.10.2/transforms/81e4360543fbb01d4f7fb470fa49803d/transformed/ideaIU-2025.3/plugins/javascript-plugin/lib/javascript-plugin.jar
76391b1ec000-76391b200000 r--s 00000000 fd:01 4389714                    /home/ubuntu/.gradle/caches/8.10.2/transforms/81e4360543fbb01d4f7fb470fa49803d/transformed/ideaIU-2025.3/plugins/findUsagesMl/lib/findUsagesMl.jar
76391b200000-76391c0b1000 r--s 00000000 fd:01 4389839                    /home/ubuntu/.gradle/caches/8.10.2/transforms/81e4360543fbb01d4f7fb470fa49803d/transformed/ideaIU-2025.3/plugins/javascript-plugin/lib/javascript-plugin-frontend.jar
76391c0b1000-76391c0b2000 r--s 00000000 fd:01 4389353                    /home/ubuntu/.gradle/caches/8.10.2/transforms/81e4360543fbb01d4f7fb470fa49803d/transformed/ideaIU-2025.3/plugins/fullLine/lib/modules/intellij.fullLine.xml.jar
76391c0b2000-76391c0b7000 r--s 00000000 fd:01 4390310                    /home/ubuntu/.gradle/caches/8.10.2/transforms/81e4360543fbb01d4f7fb470fa49803d/transformed/ideaIU-2025.3/plugins/Spring/lib/modules/intellij.spring.boot.run.free.jar
76391c0b7000-76391c0c5000 r--s 00000000 fd:01 4389737                    /home/ubuntu/.gradle/caches/8.10.2/transforms/81e4360543fbb01d4f7fb470fa49803d/transformed/ideaIU-2025.3/plugins/debugger-collections-visualizer/lib/modules/intellij.debugger.collections.visualizer.core.backend.jar
76391c0c5000-76391c137000 r--s 00000000 fd:01 4390772                    /home/ubuntu/.gradle/caches/8.10.2/transforms/81e4360543fbb01d4f7fb470fa49803d/transformed/ideaIU-2025.3/plugins/xml-refactoring/lib/xml-refactoring.jar
76391c137000-76391c28c000 r--s 00000000 fd:01 4389459                    /home/ubuntu/.gradle/caches/8.10.2/transforms/81e4360543fbb01d4f7fb470fa49803d/transformed/ideaIU-2025.3/plugins/junit/lib/junit.jar
76391c28c000-76391c400000 r--s 00000000 fd:01 4389427                    /home/ubuntu/.gradle/caches/8.10.2/transforms/81e4360543fbb01d4f7fb470fa49803d/transformed/ideaIU-2025.3/plugins/javaee-appServers-jboss/lib/javaee-appServers-jboss.jar
76391c400000-76391d129000 r--s 00000000 fd:01 4391408                    /home/ubuntu/.gradle/caches/8.10.2/transforms/81e4360543fbb01d4f7fb470fa49803d/transformed/ideaIU-2025.3/plugins/vcs-git/lib/vcs-git.jar
76391d129000-76391d130000 r--s 00000000 fd:01 4390307                    /home/ubuntu/.gradle/caches/8.10.2/transforms/81e4360543fbb01d4f7fb470fa49803d/transformed/ideaIU-2025.3/plugins/Spring/lib/modules/intellij.spring.eclipse.jar
76391d130000-76391d14c000 r--s 00000000 fd:01 4391506                    /home/ubuntu/.gradle/caches/8.10.2/transforms/81e4360543fbb01d4f7fb470fa49803d/transformed/ideaIU-2025.3/plugins/DatabaseTools/lib/modules/intellij.database.dialects.mongo.sql.jar
76391d14c000-76391d169000 r--s 00000000 fd:01 4391482                    /home/ubuntu/.gradle/caches/8.10.2/transforms/81e4360543fbb01d4f7fb470fa49803d/transformed/ideaIU-2025.3/plugins/DatabaseTools/lib/maven-resolver-transport-http.jar
76391d169000-76391d200000 r--s 00000000 fd:01 4390604                    /home/ubuntu/.gradle/caches/8.10.2/transforms/81e4360543fbb01d4f7fb470fa49803d/transformed/ideaIU-2025.3/plugins/karma/lib/karma.jar
76391d200000-76391d491000 r--s 00000000 fd:01 4390567                    /home/ubuntu/.gradle/caches/8.10.2/transforms/81e4360543fbb01d4f7fb470fa49803d/transformed/ideaIU-2025.3/plugins/clouds-docker-impl/lib/modules/intellij.clouds.docker.shared.jar
76391d491000-76391d494000 r--s 00000000 fd:01 4389226                    /home/ubuntu/.gradle/caches/8.10.2/transforms/81e4360543fbb01d4f7fb470fa49803d/transformed/ideaIU-2025.3/plugins/cwm-plugin/lib/modules/intellij.cwm.vcs.jar
76391d494000-76391d4a5000 r--s 00000000 fd:01 4391496                    /home/ubuntu/.gradle/caches/8.10.2/transforms/81e4360543fbb01d4f7fb470fa49803d/transformed/ideaIU-2025.3/plugins/DatabaseTools/lib/modules/intellij.database.dialects.mongo.ex.jar
76391d4a5000-76391d600000 r--s 00000000 fd:01 4391410                    /home/ubuntu/.gradle/caches/8.10.2/transforms/81e4360543fbb01d4f7fb470fa49803d/transformed/ideaIU-2025.3/plugins/vcs-git/lib/vcs-git-frontend.jar
76391d600000-76391dd01000 r--s 00000000 fd:01 4390569                    /home/ubuntu/.gradle/caches/8.10.2/transforms/81e4360543fbb01d4f7fb470fa49803d/transformed/ideaIU-2025.3/plugins/clouds-docker-impl/lib/modules/intellij.clouds.docker.jar
76391dd01000-76391dd09000 r--s 00000000 fd:01 4390521                    /home/ubuntu/.gradle/caches/8.10.2/transforms/81e4360543fbb01d4f7fb470fa49803d/transformed/ideaIU-2025.3/plugins/keymap-eclipse/lib/keymap-eclipse.jar
76391dd09000-76391dd6a000 r--s 00000000 fd:01 4390515                    /home/ubuntu/.gradle/caches/8.10.2/transforms/81e4360543fbb01d4f7fb470fa49803d/transformed/ideaIU-2025.3/plugins/javaee-appServers-tomcat/lib/javaee-appServers-tomcat.jar
76391dd6a000-76391de00000 r--s 00000000 fd:01 4389836                    /home/ubuntu/.gradle/caches/8.10.2/transforms/81e4360543fbb01d4f7fb470fa49803d/transformed/ideaIU-2025.3/plugins/javascript-plugin/lib/completion-ranking-js.jar
76391de00000-76391e1a6000 r--s 00000000 fd:01 4390561                    /home/ubuntu/.gradle/caches/8.10.2/transforms/81e4360543fbb01d4f7fb470fa49803d/transformed/ideaIU-2025.3/plugins/clouds-docker-impl/lib/com.github.docker-java-docker-java-transport-httpclient5.jar
76391e1a6000-76391e1a7000 r--s 00000000 fd:01 4390622                    /home/ubuntu/.gradle/caches/8.10.2/transforms/81e4360543fbb01d4f7fb470fa49803d/transformed/ideaIU-2025.3/plugins/Groovy/lib/groovy-spock-rt.jar
76391e1a7000-76391e1ac000 r--s 00000000 fd:01 4390788                    /home/ubuntu/.gradle/caches/8.10.2/transforms/81e4360543fbb01d4f7fb470fa49803d/transformed/ideaIU-2025.3/plugins/keymap-netbeans/lib/keymap-netbeans.jar
76391e1ac000-76391e200000 r--s 00000000 fd:01 4390109                    /home/ubuntu/.gradle/caches/8.10.2/transforms/81e4360543fbb01d4f7fb470fa49803d/transformed/ideaIU-2025.3/plugins/javaee-beanValidation/lib/javaee-beanValidation.jar
76391e200000-76391ed56000 r--s 00000000 fd:01 4390563                    /home/ubuntu/.gradle/caches/8.10.2/transforms/81e4360543fbb01d4f7fb470fa49803d/transformed/ideaIU-2025.3/plugins/clouds-docker-impl/lib/clouds-docker-impl.jar
76391ed56000-76391ed59000 r--s 00000000 fd:01 4389531                    /home/ubuntu/.gradle/caches/8.10.2/transforms/81e4360543fbb01d4f7fb470fa49803d/transformed/ideaIU-2025.3/plugins/spring-data/lib/modules/intellij.spring.data.ql.jar
76391ed59000-76391ed6d000 r--s 00000000 fd:01 4391507                    /home/ubuntu/.gradle/caches/8.10.2/transforms/81e4360543fbb01d4f7fb470fa49803d/transformed/ideaIU-2025.3/plugins/DatabaseTools/lib/modules/intellij.database.dialects.sqlite.ex.jar
76391ed6d000-76391ee00000 r--s 00000000 fd:01 4389834                    /home/ubuntu/.gradle/caches/8.10.2/transforms/81e4360543fbb01d4f7fb470fa49803d/transformed/ideaIU-2025.3/plugins/javascript-plugin/lib/completion-ranking-typescript.jar
76391ee00000-76391f1d3000 r--s 00000000 fd:01 4389148                    /home/ubuntu/.gradle/caches/8.10.2/transforms/81e4360543fbb01d4f7fb470fa49803d/transformed/ideaIU-2025.3/plugins/java-coverage/lib/coverage-report.jar
76391f1d3000-76391f1d4000 r--s 00000000 fd:01 4390608                    /home/ubuntu/.gradle/caches/8.10.2/transforms/81e4360543fbb01d4f7fb470fa49803d/transformed/ideaIU-2025.3/plugins/javaee-jax-rs/lib/javaee-jax-ws-rt.jar
76391f1d4000-76391f1df000 r--s 00000000 fd:01 4390825                    /home/ubuntu/.gradle/caches/8.10.2/transforms/81e4360543fbb01d4f7fb470fa49803d/transformed/ideaIU-2025.3/plugins/java/lib/modules/intellij.java.execution.impl.frontend.jar
76391f1df000-76391f211000 r--s 00000000 fd:01 4391440                    /home/ubuntu/.gradle/caches/8.10.2/transforms/81e4360543fbb01d4f7fb470fa49803d/transformed/ideaIU-2025.3/plugins/css-plugin/lib/modules/intellij.css.schemeGenerator.jar
76391f211000-76391f264000 r--s 00000000 fd:01 4389488                    /home/ubuntu/.gradle/caches/8.10.2/transforms/81e4360543fbb01d4f7fb470fa49803d/transformed/ideaIU-2025.3/plugins/javascript-debugger/lib/modules/intellij.javascript.debugger.ui.jar
76391f264000-76391f400000 r--s 00000000 fd:01 4389146                    /home/ubuntu/.gradle/caches/8.10.2/transforms/81e4360543fbb01d4f7fb470fa49803d/transformed/ideaIU-2025.3/plugins/java-coverage/lib/jacoco.jar
76391f400000-76391fbfa000 r--s 00000000 fd:01 4390737                    /home/ubuntu/.gradle/caches/8.10.2/transforms/81e4360543fbb01d4f7fb470fa49803d/transformed/ideaIU-2025.3/plugins/angular/lib/angular.jar
76391fbfa000-76391fbfb000 r--s 00000000 fd:01 4389236                    /home/ubuntu/.gradle/caches/8.10.2/transforms/81e4360543fbb01d4f7fb470fa49803d/transformed/ideaIU-2025.3/plugins/cwm-plugin/lib/modules/intellij.platform.buildView.split.jar
76391fbfb000-76391fbfc000 r--s 00000000 fd:01 4389213                    /home/ubuntu/.gradle/caches/8.10.2/transforms/81e4360543fbb01d4f7fb470fa49803d/transformed/ideaIU-2025.3/plugins/cwm-plugin/lib/modules/intellij.platform.project.frontend.split.jar
76391fbfc000-76391fc00000 r--s 00000000 fd:01 4390225                    /home/ubuntu/.gradle/caches/8.10.2/transforms/81e4360543fbb01d4f7fb470fa49803d/transformed/ideaIU-2025.3/plugins/json/lib/modules/intellij.json.frontend.split.jar
76391fc00000-7639201b3000 r--s 00000000 fd:01 4392148                    /home/ubuntu/.gradle/caches/8.10.2/transforms/81e4360543fbb01d4f7fb470fa49803d/transformed/ideaIU-2025.3/lib/modules/intellij.xml.xmlbeans.jar
7639201b3000-7639201b4000 r--s 00000000 fd:01 4389228                    /home/ubuntu/.gradle/caches/8.10.2/transforms/81e4360543fbb01d4f7fb470fa49803d/transformed/ideaIU-2025.3/plugins/cwm-plugin/lib/modules/intellij.platform.searchEverywhere.frontend.split.jar
7639201b4000-7639201b9000 r--s 00000000 fd:01 4389278                    /home/ubuntu/.gradle/caches/8.10.2/transforms/81e4360543fbb01d4f7fb470fa49803d/transformed/ideaIU-2025.3/plugins/JavaEE/lib/modules/intellij.javaee.application.jar
7639201b9000-7639201c6000 r--s 00000000 fd:01 4391522                    /home/ubuntu/.gradle/caches/8.10.2/transforms/81e4360543fbb01d4f7fb470fa49803d/transformed/ideaIU-2025.3/plugins/DatabaseTools/lib/modules/intellij.database.sql.frontend.impl.jar
7639201c6000-763920200000 r--s 00000000 fd:01 4389117                    /home/ubuntu/.gradle/caches/8.10.2/transforms/81e4360543fbb01d4f7fb470fa49803d/transformed/ideaIU-2025.3/plugins/configurationScript/lib/configurationScript.jar
763920200000-7639209d6000 r--s 00000000 fd:01 4392031                    /home/ubuntu/.gradle/caches/8.10.2/transforms/81e4360543fbb01d4f7fb470fa49803d/transformed/ideaIU-2025.3/lib/modules/intellij.settingsSync.core.jar
7639209d6000-7639209e7000 r--s 00000000 fd:01 4391525                    /home/ubuntu/.gradle/caches/8.10.2/transforms/81e4360543fbb01d4f7fb470fa49803d/transformed/ideaIU-2025.3/plugins/DatabaseTools/lib/modules/intellij.database.dialects.oracle.ex.coverage.jar
7639209e7000-763920a00000 r--s 00000000 fd:01 4391483                    /home/ubuntu/.gradle/caches/8.10.2/transforms/81e4360543fbb01d4f7fb470fa49803d/transformed/ideaIU-2025.3/plugins/DatabaseTools/lib/aether-dependency-resolver.jar
763920a00000-763920ce8000 r--s 00000000 fd:01 4392095                    /home/ubuntu/.gradle/caches/8.10.2/transforms/81e4360543fbb01d4f7fb470fa49803d/transformed/ideaIU-2025.3/lib/modules/intellij.rml.dfa.impl.jar
763920ce8000-763920d0d000 r--s 00000000 fd:01 4389730                    /home/ubuntu/.gradle/caches/8.10.2/transforms/81e4360543fbb01d4f7fb470fa49803d/transformed/ideaIU-2025.3/plugins/cron/lib/cron.jar
763920d0d000-763920d36000 r--s 00000000 fd:01 4389510                    /home/ubuntu/.gradle/caches/8.10.2/transforms/81e4360543fbb01d4f7fb470fa49803d/transformed/ideaIU-2025.3/plugins/styled-components/lib/styled-components.jar
763920d36000-763920d6b000 r--s 00000000 fd:01 4389496                    /home/ubuntu/.gradle/caches/8.10.2/transforms/81e4360543fbb01d4f7fb470fa49803d/transformed/ideaIU-2025.3/plugins/javascript-debugger/lib/modules/intellij.javascript.reactNativeDebugger.jar
763920d6b000-763920e00000 r--s 00000000 fd:01 4389724                    /home/ubuntu/.gradle/caches/8.10.2/transforms/81e4360543fbb01d4f7fb470fa49803d/transformed/ideaIU-2025.3/plugins/javascript-intentions/lib/javascript-intentions.jar
763920e00000-763921271000 r--s 00000000 fd:01 4392135                    /home/ubuntu/.gradle/caches/8.10.2/transforms/81e4360543fbb01d4f7fb470fa49803d/transformed/ideaIU-2025.3/lib/modules/intellij.relaxng.jar
763921271000-763921274000 r--s 00000000 fd:01 4390647                    /home/ubuntu/.gradle/caches/8.10.2/transforms/81e4360543fbb01d4f7fb470fa49803d/transformed/ideaIU-2025.3/plugins/spring-boot-core/lib/modules/intellij.spring.boot.jpa.jar
763921274000-76392128b000 r--s 00000000 fd:01 4391490                    /home/ubuntu/.gradle/caches/8.10.2/transforms/81e4360543fbb01d4f7fb470fa49803d/transformed/ideaIU-2025.3/plugins/DatabaseTools/lib/maven-resolver-connector-basic.jar
76392128b000-7639212f1000 r--s 00000000 fd:01 4390079                    /home/ubuntu/.gradle/caches/8.10.2/transforms/81e4360543fbb01d4f7fb470fa49803d/transformed/ideaIU-2025.3/plugins/html-tools/lib/html-tools.jar
7639212f1000-763921400000 r--s 00000000 fd:01 4390560                    /home/ubuntu/.gradle/caches/8.10.2/transforms/81e4360543fbb01d4f7fb470fa49803d/transformed/ideaIU-2025.3/plugins/clouds-docker-impl/lib/com.github.docker-java-docker-java-api.jar
763921400000-7639216f4000 r--s 00000000 fd:01 4392098                    /home/ubuntu/.gradle/caches/8.10.2/transforms/81e4360543fbb01d4f7fb470fa49803d/transformed/ideaIU-2025.3/lib/modules/intellij.rd.ui.jar
7639216f4000-7639216f7000 r--s 00000000 fd:01 4390304                    /home/ubuntu/.gradle/caches/8.10.2/transforms/81e4360543fbb01d4f7fb470fa49803d/transformed/ideaIU-2025.3/plugins/Spring/lib/modules/intellij.spring.core.free.jar
7639216f7000-7639216fc000 r--s 00000000 fd:01 4389271                    /home/ubuntu/.gradle/caches/8.10.2/transforms/81e4360543fbb01d4f7fb470fa49803d/transformed/ideaIU-2025.3/plugins/JavaEE/lib/modules/intellij.javaee.platform.free.jar
7639216fc000-763921709000 r--s 00000000 fd:01 4391434                    /home/ubuntu/.gradle/caches/8.10.2/transforms/81e4360543fbb01d4f7fb470fa49803d/transformed/ideaIU-2025.3/plugins/css-plugin/lib/css-plugin.jar
763921709000-763921721000 r--s 00000000 fd:01 4389493                    /home/ubuntu/.gradle/caches/8.10.2/transforms/81e4360543fbb01d4f7fb470fa49803d/transformed/ideaIU-2025.3/plugins/javascript-debugger/lib/modules/intellij.javascript.debugger.backend.rpc.jar
763921721000-763921800000 r--s 00000000 fd:01 4390564                    /home/ubuntu/.gradle/caches/8.10.2/transforms/81e4360543fbb01d4f7fb470fa49803d/transformed/ideaIU-2025.3/plugins/clouds-docker-impl/lib/com.github.docker-java-docker-java-core.jar
763921800000-763922ac0000 r--s 00000000 fd:01 4392101                    /home/ubuntu/.gradle/caches/8.10.2/transforms/81e4360543fbb01d4f7fb470fa49803d/transformed/ideaIU-2025.3/lib/modules/intellij.rd.ide.model.generated.jar
763922ac0000-763922ac7000 r--s 00000000 fd:01 4390810                    /home/ubuntu/.gradle/caches/8.10.2/transforms/81e4360543fbb01d4f7fb470fa49803d/transformed/ideaIU-2025.3/plugins/java/lib/netty-codec-protobuf.jar
763922ac7000-763922ad5000 r--s 00000000 fd:01 4389108                    /home/ubuntu/.gradle/caches/8.10.2/transforms/81e4360543fbb01d4f7fb470fa49803d/transformed/ideaIU-2025.3/plugins/testng/lib/testng-rt.jar
763922ad5000-763922ae4000 r--s 00000000 fd:01 4389840                    /home/ubuntu/.gradle/caches/8.10.2/transforms/81e4360543fbb01d4f7fb470fa49803d/transformed/ideaIU-2025.3/plugins/javascript-plugin/lib/semver4j.jar
763922ae4000-763922b0a000 r--s 00000000 fd:01 4389462                    /home/ubuntu/.gradle/caches/8.10.2/transforms/81e4360543fbb01d4f7fb470fa49803d/transformed/ideaIU-2025.3/plugins/junit/lib/junit-rt.jar
763922b0a000-763922b71000 r--s 00000000 fd:01 4390568                    /home/ubuntu/.gradle/caches/8.10.2/transforms/81e4360543fbb01d4f7fb470fa49803d/transformed/ideaIU-2025.3/plugins/clouds-docker-impl/lib/modules/intellij.clouds.docker.file.backend.jar
763922b71000-763922c00000 r--s 00000000 fd:01 4389147                    /home/ubuntu/.gradle/caches/8.10.2/transforms/81e4360543fbb01d4f7fb470fa49803d/transformed/ideaIU-2025.3/plugins/java-coverage/lib/java-coverage.jar
763922c00000-763923075000 r--s 00000000 fd:01 4392085                    /home/ubuntu/.gradle/caches/8.10.2/transforms/81e4360543fbb01d4f7fb470fa49803d/transformed/ideaIU-2025.3/lib/modules/intellij.profiler.common.jar
763923075000-763923077000 r--s 00000000 fd:01 4389233                    /home/ubuntu/.gradle/caches/8.10.2/transforms/81e4360543fbb01d4f7fb470fa49803d/transformed/ideaIU-2025.3/plugins/cwm-plugin/lib/modules/intellij.performanceTesting.backend.split.jar
763923077000-76392307b000 r--s 00000000 fd:01 4389279                    /home/ubuntu/.gradle/caches/8.10.2/transforms/81e4360543fbb01d4f7fb470fa49803d/transformed/ideaIU-2025.3/plugins/JavaEE/lib/modules/intellij.javaee.platform.impl.database.jar
76392307b000-763923081000 r--s 00000000 fd:01 4390805                    /home/ubuntu/.gradle/caches/8.10.2/transforms/81e4360543fbb01d4f7fb470fa49803d/transformed/ideaIU-2025.3/plugins/java/lib/maven-resolver-transport-file.jar
763923081000-763923200000 r--s 00000000 fd:01 4392054                    /home/ubuntu/.gradle/caches/8.10.2/transforms/81e4360543fbb01d4f7fb470fa49803d/transformed/ideaIU-2025.3/lib/modules/intellij.rd.platform.jar
763923200000-763923771000 r--s 00000000 fd:01 4392158                    /home/ubuntu/.gradle/caches/8.10.2/transforms/81e4360543fbb01d4f7fb470fa49803d/transformed/ideaIU-2025.3/lib/modules/intellij.platform.vcs.log.impl.jar
763923771000-763923776000 r--s 00000000 fd:01 4391453                    /home/ubuntu/.gradle/caches/8.10.2/transforms/81e4360543fbb01d4f7fb470fa49803d/transformed/ideaIU-2025.3/plugins/hibernate/lib/hibernate3-console.jar
763923776000-76392377d000 r--s 00000000 fd:01 4391452                    /home/ubuntu/.gradle/caches/8.10.2/transforms/81e4360543fbb01d4f7fb470fa49803d/transformed/ideaIU-2025.3/plugins/hibernate/lib/hibernate-console.jar
76392377d000-76392378b000 r--s 00000000 fd:01 4389461                    /home/ubuntu/.gradle/caches/8.10.2/transforms/81e4360543fbb01d4f7fb470fa49803d/transformed/ideaIU-2025.3/plugins/junit/lib/junit6-rt.jar
76392378b000-76392379c000 r--s 00000000 fd:01 4391412                    /home/ubuntu/.gradle/caches/8.10.2/transforms/81e4360543fbb01d4f7fb470fa49803d/transformed/ideaIU-2025.3/plugins/vcs-git/lib/modules/intellij.vcs.git.frontend.jar
76392379c000-7639237af000 r--s 00000000 fd:01 4390562                    /home/ubuntu/.gradle/caches/8.10.2/transforms/81e4360543fbb01d4f7fb470fa49803d/transformed/ideaIU-2025.3/plugins/clouds-docker-impl/lib/com.github.docker-java-docker-java-transport.jar
7639237af000-7639237ce000 r--s 00000000 fd:01 4389435                    /home/ubuntu/.gradle/caches/8.10.2/transforms/81e4360543fbb01d4f7fb470fa49803d/transformed/ideaIU-2025.3/plugins/java-byteCodeViewer/lib/java-byteCodeViewer.jar
7639237ce000-7639237eb000 r--s 00000000 fd:01 4392122                    /home/ubuntu/.gradle/caches/8.10.2/transforms/81e4360543fbb01d4f7fb470fa49803d/transformed/ideaIU-2025.3/lib/modules/intellij.xml.langInjection.jar
7639237eb000-76392386d000 r--s 00000000 fd:01 4392096                    /home/ubuntu/.gradle/caches/8.10.2/transforms/81e4360543fbb01d4f7fb470fa49803d/transformed/ideaIU-2025.3/lib/modules/intellij.spellchecker.jar
76392386d000-7639238a8000 r--s 00000000 fd:01 4392034                    /home/ubuntu/.gradle/caches/8.10.2/transforms/81e4360543fbb01d4f7fb470fa49803d/transformed/ideaIU-2025.3/lib/modules/intellij.profiler.asyncOne.jar
7639238a8000-76392395c000 r--s 00000000 fd:01 4392049                    /home/ubuntu/.gradle/caches/8.10.2/transforms/81e4360543fbb01d4f7fb470fa49803d/transformed/ideaIU-2025.3/lib/modules/intellij.platform.vcs.log.graph.impl.jar
76392395c000-763923ad9000 r--s 00000000 fd:01 4392066                    /home/ubuntu/.gradle/caches/8.10.2/transforms/81e4360543fbb01d4f7fb470fa49803d/transformed/ideaIU-2025.3/lib/modules/intellij.platform.vcs.impl.shared.jar
763923ad9000-763923b62000 r--s 00000000 fd:01 4392060                    /home/ubuntu/.gradle/caches/8.10.2/transforms/81e4360543fbb01d4f7fb470fa49803d/transformed/ideaIU-2025.3/lib/modules/intellij.platform.vcs.impl.lang.jar
763923b62000-763923c00000 r--s 00000000 fd:01 4392053                    /home/ubuntu/.gradle/caches/8.10.2/transforms/81e4360543fbb01d4f7fb470fa49803d/transformed/ideaIU-2025.3/lib/modules/intellij.platform.vcs.impl.frontend.jar
763923c00000-763924963000 r--s 00000000 fd:01 4392108                    /home/ubuntu/.gradle/caches/8.10.2/transforms/81e4360543fbb01d4f7fb470fa49803d/transformed/ideaIU-2025.3/lib/modules/intellij.platform.vcs.impl.jar
763924963000-763924965000 r--s 00000000 fd:01 4390086                    /home/ubuntu/.gradle/caches/8.10.2/transforms/81e4360543fbb01d4f7fb470fa49803d/transformed/ideaIU-2025.3/plugins/thymeleaf-plugin/lib/modules/intellij.thymeleaf.vue.jar
763924965000-76392496a000 r--s 00000000 fd:01 4391450                    /home/ubuntu/.gradle/caches/8.10.2/transforms/81e4360543fbb01d4f7fb470fa49803d/transformed/ideaIU-2025.3/plugins/hibernate/lib/hibernate52-console.jar
76392496a000-7639249bb000 r--s 00000000 fd:01 4392164                    /home/ubuntu/.gradle/caches/8.10.2/transforms/81e4360543fbb01d4f7fb470fa49803d/transformed/ideaIU-2025.3/lib/modules/intellij.platform.warmup.jar
7639249bb000-7639249d7000 r--s 00000000 fd:01 4392073                    /home/ubuntu/.gradle/caches/8.10.2/transforms/81e4360543fbb01d4f7fb470fa49803d/transformed/ideaIU-2025.3/lib/modules/intellij.platform.vcs.log.jar
7639249d7000-7639249ef000 r--s 00000000 fd:01 4392068                    /home/ubuntu/.gradle/caches/8.10.2/transforms/81e4360543fbb01d4f7fb470fa49803d/transformed/ideaIU-2025.3/lib/modules/intellij.platform.vcs.dvcs.impl.shared.jar
7639249ef000-763924af6000 r--s 00000000 fd:01 4392040                    /home/ubuntu/.gradle/caches/8.10.2/transforms/81e4360543fbb01d4f7fb470fa49803d/transformed/ideaIU-2025.3/lib/modules/intellij.platform.vcs.dvcs.impl.jar
763924af6000-763924b55000 r--s 00000000 fd:01 4392150                    /home/ubuntu/.gradle/caches/8.10.2/transforms/81e4360543fbb01d4f7fb470fa49803d/transformed/ideaIU-2025.3/lib/modules/intellij.platform.trialPromotion.idesWithFreeTier.jar
763924b55000-763924b95000 r--s 00000000 fd:01 4392052                    /home/ubuntu/.gradle/caches/8.10.2/transforms/81e4360543fbb01d4f7fb470fa49803d/transformed/ideaIU-2025.3/lib/modules/intellij.platform.trialPromotion.common.jar
763924b95000-763924bf2000 r--s 00000000 fd:01 4392107                    /home/ubuntu/.gradle/caches/8.10.2/transforms/81e4360543fbb01d4f7fb470fa49803d/transformed/ideaIU-2025.3/lib/modules/intellij.platform.tips.jar
763924bf2000-763924d9e000 r--s 00000000 fd:01 4392029                    /home/ubuntu/.gradle/caches/8.10.2/transforms/81e4360543fbb01d4f7fb470fa49803d/transformed/ideaIU-2025.3/lib/modules/intellij.platform.searchEverywhere.frontend.jar
763924d9e000-763924ea3000 r--s 00000000 fd:01 4392133                    /home/ubuntu/.gradle/caches/8.10.2/transforms/81e4360543fbb01d4f7fb470fa49803d/transformed/ideaIU-2025.3/lib/modules/intellij.platform.searchEverywhere.jar
763924ea3000-763925000000 r--s 00000000 fd:01 4392117                    /home/ubuntu/.gradle/caches/8.10.2/transforms/81e4360543fbb01d4f7fb470fa49803d/transformed/ideaIU-2025.3/lib/modules/intellij.platform.lvcs.impl.jar
763925000000-76392557f000 r--s 00000000 fd:01 4392124                    /home/ubuntu/.gradle/caches/8.10.2/transforms/81e4360543fbb01d4f7fb470fa49803d/transformed/ideaIU-2025.3/lib/modules/intellij.platform.jewel.ui.jar
76392557f000-763925583000 r--s 00000000 fd:01 4391451                    /home/ubuntu/.gradle/caches/8.10.2/transforms/81e4360543fbb01d4f7fb470fa49803d/transformed/ideaIU-2025.3/plugins/hibernate/lib/hibernate4-console.jar
763925583000-763925593000 r--s 00000000 fd:01 4392163                    /home/ubuntu/.gradle/caches/8.10.2/transforms/81e4360543fbb01d4f7fb470fa49803d/transformed/ideaIU-2025.3/lib/modules/intellij.spellchecker.xml.jar
763925593000-763925600000 r--s 00000000 fd:01 4392093                    /home/ubuntu/.gradle/caches/8.10.2/transforms/81e4360543fbb01d4f7fb470fa49803d/transformed/ideaIU-2025.3/lib/modules/intellij.platform.searchEverywhere.backend.jar
763925600000-7639258d2000 r--s 00000000 fd:01 4392155                    /home/ubuntu/.gradle/caches/8.10.2/transforms/81e4360543fbb01d4f7fb470fa49803d/transformed/ideaIU-2025.3/lib/modules/intellij.platform.ide.newUiOnboarding.jar
7639258d2000-7639258d4000 r--s 00000000 fd:01 4390650                    /home/ubuntu/.gradle/caches/8.10.2/transforms/81e4360543fbb01d4f7fb470fa49803d/transformed/ideaIU-2025.3/plugins/spring-boot-core/lib/modules/intellij.spring.boot.gradle.kts.shared.jar
7639258d4000-7639258d9000 r--s 00000000 fd:01 4391449                    /home/ubuntu/.gradle/caches/8.10.2/transforms/81e4360543fbb01d4f7fb470fa49803d/transformed/ideaIU-2025.3/plugins/hibernate/lib/hibernate5-console.jar
7639258d9000-763925911000 r--s 00000000 fd:01 4392123                    /home/ubuntu/.gradle/caches/8.10.2/transforms/81e4360543fbb01d4f7fb470fa49803d/transformed/ideaIU-2025.3/lib/modules/intellij.platform.tasks.impl.jar
763925911000-763925982000 r--s 00000000 fd:01 4392083                    /home/ubuntu/.gradle/caches/8.10.2/transforms/81e4360543fbb01d4f7fb470fa49803d/transformed/ideaIU-2025.3/lib/modules/intellij.platform.scriptDebugger.backend.jar
763925982000-763925a00000 r--s 00000000 fd:01 4392119                    /home/ubuntu/.gradle/caches/8.10.2/transforms/81e4360543fbb01d4f7fb470fa49803d/transformed/ideaIU-2025.3/lib/modules/intellij.platform.registry.cloud.jar
763925a00000-763925faf000 r--s 00000000 fd:01 4392116                    /home/ubuntu/.gradle/caches/8.10.2/transforms/81e4360543fbb01d4f7fb470fa49803d/transformed/ideaIU-2025.3/lib/modules/intellij.platform.collaborationTools.jar
763925faf000-763925fb2000 r--s 00000000 fd:01 4390781                    /home/ubuntu/.gradle/caches/8.10.2/transforms/81e4360543fbb01d4f7fb470fa49803d/transformed/ideaIU-2025.3/plugins/searchEverywhereMl/lib/ai.grazie.model.swagger.annotations.jvm.jar
763925fb2000-763925fb9000 r--s 00000000 fd:01 4391511                    /home/ubuntu/.gradle/caches/8.10.2/transforms/81e4360543fbb01d4f7fb470fa49803d/transformed/ideaIU-2025.3/plugins/DatabaseTools/lib/modules/intellij.database.frontend.split.jar
763925fb9000-763926000000 r--s 00000000 fd:01 4392064                    /home/ubuntu/.gradle/caches/8.10.2/transforms/81e4360543fbb01d4f7fb470fa49803d/transformed/ideaIU-2025.3/lib/modules/intellij.platform.settings.local.jar
763926000000-7639262a7000 r--s 00000000 fd:01 4392044                    /home/ubuntu/.gradle/caches/8.10.2/transforms/81e4360543fbb01d4f7fb470fa49803d/transformed/ideaIU-2025.3/lib/modules/intellij.libraries.skiko.jar
7639262a7000-7639262a9000 r--s 00000000 fd:01 4390646                    /home/ubuntu/.gradle/caches/8.10.2/transforms/81e4360543fbb01d4f7fb470fa49803d/transformed/ideaIU-2025.3/plugins/spring-boot-core/lib/modules/intellij.spring.boot.rewrite.jar
7639262a9000-763926309000 r--s 00000000 fd:01 4392145                    /home/ubuntu/.gradle/caches/8.10.2/transforms/81e4360543fbb01d4f7fb470fa49803d/transformed/ideaIU-2025.3/lib/modules/intellij.platform.rpc.backend.jar
763926309000-763926386000 r--s 00000000 fd:01 4392050                    /home/ubuntu/.gradle/caches/8.10.2/transforms/81e4360543fbb01d4f7fb470fa49803d/transformed/ideaIU-2025.3/lib/modules/intellij.platform.recentFiles.frontend.jar
763926386000-7639263c9000 r--s 00000000 fd:01 4392076                    /home/ubuntu/.gradle/caches/8.10.2/transforms/81e4360543fbb01d4f7fb470fa49803d/transformed/ideaIU-2025.3/lib/modules/intellij.platform.recentFiles.backend.jar
7639263c9000-763926400000 r--s 00000000 fd:01 4392137                    /home/ubuntu/.gradle/caches/8.10.2/transforms/81e4360543fbb01d4f7fb470fa49803d/transformed/ideaIU-2025.3/lib/modules/intellij.platform.recentFiles.jar
763926400000-763927141000 r--s 00000000 fd:01 4392139                    /home/ubuntu/.gradle/caches/8.10.2/transforms/81e4360543fbb01d4f7fb470fa49803d/transformed/ideaIU-2025.3/lib/modules/intellij.libraries.lucene.common.jar
763927141000-763927144000 r--s 00000000 fd:01 4389402                    /home/ubuntu/.gradle/caches/8.10.2/transforms/81e4360543fbb01d4f7fb470fa49803d/transformed/ideaIU-2025.3/plugins/clouds-kubernetes/lib/modules/intellij.clouds.kubernetes.cron.jar
763927144000-763927156000 r--s 00000000 fd:01 4392129                    /home/ubuntu/.gradle/caches/8.10.2/transforms/81e4360543fbb01d4f7fb470fa49803d/transformed/ideaIU-2025.3/lib/modules/intellij.profiler.ultimate.ideaAsyncProfiler.jar
763927156000-763927176000 r--s 00000000 fd:01 4392172                    /home/ubuntu/.gradle/caches/8.10.2/transforms/81e4360543fbb01d4f7fb470fa49803d/transformed/ideaIU-2025.3/lib/modules/intellij.platform.smRunner.vcs.jar
763927176000-763927200000 r--s 00000000 fd:01 4392042                    /home/ubuntu/.gradle/caches/8.10.2/transforms/81e4360543fbb01d4f7fb470fa49803d/transformed/ideaIU-2025.3/lib/modules/intellij.platform.navbar.frontend.jar
763927200000-763928a6e000 r--s 00000000 fd:01 4392105                    /home/ubuntu/.gradle/caches/8.10.2/transforms/81e4360543fbb01d4f7fb470fa49803d/transformed/ideaIU-2025.3/lib/modules/intellij.libraries.grpc.netty.shaded.jar
763928a6e000-763928a7b000 r--s 00000000 fd:01 4389460                    /home/ubuntu/.gradle/caches/8.10.2/transforms/81e4360543fbb01d4f7fb470fa49803d/transformed/ideaIU-2025.3/plugins/junit/lib/junit5-rt.jar
763928a7b000-763928ab8000 r--s 00000000 fd:01 4392162                    /home/ubuntu/.gradle/caches/8.10.2/transforms/81e4360543fbb01d4f7fb470fa49803d/transformed/ideaIU-2025.3/lib/modules/intellij.platform.pluginManager.frontend.jar
763928ab8000-763928c00000 r--s 00000000 fd:01 4392120                    /home/ubuntu/.gradle/caches/8.10.2/transforms/81e4360543fbb01d4f7fb470fa49803d/transformed/ideaIU-2025.3/lib/modules/intellij.platform.jewel.markdown.core.jar
763928c00000-763929634000 r--s 00000000 fd:01 4392051                    /home/ubuntu/.gradle/caches/8.10.2/transforms/81e4360543fbb01d4f7fb470fa49803d/transformed/ideaIU-2025.3/lib/modules/intellij.libraries.grpc.jar
763929634000-763929636000 r--s 00000000 fd:01 4390224                    /home/ubuntu/.gradle/caches/8.10.2/transforms/81e4360543fbb01d4f7fb470fa49803d/transformed/ideaIU-2025.3/plugins/json/lib/modules/intellij.json.backend.regexp.jar
763929636000-763929639000 r--s 00000000 fd:01 4389387                    /home/ubuntu/.gradle/caches/8.10.2/transforms/81e4360543fbb01d4f7fb470fa49803d/transformed/ideaIU-2025.3/plugins/uml/lib/modules/intellij.diagram.properties.jar
763929639000-763929648000 r--s 00000000 fd:01 4392138                    /home/ubuntu/.gradle/caches/8.10.2/transforms/81e4360543fbb01d4f7fb470fa49803d/transformed/ideaIU-2025.3/lib/modules/intellij.platform.vcs.dvcs.jar
763929648000-763929711000 r--s 00000000 fd:01 4392099                    /home/ubuntu/.gradle/caches/8.10.2/transforms/81e4360543fbb01d4f7fb470fa49803d/transformed/ideaIU-2025.3/lib/modules/intellij.platform.ml.impl.jar
763929711000-763929800000 r--s 00000000 fd:01 4392071                    /home/ubuntu/.gradle/caches/8.10.2/transforms/81e4360543fbb01d4f7fb470fa49803d/transformed/ideaIU-2025.3/lib/modules/intellij.platform.jewel.foundation.jar
763929800000-763929ea3000 r--s 00000000 fd:01 4392166                    /home/ubuntu/.gradle/caches/8.10.2/transforms/81e4360543fbb01d4f7fb470fa49803d/transformed/ideaIU-2025.3/lib/modules/intellij.libraries.compose.runtime.desktop.jar
763929ea3000-763929eac000 r--s 00000000 fd:01 4391523                    /home/ubuntu/.gradle/caches/8.10.2/transforms/81e4360543fbb01d4f7fb470fa49803d/transformed/ideaIU-2025.3/plugins/DatabaseTools/lib/modules/intellij.database.sql.common.core.jar
763929eac000-763929ebc000 r--s 00000000 fd:01 4392103                    /home/ubuntu/.gradle/caches/8.10.2/transforms/81e4360543fbb01d4f7fb470fa49803d/transformed/ideaIU-2025.3/lib/modules/intellij.platform.tasks.jar
763929ebc000-76392a000000 r--s 00000000 fd:01 4392100                    /home/ubuntu/.gradle/caches/8.10.2/transforms/81e4360543fbb01d4f7fb470fa49803d/transformed/ideaIU-2025.3/lib/modules/intellij.platform.ide.newUsersOnboarding.jar
76392a000000-76392b918000 r--s 00000000 fd:01 4392151                    /home/ubuntu/.gradle/caches/8.10.2/transforms/81e4360543fbb01d4f7fb470fa49803d/transformed/ideaIU-2025.3/lib/modules/intellij.libraries.compose.foundation.desktop.jar
76392b918000-76392b91a000 r--s 00000000 fd:01 4390319                    /home/ubuntu/.gradle/caches/8.10.2/transforms/81e4360543fbb01d4f7fb470fa49803d/transformed/ideaIU-2025.3/plugins/micronaut/lib/micronaut-gradle-tooling.jar
76392b91a000-76392b91d000 r--s 00000000 fd:01 4391535                    /home/ubuntu/.gradle/caches/8.10.2/transforms/81e4360543fbb01d4f7fb470fa49803d/transformed/ideaIU-2025.3/plugins/DatabaseTools/lib/modules/intellij.database.sql.copyright.jar
76392b91d000-76392b923000 r--s 00000000 fd:01 4391488                    /home/ubuntu/.gradle/caches/8.10.2/transforms/81e4360543fbb01d4f7fb470fa49803d/transformed/ideaIU-2025.3/plugins/DatabaseTools/lib/maven-resolver-transport-file.jar
76392b923000-76392b93e000 r--s 00000000 fd:01 4392072                    /home/ubuntu/.gradle/caches/8.10.2/transforms/81e4360543fbb01d4f7fb470fa49803d/transformed/ideaIU-2025.3/lib/modules/intellij.platform.scriptDebugger.ui.jar
76392b93e000-76392b94e000 r--s 00000000 fd:01 4392176                    /home/ubuntu/.gradle/caches/8.10.2/transforms/81e4360543fbb01d4f7fb470fa49803d/transformed/ideaIU-2025.3/lib/modules/intellij.platform.scriptDebugger.protocolReaderRuntime.jar
76392b94e000-76392ba00000 r--s 00000000 fd:01 4392159                    /home/ubuntu/.gradle/caches/8.10.2/transforms/81e4360543fbb01d4f7fb470fa49803d/transformed/ideaIU-2025.3/lib/modules/intellij.platform.langInjection.jar
76392ba00000-76392bc10000 r--s 00000000 fd:01 4392175                    /home/ubuntu/.gradle/caches/8.10.2/transforms/81e4360543fbb01d4f7fb470fa49803d/transformed/ideaIU-2025.3/lib/modules/intellij.libraries.coil.jar
76392bc10000-76392bc11000 r--s 00000000 fd:01 4390482                    /home/ubuntu/.gradle/caches/8.10.2/transforms/81e4360543fbb01d4f7fb470fa49803d/transformed/ideaIU-2025.3/plugins/platform-images/lib/modules/intellij.platform.images.xdebugger.jar
76392bc11000-76392bc12000 r--s 00000000 fd:01 4390279                    /home/ubuntu/.gradle/caches/8.10.2/transforms/81e4360543fbb01d4f7fb470fa49803d/transformed/ideaIU-2025.3/plugins/javaee-app-servers-impl/lib/javaee-appServers-cloud-rt.jar
76392bc12000-76392bc15000 r--s 00000000 fd:01 4391492                    /home/ubuntu/.gradle/caches/8.10.2/transforms/81e4360543fbb01d4f7fb470fa49803d/transformed/ideaIU-2025.3/plugins/DatabaseTools/lib/modules/intellij.database.trialPromotion.idesWithFreeTier.jar
76392bc15000-76392bc24000 r--s 00000000 fd:01 4392038                    /home/ubuntu/.gradle/caches/8.10.2/transforms/81e4360543fbb01d4f7fb470fa49803d/transformed/ideaIU-2025.3/lib/modules/intellij.platform.scopes.backend.jar
76392bc24000-76392bc36000 r--s 00000000 fd:01 4392056                    /home/ubuntu/.gradle/caches/8.10.2/transforms/81e4360543fbb01d4f7fb470fa49803d/transformed/ideaIU-2025.3/lib/modules/intellij.platform.project.backend.jar
76392bc36000-76392bc5c000 r--s 00000000 fd:01 4392087                    /home/ubuntu/.gradle/caches/8.10.2/transforms/81e4360543fbb01d4f7fb470fa49803d/transformed/ideaIU-2025.3/lib/modules/intellij.platform.pluginManager.backend.jar
76392bc5c000-76392bcfa000 r--s 00000000 fd:01 4392131                    /home/ubuntu/.gradle/caches/8.10.2/transforms/81e4360543fbb01d4f7fb470fa49803d/transformed/ideaIU-2025.3/lib/modules/intellij.platform.jewel.ideLafBridge.jar
76392bcfa000-76392be00000 r--s 00000000 fd:01 4392153                    /home/ubuntu/.gradle/caches/8.10.2/transforms/81e4360543fbb01d4f7fb470fa49803d/transformed/ideaIU-2025.3/lib/modules/intellij.platform.execution.dashboard.jar
76392be00000-76392ee22000 r--s 00000000 fd:01 4392067                    /home/ubuntu/.gradle/caches/8.10.2/transforms/81e4360543fbb01d4f7fb470fa49803d/transformed/ideaIU-2025.3/lib/modules/intellij.idea.ultimate.customizationTrial.jar
76392ee22000-76392ee24000 r--s 00000000 fd:01 4390229                    /home/ubuntu/.gradle/caches/8.10.2/transforms/81e4360543fbb01d4f7fb470fa49803d/transformed/ideaIU-2025.3/plugins/java-ide-customization/lib/java-ide-customization.jar
76392ee24000-76392ee33000 r--s 00000000 fd:01 4392088                    /home/ubuntu/.gradle/caches/8.10.2/transforms/81e4360543fbb01d4f7fb470fa49803d/transformed/ideaIU-2025.3/lib/modules/intellij.platform.rpc.topics.frontend.jar
76392ee33000-76392f000000 r--s 00000000 fd:01 4392142                    /home/ubuntu/.gradle/caches/8.10.2/transforms/81e4360543fbb01d4f7fb470fa49803d/transformed/ideaIU-2025.3/lib/modules/intellij.platform.debugger.impl.frontend.jar
76392f000000-763930cd3000 r--s 00000000 fd:01 4392126                    /home/ubuntu/.gradle/caches/8.10.2/transforms/81e4360543fbb01d4f7fb470fa49803d/transformed/ideaIU-2025.3/lib/modules/intellij.ide.startup.importSettings.jar
763930cd3000-763930cd6000 r--s 00000000 fd:01 4391503                    /home/ubuntu/.gradle/caches/8.10.2/transforms/81e4360543fbb01d4f7fb470fa49803d/transformed/ideaIU-2025.3/plugins/DatabaseTools/lib/modules/intellij.database.dialects.redis.backend.jar
763930cd6000-763930cdd000 r--s 00000000 fd:01 4390575                    /home/ubuntu/.gradle/caches/8.10.2/transforms/81e4360543fbb01d4f7fb470fa49803d/transformed/ideaIU-2025.3/plugins/compose-ide-plugin/lib/modules/intellij.compose.ide.plugin.gradleTooling.rt.jar
763930cdd000-763930d02000 r--s 00000000 fd:01 4392074                    /home/ubuntu/.gradle/caches/8.10.2/transforms/81e4360543fbb01d4f7fb470fa49803d/transformed/ideaIU-2025.3/lib/modules/intellij.platform.navbar.backend.jar
763930d02000-763930e00000 r--s 00000000 fd:01 4392125                    /home/ubuntu/.gradle/caches/8.10.2/transforms/81e4360543fbb01d4f7fb470fa49803d/transformed/ideaIU-2025.3/lib/modules/intellij.platform.debugger.impl.backend.jar
763930e00000-763931275000 r--s 00000000 fd:01 4392106                    /home/ubuntu/.gradle/caches/8.10.2/transforms/81e4360543fbb01d4f7fb470fa49803d/transformed/ideaIU-2025.3/lib/modules/intellij.grid.impl.jar
763931275000-76393127c000 r--s 00000000 fd:01 4389490                    /home/ubuntu/.gradle/caches/8.10.2/transforms/81e4360543fbb01d4f7fb470fa49803d/transformed/ideaIU-2025.3/plugins/javascript-debugger/lib/modules/intellij.javascript.debugger.webstorm.specific.jar
76393127c000-763931296000 r--s 00000000 fd:01 4392091                    /home/ubuntu/.gradle/caches/8.10.2/transforms/81e4360543fbb01d4f7fb470fa49803d/transformed/ideaIU-2025.3/lib/modules/intellij.platform.pluginManager.shared.jar
763931296000-7639312af000 r--s 00000000 fd:01 4392179                    /home/ubuntu/.gradle/caches/8.10.2/transforms/81e4360543fbb01d4f7fb470fa49803d/transformed/ideaIU-2025.3/lib/modules/intellij.platform.langInjection.backend.jar
7639312af000-7639312d3000 r--s 00000000 fd:01 4392168                    /home/ubuntu/.gradle/caches/8.10.2/transforms/81e4360543fbb01d4f7fb470fa49803d/transformed/ideaIU-2025.3/lib/modules/intellij.platform.jewel.markdown.ideLafBridgeStyling.jar
7639312d3000-763931400000 r--s 00000000 fd:01 4392146                    /home/ubuntu/.gradle/caches/8.10.2/transforms/81e4360543fbb01d4f7fb470fa49803d/transformed/ideaIU-2025.3/lib/modules/intellij.platform.dap.jar
763931400000-763931e0c000 r--s 00000000 fd:01 4392045                    /home/ubuntu/.gradle/caches/8.10.2/transforms/81e4360543fbb01d4f7fb470fa49803d/transformed/ideaIU-2025.3/lib/modules/intellij.emojipicker.jar
763931e0c000-763931e0d000 r--s 00000000 fd:01 4389273                    /home/ubuntu/.gradle/caches/8.10.2/transforms/81e4360543fbb01d4f7fb470fa49803d/transformed/ideaIU-2025.3/plugins/JavaEE/lib/modules/intellij.javaee.langInjection.jar
763931e0d000-763931e18000 r--s 00000000 fd:01 4392143                    /home/ubuntu/.gradle/caches/8.10.2/transforms/81e4360543fbb01d4f7fb470fa49803d/transformed/ideaIU-2025.3/lib/modules/intellij.platform.vcs.log.graph.jar
763931e18000-763931e2d000 r--s 00000000 fd:01 4392171                    /home/ubuntu/.gradle/caches/8.10.2/transforms/81e4360543fbb01d4f7fb470fa49803d/transformed/ideaIU-2025.3/lib/modules/intellij.platform.kernel.backend.jar
763931e2d000-763931e56000 r--s 00000000 fd:01 4392154                    /home/ubuntu/.gradle/caches/8.10.2/transforms/81e4360543fbb01d4f7fb470fa49803d/transformed/ideaIU-2025.3/lib/modules/intellij.platform.jewel.markdown.extensions.gfmTables.jar
763931e56000-763931e65000 r--s 00000000 fd:01 4392065                    /home/ubuntu/.gradle/caches/8.10.2/transforms/81e4360543fbb01d4f7fb470fa49803d/transformed/ideaIU-2025.3/lib/modules/intellij.platform.jewel.markdown.extensions.gfmStrikethrough.jar
763931e65000-763931ec3000 r--s 00000000 fd:01 4392030                    /home/ubuntu/.gradle/caches/8.10.2/transforms/81e4360543fbb01d4f7fb470fa49803d/transformed/ideaIU-2025.3/lib/modules/intellij.platform.inspect.jar
763931ec3000-763931ef4000 r--s 00000000 fd:01 4392167                    /home/ubuntu/.gradle/caches/8.10.2/transforms/81e4360543fbb01d4f7fb470fa49803d/transformed/ideaIU-2025.3/lib/modules/intellij.platform.inline.completion.jar
763931ef4000-763932000000 r--s 00000000 fd:01 4392033                    /home/ubuntu/.gradle/caches/8.10.2/transforms/81e4360543fbb01d4f7fb470fa49803d/transformed/ideaIU-2025.3/lib/modules/intellij.platform.coverage.agent.jar
763932000000-763933f27000 r--s 00000000 fd:01 4392062                    /home/ubuntu/.gradle/caches/8.10.2/transforms/81e4360543fbb01d4f7fb470fa49803d/transformed/ideaIU-2025.3/lib/modules/intellij.charts.jar
763933f27000-763933f29000 r--s 00000000 fd:01 4390819                    /home/ubuntu/.gradle/caches/8.10.2/transforms/81e4360543fbb01d4f7fb470fa49803d/transformed/ideaIU-2025.3/plugins/java/lib/modules/intellij.java.debugger.impl.frontend.jar
763933f29000-763934000000 r--s 00000000 fd:01 4392132                    /home/ubuntu/.gradle/caches/8.10.2/transforms/81e4360543fbb01d4f7fb470fa49803d/transformed/ideaIU-2025.3/lib/modules/intellij.platform.execution.serviceView.jar
763934000000-763934021000 rw-p 00000000 00:00 0 
763934021000-763938000000 ---p 00000000 00:00 0 
763938000000-763938009000 r--s 00000000 fd:01 4390570                    /home/ubuntu/.gradle/caches/8.10.2/transforms/81e4360543fbb01d4f7fb470fa49803d/transformed/ideaIU-2025.3/plugins/clouds-docker-impl/lib/modules/intellij.clouds.docker.frontend.jar
763938009000-763938030000 r--s 00000000 fd:01 4392048                    /home/ubuntu/.gradle/caches/8.10.2/transforms/81e4360543fbb01d4f7fb470fa49803d/transformed/ideaIU-2025.3/lib/modules/intellij.platform.jewel.markdown.extensions.gfmAlerts.jar
763938030000-763938046000 r--s 00000000 fd:01 4392157                    /home/ubuntu/.gradle/caches/8.10.2/transforms/81e4360543fbb01d4f7fb470fa49803d/transformed/ideaIU-2025.3/lib/modules/intellij.platform.identifiers.highlighting.shared.jar
763938046000-763938200000 r--s 00000000 fd:01 4392057                    /home/ubuntu/.gradle/caches/8.10.2/transforms/81e4360543fbb01d4f7fb470fa49803d/transformed/ideaIU-2025.3/lib/modules/intellij.grid.core.impl.jar
763938200000-763938457000 r--s 00000000 fd:01 4392017                    /home/ubuntu/.gradle/caches/8.10.2/transforms/81e4360543fbb01d4f7fb470fa49803d/transformed/ideaIU-2025.3/lib/stats.jar
763938457000-763938459000 r--s 00000000 fd:01 4390616                    /home/ubuntu/.gradle/caches/8.10.2/transforms/81e4360543fbb01d4f7fb470fa49803d/transformed/ideaIU-2025.3/plugins/freemarker/lib/modules/intellij.freemarker.spring.jar
763938459000-76393845c000 r--s 00000000 fd:01 4391528                    /home/ubuntu/.gradle/caches/8.10.2/transforms/81e4360543fbb01d4f7fb470fa49803d/transformed/ideaIU-2025.3/plugins/DatabaseTools/lib/modules/intellij.database.jdbcConsole.shim.jar
76393845c000-763938485000 r--s 00000000 fd:01 4392174                    /home/ubuntu/.gradle/caches/8.10.2/transforms/81e4360543fbb01d4f7fb470fa49803d/transformed/ideaIU-2025.3/lib/modules/intellij.platform.ide.impl.wsl.jar
763938485000-7639384a1000 r--s 00000000 fd:01 4392080                    /home/ubuntu/.gradle/caches/8.10.2/transforms/81e4360543fbb01d4f7fb470fa49803d/transformed/ideaIU-2025.3/lib/modules/intellij.platform.execution.impl.frontend.jar
7639384a1000-763938560000 r--s 00000000 fd:01 4392075                    /home/ubuntu/.gradle/caches/8.10.2/transforms/81e4360543fbb01d4f7fb470fa49803d/transformed/ideaIU-2025.3/lib/modules/intellij.platform.coverage.jar
763938560000-763938600000 r--s 00000000 fd:01 4392086                    /home/ubuntu/.gradle/caches/8.10.2/transforms/81e4360543fbb01d4f7fb470fa49803d/transformed/ideaIU-2025.3/lib/modules/intellij.libraries.kotlinx.document.store.mvstore.jar
763938600000-763938886000 r--s 00000000 fd:01 4392187                    /home/ubuntu/.gradle/caches/8.10.2/transforms/81e4360543fbb01d4f7fb470fa49803d/transformed/ideaIU-2025.3/lib/rhino.jar
763938886000-763938887000 r--s 00000000 fd:01 4390814                    /home/ubuntu/.gradle/caches/8.10.2/transforms/81e4360543fbb01d4f7fb470fa49803d/transformed/ideaIU-2025.3/plugins/java/lib/jps-launcher.jar
763938887000-7639388a7000 r--s 00000000 fd:01 4392058                    /home/ubuntu/.gradle/caches/8.10.2/transforms/81e4360543fbb01d4f7fb470fa49803d/transformed/ideaIU-2025.3/lib/modules/intellij.platform.execution.dashboard.backend.jar
7639388a7000-76393892e000 r--s 00000000 fd:01 4392037                    /home/ubuntu/.gradle/caches/8.10.2/transforms/81e4360543fbb01d4f7fb470fa49803d/transformed/ideaIU-2025.3/lib/modules/intellij.libraries.commons.text.jar
76393892e000-763938a00000 r--s 00000000 fd:01 4392170                    /home/ubuntu/.gradle/caches/8.10.2/transforms/81e4360543fbb01d4f7fb470fa49803d/transformed/ideaIU-2025.3/lib/modules/intellij.execution.process.mediator.common.jar
763938a00000-763938f46000 r--s 00000000 fd:01 4391908                    /home/ubuntu/.gradle/caches/8.10.2/transforms/81e4360543fbb01d4f7fb470fa49803d/transformed/ideaIU-2025.3/lib/rd.jar
763938f46000-763938f47000 r--s 00000000 fd:01 4391531                    /home/ubuntu/.gradle/caches/8.10.2/transforms/81e4360543fbb01d4f7fb470fa49803d/transformed/ideaIU-2025.3/plugins/DatabaseTools/lib/modules/intellij.database.dialects.mssql.impl.jar
763938f47000-763938f4a000 r--s 00000000 fd:01 4391499                    /home/ubuntu/.gradle/caches/8.10.2/transforms/81e4360543fbb01d4f7fb470fa49803d/transformed/ideaIU-2025.3/plugins/DatabaseTools/lib/modules/intellij.database.dialects.sybase.ex.jar
763938f4a000-763938f4e000 r--s 00000000 fd:01 4389842                    /home/ubuntu/.gradle/caches/8.10.2/transforms/81e4360543fbb01d4f7fb470fa49803d/transformed/ideaIU-2025.3/plugins/javascript-plugin/lib/modules/intellij.javascript.frontend.jar
763938f4e000-763938f64000 r--s 00000000 fd:01 4392111                    /home/ubuntu/.gradle/caches/8.10.2/transforms/81e4360543fbb01d4f7fb470fa49803d/transformed/ideaIU-2025.3/lib/modules/intellij.platform.execution.impl.backend.jar
763938f64000-763938f80000 r--s 00000000 fd:01 4392169                    /home/ubuntu/.gradle/caches/8.10.2/transforms/81e4360543fbb01d4f7fb470fa49803d/transformed/ideaIU-2025.3/lib/modules/intellij.platform.diagnostic.freezes.jar
763938f80000-763938f92000 r--s 00000000 fd:01 4392090                    /home/ubuntu/.gradle/caches/8.10.2/transforms/81e4360543fbb01d4f7fb470fa49803d/transformed/ideaIU-2025.3/lib/modules/intellij.platform.compose.jar
763938f92000-763938fc8000 r--s 00000000 fd:01 4392104                    /home/ubuntu/.gradle/caches/8.10.2/transforms/81e4360543fbb01d4f7fb470fa49803d/transformed/ideaIU-2025.3/lib/modules/intellij.libraries.xml.rpc.jar
763938fc8000-763939000000 r--s 00000000 fd:01 4392165                    /home/ubuntu/.gradle/caches/8.10.2/transforms/81e4360543fbb01d4f7fb470fa49803d/transformed/ideaIU-2025.3/lib/modules/intellij.grid.csv.core.impl.jar
763939000000-7639394cb000 r--s 00000000 fd:01 4392183                    /home/ubuntu/.gradle/caches/8.10.2/transforms/81e4360543fbb01d4f7fb470fa49803d/transformed/ideaIU-2025.3/lib/protobuf.jar
7639394cb000-7639394cc000 r--s 00000000 fd:01 4391538                    /home/ubuntu/.gradle/caches/8.10.2/transforms/81e4360543fbb01d4f7fb470fa49803d/transformed/ideaIU-2025.3/plugins/DatabaseTools/lib/modules/intellij.database.dialects.mysqlbase.impl.jar
7639394cc000-7639394cd000 r--s 00000000 fd:01 4391529                    /home/ubuntu/.gradle/caches/8.10.2/transforms/81e4360543fbb01d4f7fb470fa49803d/transformed/ideaIU-2025.3/plugins/DatabaseTools/lib/modules/intellij.database.sql.frontend.core.jar
7639394cd000-7639394d2000 r--s 00000000 fd:01 4391409                    /home/ubuntu/.gradle/caches/8.10.2/transforms/81e4360543fbb01d4f7fb470fa49803d/transformed/ideaIU-2025.3/plugins/vcs-git/lib/git4idea-rt.jar
7639394d2000-7639394fa000 r--s 00000000 fd:01 4392084                    /home/ubuntu/.gradle/caches/8.10.2/transforms/81e4360543fbb01d4f7fb470fa49803d/transformed/ideaIU-2025.3/lib/modules/intellij.libraries.microba.jar
7639394fa000-763939600000 r--s 00000000 fd:01 4392177                    /home/ubuntu/.gradle/caches/8.10.2/transforms/81e4360543fbb01d4f7fb470fa49803d/transformed/ideaIU-2025.3/lib/modules/intellij.debugger.streams.core.jar
763939600000-763939897000 r--s 00000000 fd:01 4392010                    /home/ubuntu/.gradle/caches/8.10.2/transforms/81e4360543fbb01d4f7fb470fa49803d/transformed/ideaIU-2025.3/lib/product.jar
763939897000-763939899000 r--s 00000000 fd:01 4391445                    /home/ubuntu/.gradle/caches/8.10.2/transforms/81e4360543fbb01d4f7fb470fa49803d/transformed/ideaIU-2025.3/plugins/css-plugin/lib/modules/intellij.css.copyright.jar
763939899000-76393989e000 r--s 00000000 fd:01 4390566                    /home/ubuntu/.gradle/caches/8.10.2/transforms/81e4360543fbb01d4f7fb470fa49803d/transformed/ideaIU-2025.3/plugins/clouds-docker-impl/lib/modules/intellij.clouds.docker.file.frontend.split.jar
76393989e000-7639398bd000 r--s 00000000 fd:01 4392069                    /home/ubuntu/.gradle/caches/8.10.2/transforms/81e4360543fbb01d4f7fb470fa49803d/transformed/ideaIU-2025.3/lib/modules/intellij.platform.buildView.frontend.jar
7639398bd000-763939908000 r--s 00000000 fd:01 4392077                    /home/ubuntu/.gradle/caches/8.10.2/transforms/81e4360543fbb01d4f7fb470fa49803d/transformed/ideaIU-2025.3/lib/modules/intellij.execution.process.mediator.daemon.jar
763939908000-763939991000 r--s 00000000 fd:01 4392161                    /home/ubuntu/.gradle/caches/8.10.2/transforms/81e4360543fbb01d4f7fb470fa49803d/transformed/ideaIU-2025.3/lib/modules/intellij.execution.process.mediator.client.jar
763939991000-7639399c4000 r--s 00000000 fd:01 2850864                    /home/ubuntu/.gradle/caches/modules-2/files-2.1/org.junit.platform/junit-platform-engine/1.10.2/d53bb4e0ce7f211a498705783440614bfaf0df2e/junit-platform-engine-1.10.2.jar
7639399c4000-763939a00000 r--s 00000000 fd:01 2850866                    /home/ubuntu/.gradle/caches/modules-2/files-2.1/org.junit.jupiter/junit-jupiter-engine/5.10.2/f1f8fe97bd58e85569205f071274d459c2c4f8cd/junit-jupiter-engine-5.10.2.jar
763939a00000-763939c8c000 r--s 00000000 fd:01 4392192                    /home/ubuntu/.gradle/caches/8.10.2/transforms/81e4360543fbb01d4f7fb470fa49803d/transformed/ideaIU-2025.3/lib/opentelemetry.jar
763939c8c000-763939c8d000 r--s 00000000 fd:01 4391509                    /home/ubuntu/.gradle/caches/8.10.2/transforms/81e4360543fbb01d4f7fb470fa49803d/transformed/ideaIU-2025.3/plugins/DatabaseTools/lib/modules/intellij.database.backend.split.jar
763939c8d000-763939c8f000 r--s 00000000 fd:01 4391442                    /home/ubuntu/.gradle/caches/8.10.2/transforms/81e4360543fbb01d4f7fb470fa49803d/transformed/ideaIU-2025.3/plugins/css-plugin/lib/modules/intellij.css.watcher.jar
763939c8f000-763939c92000 r--s 00000000 fd:01 4392047                    /home/ubuntu/.gradle/caches/8.10.2/transforms/81e4360543fbb01d4f7fb470fa49803d/transformed/ideaIU-2025.3/lib/modules/intellij.xml.langInjection.xpath.jar
763939c92000-763939c96000 r--s 00000000 fd:01 4392149                    /home/ubuntu/.gradle/caches/8.10.2/transforms/81e4360543fbb01d4f7fb470fa49803d/transformed/ideaIU-2025.3/lib/modules/intellij.platform.rpc.topics.backend.jar
763939c96000-763939d26000 r--s 00000000 fd:01 2850839                    /home/ubuntu/.gradle/caches/modules-2/files-2.1/org.junit.jupiter/junit-jupiter-params/5.10.2/359132c82a9d3fa87a325db6edd33b5fdc67a3d8/junit-jupiter-params-5.10.2.jar
763939d26000-763939d6f000 r--s 00000000 fd:01 2850740                    /home/ubuntu/.gradle/caches/modules-2/files-2.1/com.google.code.gson/gson/2.11.0/527175ca6d81050b53bdd4c457a6d6e017626b0e/gson-2.11.0.jar
763939d6f000-763939dc2000 r--s 00000000 fd:01 4391906                    /home/ubuntu/.gradle/caches/8.10.2/transforms/81e4360543fbb01d4f7fb470fa49803d/transformed/ideaIU-2025.3/lib/util_rt.jar
763939dc2000-763939e00000 r--s 00000000 fd:01 4391956                    /home/ubuntu/.gradle/caches/8.10.2/transforms/81e4360543fbb01d4f7fb470fa49803d/transformed/ideaIU-2025.3/lib/trove.jar
763939e00000-76393b1df000 r--s 00000000 fd:01 4391943                    /home/ubuntu/.gradle/caches/8.10.2/transforms/81e4360543fbb01d4f7fb470fa49803d/transformed/ideaIU-2025.3/lib/module-intellij.xml.psi.impl.jar
76393b1df000-76393b1e9000 r--s 00000000 fd:01 4392035                    /home/ubuntu/.gradle/caches/8.10.2/transforms/81e4360543fbb01d4f7fb470fa49803d/transformed/ideaIU-2025.3/lib/modules/intellij.platform.managed.cache.backend.jar
76393b1e9000-76393b200000 r--s 00000000 fd:01 4392144                    /home/ubuntu/.gradle/caches/8.10.2/transforms/81e4360543fbb01d4f7fb470fa49803d/transformed/ideaIU-2025.3/lib/modules/intellij.execution.process.elevation.jar
76393b200000-76393b487000 r--s 00000000 fd:01 4391964                    /home/ubuntu/.gradle/caches/8.10.2/transforms/81e4360543fbb01d4f7fb470fa49803d/transformed/ideaIU-2025.3/lib/module-intellij.xml.impl.jar
76393b487000-76393b48e000 r--s 00000000 fd:01 4392113                    /home/ubuntu/.gradle/caches/8.10.2/transforms/81e4360543fbb01d4f7fb470fa49803d/transformed/ideaIU-2025.3/lib/modules/intellij.platform.navbar.jar
76393b48e000-76393b495000 r--s 00000000 fd:01 4392043                    /home/ubuntu/.gradle/caches/8.10.2/transforms/81e4360543fbb01d4f7fb470fa49803d/transformed/ideaIU-2025.3/lib/modules/intellij.platform.jewel.markdown.extensions.images.jar
76393b495000-76393b4c2000 r--s 00000000 fd:01 2850863                    /home/ubuntu/.gradle/caches/modules-2/files-2.1/org.junit.platform/junit-platform-launcher/1.10.2/8125dd29e847ca274dd1a7a9ca54859acc284cb3/junit-platform-launcher-1.10.2.jar
76393b4c2000-76393b540000 r--s 00000000 fd:01 4392020                    /home/ubuntu/.gradle/caches/8.10.2/transforms/81e4360543fbb01d4f7fb470fa49803d/transformed/ideaIU-2025.3/lib/module-intellij.xml.ui.common.jar
76393b540000-76393b60d000 r--s 00000000 fd:01 4391989                    /home/ubuntu/.gradle/caches/8.10.2/transforms/81e4360543fbb01d4f7fb470fa49803d/transformed/ideaIU-2025.3/lib/module-intellij.xml.dom.jar
76393b60d000-76393b70b000 r--s 00000000 fd:01 4392196                    /home/ubuntu/.gradle/caches/8.10.2/transforms/81e4360543fbb01d4f7fb470fa49803d/transformed/ideaIU-2025.3/lib/module-intellij.xml.dom.impl.jar
76393b70b000-76393b800000 r--s 00000000 fd:01 4392005                    /home/ubuntu/.gradle/caches/8.10.2/transforms/81e4360543fbb01d4f7fb470fa49803d/transformed/ideaIU-2025.3/lib/module-intellij.xml.analysis.impl.jar
76393b800000-76393bafa000 r--s 00000000 fd:01 4391974                    /home/ubuntu/.gradle/caches/8.10.2/transforms/81e4360543fbb01d4f7fb470fa49803d/transformed/ideaIU-2025.3/lib/module-intellij.platform.polySymbols.jar
76393bafa000-76393baff000 r--s 00000000 fd:01 4392147                    /home/ubuntu/.gradle/caches/8.10.2/transforms/81e4360543fbb01d4f7fb470fa49803d/transformed/ideaIU-2025.3/lib/modules/intellij.platform.navbar.monolith.jar
76393baff000-76393bb33000 r--s 00000000 fd:01 2850838                    /home/ubuntu/.gradle/caches/modules-2/files-2.1/org.junit.jupiter/junit-jupiter-api/5.10.2/fb55d6e2bce173f35fd28422e7975539621055ef/junit-jupiter-api-5.10.2.jar
76393bb33000-76393bc00000 r--s 00000000 fd:01 4391993                    /home/ubuntu/.gradle/caches/8.10.2/transforms/81e4360543fbb01d4f7fb470fa49803d/transformed/ideaIU-2025.3/lib/module-intellij.regexp.jar
76393bc00000-76393be13000 r--s 00000000 fd:01 4391922                    /home/ubuntu/.gradle/caches/8.10.2/transforms/81e4360543fbb01d4f7fb470fa49803d/transformed/ideaIU-2025.3/lib/module-intellij.platform.debugger.impl.rpc.jar
76393be13000-76393be24000 r--s 00000000 fd:01 4392109                    /home/ubuntu/.gradle/caches/8.10.2/transforms/81e4360543fbb01d4f7fb470fa49803d/transformed/ideaIU-2025.3/lib/modules/intellij.platform.collaborationTools.auth.base.jar
76393be24000-76393be53000 r--s 00000000 fd:01 4392200                    /home/ubuntu/.gradle/caches/8.10.2/transforms/81e4360543fbb01d4f7fb470fa49803d/transformed/ideaIU-2025.3/lib/module-intellij.xml.psi.jar
76393be53000-76393beb8000 r--s 00000000 fd:01 4391978                    /home/ubuntu/.gradle/caches/8.10.2/transforms/81e4360543fbb01d4f7fb470fa49803d/transformed/ideaIU-2025.3/lib/module-intellij.xml.parser.jar
76393beb8000-76393bfa5000 r--s 00000000 fd:01 4392003                    /home/ubuntu/.gradle/caches/8.10.2/transforms/81e4360543fbb01d4f7fb470fa49803d/transformed/ideaIU-2025.3/lib/module-intellij.platform.vcs.jar
76393bfa5000-76393c000000 r--s 00000000 fd:01 4391913                    /home/ubuntu/.gradle/caches/8.10.2/transforms/81e4360543fbb01d4f7fb470fa49803d/transformed/ideaIU-2025.3/lib/module-intellij.platform.polySymbols.backend.jar
76393c000000-76393c021000 rw-p 00000000 00:00 0 
76393c021000-763940000000 ---p 00000000 00:00 0 
763940000000-763940001000 r--s 00000000 fd:01 4391446                    /home/ubuntu/.gradle/caches/8.10.2/transforms/81e4360543fbb01d4f7fb470fa49803d/transformed/ideaIU-2025.3/plugins/css-plugin/lib/modules/intellij.css.frontend.split.jar
763940001000-763940006000 r--s 00000000 fd:01 4392046                    /home/ubuntu/.gradle/caches/8.10.2/transforms/81e4360543fbb01d4f7fb470fa49803d/transformed/ideaIU-2025.3/lib/modules/intellij.platform.lang.impl.backend.jar
763940006000-763940020000 r--s 00000000 fd:01 2850843                    /home/ubuntu/.gradle/caches/modules-2/files-2.1/org.junit.platform/junit-platform-commons/1.10.2/3197154a1f0c88da46c47a9ca27611ac7ec5d797/junit-platform-commons-1.10.2.jar
763940020000-763940127000 r--s 00000000 fd:01 4391961                    /home/ubuntu/.gradle/caches/8.10.2/transforms/81e4360543fbb01d4f7fb470fa49803d/transformed/ideaIU-2025.3/lib/module-intellij.platform.eel.impl.jar
763940127000-763940190000 r--s 00000000 fd:01 4391910                    /home/ubuntu/.gradle/caches/8.10.2/transforms/81e4360543fbb01d4f7fb470fa49803d/transformed/ideaIU-2025.3/lib/module-intellij.libraries.xtext.xbase.jar
763940190000-763940191000 ---p 00000000 00:00 0 
763940191000-763940291000 rw-p 00000000 00:00 0 
763940291000-763940400000 r--s 00000000 fd:01 4391945                    /home/ubuntu/.gradle/caches/8.10.2/transforms/81e4360543fbb01d4f7fb470fa49803d/transformed/ideaIU-2025.3/lib/module-intellij.libraries.xstream.jar
763940400000-763940718000 r--s 00000000 fd:01 4392197                    /home/ubuntu/.gradle/caches/8.10.2/transforms/81e4360543fbb01d4f7fb470fa49803d/transformed/ideaIU-2025.3/lib/module-intellij.libraries.xerces.jar
763940718000-763940719000 r--s 00000000 fd:01 4390219                    /home/ubuntu/.gradle/caches/8.10.2/transforms/81e4360543fbb01d4f7fb470fa49803d/transformed/ideaIU-2025.3/plugins/android-gradle-declarative-lang-ide/lib/android-gradle-declarative-lang-ide-frontend.jar
763940719000-763940727000 r--s 00000000 fd:01 4392173                    /home/ubuntu/.gradle/caches/8.10.2/transforms/81e4360543fbb01d4f7fb470fa49803d/transformed/ideaIU-2025.3/lib/modules/intellij.platform.jewel.markdown.extensions.autolink.jar
763940727000-763940728000 ---p 00000000 00:00 0 
763940728000-763940828000 rw-p 00000000 00:00 0 
763940828000-7639408d0000 r--s 00000000 fd:01 4391934                    /home/ubuntu/.gradle/caches/8.10.2/transforms/81e4360543fbb01d4f7fb470fa49803d/transformed/ideaIU-2025.3/lib/module-intellij.libraries.winp.jar
7639408d0000-7639409fd000 r--s 00000000 fd:01 4391940                    /home/ubuntu/.gradle/caches/8.10.2/transforms/81e4360543fbb01d4f7fb470fa49803d/transformed/ideaIU-2025.3/lib/module-intellij.libraries.velocity.jar
7639409fd000-763940ad3000 r--s 00000000 fd:01 4391924                    /home/ubuntu/.gradle/caches/8.10.2/transforms/81e4360543fbb01d4f7fb470fa49803d/transformed/ideaIU-2025.3/lib/module-intellij.libraries.stream.jar
763940ad3000-763940c26000 r--s 00000000 fd:01 4391981                    /home/ubuntu/.gradle/caches/8.10.2/transforms/81e4360543fbb01d4f7fb470fa49803d/transformed/ideaIU-2025.3/lib/module-intellij.libraries.sshj.jar
763940c26000-763940cda000 r--s 00000000 fd:01 4392191                    /home/ubuntu/.gradle/caches/8.10.2/transforms/81e4360543fbb01d4f7fb470fa49803d/transformed/ideaIU-2025.3/lib/module-intellij.libraries.snakeyaml.jar
763940cda000-763940d7d000 r--s 00000000 fd:01 4391953                    /home/ubuntu/.gradle/caches/8.10.2/transforms/81e4360543fbb01d4f7fb470fa49803d/transformed/ideaIU-2025.3/lib/module-intellij.libraries.snakeyaml.engine.jar
763940d7d000-763940ebc000 r--s 00000000 fd:01 4391933                    /home/ubuntu/.gradle/caches/8.10.2/transforms/81e4360543fbb01d4f7fb470fa49803d/transformed/ideaIU-2025.3/lib/module-intellij.libraries.markdown.jar
763940ebc000-763941072000 r--s 00000000 fd:01 4392202                    /home/ubuntu/.gradle/caches/8.10.2/transforms/81e4360543fbb01d4f7fb470fa49803d/transformed/ideaIU-2025.3/lib/module-intellij.libraries.lz4.jar
763941072000-763941200000 r--s 00000000 fd:01 4391988                    /home/ubuntu/.gradle/caches/8.10.2/transforms/81e4360543fbb01d4f7fb470fa49803d/transformed/ideaIU-2025.3/lib/module-intellij.libraries.ktor.utils.jar
763941200000-763941648000 r--s 00000000 fd:01 4392182                    /home/ubuntu/.gradle/caches/8.10.2/transforms/81e4360543fbb01d4f7fb470fa49803d/transformed/ideaIU-2025.3/lib/module-intellij.libraries.ktor.client.jar
763941648000-763941649000 r--s 00000000 fd:01 4389494                    /home/ubuntu/.gradle/caches/8.10.2/transforms/81e4360543fbb01d4f7fb470fa49803d/transformed/ideaIU-2025.3/plugins/javascript-debugger/lib/modules/intellij.javascript.debugger.coverage.jar
763941649000-76394164a000 r--s 00000000 fd:01 4389495                    /home/ubuntu/.gradle/caches/8.10.2/transforms/81e4360543fbb01d4f7fb470fa49803d/transformed/ideaIU-2025.3/plugins/javascript-debugger/lib/modules/intellij.javascript.debugger.webDeployment.jar
76394164a000-763941655000 r--s 00000000 fd:01 4392032                    /home/ubuntu/.gradle/caches/8.10.2/transforms/81e4360543fbb01d4f7fb470fa49803d/transformed/ideaIU-2025.3/lib/modules/intellij.platform.find.backend.jar
763941655000-76394166c000 r--s 00000000 fd:01 4391915                    /home/ubuntu/.gradle/caches/8.10.2/transforms/81e4360543fbb01d4f7fb470fa49803d/transformed/ideaIU-2025.3/lib/module-intellij.xml.syntax.jar
76394166c000-76394168a000 r--s 00000000 fd:01 4391973                    /home/ubuntu/.gradle/caches/8.10.2/transforms/81e4360543fbb01d4f7fb470fa49803d/transformed/ideaIU-2025.3/lib/module-intellij.platform.vcs.shared.jar
76394168a000-76394173d000 r--s 00000000 fd:01 4391937                    /home/ubuntu/.gradle/caches/8.10.2/transforms/81e4360543fbb01d4f7fb470fa49803d/transformed/ideaIU-2025.3/lib/module-intellij.libraries.mvstore.jar
76394173d000-763941811000 r--s 00000000 fd:01 4391992                    /home/ubuntu/.gradle/caches/8.10.2/transforms/81e4360543fbb01d4f7fb470fa49803d/transformed/ideaIU-2025.3/lib/module-intellij.libraries.ktor.network.tls.jar
763941811000-763941a00000 r--s 00000000 fd:01 4392185                    /home/ubuntu/.gradle/caches/8.10.2/transforms/81e4360543fbb01d4f7fb470fa49803d/transformed/ideaIU-2025.3/lib/module-intellij.libraries.kotlinx.html.jar
763941a00000-7639422d1000 r--s 00000000 fd:01 4391984                    /home/ubuntu/.gradle/caches/8.10.2/transforms/81e4360543fbb01d4f7fb470fa49803d/transformed/ideaIU-2025.3/lib/module-intellij.libraries.kotlin.reflect.jar
7639422d1000-7639422d3000 r--s 00000000 fd:01 4389149                    /home/ubuntu/.gradle/caches/8.10.2/transforms/81e4360543fbb01d4f7fb470fa49803d/transformed/ideaIU-2025.3/plugins/java-coverage/lib/java-coverage-rt.jar
7639422d3000-7639422d4000 r--s 00000000 fd:01 4392097                    /home/ubuntu/.gradle/caches/8.10.2/transforms/81e4360543fbb01d4f7fb470fa49803d/transformed/ideaIU-2025.3/lib/modules/intellij.platform.vcs.impl.lang.actions.jar
7639422d4000-7639422da000 r--s 00000000 fd:01 4392141                    /home/ubuntu/.gradle/caches/8.10.2/transforms/81e4360543fbb01d4f7fb470fa49803d/transformed/ideaIU-2025.3/lib/modules/intellij.platform.identifiers.highlighting.backend.jar
7639422da000-7639422df000 r--s 00000000 fd:01 4392140                    /home/ubuntu/.gradle/caches/8.10.2/transforms/81e4360543fbb01d4f7fb470fa49803d/transformed/ideaIU-2025.3/lib/modules/intellij.platform.execution.serviceView.frontend.jar
7639422df000-763942329000 r--s 00000000 fd:01 4391954                    /home/ubuntu/.gradle/caches/8.10.2/transforms/81e4360543fbb01d4f7fb470fa49803d/transformed/ideaIU-2025.3/lib/module-intellij.libraries.xz.jar
763942329000-763942372000 r--s 00000000 fd:01 4391916                    /home/ubuntu/.gradle/caches/8.10.2/transforms/81e4360543fbb01d4f7fb470fa49803d/transformed/ideaIU-2025.3/lib/module-intellij.libraries.pty4j.jar
763942372000-763942400000 r--s 00000000 fd:01 4392018                    /home/ubuntu/.gradle/caches/8.10.2/transforms/81e4360543fbb01d4f7fb470fa49803d/transformed/ideaIU-2025.3/lib/module-intellij.libraries.ktor.io.jar
763942400000-763943208000 r--s 00000000 fd:01 4391985                    /home/ubuntu/.gradle/caches/8.10.2/transforms/81e4360543fbb01d4f7fb470fa49803d/transformed/ideaIU-2025.3/lib/module-intellij.libraries.jcef.jar
763943208000-763943209000 r--s 00000000 fd:01 4392115                    /home/ubuntu/.gradle/caches/8.10.2/transforms/81e4360543fbb01d4f7fb470fa49803d/transformed/ideaIU-2025.3/lib/modules/intellij.platform.vcs.impl.exec.jar
763943209000-763943235000 r--s 00000000 fd:01 4391975                    /home/ubuntu/.gradle/caches/8.10.2/transforms/81e4360543fbb01d4f7fb470fa49803d/transformed/ideaIU-2025.3/lib/module-intellij.platform.vcs.core.jar
763943235000-76394328f000 r--s 00000000 fd:01 4391986                    /home/ubuntu/.gradle/caches/8.10.2/transforms/81e4360543fbb01d4f7fb470fa49803d/transformed/ideaIU-2025.3/lib/module-intellij.libraries.proxy.vole.jar
76394328f000-763943400000 r--s 00000000 fd:01 4392199                    /home/ubuntu/.gradle/caches/8.10.2/transforms/81e4360543fbb01d4f7fb470fa49803d/transformed/ideaIU-2025.3/lib/module-intellij.libraries.kotlinx.datetime.jar
763943400000-763943897000 r--s 00000000 fd:01 4391996                    /home/ubuntu/.gradle/caches/8.10.2/transforms/81e4360543fbb01d4f7fb470fa49803d/transformed/ideaIU-2025.3/lib/module-intellij.libraries.jackson.databind.jar
763943897000-76394389a000 r--s 00000000 fd:01 4392041                    /home/ubuntu/.gradle/caches/8.10.2/transforms/81e4360543fbb01d4f7fb470fa49803d/transformed/ideaIU-2025.3/lib/modules/intellij.platform.progress.backend.jar
76394389a000-76394389b000 r--s 00000000 fd:01 4392156                    /home/ubuntu/.gradle/caches/8.10.2/transforms/81e4360543fbb01d4f7fb470fa49803d/transformed/ideaIU-2025.3/lib/modules/intellij.platform.monolith.jar
76394389b000-7639438e4000 r--s 00000000 fd:01 4391959                    /home/ubuntu/.gradle/caches/8.10.2/transforms/81e4360543fbb01d4f7fb470fa49803d/transformed/ideaIU-2025.3/lib/module-intellij.libraries.miglayout.swing.jar
7639438e4000-763943a00000 r--s 00000000 fd:01 4391958                    /home/ubuntu/.gradle/caches/8.10.2/transforms/81e4360543fbb01d4f7fb470fa49803d/transformed/ideaIU-2025.3/lib/module-intellij.libraries.kryo5.jar
763943a00000-763945ab2000 r--s 00000000 fd:01 4392011                    /home/ubuntu/.gradle/caches/8.10.2/transforms/81e4360543fbb01d4f7fb470fa49803d/transformed/ideaIU-2025.3/lib/module-intellij.libraries.icu4j.jar
763945ab2000-763945add000 r--s 00000000 fd:01 4392190                    /home/ubuntu/.gradle/caches/8.10.2/transforms/81e4360543fbb01d4f7fb470fa49803d/transformed/ideaIU-2025.3/lib/module-intellij.platform.find.jar
763945add000-763945b1e000 r--s 00000000 fd:01 4391917                    /home/ubuntu/.gradle/caches/8.10.2/transforms/81e4360543fbb01d4f7fb470fa49803d/transformed/ideaIU-2025.3/lib/module-intellij.libraries.ktor.client.cio.jar
763945b1e000-763945c00000 r--s 00000000 fd:01 4391994                    /home/ubuntu/.gradle/caches/8.10.2/transforms/81e4360543fbb01d4f7fb470fa49803d/transformed/ideaIU-2025.3/lib/module-intellij.libraries.kotlinx.serialization.core.jar
763945c00000-763945e67000 r--s 00000000 fd:01 4391995                    /home/ubuntu/.gradle/caches/8.10.2/transforms/81e4360543fbb01d4f7fb470fa49803d/transformed/ideaIU-2025.3/lib/module-intellij.libraries.http.client.jar
763945e67000-763945e6a000 r--s 00000000 fd:01 4392039                    /home/ubuntu/.gradle/caches/8.10.2/transforms/81e4360543fbb01d4f7fb470fa49803d/transformed/ideaIU-2025.3/lib/modules/intellij.platform.kernel.impl.jar
763945e6a000-763945e70000 r--s 00000000 fd:01 4392070                    /home/ubuntu/.gradle/caches/8.10.2/transforms/81e4360543fbb01d4f7fb470fa49803d/transformed/ideaIU-2025.3/lib/modules/intellij.platform.execution.serviceView.backend.jar
763945e70000-763945e95000 r--s 00000000 fd:01 4391972                    /home/ubuntu/.gradle/caches/8.10.2/transforms/81e4360543fbb01d4f7fb470fa49803d/transformed/ideaIU-2025.3/lib/module-intellij.platform.debugger.impl.shared.jar
763945e95000-763945f33000 r--s 00000000 fd:01 4392025                    /home/ubuntu/.gradle/caches/8.10.2/transforms/81e4360543fbb01d4f7fb470fa49803d/transformed/ideaIU-2025.3/lib/module-intellij.libraries.kotlinx.serialization.json.jar
763945f33000-763946000000 r--s 00000000 fd:01 4392194                    /home/ubuntu/.gradle/caches/8.10.2/transforms/81e4360543fbb01d4f7fb470fa49803d/transformed/ideaIU-2025.3/lib/module-intellij.libraries.jsvg.jar
763946000000-7639466ea000 r--s 00000000 fd:01 4391907                    /home/ubuntu/.gradle/caches/8.10.2/transforms/81e4360543fbb01d4f7fb470fa49803d/transformed/ideaIU-2025.3/lib/module-intellij.libraries.guava.jar
7639466ea000-763946701000 r--s 00000000 fd:01 4392024                    /home/ubuntu/.gradle/caches/8.10.2/transforms/81e4360543fbb01d4f7fb470fa49803d/transformed/ideaIU-2025.3/lib/module-intellij.xml.structureView.impl.jar
763946701000-763946800000 r--s 00000000 fd:01 4391905                    /home/ubuntu/.gradle/caches/8.10.2/transforms/81e4360543fbb01d4f7fb470fa49803d/transformed/ideaIU-2025.3/lib/module-intellij.libraries.jsoup.jar
763946800000-7639470c0000 r--s 00000000 fd:01 4391976                    /home/ubuntu/.gradle/caches/8.10.2/transforms/81e4360543fbb01d4f7fb470fa49803d/transformed/ideaIU-2025.3/lib/module-intellij.libraries.fastutil.jar
7639470c0000-7639470c8000 r--s 00000000 fd:01 4392082                    /home/ubuntu/.gradle/caches/8.10.2/transforms/81e4360543fbb01d4f7fb470fa49803d/transformed/ideaIU-2025.3/lib/modules/intellij.platform.editor.backend.jar
7639470c8000-7639470cf000 r--s 00000000 fd:01 4392092                    /home/ubuntu/.gradle/caches/8.10.2/transforms/81e4360543fbb01d4f7fb470fa49803d/transformed/ideaIU-2025.3/lib/modules/intellij.platform.diagnostic.telemetry.agent.extension.jar
7639470cf000-7639470f4000 r--s 00000000 fd:01 4391926                    /home/ubuntu/.gradle/caches/8.10.2/transforms/81e4360543fbb01d4f7fb470fa49803d/transformed/ideaIU-2025.3/lib/module-intellij.libraries.rd.text.jar
7639470f4000-763947184000 r--s 00000000 fd:01 4392002                    /home/ubuntu/.gradle/caches/8.10.2/transforms/81e4360543fbb01d4f7fb470fa49803d/transformed/ideaIU-2025.3/lib/module-intellij.libraries.kotlinx.collections.immutable.jar
763947184000-76394726a000 r--s 00000000 fd:01 4391999                    /home/ubuntu/.gradle/caches/8.10.2/transforms/81e4360543fbb01d4f7fb470fa49803d/transformed/ideaIU-2025.3/lib/module-intellij.libraries.jsonpath.jar
76394726a000-763947400000 r--s 00000000 fd:01 4392201                    /home/ubuntu/.gradle/caches/8.10.2/transforms/81e4360543fbb01d4f7fb470fa49803d/transformed/ideaIU-2025.3/lib/module-intellij.libraries.commons.lang3.jar
763947400000-7639483af000 r--s 00000000 fd:01 4391904                    /home/ubuntu/.gradle/caches/8.10.2/transforms/81e4360543fbb01d4f7fb470fa49803d/transformed/ideaIU-2025.3/lib/module-intellij.libraries.bouncy.castle.provider.jar
7639483af000-7639483bf000 r--s 00000000 fd:01 4392078                    /home/ubuntu/.gradle/caches/8.10.2/transforms/81e4360543fbb01d4f7fb470fa49803d/transformed/ideaIU-2025.3/lib/modules/intellij.platform.collaborationTools.auth.jar
7639483bf000-763948400000 r--s 00000000 fd:01 4391939                    /home/ubuntu/.gradle/caches/8.10.2/transforms/81e4360543fbb01d4f7fb470fa49803d/transformed/ideaIU-2025.3/lib/module-intellij.libraries.kotlinx.serialization.protobuf.jar
763948400000-763949b1e000 r--s 00000000 fd:01 4391921                    /home/ubuntu/.gradle/caches/8.10.2/transforms/81e4360543fbb01d4f7fb470fa49803d/transformed/ideaIU-2025.3/lib/groovy.jar
763949b1e000-763949b21000 r--s 00000000 fd:01 4392160                    /home/ubuntu/.gradle/caches/8.10.2/transforms/81e4360543fbb01d4f7fb470fa49803d/transformed/ideaIU-2025.3/lib/modules/intellij.platform.editor.frontend.jar
763949b21000-763949b32000 r--s 00000000 fd:01 4392112                    /home/ubuntu/.gradle/caches/8.10.2/transforms/81e4360543fbb01d4f7fb470fa49803d/transformed/ideaIU-2025.3/lib/modules/intellij.platform.clouds.jar
763949b32000-763949b8c000 r--s 00000000 fd:01 4392203                    /home/ubuntu/.gradle/caches/8.10.2/transforms/81e4360543fbb01d4f7fb470fa49803d/transformed/ideaIU-2025.3/lib/module-intellij.libraries.kotlinx.io.jar
763949b8c000-763949c00000 r--s 00000000 fd:01 4392023                    /home/ubuntu/.gradle/caches/8.10.2/transforms/81e4360543fbb01d4f7fb470fa49803d/transformed/ideaIU-2025.3/lib/module-intellij.libraries.jediterm.core.jar
763949c00000-76394d0c3000 r--s 00000000 fd:01 4392204                    /home/ubuntu/.gradle/caches/8.10.2/transforms/81e4360543fbb01d4f7fb470fa49803d/transformed/ideaIU-2025.3/lib/product-backend.jar
76394d0c3000-76394d0c4000 r--s 00000000 fd:01 4392134                    /home/ubuntu/.gradle/caches/8.10.2/transforms/81e4360543fbb01d4f7fb470fa49803d/transformed/ideaIU-2025.3/lib/modules/intellij.platform.frontend.jar
76394d0c4000-76394d0c9000 r--s 00000000 fd:01 4392094                    /home/ubuntu/.gradle/caches/8.10.2/transforms/81e4360543fbb01d4f7fb470fa49803d/transformed/ideaIU-2025.3/lib/modules/intellij.platform.editor.jar
76394d0c9000-76394d0d1000 r--s 00000000 fd:01 4392152                    /home/ubuntu/.gradle/caches/8.10.2/transforms/81e4360543fbb01d4f7fb470fa49803d/transformed/ideaIU-2025.3/lib/modules/intellij.platform.diagnostic.freezeAnalyzer.jar
76394d0d1000-76394d200000 r--s 00000000 fd:01 4392186                    /home/ubuntu/.gradle/caches/8.10.2/transforms/81e4360543fbb01d4f7fb470fa49803d/transformed/ideaIU-2025.3/lib/module-intellij.libraries.jackson.jar
76394d200000-76395bea0000 r--s 00000000 fd:01 4391980                    /home/ubuntu/.gradle/caches/8.10.2/transforms/81e4360543fbb01d4f7fb470fa49803d/transformed/ideaIU-2025.3/lib/app.jar
76395bea0000-76395bea6000 r--s 00000000 fd:01 4392055                    /home/ubuntu/.gradle/caches/8.10.2/transforms/81e4360543fbb01d4f7fb470fa49803d/transformed/ideaIU-2025.3/lib/modules/intellij.platform.buildView.jar
76395bea6000-76395bebe000 r--s 00000000 fd:01 4391914                    /home/ubuntu/.gradle/caches/8.10.2/transforms/81e4360543fbb01d4f7fb470fa49803d/transformed/ideaIU-2025.3/lib/module-intellij.platform.scopes.jar
76395bebe000-76395bf2e000 r--s 00000000 fd:01 4391990                    /home/ubuntu/.gradle/caches/8.10.2/transforms/81e4360543fbb01d4f7fb470fa49803d/transformed/ideaIU-2025.3/lib/module-intellij.libraries.jaxen.jar
76395bf2e000-76395c000000 r--s 00000000 fd:01 4391919                    /home/ubuntu/.gradle/caches/8.10.2/transforms/81e4360543fbb01d4f7fb470fa49803d/transformed/ideaIU-2025.3/lib/module-intellij.libraries.hash4j.jar
76395c000000-76395c127000 rw-p 00000000 00:00 0 
76395c127000-763960000000 ---p 00000000 00:00 0 
763960000000-763960004000 r--s 00000000 fd:01 4392178                    /home/ubuntu/.gradle/caches/8.10.2/transforms/81e4360543fbb01d4f7fb470fa49803d/transformed/ideaIU-2025.3/lib/modules/intellij.platform.bookmarks.frontend.jar
763960004000-76396001c000 r--s 00000000 fd:01 4391932                    /home/ubuntu/.gradle/caches/8.10.2/transforms/81e4360543fbb01d4f7fb470fa49803d/transformed/ideaIU-2025.3/lib/module-intellij.platform.rpc.topics.jar
76396001c000-76396003f000 r--s 00000000 fd:01 4392016                    /home/ubuntu/.gradle/caches/8.10.2/transforms/81e4360543fbb01d4f7fb470fa49803d/transformed/ideaIU-2025.3/lib/module-intellij.libraries.jzlib.jar
76396003f000-7639600d5000 r--s 00000000 fd:01 4392184                    /home/ubuntu/.gradle/caches/8.10.2/transforms/81e4360543fbb01d4f7fb470fa49803d/transformed/ideaIU-2025.3/lib/module-intellij.libraries.gson.jar
7639600d5000-763960200000 r--s 00000000 fd:01 4391963                    /home/ubuntu/.gradle/caches/8.10.2/transforms/81e4360543fbb01d4f7fb470fa49803d/transformed/ideaIU-2025.3/lib/module-intellij.libraries.commons.io.jar
763960200000-76396043b000 r--s 00000000 fd:01 4391977                    /home/ubuntu/.gradle/caches/8.10.2/transforms/81e4360543fbb01d4f7fb470fa49803d/transformed/ideaIU-2025.3/lib/module-intellij.libraries.commons.compress.jar
76396043b000-76396043c000 r--s 00000000 fd:01 4392110                    /home/ubuntu/.gradle/caches/8.10.2/transforms/81e4360543fbb01d4f7fb470fa49803d/transformed/ideaIU-2025.3/lib/modules/intellij.platform.execution.dashboard.frontend.jar
76396043c000-76396045a000 r--s 00000000 fd:01 4391902                    /home/ubuntu/.gradle/caches/8.10.2/transforms/81e4360543fbb01d4f7fb470fa49803d/transformed/ideaIU-2025.3/lib/module-intellij.libraries.oro.matcher.jar
76396045a000-763960478000 r--s 00000000 fd:01 4391918                    /home/ubuntu/.gradle/caches/8.10.2/transforms/81e4360543fbb01d4f7fb470fa49803d/transformed/ideaIU-2025.3/lib/module-intellij.libraries.jvm.native.trusted.roots.jar
763960478000-763960600000 r--s 00000000 fd:01 4392012                    /home/ubuntu/.gradle/caches/8.10.2/transforms/81e4360543fbb01d4f7fb470fa49803d/transformed/ideaIU-2025.3/lib/module-intellij.libraries.commons.imaging.jar
763960600000-7639617ac000 r--s 00000000 fd:01 4391912                    /home/ubuntu/.gradle/caches/8.10.2/transforms/81e4360543fbb01d4f7fb470fa49803d/transformed/ideaIU-2025.3/lib/lib.jar
7639617ac000-7639617af000 r--s 00000000 fd:01 4392130                    /home/ubuntu/.gradle/caches/8.10.2/transforms/81e4360543fbb01d4f7fb470fa49803d/transformed/ideaIU-2025.3/lib/modules/intellij.platform.buildView.backend.jar
7639617af000-7639617b2000 r--s 00000000 fd:01 4392081                    /home/ubuntu/.gradle/caches/8.10.2/transforms/81e4360543fbb01d4f7fb470fa49803d/transformed/ideaIU-2025.3/lib/modules/intellij.platform.bookmarks.backend.jar
7639617b2000-7639617b8000 r--s 00000000 fd:01 4392136                    /home/ubuntu/.gradle/caches/8.10.2/transforms/81e4360543fbb01d4f7fb470fa49803d/transformed/ideaIU-2025.3/lib/modules/intellij.idea.ultimate.feedback.jar
7639617b8000-763961800000 r--s 00000000 fd:01 4391903                    /home/ubuntu/.gradle/caches/8.10.2/transforms/81e4360543fbb01d4f7fb470fa49803d/transformed/ideaIU-2025.3/lib/module-intellij.libraries.java.websocket.jar
763961800000-763963e87000 r--s 00000000 fd:01 4391952                    /home/ubuntu/.gradle/caches/8.10.2/transforms/81e4360543fbb01d4f7fb470fa49803d/transformed/ideaIU-2025.3/lib/util-8.jar
763963e87000-763963e88000 r--s 00000000 fd:01 4392063                    /home/ubuntu/.gradle/caches/8.10.2/transforms/81e4360543fbb01d4f7fb470fa49803d/transformed/ideaIU-2025.3/lib/modules/intellij.platform.customization.min.jar
763963e88000-763963e89000 r--s 00000000 fd:01 4392102                    /home/ubuntu/.gradle/caches/8.10.2/transforms/81e4360543fbb01d4f7fb470fa49803d/transformed/ideaIU-2025.3/lib/modules/intellij.platform.compose.markdown.jar
763963e89000-763963ec6000 r--s 00000000 fd:01 4391911                    /home/ubuntu/.gradle/caches/8.10.2/transforms/81e4360543fbb01d4f7fb470fa49803d/transformed/ideaIU-2025.3/lib/module-intellij.libraries.jediterm.ui.jar
763963ec6000-763964000000 r--s 00000000 fd:01 4392014                    /home/ubuntu/.gradle/caches/8.10.2/transforms/81e4360543fbb01d4f7fb470fa49803d/transformed/ideaIU-2025.3/lib/module-intellij.libraries.classgraph.jar
763964000000-763964021000 rw-p 00000000 00:00 0 
763964021000-763968000000 ---p 00000000 00:00 0 
763968000000-76396825d000 rw-p 00000000 00:00 0 
76396825d000-76396c000000 ---p 00000000 00:00 0 
76396c000000-76396c021000 rw-p 00000000 00:00 0 
76396c021000-763970000000 ---p 00000000 00:00 0 
763970000000-763970021000 rw-p 00000000 00:00 0 
763970021000-763974000000 ---p 00000000 00:00 0 
763974000000-763974021000 rw-p 00000000 00:00 0 
763974021000-763978000000 ---p 00000000 00:00 0 
763978000000-763978021000 rw-p 00000000 00:00 0 
763978021000-76397c000000 ---p 00000000 00:00 0 
76397c000000-76397c07b000 rw-p 00000000 00:00 0 
76397c07b000-763980000000 ---p 00000000 00:00 0 
763980000000-763980021000 rw-p 00000000 00:00 0 
763980021000-763984000000 ---p 00000000 00:00 0 
763984000000-7639840e0000 rw-p 00000000 00:00 0 
7639840e0000-763984400000 ---p 00000000 00:00 0 
763984400000-763984470000 rw-p 00000000 00:00 0 
763984470000-763988000000 ---p 00000000 00:00 0 
763988000000-763988021000 rw-p 00000000 00:00 0 
763988021000-76398c000000 ---p 00000000 00:00 0 
76398c000000-76398c001000 r--s 00000000 fd:01 4392079                    /home/ubuntu/.gradle/caches/8.10.2/transforms/81e4360543fbb01d4f7fb470fa49803d/transformed/ideaIU-2025.3/lib/modules/intellij.platform.completion.frontend.jar
76398c001000-76398c06a000 r--s 00000000 fd:01 4391936                    /home/ubuntu/.gradle/caches/8.10.2/transforms/81e4360543fbb01d4f7fb470fa49803d/transformed/ideaIU-2025.3/lib/module-intellij.libraries.jackson.module.kotlin.jar
76398c06a000-76398c123000 r--s 00000000 fd:01 4391967                    /home/ubuntu/.gradle/caches/8.10.2/transforms/81e4360543fbb01d4f7fb470fa49803d/transformed/ideaIU-2025.3/lib/module-intellij.libraries.commons.codec.jar
76398c123000-76398c200000 r--s 00000000 fd:01 4391929                    /home/ubuntu/.gradle/caches/8.10.2/transforms/81e4360543fbb01d4f7fb470fa49803d/transformed/ideaIU-2025.3/lib/module-intellij.libraries.cglib.jar
76398c200000-76398c421000 r--s 00000000 fd:01 4392015                    /home/ubuntu/.gradle/caches/8.10.2/transforms/81e4360543fbb01d4f7fb470fa49803d/transformed/ideaIU-2025.3/lib/module-intellij.libraries.caffeine.jar
76398c421000-76398c44f000 r--s 00000000 fd:01 4391928                    /home/ubuntu/.gradle/caches/8.10.2/transforms/81e4360543fbb01d4f7fb470fa49803d/transformed/ideaIU-2025.3/lib/module-intellij.libraries.jettison.jar
76398c44f000-76398c48e000 r--s 00000000 fd:01 4391946                    /home/ubuntu/.gradle/caches/8.10.2/transforms/81e4360543fbb01d4f7fb470fa49803d/transformed/ideaIU-2025.3/lib/module-intellij.libraries.jackson.jr.objects.jar
76398c48e000-76398c60f000 r--s 00000000 fd:01 4391966                    /home/ubuntu/.gradle/caches/8.10.2/transforms/81e4360543fbb01d4f7fb470fa49803d/transformed/ideaIU-2025.3/lib/module-intellij.libraries.bouncy.castle.pgp.jar
76398c60f000-76398c6e4000 r--s 00000000 fd:01 4391927                    /home/ubuntu/.gradle/caches/8.10.2/transforms/81e4360543fbb01d4f7fb470fa49803d/transformed/ideaIU-2025.3/lib/module-intellij.libraries.asm.jar
76398c6e4000-76398c800000 r--s 00000000 fd:01 4391983                    /home/ubuntu/.gradle/caches/8.10.2/transforms/81e4360543fbb01d4f7fb470fa49803d/transformed/ideaIU-2025.3/lib/module-intellij.libraries.aalto.xml.jar
76398c800000-76398d193000 r--s 00000000 fd:01 4391997                    /home/ubuntu/.gradle/caches/8.10.2/transforms/81e4360543fbb01d4f7fb470fa49803d/transformed/ideaIU-2025.3/lib/lib-backend.jar
76398d193000-76398d1a3000 r--s 00000000 fd:01 4392059                    /home/ubuntu/.gradle/caches/8.10.2/transforms/81e4360543fbb01d4f7fb470fa49803d/transformed/ideaIU-2025.3/lib/modules/intellij.debugger.streams.shared.jar
76398d1a3000-76398d1c4000 r--s 00000000 fd:01 4392022                    /home/ubuntu/.gradle/caches/8.10.2/transforms/81e4360543fbb01d4f7fb470fa49803d/transformed/ideaIU-2025.3/lib/module-intellij.libraries.jackson.dataformat.yaml.jar
76398d1c4000-76398d200000 r--s 00000000 fd:01 4392009                    /home/ubuntu/.gradle/caches/8.10.2/transforms/81e4360543fbb01d4f7fb470fa49803d/transformed/ideaIU-2025.3/lib/module-intellij.libraries.ini4j.jar
76398d200000-76398df95000 r--s 00000000 fd:01 4391979                    /home/ubuntu/.gradle/caches/8.10.2/transforms/81e4360543fbb01d4f7fb470fa49803d/transformed/ideaIU-2025.3/lib/app-backend.jar
76398df95000-76398df9c000 r--s 00000000 fd:01 4392180                    /home/ubuntu/.gradle/caches/8.10.2/transforms/81e4360543fbb01d4f7fb470fa49803d/transformed/ideaIU-2025.3/lib/modules/intellij.grid.types.jar
76398df9c000-76398dfa3000 r--s 00000000 fd:01 4392121                    /home/ubuntu/.gradle/caches/8.10.2/transforms/81e4360543fbb01d4f7fb470fa49803d/transformed/ideaIU-2025.3/lib/modules/intellij.debugger.streams.backend.jar
76398dfa3000-76398e000000 r--s 00000000 fd:01 4391930                    /home/ubuntu/.gradle/caches/8.10.2/transforms/81e4360543fbb01d4f7fb470fa49803d/transformed/ideaIU-2025.3/lib/module-intellij.libraries.hdr.histogram.jar
76398e000000-76398fc7e000 rw-p 00001000 fd:01 4393180                    /home/ubuntu/.gradle/caches/8.10.2/transforms/81e4360543fbb01d4f7fb470fa49803d/transformed/ideaIU-2025.3/jbr/lib/server/classes.jsa
76398fc7e000-763990000000 ---p 00000000 00:00 0 
763990000000-763990010000 rw-p 00000000 00:00 0 
763990010000-763990040000 ---p 00000000 00:00 0 
763990040000-763990050000 rw-p 00000000 00:00 0 
763990050000-7639d0000000 ---p 00000000 00:00 0 
7639d0000000-7639d0021000 rw-p 00000000 00:00 0 
7639d0021000-7639d4000000 ---p 00000000 00:00 0 
7639d4000000-7639d4021000 rw-p 00000000 00:00 0 
7639d4021000-7639d8000000 ---p 00000000 00:00 0 
7639d8000000-7639d8021000 rw-p 00000000 00:00 0 
7639d8021000-7639dc000000 ---p 00000000 00:00 0 
7639dc000000-7639dc021000 rw-p 00000000 00:00 0 
7639dc021000-7639e0000000 ---p 00000000 00:00 0 
7639e0000000-7639e0021000 rw-p 00000000 00:00 0 
7639e0021000-7639e4000000 ---p 00000000 00:00 0 
7639e4000000-7639e4001000 r--s 00000000 fd:01 4392128                    /home/ubuntu/.gradle/caches/8.10.2/transforms/81e4360543fbb01d4f7fb470fa49803d/transformed/ideaIU-2025.3/lib/modules/intellij.platform.completion.common.jar
7639e4001000-7639e4006000 r--s 00000000 fd:01 2850741                    /home/ubuntu/.gradle/caches/modules-2/files-2.1/com.google.errorprone/error_prone_annotations/2.27.0/91b2c29d8a6148b5e2e4930f070d4840e2e48e34/error_prone_annotations-2.27.0.jar
7639e4006000-7639e4012000 r--s 00000000 fd:01 4392193                    /home/ubuntu/.gradle/caches/8.10.2/transforms/81e4360543fbb01d4f7fb470fa49803d/transformed/ideaIU-2025.3/lib/module-intellij.xml.analysis.jar
7639e4012000-7639e401d000 r--s 00000000 fd:01 4391982                    /home/ubuntu/.gradle/caches/8.10.2/transforms/81e4360543fbb01d4f7fb470fa49803d/transformed/ideaIU-2025.3/lib/module-intellij.platform.managed.cache.jar
7639e401d000-7639e403e000 r--s 00000000 fd:01 4391909                    /home/ubuntu/.gradle/caches/8.10.2/transforms/81e4360543fbb01d4f7fb470fa49803d/transformed/ideaIU-2025.3/lib/module-intellij.libraries.commons.logging.jar
7639e403e000-7639e40b8000 r--s 00000000 fd:01 4391947                    /home/ubuntu/.gradle/caches/8.10.2/transforms/81e4360543fbb01d4f7fb470fa49803d/transformed/ideaIU-2025.3/lib/module-intellij.libraries.automaton.jar
7639e40b8000-7639e4200000 r--s 00000000 fd:01 4392013                    /home/ubuntu/.gradle/caches/8.10.2/transforms/81e4360543fbb01d4f7fb470fa49803d/transformed/ideaIU-2025.3/lib/jps-model.jar
7639e4200000-7639e4488000 r--s 00000000 fd:01 4392026                    /home/ubuntu/.gradle/caches/8.10.2/transforms/81e4360543fbb01d4f7fb470fa49803d/transformed/ideaIU-2025.3/lib/jaxb-runtime.jar
7639e4488000-7639e4489000 r--s 00000000 fd:01 4392061                    /home/ubuntu/.gradle/caches/8.10.2/transforms/81e4360543fbb01d4f7fb470fa49803d/transformed/ideaIU-2025.3/lib/modules/intellij.platform.completion.backend.jar
7639e4489000-7639e4499000 r--s 00000000 fd:01 4391923                    /home/ubuntu/.gradle/caches/8.10.2/transforms/81e4360543fbb01d4f7fb470fa49803d/transformed/ideaIU-2025.3/lib/module-intellij.libraries.imgscalr.jar
7639e4499000-7639e44d4000 r--s 00000000 fd:01 4392195                    /home/ubuntu/.gradle/caches/8.10.2/transforms/81e4360543fbb01d4f7fb470fa49803d/transformed/ideaIU-2025.3/lib/module-intellij.libraries.commons.cli.jar
7639e44d4000-7639e44dd000 r--s 00000000 fd:01 4391955                    /home/ubuntu/.gradle/caches/8.10.2/transforms/81e4360543fbb01d4f7fb470fa49803d/transformed/ideaIU-2025.3/lib/module-intellij.libraries.cli.parser.jar
7639e44dd000-7639e44e7000 r--s 00000000 fd:01 4392198                    /home/ubuntu/.gradle/caches/8.10.2/transforms/81e4360543fbb01d4f7fb470fa49803d/transformed/ideaIU-2025.3/lib/module-intellij.libraries.blockmap.jar
7639e44e7000-7639e4557000 r--s 00000000 fd:01 4391941                    /home/ubuntu/.gradle/caches/8.10.2/transforms/81e4360543fbb01d4f7fb470fa49803d/transformed/ideaIU-2025.3/lib/module-intellij.libraries.asm.tools.jar
7639e4557000-7639e4566000 r--s 00000000 fd:01 4391960                    /home/ubuntu/.gradle/caches/8.10.2/transforms/81e4360543fbb01d4f7fb470fa49803d/transformed/ideaIU-2025.3/lib/jsch-agent.jar
7639e4566000-7639e4600000 r--s 00000000 fd:01 4391962                    /home/ubuntu/.gradle/caches/8.10.2/transforms/81e4360543fbb01d4f7fb470fa49803d/transformed/ideaIU-2025.3/lib/intellij-test-discovery.jar
7639e4600000-7639e48c2000 r--s 00000000 fd:01 4391987                    /home/ubuntu/.gradle/caches/8.10.2/transforms/81e4360543fbb01d4f7fb470fa49803d/transformed/ideaIU-2025.3/lib/eclipse.lsp4j.jar
7639e48c2000-7639e48c3000 r--s 00000000 fd:01 4392036                    /home/ubuntu/.gradle/caches/8.10.2/transforms/81e4360543fbb01d4f7fb470fa49803d/transformed/ideaIU-2025.3/lib/modules/intellij.platform.backend.jar
7639e48c3000-7639e48c4000 r--s 00000000 fd:01 4392127                    /home/ubuntu/.gradle/caches/8.10.2/transforms/81e4360543fbb01d4f7fb470fa49803d/transformed/ideaIU-2025.3/lib/modules/intellij.libraries.javax.activation.jar
7639e48c4000-7639e48c6000 r--s 00000000 fd:01 4392114                    /home/ubuntu/.gradle/caches/8.10.2/transforms/81e4360543fbb01d4f7fb470fa49803d/transformed/ideaIU-2025.3/lib/modules/intellij.idea.customization.base.jar
7639e48c6000-7639e4902000 r--s 00000000 fd:01 4392006                    /home/ubuntu/.gradle/caches/8.10.2/transforms/81e4360543fbb01d4f7fb470fa49803d/transformed/ideaIU-2025.3/lib/jaxb-api.jar
7639e4902000-7639e490b000 r--s 00000000 fd:01 4392181                    /home/ubuntu/.gradle/caches/8.10.2/transforms/81e4360543fbb01d4f7fb470fa49803d/transformed/ideaIU-2025.3/lib/javax.annotation-api.jar
7639e490b000-7639e492a000 r--s 00000000 fd:01 4392189                    /home/ubuntu/.gradle/caches/8.10.2/transforms/81e4360543fbb01d4f7fb470fa49803d/transformed/ideaIU-2025.3/lib/javax.activation.jar
7639e492a000-7639e4959000 r--s 00000000 fd:01 4391951                    /home/ubuntu/.gradle/caches/8.10.2/transforms/81e4360543fbb01d4f7fb470fa49803d/transformed/ideaIU-2025.3/lib/idea_rt.jar
7639e4959000-7639e4969000 r--s 00000000 fd:01 4392021                    /home/ubuntu/.gradle/caches/8.10.2/transforms/81e4360543fbb01d4f7fb470fa49803d/transformed/ideaIU-2025.3/lib/forms_rt.jar
7639e4969000-7639e4977000 r--s 00000000 fd:01 4391920                    /home/ubuntu/.gradle/caches/8.10.2/transforms/81e4360543fbb01d4f7fb470fa49803d/transformed/ideaIU-2025.3/lib/external-system-rt.jar
7639e4977000-7639e49bf000 r--s 00000000 fd:01 4391931                    /home/ubuntu/.gradle/caches/8.10.2/transforms/81e4360543fbb01d4f7fb470fa49803d/transformed/ideaIU-2025.3/lib/eclipse.lsp4j.jsonrpc.jar
7639e49bf000-7639e49cb000 r--s 00000000 fd:01 4392188                    /home/ubuntu/.gradle/caches/8.10.2/transforms/81e4360543fbb01d4f7fb470fa49803d/transformed/ideaIU-2025.3/lib/eclipse.lsp4j.jsonrpc.debug.jar
7639e49cb000-7639e4ae8000 r--s 00000000 fd:01 4392008                    /home/ubuntu/.gradle/caches/8.10.2/transforms/81e4360543fbb01d4f7fb470fa49803d/transformed/ideaIU-2025.3/lib/eclipse.lsp4j.debug.jar
7639e4ae8000-7639e4af5000 r--s 00000000 fd:01 4391942                    /home/ubuntu/.gradle/caches/8.10.2/transforms/81e4360543fbb01d4f7fb470fa49803d/transformed/ideaIU-2025.3/lib/annotations.jar
7639e4af5000-7639e4c00000 r--s 00000000 fd:01 4391998                    /home/ubuntu/.gradle/caches/8.10.2/transforms/81e4360543fbb01d4f7fb470fa49803d/transformed/ideaIU-2025.3/lib/util.jar
7639e4c00000-7639e4c04000 ---p 00000000 00:00 0 
7639e4c04000-7639e4d00000 rw-p 00000000 00:00 0 
7639e4d00000-7639e4d04000 ---p 00000000 00:00 0 
7639e4d04000-7639e4e00000 rw-p 00000000 00:00 0 
7639e4e00000-7639e4e04000 ---p 00000000 00:00 0 
7639e4e04000-7639e4f00000 rw-p 00000000 00:00 0 
7639e4f00000-7639e4f04000 ---p 00000000 00:00 0 
7639e4f04000-7639e5000000 rw-p 00000000 00:00 0 
7639e5000000-7639e5004000 ---p 00000000 00:00 0 
7639e5004000-7639e5100000 rw-p 00000000 00:00 0 
7639e5100000-7639e5104000 ---p 00000000 00:00 0 
7639e5104000-7639e5200000 rw-p 00000000 00:00 0 
7639e5200000-7639e5204000 ---p 00000000 00:00 0 
7639e5204000-7639e5300000 rw-p 00000000 00:00 0 
7639e5300000-7639e5304000 ---p 00000000 00:00 0 
7639e5304000-7639e5400000 rw-p 00000000 00:00 0 
7639e5400000-7639e56e9000 r--p 00000000 fd:01 6146                       /usr/lib/locale/locale-archive
7639e56e9000-7639e56ea000 r--s 00000000 fd:01 4392118                    /home/ubuntu/.gradle/caches/8.10.2/transforms/81e4360543fbb01d4f7fb470fa49803d/transformed/ideaIU-2025.3/lib/modules/intellij.idea.customization.backend.jar
7639e56ea000-7639e56ec000 r--s 00000000 fd:01 4392089                    /home/ubuntu/.gradle/caches/8.10.2/transforms/81e4360543fbb01d4f7fb470fa49803d/transformed/ideaIU-2025.3/lib/modules/intellij.grid.jar
7639e56ec000-7639e5760000 r--s 00000000 fd:01 4392007                    /home/ubuntu/.gradle/caches/8.10.2/transforms/81e4360543fbb01d4f7fb470fa49803d/transformed/ideaIU-2025.3/lib/platform-loader.jar
7639e5760000-7639e5761000 ---p 00000000 00:00 0 
7639e5761000-7639e5861000 rw-p 00000000 00:00 0 
7639e5861000-7639e5862000 ---p 00000000 00:00 0 
7639e5862000-7639e5962000 rw-p 00000000 00:00 0 
7639e5a7c000-7639e5afd000 rw-p 00000000 00:00 0 
7639e5afd000-7639e5afe000 ---p 00000000 00:00 0 
7639e5afe000-7639e5bfe000 rw-p 00000000 00:00 0 
7639e5bfe000-7639e5bff000 ---p 00000000 00:00 0 
7639e5bff000-7639e5cff000 rw-p 00000000 00:00 0 
7639e5cff000-7639e7e00000 rw-p 00000000 00:00 0 
7639e7e00000-7639e8070000 rwxp 00000000 00:00 0 
7639e8070000-7639f7b38000 ---p 00000000 00:00 0 
7639f7b38000-7639f7da8000 rwxp 00000000 00:00 0 
7639f7da8000-7639f80c7000 ---p 00000000 00:00 0 
7639f80c7000-7639f8337000 rwxp 00000000 00:00 0 
7639f8337000-763a07e00000 ---p 00000000 00:00 0 
763a0be92000-763a0be96000 r--s 00000000 fd:01 2850846                    /home/ubuntu/.gradle/caches/modules-2/files-2.1/org.opentest4j/opentest4j/1.3.0/152ea56b3a72f655d4fd677fc0ef2596c3dd5e6e/opentest4j-1.3.0.jar
763a0be96000-763a0be98000 r--s 00000000 fd:01 2850848                    /home/ubuntu/.gradle/caches/modules-2/files-2.1/org.junit.jupiter/junit-jupiter/5.10.2/831c0b86ddc2ce38391c5b81ea662b0cfdc02cce/junit-jupiter-5.10.2.jar
763a0be98000-763a0be9a000 r--s 00000000 fd:01 4391935                    /home/ubuntu/.gradle/caches/8.10.2/transforms/81e4360543fbb01d4f7fb470fa49803d/transformed/ideaIU-2025.3/lib/module-intellij.libraries.kotlinx.coroutines.slf4j.jar
763a0be9a000-763a0bea8000 r--s 00000000 fd:01 4395087                    /home/ubuntu/repos/minecraft-lua-map-maker/ide-plugin/build/idea-sandbox/IU-2025.3/plugins-test/luamap-idea-plugin/lib/luamap-idea-plugin-0.1.2.jar
763a0bea8000-763a0beff000 r--p 00000000 fd:01 6137                       /usr/lib/locale/C.utf8/LC_CTYPE
763a0beff000-763a0c000000 rw-p 00000000 00:00 0 
763a0c000000-763a0c324000 rw-p 00000000 00:00 0 
763a0c324000-763a10000000 ---p 00000000 00:00 0 
763a10000000-763a10001000 r--s 00000000 fd:01 4391944                    /home/ubuntu/.gradle/caches/8.10.2/transforms/81e4360543fbb01d4f7fb470fa49803d/transformed/ideaIU-2025.3/lib/module-intellij.xml.structureView.jar
763a10001000-763a10007000 r--s 00000000 fd:01 4392027                    /home/ubuntu/.gradle/caches/8.10.2/transforms/81e4360543fbb01d4f7fb470fa49803d/transformed/ideaIU-2025.3/lib/externalProcess-rt.jar
763a10007000-763a1000a000 r--p 00000000 fd:01 4393158                    /home/ubuntu/.gradle/caches/8.10.2/transforms/81e4360543fbb01d4f7fb470fa49803d/transformed/ideaIU-2025.3/jbr/lib/libnet.so
763a1000a000-763a10012000 r-xp 00003000 fd:01 4393158                    /home/ubuntu/.gradle/caches/8.10.2/transforms/81e4360543fbb01d4f7fb470fa49803d/transformed/ideaIU-2025.3/jbr/lib/libnet.so
763a10012000-763a10014000 r--p 0000b000 fd:01 4393158                    /home/ubuntu/.gradle/caches/8.10.2/transforms/81e4360543fbb01d4f7fb470fa49803d/transformed/ideaIU-2025.3/jbr/lib/libnet.so
763a10014000-763a10015000 ---p 0000d000 fd:01 4393158                    /home/ubuntu/.gradle/caches/8.10.2/transforms/81e4360543fbb01d4f7fb470fa49803d/transformed/ideaIU-2025.3/jbr/lib/libnet.so
763a10015000-763a10016000 r--p 0000d000 fd:01 4393158                    /home/ubuntu/.gradle/caches/8.10.2/transforms/81e4360543fbb01d4f7fb470fa49803d/transformed/ideaIU-2025.3/jbr/lib/libnet.so
763a10016000-763a10678000 rw-p 00000000 00:00 0 
763a10678000-763a10679000 ---p 00000000 00:00 0 
763a10679000-763a10779000 rw-p 00000000 00:00 0 
763a10779000-763a1077a000 ---p 00000000 00:00 0 
763a1077a000-763a1087a000 rw-p 00000000 00:00 0 
763a1087a000-763a1087b000 ---p 00000000 00:00 0 
763a1087b000-763a1097b000 rw-p 00000000 00:00 0 
763a1097b000-763a10db4000 rw-p 00000000 00:00 0 
763a10db4000-763a129f4000 ---p 00000000 00:00 0 
763a129f4000-763a129fc000 rw-p 00000000 00:00 0 
763a129fc000-763a12a77000 rw-p 00000000 00:00 0 
763a12a77000-763a12dfe000 ---p 00000000 00:00 0 
763a12dfe000-763a12e77000 rw-p 00000000 00:00 0 
763a12e77000-763a131fe000 ---p 00000000 00:00 0 
763a131fe000-763a13200000 rw-p 00000000 00:00 0 
763a13200000-763a13201000 r--s 00000000 fd:01 4392004                    /home/ubuntu/.gradle/caches/8.10.2/transforms/81e4360543fbb01d4f7fb470fa49803d/transformed/ideaIU-2025.3/lib/module-intellij.libraries.rhino.jar
763a13201000-763a13202000 r--s 00000000 fd:01 4391957                    /home/ubuntu/.gradle/caches/8.10.2/transforms/81e4360543fbb01d4f7fb470fa49803d/transformed/ideaIU-2025.3/lib/module-intellij.libraries.jcip.jar
763a13202000-763a13203000 r--s 00000000 fd:01 4391938                    /home/ubuntu/.gradle/caches/8.10.2/transforms/81e4360543fbb01d4f7fb470fa49803d/transformed/ideaIU-2025.3/lib/module-intellij.libraries.jbr.jar
763a13203000-763a13204000 r--s 00000000 fd:01 4391965                    /home/ubuntu/.gradle/caches/8.10.2/transforms/81e4360543fbb01d4f7fb470fa49803d/transformed/ideaIU-2025.3/lib/module-intellij.libraries.javax.annotation.jar
763a13204000-763a1320b000 r--p 00000000 fd:01 4393099                    /home/ubuntu/.gradle/caches/8.10.2/transforms/81e4360543fbb01d4f7fb470fa49803d/transformed/ideaIU-2025.3/jbr/lib/libnio.so
763a1320b000-763a13214000 r-xp 00007000 fd:01 4393099                    /home/ubuntu/.gradle/caches/8.10.2/transforms/81e4360543fbb01d4f7fb470fa49803d/transformed/ideaIU-2025.3/jbr/lib/libnio.so
763a13214000-763a13218000 r--p 00010000 fd:01 4393099                    /home/ubuntu/.gradle/caches/8.10.2/transforms/81e4360543fbb01d4f7fb470fa49803d/transformed/ideaIU-2025.3/jbr/lib/libnio.so
763a13218000-763a13219000 ---p 00014000 fd:01 4393099                    /home/ubuntu/.gradle/caches/8.10.2/transforms/81e4360543fbb01d4f7fb470fa49803d/transformed/ideaIU-2025.3/jbr/lib/libnio.so
763a13219000-763a1321a000 r--p 00014000 fd:01 4393099                    /home/ubuntu/.gradle/caches/8.10.2/transforms/81e4360543fbb01d4f7fb470fa49803d/transformed/ideaIU-2025.3/jbr/lib/libnio.so
763a1321a000-763a1321b000 rw-p 00015000 fd:01 4393099                    /home/ubuntu/.gradle/caches/8.10.2/transforms/81e4360543fbb01d4f7fb470fa49803d/transformed/ideaIU-2025.3/jbr/lib/libnio.so
763a1321b000-763a13a28000 rw-p 00000000 00:00 0 
763a13a28000-763a13c1e000 ---p 00000000 00:00 0 
763a13c1e000-763a13c23000 rw-p 00000000 00:00 0 
763a13c23000-763a13e19000 ---p 00000000 00:00 0 
763a13e19000-763a13e1d000 ---p 00000000 00:00 0 
763a13e1d000-763a13f19000 rw-p 00000000 00:00 0 
763a13f19000-763a13f27000 r--p 00000000 fd:01 4981                       /usr/lib/x86_64-linux-gnu/libm.so.6
763a13f27000-763a13fa3000 r-xp 0000e000 fd:01 4981                       /usr/lib/x86_64-linux-gnu/libm.so.6
763a13fa3000-763a13ffe000 r--p 0008a000 fd:01 4981                       /usr/lib/x86_64-linux-gnu/libm.so.6
763a13ffe000-763a13fff000 r--p 000e4000 fd:01 4981                       /usr/lib/x86_64-linux-gnu/libm.so.6
763a13fff000-763a14000000 rw-p 000e5000 fd:01 4981                       /usr/lib/x86_64-linux-gnu/libm.so.6
763a14000000-763a142a4000 r--p 00000000 fd:01 4393179                    /home/ubuntu/.gradle/caches/8.10.2/transforms/81e4360543fbb01d4f7fb470fa49803d/transformed/ideaIU-2025.3/jbr/lib/server/libjvm.so
763a142a4000-763a1511e000 r-xp 002a4000 fd:01 4393179                    /home/ubuntu/.gradle/caches/8.10.2/transforms/81e4360543fbb01d4f7fb470fa49803d/transformed/ideaIU-2025.3/jbr/lib/server/libjvm.so
763a1511e000-763a15405000 r--p 0111e000 fd:01 4393179                    /home/ubuntu/.gradle/caches/8.10.2/transforms/81e4360543fbb01d4f7fb470fa49803d/transformed/ideaIU-2025.3/jbr/lib/server/libjvm.so
763a15405000-763a154da000 r--p 01404000 fd:01 4393179                    /home/ubuntu/.gradle/caches/8.10.2/transforms/81e4360543fbb01d4f7fb470fa49803d/transformed/ideaIU-2025.3/jbr/lib/server/libjvm.so
763a154da000-763a1550a000 rw-p 014d9000 fd:01 4393179                    /home/ubuntu/.gradle/caches/8.10.2/transforms/81e4360543fbb01d4f7fb470fa49803d/transformed/ideaIU-2025.3/jbr/lib/server/libjvm.so
763a1550a000-763a15580000 rw-p 00000000 00:00 0 
763a15580000-763a15581000 r--s 00000000 fd:01 4392019                    /home/ubuntu/.gradle/caches/8.10.2/transforms/81e4360543fbb01d4f7fb470fa49803d/transformed/ideaIU-2025.3/lib/module-intellij.libraries.ion.jar
763a15581000-763a1558c000 r--s 00000000 fd:01 3097645                    /home/ubuntu/.gradle/caches/8.10.2/workerMain/gradle-worker.jar
763a1558c000-763a1558d000 r--p 00000000 fd:01 6142                       /usr/lib/locale/C.utf8/LC_NUMERIC
763a1558d000-763a1558e000 r--p 00000000 fd:01 6145                       /usr/lib/locale/C.utf8/LC_TIME
763a1558e000-763a1558f000 r--p 00000000 fd:01 6136                       /usr/lib/locale/C.utf8/LC_COLLATE
763a1558f000-763a15590000 r--p 00000000 fd:01 6140                       /usr/lib/locale/C.utf8/LC_MONETARY
763a15590000-763a15591000 r--p 00000000 fd:01 6134                       /usr/lib/locale/C.utf8/LC_MESSAGES/SYS_LC_MESSAGES
763a15591000-763a15592000 r--p 00000000 fd:01 6143                       /usr/lib/locale/C.utf8/LC_PAPER
763a15592000-763a15593000 r--p 00000000 fd:01 6141                       /usr/lib/locale/C.utf8/LC_NAME
763a15593000-763a15594000 r--p 00000000 fd:01 6135                       /usr/lib/locale/C.utf8/LC_ADDRESS
763a15594000-763a1559b000 r--s 00000000 fd:01 3856                       /usr/lib/x86_64-linux-gnu/gconv/gconv-modules.cache
763a1559b000-763a155dc000 rw-p 00000000 00:00 0 
763a155dc000-763a155e9000 r--p 00000000 fd:01 4393192                    /home/ubuntu/.gradle/caches/8.10.2/transforms/81e4360543fbb01d4f7fb470fa49803d/transformed/ideaIU-2025.3/jbr/lib/libjava.so
763a155e9000-763a155f7000 r-xp 0000d000 fd:01 4393192                    /home/ubuntu/.gradle/caches/8.10.2/transforms/81e4360543fbb01d4f7fb470fa49803d/transformed/ideaIU-2025.3/jbr/lib/libjava.so
763a155f7000-763a155fc000 r--p 0001b000 fd:01 4393192                    /home/ubuntu/.gradle/caches/8.10.2/transforms/81e4360543fbb01d4f7fb470fa49803d/transformed/ideaIU-2025.3/jbr/lib/libjava.so
763a155fc000-763a155fd000 ---p 00020000 fd:01 4393192                    /home/ubuntu/.gradle/caches/8.10.2/transforms/81e4360543fbb01d4f7fb470fa49803d/transformed/ideaIU-2025.3/jbr/lib/libjava.so
763a155fd000-763a155fe000 r--p 00020000 fd:01 4393192                    /home/ubuntu/.gradle/caches/8.10.2/transforms/81e4360543fbb01d4f7fb470fa49803d/transformed/ideaIU-2025.3/jbr/lib/libjava.so
763a155fe000-763a155ff000 rw-p 00021000 fd:01 4393192                    /home/ubuntu/.gradle/caches/8.10.2/transforms/81e4360543fbb01d4f7fb470fa49803d/transformed/ideaIU-2025.3/jbr/lib/libjava.so
763a155ff000-763a15600000 rw-p 00000000 00:00 0 
763a15600000-763a15628000 r--p 00000000 fd:01 4978                       /usr/lib/x86_64-linux-gnu/libc.so.6
763a15628000-763a157bd000 r-xp 00028000 fd:01 4978                       /usr/lib/x86_64-linux-gnu/libc.so.6
763a157bd000-763a15815000 r--p 001bd000 fd:01 4978                       /usr/lib/x86_64-linux-gnu/libc.so.6
763a15815000-763a15816000 ---p 00215000 fd:01 4978                       /usr/lib/x86_64-linux-gnu/libc.so.6
763a15816000-763a1581a000 r--p 00215000 fd:01 4978                       /usr/lib/x86_64-linux-gnu/libc.so.6
763a1581a000-763a1581c000 rw-p 00219000 fd:01 4978                       /usr/lib/x86_64-linux-gnu/libc.so.6
763a1581c000-763a15829000 rw-p 00000000 00:00 0 
763a15829000-763a1582a000 r--p 00000000 fd:01 6144                       /usr/lib/locale/C.utf8/LC_TELEPHONE
763a1582a000-763a1582f000 rw-p 00000000 00:00 0 
763a1582f000-763a15836000 ---p 00000000 00:00 0 
763a15836000-763a15839000 r--s 00027000 fd:01 4391991                    /home/ubuntu/.gradle/caches/8.10.2/transforms/81e4360543fbb01d4f7fb470fa49803d/transformed/ideaIU-2025.3/lib/nio-fs.jar
763a15839000-763a1583b000 r--p 00000000 fd:01 4393095                    /home/ubuntu/.gradle/caches/8.10.2/transforms/81e4360543fbb01d4f7fb470fa49803d/transformed/ideaIU-2025.3/jbr/lib/libzip.so
763a1583b000-763a1583f000 r-xp 00002000 fd:01 4393095                    /home/ubuntu/.gradle/caches/8.10.2/transforms/81e4360543fbb01d4f7fb470fa49803d/transformed/ideaIU-2025.3/jbr/lib/libzip.so
763a1583f000-763a15841000 r--p 00006000 fd:01 4393095                    /home/ubuntu/.gradle/caches/8.10.2/transforms/81e4360543fbb01d4f7fb470fa49803d/transformed/ideaIU-2025.3/jbr/lib/libzip.so
763a15841000-763a15842000 r--p 00007000 fd:01 4393095                    /home/ubuntu/.gradle/caches/8.10.2/transforms/81e4360543fbb01d4f7fb470fa49803d/transformed/ideaIU-2025.3/jbr/lib/libzip.so
763a15842000-763a15843000 rw-p 00000000 00:00 0 
763a15843000-763a1584b000 rw-s 00000000 fd:01 2850748                    /tmp/hsperfdata_ubuntu/60617 (deleted)
763a1584b000-763a15872000 rw-p 00000000 00:00 0 
763a15872000-763a15875000 r--p 00000000 fd:01 4393162                    /home/ubuntu/.gradle/caches/8.10.2/transforms/81e4360543fbb01d4f7fb470fa49803d/transformed/ideaIU-2025.3/jbr/lib/libjimage.so
763a15875000-763a15889000 r-xp 00003000 fd:01 4393162                    /home/ubuntu/.gradle/caches/8.10.2/transforms/81e4360543fbb01d4f7fb470fa49803d/transformed/ideaIU-2025.3/jbr/lib/libjimage.so
763a15889000-763a1588f000 r--p 00017000 fd:01 4393162                    /home/ubuntu/.gradle/caches/8.10.2/transforms/81e4360543fbb01d4f7fb470fa49803d/transformed/ideaIU-2025.3/jbr/lib/libjimage.so
763a1588f000-763a15890000 ---p 0001d000 fd:01 4393162                    /home/ubuntu/.gradle/caches/8.10.2/transforms/81e4360543fbb01d4f7fb470fa49803d/transformed/ideaIU-2025.3/jbr/lib/libjimage.so
763a15890000-763a15892000 r--p 0001d000 fd:01 4393162                    /home/ubuntu/.gradle/caches/8.10.2/transforms/81e4360543fbb01d4f7fb470fa49803d/transformed/ideaIU-2025.3/jbr/lib/libjimage.so
763a15892000-763a15893000 rw-p 0001f000 fd:01 4393162                    /home/ubuntu/.gradle/caches/8.10.2/transforms/81e4360543fbb01d4f7fb470fa49803d/transformed/ideaIU-2025.3/jbr/lib/libjimage.so
763a15893000-763a158ba000 rw-p 00000000 00:00 0 
763a158ba000-763a158bb000 r--p 00000000 fd:01 4992                       /usr/lib/x86_64-linux-gnu/librt.so.1
763a158bb000-763a158bc000 r-xp 00001000 fd:01 4992                       /usr/lib/x86_64-linux-gnu/librt.so.1
763a158bc000-763a158bd000 r--p 00002000 fd:01 4992                       /usr/lib/x86_64-linux-gnu/librt.so.1
763a158bd000-763a158be000 r--p 00002000 fd:01 4992                       /usr/lib/x86_64-linux-gnu/librt.so.1
763a158be000-763a158bf000 rw-p 00003000 fd:01 4992                       /usr/lib/x86_64-linux-gnu/librt.so.1
763a158bf000-763a158eb000 rw-p 00000000 00:00 0 
763a158eb000-763a158ec000 r--p 00000000 fd:01 4980                       /usr/lib/x86_64-linux-gnu/libdl.so.2
763a158ec000-763a158ed000 r-xp 00001000 fd:01 4980                       /usr/lib/x86_64-linux-gnu/libdl.so.2
763a158ed000-763a158ee000 r--p 00002000 fd:01 4980                       /usr/lib/x86_64-linux-gnu/libdl.so.2
763a158ee000-763a158ef000 r--p 00002000 fd:01 4980                       /usr/lib/x86_64-linux-gnu/libdl.so.2
763a158ef000-763a158f0000 rw-p 00003000 fd:01 4980                       /usr/lib/x86_64-linux-gnu/libdl.so.2
763a158f0000-763a158f1000 r--p 00000000 fd:01 4990                       /usr/lib/x86_64-linux-gnu/libpthread.so.0
763a158f1000-763a158f2000 r-xp 00001000 fd:01 4990                       /usr/lib/x86_64-linux-gnu/libpthread.so.0
763a158f2000-763a158f3000 r--p 00002000 fd:01 4990                       /usr/lib/x86_64-linux-gnu/libpthread.so.0
763a158f3000-763a158f4000 r--p 00002000 fd:01 4990                       /usr/lib/x86_64-linux-gnu/libpthread.so.0
763a158f4000-763a158f5000 rw-p 00003000 fd:01 4990                       /usr/lib/x86_64-linux-gnu/libpthread.so.0
763a158f5000-763a158f7000 r--p 00000000 fd:01 4393092                    /home/ubuntu/.gradle/caches/8.10.2/transforms/81e4360543fbb01d4f7fb470fa49803d/transformed/ideaIU-2025.3/jbr/lib/libjli.so
763a158f7000-763a15901000 r-xp 00002000 fd:01 4393092                    /home/ubuntu/.gradle/caches/8.10.2/transforms/81e4360543fbb01d4f7fb470fa49803d/transformed/ideaIU-2025.3/jbr/lib/libjli.so
763a15901000-763a15904000 r--p 0000c000 fd:01 4393092                    /home/ubuntu/.gradle/caches/8.10.2/transforms/81e4360543fbb01d4f7fb470fa49803d/transformed/ideaIU-2025.3/jbr/lib/libjli.so
763a15904000-763a15905000 ---p 0000f000 fd:01 4393092                    /home/ubuntu/.gradle/caches/8.10.2/transforms/81e4360543fbb01d4f7fb470fa49803d/transformed/ideaIU-2025.3/jbr/lib/libjli.so
763a15905000-763a15906000 r--p 0000f000 fd:01 4393092                    /home/ubuntu/.gradle/caches/8.10.2/transforms/81e4360543fbb01d4f7fb470fa49803d/transformed/ideaIU-2025.3/jbr/lib/libjli.so
763a15906000-763a15907000 rw-p 00010000 fd:01 4393092                    /home/ubuntu/.gradle/caches/8.10.2/transforms/81e4360543fbb01d4f7fb470fa49803d/transformed/ideaIU-2025.3/jbr/lib/libjli.so
763a15907000-763a15909000 r--p 00000000 fd:01 3863                       /usr/lib/x86_64-linux-gnu/libz.so.1.2.11
763a15909000-763a1591a000 r-xp 00002000 fd:01 3863                       /usr/lib/x86_64-linux-gnu/libz.so.1.2.11
763a1591a000-763a15920000 r--p 00013000 fd:01 3863                       /usr/lib/x86_64-linux-gnu/libz.so.1.2.11
763a15920000-763a15921000 ---p 00019000 fd:01 3863                       /usr/lib/x86_64-linux-gnu/libz.so.1.2.11
763a15921000-763a15922000 r--p 00019000 fd:01 3863                       /usr/lib/x86_64-linux-gnu/libz.so.1.2.11
763a15922000-763a15923000 rw-p 0001a000 fd:01 3863                       /usr/lib/x86_64-linux-gnu/libz.so.1.2.11
763a15923000-763a15924000 r--p 00000000 fd:01 6139                       /usr/lib/locale/C.utf8/LC_MEASUREMENT
763a15924000-763a15925000 r--p 00000000 fd:01 6138                       /usr/lib/locale/C.utf8/LC_IDENTIFICATION
763a15925000-763a15927000 r--p 00000000 fd:01 4393146                    /home/ubuntu/.gradle/caches/8.10.2/transforms/81e4360543fbb01d4f7fb470fa49803d/transformed/ideaIU-2025.3/jbr/lib/libinstrument.so
763a15927000-763a1592d000 r-xp 00002000 fd:01 4393146                    /home/ubuntu/.gradle/caches/8.10.2/transforms/81e4360543fbb01d4f7fb470fa49803d/transformed/ideaIU-2025.3/jbr/lib/libinstrument.so
763a1592d000-763a15930000 r--p 00008000 fd:01 4393146                    /home/ubuntu/.gradle/caches/8.10.2/transforms/81e4360543fbb01d4f7fb470fa49803d/transformed/ideaIU-2025.3/jbr/lib/libinstrument.so
763a15930000-763a15931000 r--p 0000a000 fd:01 4393146                    /home/ubuntu/.gradle/caches/8.10.2/transforms/81e4360543fbb01d4f7fb470fa49803d/transformed/ideaIU-2025.3/jbr/lib/libinstrument.so
763a15931000-763a15932000 rw-p 0000b000 fd:01 4393146                    /home/ubuntu/.gradle/caches/8.10.2/transforms/81e4360543fbb01d4f7fb470fa49803d/transformed/ideaIU-2025.3/jbr/lib/libinstrument.so
763a15932000-763a15933000 ---p 00000000 00:00 0 
763a15933000-763a15934000 r--p 00000000 00:00 0 
763a15934000-763a15936000 rw-p 00000000 00:00 0 
763a15936000-763a15938000 r--p 00000000 fd:01 4972                       /usr/lib/x86_64-linux-gnu/ld-linux-x86-64.so.2
763a15938000-763a15962000 r-xp 00002000 fd:01 4972                       /usr/lib/x86_64-linux-gnu/ld-linux-x86-64.so.2
763a15962000-763a1596d000 r--p 0002c000 fd:01 4972                       /usr/lib/x86_64-linux-gnu/ld-linux-x86-64.so.2
763a1596d000-763a1596e000 ---p 00000000 00:00 0 
763a1596e000-763a15970000 r--p 00037000 fd:01 4972                       /usr/lib/x86_64-linux-gnu/ld-linux-x86-64.so.2
763a15970000-763a15972000 rw-p 00039000 fd:01 4972                       /usr/lib/x86_64-linux-gnu/ld-linux-x86-64.so.2
7fffc2ef2000-7fffc2f14000 rw-p 00000000 00:00 0                          [stack]
7fffc2f2d000-7fffc2f31000 r--p 00000000 00:00 0                          [vvar]
7fffc2f31000-7fffc2f33000 r-xp 00000000 00:00 0                          [vdso]
ffffffffff600000-ffffffffff601000 --xp 00000000 00:00 0                  [vsyscall]
Total number of mappings: 1228

JVMTI agents:
/home/ubuntu/repos/minecraft-lua-map-maker/ide-plugin/build/coroutines-javaagent.jar path:none, loaded, not initialized, instrumentlib options:none


VM Arguments:
jvm_args: -Daether.connector.resumeDownloads=false -Dawt.lock.fair=true -Dcompose.swing.render.on.graphics=true -Didea.classpath.index.enabled=false -Didea.config.path=/home/ubuntu/repos/minecraft-lua-map-maker/ide-plugin/build/idea-sandbox/IU-2025.3/config-test -Didea.force.use.core.classloader=true -Didea.log.path=/home/ubuntu/repos/minecraft-lua-map-maker/ide-plugin/build/idea-sandbox/IU-2025.3/log-test -Didea.paths.selector=IntelliJIdea2025.3 -Didea.plugins.path=/home/ubuntu/repos/minecraft-lua-map-maker/ide-plugin/build/idea-sandbox/IU-2025.3/plugins-test -Didea.system.path=/home/ubuntu/repos/minecraft-lua-map-maker/ide-plugin/build/idea-sandbox/IU-2025.3/system-test -Didea.use.core.classloader.for.plugin.path=true -Didea.vendor.name=JetBrains -Dintellij.platform.runtime.repository.path=/home/ubuntu/.gradle/caches/8.10.2/transforms/81e4360543fbb01d4f7fb470fa49803d/transformed/ideaIU-2025.3/modules/module-descriptors.dat -Dintellij.testFramework.rethrow.logged.errors=true -Dio.netty.allocator.type=pooled -Djava.nio.file.spi.DefaultFileSystemProvider=com.intellij.platform.core.nio.fs.MultiRoutingFileSystemProvider -Djava.system.class.loader=com.intellij.util.lang.PathClassLoader -Djava.util.zip.use.nio.for.zip.file.access=true -Djbr.catch.SIGABRT=true -Djdk.attach.allowAttachSelf=true -Djdk.http.auth.tunneling.disabledSchemes="" -Djdk.module.illegalAccess.silent=true -Djdk.nio.maxCachedBufferSize=2097152 -Djna.boot.library.path=/home/ubuntu/.gradle/caches/8.10.2/transforms/81e4360543fbb01d4f7fb470fa49803d/transformed/ideaIU-2025.3/lib/jna/amd64 -Djna.noclasspath=true -Djna.nosys=true -Dorg.gradle.internal.worker.tmpdir=/home/ubuntu/repos/minecraft-lua-map-maker/ide-plugin/build/tmp/test/work -Dplugin.path=/home/ubuntu/repos/minecraft-lua-map-maker/ide-plugin/build/idea-sandbox/IU-2025.3/plugins-test/luamap-idea-plugin -Dpty4j.preferred.native.folder=/home/ubuntu/.gradle/caches/8.10.2/transforms/81e4360543fbb01d4f7fb470fa49803d/transformed/ideaIU-2025.3/lib/pty4j -Dsplash=true -Dsun.io.useCanonCaches=false -Dsun.java2d.metal=true -Dsun.tools.attach.tmp.only=true -XX:JbrShrinkingGcMaxHeapFreeRatio=40 -XX:ReservedCodeCacheSize=512m -XX:+HeapDumpOnOutOfMemoryError -XX:-OmitStackTraceInFastThrow -XX:CICompilerCount=2 -XX:+IgnoreUnrecognizedVMOptions -XX:+UnlockDiagnosticVMOptions -XX:TieredOldPercentage=100000 -javaagent:/home/ubuntu/repos/minecraft-lua-map-maker/ide-plugin/build/coroutines-javaagent.jar -Xbootclasspath/a:/home/ubuntu/.gradle/caches/8.10.2/transforms/81e4360543fbb01d4f7fb470fa49803d/transformed/ideaIU-2025.3/lib/nio-fs.jar --add-opens=java.base/java.io=ALL-UNNAMED --add-opens=java.base/java.lang=ALL-UNNAMED --add-opens=java.base/java.lang.ref=ALL-UNNAMED --add-opens=java.base/java.lang.reflect=ALL-UNNAMED --add-opens=java.base/java.net=ALL-UNNAMED --add-opens=java.base/java.nio=ALL-UNNAMED --add-opens=java.base/java.nio.charset=ALL-UNNAMED --add-opens=java.base/java.text=ALL-UNNAMED --add-opens=java.base/java.time=ALL-UNNAMED --add-opens=java.base/java.util=ALL-UNNAMED --add-opens=java.base/java.util.concurrent=ALL-UNNAMED --add-opens=java.base/java.util.concurrent.atomic=ALL-UNNAMED --add-opens=java.base/java.util.concurrent.locks=ALL-UNNAMED --add-opens=java.base/jdk.internal.ref=ALL-UNNAMED --add-opens=java.base/jdk.internal.vm=ALL-UNNAMED --add-opens=java.base/sun.net.dns=ALL-UNNAMED --add-opens=java.base/sun.nio=ALL-UNNAMED --add-opens=java.base/sun.nio.ch=ALL-UNNAMED --add-opens=java.base/sun.nio.fs=ALL-UNNAMED --add-opens=java.base/sun.security.ssl=ALL-UNNAMED --add-opens=java.base/sun.security.util=ALL-UNNAMED --add-opens=java.desktop/com.sun.java.swing=ALL-UNNAMED --add-opens=java.desktop/com.sun.java.swing.plaf.gtk=ALL-UNNAMED --add-opens=java.desktop/java.awt=ALL-UNNAMED --add-opens=java.desktop/java.awt.dnd.peer=ALL-UNNAMED --add-opens=java.desktop/java.awt.event=ALL-UNNAMED --add-opens=java.desktop/java.awt.font=ALL-UNNAMED --add-opens=java.desktop/java.awt.image=ALL-UNNAMED --add-opens=java.desktop/java.awt.peer=ALL-UNNAMED --add-opens=java.desktop/javax.swing=ALL-UNNAMED --add-opens=java.desktop/javax.swing.plaf.basic=ALL-UNNAMED --add-opens=java.desktop/javax.swing.text=ALL-UNNAMED --add-opens=java.desktop/javax.swing.text.html=ALL-UNNAMED --add-opens=java.desktop/javax.swing.text.html.parser=ALL-UNNAMED --add-opens=java.desktop/sun.awt=ALL-UNNAMED --add-opens=java.desktop/sun.awt.X11=ALL-UNNAMED --add-opens=java.desktop/sun.awt.datatransfer=ALL-UNNAMED --add-opens=java.desktop/sun.awt.image=ALL-UNNAMED --add-opens=java.desktop/sun.font=ALL-UNNAMED --add-opens=java.desktop/sun.java2d=ALL-UNNAMED --add-opens=java.desktop/sun.swing=ALL-UNNAMED --add-opens=java.management/sun.management=ALL-UNNAMED --add-opens=jdk.attach/sun.tools.attach=ALL-UNNAMED --add-opens=jdk.compiler/com.sun.tools.javac.api=ALL-UNNAMED --add-opens=jdk.internal.jvmstat/sun.jvmstat.monitor=ALL-UNNAMED --add-opens=jdk.jdi/com.sun.tools.jdi=ALL-UNNAMED -Xms128m -Xmx2048m -Dfile.encoding=UTF-8 -Duser.country -Duser.language=en -Duser.variant -ea -Dawt.toolkit.name=XToolkit 
java_command: worker.org.gradle.process.internal.worker.GradleWorkerMain 'Gradle Test Executor 44'
java_class_path (initial): /home/ubuntu/.gradle/caches/8.10.2/workerMain/gradle-worker.jar:/home/ubuntu/repos/minecraft-lua-map-maker/ide-plugin/build/instrumented/instrumentTestCode:/home/ubuntu/repos/minecraft-lua-map-maker/ide-plugin/build/idea-sandbox/IU-2025.3/plugins-test/luamap-idea-plugin/lib/luamap-idea-plugin-0.1.2.jar:/home/ubuntu/repos/minecraft-lua-map-maker/ide-plugin/build/classes/java/test:/home/ubuntu/repos/minecraft-lua-map-maker/ide-plugin/build/resources/test:/home/ubuntu/.gradle/caches/8.10.2/transforms/81e4360543fbb01d4f7fb470fa49803d/transformed/ideaIU-2025.3/lib/platform-loader.jar:/home/ubuntu/.gradle/caches/8.10.2/transforms/81e4360543fbb01d4f7fb470fa49803d/transformed/ideaIU-2025.3/lib/util-8.jar:/home/ubuntu/.gradle/caches/8.10.2/transforms/81e4360543fbb01d4f7fb470fa49803d/transformed/ideaIU-2025.3/lib/app.jar:/home/ubuntu/.gradle/caches/8.10.2/transforms/81e4360543fbb01d4f7fb470fa49803d/transformed/ideaIU-2025.3/lib/util.jar:/home/ubuntu/.gradle/caches/8.10.2/transforms/81e4360543fbb01d4f7fb470fa49803d/transformed/ideaIU-2025.3/lib/product-backend.jar:/home/ubuntu/.gradle/caches/8.10.2/transforms/81e4360543fbb01d4f7fb470fa49803d/transformed/ideaIU-2025.3/lib/app-backend.jar:/home/ubuntu/.gradle/caches/8.10.2/transforms/81e4360543fbb01d4f7fb470fa49803d/transformed/ideaIU-2025.3/lib/annotations.jar:/home/ubuntu/.gradle/caches/8.10.2/transforms/81e4360543fbb01d4f7fb470fa49803d/transformed/ideaIU-2025.3/lib/eclipse.lsp4j.debug.jar:/home/ubuntu/.gradle/caches/8.10.2/transforms/81e4360543fbb01d4f7fb470fa49803d/transformed/ideaIU-2025.3/lib/eclipse.lsp4j.jar:/home/ubuntu/.gradle/caches/8.10.2/transforms/81e4360543fbb01d4f7fb470fa49803d/transformed/ideaIU-2025.3/lib/eclipse.lsp4j.jsonrpc.debug.jar:/home/ubuntu/.gradle/caches/8.10.2/transforms/81e4360543fbb01d4f7fb470fa49803d/transformed/ideaIU-2025.3/lib/eclipse.lsp4j.jsonrpc.jar:/home/ubuntu/.gradle/caches/8.10.2/transforms/81e4360543fbb01d4f7fb470fa49803d/transformed/ideaIU-2025.3/lib/external-system-rt.jar:/home/ubuntu/.gradle/caches/8.10.2/transforms/81e4360543fbb01d4f7fb470fa49803d/transformed/ideaIU-2025.3/lib/externalProcess-rt.jar:/home/ubuntu/.gradle/caches/8.10.2/transforms/81e4360543fbb01d4f7fb470fa49803d/transformed/ideaIU-2025.3/lib/forms_rt.jar:/home/ubuntu/.gradle/caches/8.10.2/transforms/81e4360543fbb01d4f7fb470fa49803d/transformed/ideaIU-2025.3/lib/groovy.jar:/home/ubuntu/.gradle/caches/8.10.2/transforms/81e4360543fbb01d4f7fb470fa49803d/transformed/ideaIU-2025.3/lib/idea_rt.jar:/home/ubuntu/.gradle/caches/8.10.2/transforms/81e4360543fbb01d4f7fb470fa49803d/transformed/ideaIU-2025.3/lib/intellij-test-discovery.jar:/home/ubuntu/.gradle/caches/8.10.2/transforms/81e4360543fbb01d4f7fb470fa49803d/transformed/ideaIU-2025.3/lib/javax.activation.jar:/home/ubuntu/.gradle/caches/8.10.2/transforms/81e4360543fbb01d4f7fb470fa49803d/transformed/ideaIU-2025.3/lib/javax.annotation-api.jar:/home/ubuntu/.gradle/caches/8.10.2/transforms/81e4360543fbb01d4f7fb470fa49803d/transformed/ideaIU-2025.3/lib/jaxb-api.jar:/home/ubuntu/.gradle/caches/8.10.2/transforms/81e4360543fbb01d4f7fb470fa49803d/transformed/ideaIU-2025.3/lib/jaxb-runtime.jar:/home/ubuntu/.gradle/caches/8.10.2/transforms/81e4360543fbb01d4f7fb470fa49803d/transformed/ideaIU-2025.3/lib/jps-model.jar:/home/ubuntu/.gradle/caches/8.10.2/transforms/81e4360543fbb01d4f7fb470fa49803d/transformed/ideaIU-2025.3/lib/jsch-agent.jar:/home/ubuntu/.gradle/caches/8.10.2/transforms/81e4360543fbb01d4f7fb470fa49803d/transformed/ideaIU-2025.3/lib/lib-backend.jar:/home/ubuntu/.gradle/caches/8.10.2/transforms/81e4360543fbb01d4f7fb470fa49803d/transformed/ideaIU-2025.3/lib/lib.jar:/home/ubuntu/.gradle/caches/8.10.2/transforms/81e4360543fbb01d4f7fb470fa49803d/transformed/ideaIU-2025.3/lib/module-intellij.libraries.aalto.xml.jar:/home/ubuntu/.gradle/caches/8.10.2/transforms/81e4360543fbb01d4f7fb470fa49803d/transformed/ideaIU-2025.3/lib/module-intellij.libraries.asm.jar:/home/ubuntu/.gradle/caches/8.10.2/transforms/81e4360543fbb01d4f7fb470fa49803d/transformed/ideaIU-2025.3/lib/module-intellij.libraries.asm.tools.jar:/home/ubuntu/.gradle/caches/8.10.2/transforms/81e4360543fbb01d4f7fb470fa49803d/transformed/ideaIU-2025.3/lib/module-intellij.libraries.automaton.jar:/home/ubuntu/.gradle/caches/8.10.2/transforms/81e4360543fbb01d4f7fb470fa49803d/transformed/ideaIU-2025.3/lib/module-intellij.libraries.blockmap.jar:/home/ubuntu/.gradle/caches/8.10.2/transforms/81e4360543fbb01d4f7fb470fa49803d/transformed/ideaIU-2025.3/lib/module-intellij.libraries.bouncy.castle.pgp.jar:/home/ubuntu/.gradle/caches/8.10.2/transforms/81e4360543fbb01d4f7fb470fa49803d/transformed/ideaIU-2025.3/lib/module-intellij.libraries.bouncy.castle.provider.jar:/home/ubuntu/.gradle/caches/8.10.2/transforms/81e4360543fbb01d4f7fb470fa49803d/transformed/ideaIU-2025.3/lib/module-intellij.libraries.caffeine.jar:/home/ubuntu/.gradle/caches/8.10.2/transforms/81e4360543fbb01d4f7fb470fa49803d/transformed/ideaIU-2025.3/lib/module-intellij.libraries.cglib.jar:/home/ubuntu/.gradle/caches/8.10.2/transforms/81e4360543fbb01d4f7fb470fa49803d/transformed/ideaIU-2025.3/lib/module-intellij.libraries.classgraph.jar:/home/ubuntu/.gradle/caches/8.10.2/transforms/81e4360543fbb01d4f7fb470fa49803d/transformed/ideaIU-2025.3/lib/module-intellij.libraries.cli.parser.jar:/home/ubuntu/.gradle/caches/8.10.2/transforms/81e4360543fbb01d4f7fb470fa49803d/transformed/ideaIU-2025.3/lib/module-intellij.libraries.commons.cli.jar:/home/ubuntu/.gradle/caches/8.10.2/transforms/81e4360543fbb01d4f7fb470fa49803d/transformed/ideaIU-2025.3/lib/module-intellij.libraries.commons.codec.jar:/home/ubuntu/.gradle/caches/8.10.2/transforms/81e4360543fbb01d4f7fb470fa49803d/transformed/ideaIU-2025.3/lib/module-intellij.libraries.commons.compress.jar:/home/ubuntu/.gradle/caches/8.10.2/transforms/81e4360543fbb01d4f7fb470fa49803d/transformed/ideaIU-2025.3/lib/module-intellij.libraries.commons.imaging.jar:/home/ubuntu/.gradle/caches/8.10.2/transforms/81e4360543fbb01d4f7fb470fa49803d/transformed/ideaIU-2025.3/lib/module-intellij.libraries.commons.io.jar:/home/ubuntu/.gradle/caches/8.10.2/transforms/81e4360543fbb01d4f7fb470fa49803d/transformed/ideaIU-2025.3/lib/module-intellij.libraries.commons.lang3.jar:/home/ubuntu/.gradle/caches/8.10.2/transforms/81e4360543fbb01d4f7fb470fa49803d/transformed/ideaIU-2025.3/lib/module-intellij.libraries.commons.logging.jar:/home/ubuntu/.gradle/caches/8.10.2/transforms/81e4360543fbb01d4f7fb470fa49803d/transformed/ideaIU-2025.3/lib/module-intellij.libraries.fastutil.jar:/home/ubuntu/.gradle/caches/8.10.2/transforms/81e4360543fbb01d4f7fb470fa49803d/transformed/ideaIU-2025.3/lib/module-intellij.libraries.gson.jar:/home/ubuntu/.gradle/caches/8.10.2/transforms/81e4360543fbb01d4f7fb470fa49803d/transformed/ideaIU-2025.3/lib/module-intellij.libraries.guava.jar:/home/ubuntu/.gradle/caches/8.10.2/transforms/81e4360543fbb01d4f7fb470fa49803d/transformed/ideaIU-2025.3/lib/module-intellij.libraries.hash4j.jar:/home/ubuntu/.gradle/caches/8.10.2/transforms/81e4360543fbb01d4f7fb470fa49803d/transformed/ideaIU-2025.3/lib/module-intellij.libraries.hdr.histogram.jar:/home/ubuntu/.gradle/caches/8.10.2/transforms/81e4360543fbb01d4f7fb470fa49803d/transformed/ideaIU-2025.3/lib/module-intellij.libraries.http.client.jar:/home/ubuntu/.gradle/caches/8.10.2/transforms/81e4360543fbb01d4f7fb470fa49803d/transformed/ideaIU-2025.3/lib/module-intellij.libraries.icu4j.jar:/home/ubuntu/.gradle/caches/8.10.2/transforms/81e4360543fbb01d4f7fb470fa49803d/transformed/ideaIU-2025.3/lib/module-intellij.libraries.imgscalr.jar:/home/ubuntu/.gradle/caches/8.10.2/transforms/81e4360543fbb01d4f7fb470fa49803d/transformed/ideaIU-2025.3/lib/module-intellij.libraries.ini4j.jar:/home/ubuntu/.gradle/caches/8.10.2/transforms/81e4360543fbb01d4f7fb470fa49803d/transformed/ideaIU-2025.3/lib/module-intellij.libraries.ion.jar:/home/ubuntu/.gradle/caches/8.10.2/transforms/81e4360543fbb01d4f7fb470fa49803d/transformed/ideaIU-2025.3/lib/module-intellij.libraries.jackson.databind.jar:/home/ubuntu/.gradle/caches/8.10.2/transforms/81e4360543fbb01d4f7fb470fa49803d/transformed/ideaIU-2025.3/lib/module-intellij.libraries.jackson.dataformat.yaml.jar:/home/ubuntu/.gradle/caches/8.10.2/transforms/81e4360543fbb01d4f7fb470fa49803d/transformed/ideaIU-2025.3/lib/module-intellij.libraries.jackson.jar:/home/ubuntu/.gradle/caches/8.10.2/transforms/81e4360543fbb01d4f7fb470fa49803d/transformed/ideaIU-2025.3/lib/module-intellij.libraries.jackson.jr.objects.jar:/home/ubuntu/.gradle/caches/8.10.2/transforms/81e4360543fbb01d4f7fb470fa49803d/transformed/ideaIU-2025.3/lib/module-intellij.libraries.jackson.module.kotlin.jar:/home/ubuntu/.gradle/caches/8.10.2/transforms/81e4360543fbb01d4f7fb470fa49803d/transformed/ideaIU-2025.3/lib/module-intellij.libraries.java.websocket.jar:/home/ubuntu/.gradle/caches/8.10.2/transforms/81e4360543fbb01d4f7fb470fa49803d/transformed/ideaIU-2025.3/lib/module-intellij.libraries.javax.annotation.jar:/home/ubuntu/.gradle/caches/8.10.2/transforms/81e4360543fbb01d4f7fb470fa49803d/transformed/ideaIU-2025.3/lib/module-intellij.libraries.jaxen.jar:/home/ubuntu/.gradle/caches/8.10.2/transforms/81e4360543fbb01d4f7fb470fa49803d/transformed/ideaIU-2025.3/lib/module-intellij.libraries.jbr.jar:/home/ubuntu/.gradle/caches/8.10.2/transforms/81e4360543fbb01d4f7fb470fa49803d/transformed/ideaIU-2025.3/lib/module-intellij.libraries.jcef.jar:/home/ubuntu/.gradle/caches/8.10.2/transforms/81e4360543fbb01d4f7fb470fa49803d/transformed/ideaIU-2025.3/lib/module-intellij.libraries.jcip.jar:/home/ubuntu/.gradle/caches/8.10.2/transforms/81e4360543fbb01d4f7fb470fa49803d/transformed/ideaIU-2025.3/lib/module-intellij.libraries.jediterm.core.jar:/home/ubuntu/.gradle/caches/8.10.2/transforms/81e4360543fbb01d4f7fb470fa49803d/transformed/ideaIU-2025.3/lib/module-intellij.libraries.jediterm.ui.jar:/home/ubuntu/.gradle/caches/8.10.2/transforms/81e4360543fbb01d4f7fb470fa49803d/transformed/ideaIU-2025.3/lib/module-intellij.libraries.jettison.jar:/home/ubuntu/.gradle/caches/8.10.2/transforms/81e4360543fbb01d4f7fb470fa49803d/transformed/ideaIU-2025.3/lib/module-intellij.libraries.jsonpath.jar:/home/ubuntu/.gradle/caches/8.10.2/transforms/81e4360543fbb01d4f7fb470fa49803d/transformed/ideaIU-2025.3/lib/module-intellij.libraries.jsoup.jar:/home/ubuntu/.gradle/caches/8.10.2/transforms/81e4360543fbb01d4f7fb470fa49803d/transformed/ideaIU-2025.3/lib/module-intellij.libraries.jsvg.jar:/home/ubuntu/.gradle/caches/8.10.2/transforms/81e4360543fbb01d4f7fb470fa49803d/transformed/ideaIU-2025.3/lib/module-intellij.libraries.jvm.native.trusted.roots.jar:/home/ubuntu/.gradle/caches/8.10.2/transforms/81e4360543fbb01d4f7fb470fa49803d/transformed/ideaIU-2025.3/lib/module-intellij.libraries.jzlib.jar:/home/ubuntu/.gradle/caches/8.10.2/transforms/81e4360543fbb01d4f7fb470fa49803d/transformed/ideaIU-2025.3/lib/module-intellij.libraries.kotlin.reflect.jar:/home/ubuntu/.gradle/caches/8.10.2/transforms/81e4360543fbb01d4f7fb470fa49803d/transformed/ideaIU-2025.3/lib/module-intellij.libraries.kotlinx.collections.immutable.jar:/home/ubuntu/.gradle/caches/8.10.2/transforms/81e4360543fbb01d4f7fb470fa49803d/transformed/ideaIU-2025.3/lib/module-intellij.libraries.kotlinx.coroutines.slf4j.jar:/home/ubuntu/.gradle/caches/8.10.2/transforms/81e4360543fbb01d4f7fb470fa49803d/transformed/ideaIU-2025.3/lib/module-intellij.libraries.kotlinx.datetime.jar:/home/ubuntu/.gradle/caches/8.10.2/transforms/81e4360543fbb01d4f7fb470fa49803d/transformed/ideaIU-2025.3/lib/module-intellij.libraries.kotlinx.html.jar:/home/ubuntu/.gradle/caches/8.10.2/transforms/81e4360543fbb01d4f7fb470fa49803d/transformed/ideaIU-2025.3/lib/module-intellij.libraries.kotlinx.io.jar:/home/ubuntu/.gradle/caches/8.10.2/transforms/81e4360543fbb01d4f7fb470fa49803d/transformed/ideaIU-2025.3/lib/module-intellij.libraries.kotlinx.serialization.core.jar:/home/ubuntu/.gradle/caches/8.10.2/transforms/81e4360543fbb01d4f7fb470fa49803d/transformed/ideaIU-2025.3/lib/module-intellij.libraries.kotlinx.serialization.json.jar:/home/ubuntu/.gradle/caches/8.10.2/transforms/81e4360543fbb01d4f7fb470fa49803d/transformed/ideaIU-2025.3/lib/module-intellij.libraries.kotlinx.serialization.protobuf.jar:/home/ubuntu/.gradle/caches/8.10.2/transforms/81e4360543fbb01d4f7fb470fa49803d/transformed/ideaIU-2025.3/lib/module-intellij.libraries.kryo5.jar:/home/ubuntu/.gradle/caches/8.10.2/transforms/81e4360543fbb01d4f7fb470fa49803d/transformed/ideaIU-2025.3/lib/module-intellij.libraries.ktor.client.cio.jar:/home/ubuntu/.gradle/caches/8.10.2/transforms/81e4360543fbb01d4f7fb470fa49803d/transformed/ideaIU-2025.3/lib/module-intellij.libraries.ktor.client.jar:/home/ubuntu/.gradle/caches/8.10.2/transforms/81e4360543fbb01d4f7fb470fa49803d/transformed/ideaIU-2025.3/lib/module-intellij.libraries.ktor.io.jar:/home/ubuntu/.gradle/caches/8.10.2/transforms/81e4360543fbb01d4f7fb470fa49803d/transformed/ideaIU-2025.3/lib/module-intellij.libraries.ktor.network.tls.jar:/home/ubuntu/.gradle/caches/8.10.2/transforms/81e4360543fbb01d4f7fb470fa49803d/transformed/ideaIU-2025.3/lib/module-intellij.libraries.ktor.utils.jar:/home/ubuntu/.gradle/caches/8.10.2/transforms/81e4360543fbb01d4f7fb470fa49803d/transformed/ideaIU-2025.3/lib/module-intellij.libraries.lz4.jar:/home/ubuntu/.gradle/caches/8.10.2/transforms/81e4360543fbb01d4f7fb470fa49803d/transformed/ideaIU-2025.3/lib/module-intellij.libraries.markdown.jar:/home/ubuntu/.gradle/caches/8.10.2/transforms/81e4360543fbb01d4f7fb470fa49803d/transformed/ideaIU-2025.3/lib/module-intellij.libraries.miglayout.swing.jar:/home/ubuntu/.gradle/caches/8.10.2/transforms/81e4360543fbb01d4f7fb470fa49803d/transformed/ideaIU-2025.3/lib/module-intellij.libraries.mvstore.jar:/home/ubuntu/.gradle/caches/8.10.2/transforms/81e4360543fbb01d4f7fb470fa49803d/transformed/ideaIU-2025.3/lib/module-intellij.libraries.oro.matcher.jar:/home/ubuntu/.gradle/caches/8.10.2/transforms/81e4360543fbb01d4f7fb470fa49803d/transformed/ideaIU-2025.3/lib/module-intellij.libraries.proxy.vole.jar:/home/ubuntu/.gradle/caches/8.10.2/transforms/81e4360543fbb01d4f7fb470fa49803d/transformed/ideaIU-2025.3/lib/module-intellij.libraries.pty4j.jar:/home/ubuntu/.gradle/caches/8.10.2/transforms/81e4360543fbb01d4f7fb470fa49803d/transformed/ideaIU-2025.3/lib/module-intellij.libraries.rd.text.jar:/home/ubuntu/.gradle/caches/8.10.2/transforms/81e4360543fbb01d4f7fb470fa49803d/transformed/ideaIU-2025.3/lib/module-intellij.libraries.rhino.jar:/home/ubuntu/.gradle/caches/8.10.2/transforms/81e4360543fbb01d4f7fb470fa49803d/transformed/ideaIU-2025.3/lib/module-intellij.libraries.snakeyaml.engine.jar:/home/ubuntu/.gradle/caches/8.10.2/transforms/81e4360543fbb01d4f7fb470fa49803d/transformed/ideaIU-2025.3/lib/module-intellij.libraries.snakeyaml.jar:/home/ubuntu/.gradle/caches/8.10.2/transforms/81e4360543fbb01d4f7fb470fa49803d/transformed/ideaIU-2025.3/lib/module-intellij.libraries.sshj.jar:/home/ubuntu/.gradle/caches/8.10.2/transforms/81e4360543fbb01d4f7fb470fa49803d/transformed/ideaIU-2025.3/lib/module-intellij.libraries.stream.jar:/home/ubuntu/.gradle/caches/8.10.2/transforms/81e4360543fbb01d4f7fb470fa49803d/transformed/ideaIU-2025.3/lib/module-intellij.libraries.velocity.jar:/home/ubuntu/.gradle/caches/8.10.2/transforms/81e4360543fbb01d4f7fb470fa49803d/transformed/ideaIU-2025.3/lib/module-intellij.libraries.winp.jar:/home/ubuntu/.gradle/caches/8.10.2/transforms/81e4360543fbb01d4f7fb470fa49803d/transformed/ideaIU-2025.3/lib/module-intellij.libraries.xerces.jar:/home/ubuntu/.gradle/caches/8.10.2/transforms/81e4360543fbb01d4f7fb470fa49803d/transformed/ideaIU-2025.3/lib/module-intellij.libraries.xstream.jar:/home/ubuntu/.gradle/caches/8.10.2/transforms/81e4360543fbb01d4f7fb470fa49803d/transformed/ideaIU-2025.3/lib/module-intellij.libraries.xtext.xbase.jar:/home/ubuntu/.gradle/caches/8.10.2/transforms/81e4360543fbb01d4f7fb470fa49803d/transformed/ideaIU-2025.3/lib/module-intellij.libraries.xz.jar:/home/ubuntu/.gradle/caches/8.10.2/transforms/81e4360543fbb01d4f7fb470fa49803d/transformed/ideaIU-2025.3/lib/module-intellij.platform.debugger.impl.rpc.jar:/home/ubuntu/.gradle/caches/8.10.2/transforms/81e4360543fbb01d4f7fb470fa49803d/transformed/ideaIU-2025.3/lib/module-intellij.platform.debugger.impl.shared.jar:/home/ubuntu/.gradle/caches/8.10.2/transforms/81e4360543fbb01d4f7fb470fa49803d/transformed/ideaIU-2025.3/lib/module-intellij.platform.eel.impl.jar:/home/ubuntu/.gradle/caches/8.10.2/transforms/81e4360543fbb01d4f7fb470fa49803d/transformed/ideaIU-2025.3/lib/module-intellij.platform.find.jar:/home/ubuntu/.gradle/caches/8.10.2/transforms/81e4360543fbb01d4f7fb470fa49803d/transformed/ideaIU-2025.3/lib/module-intellij.platform.managed.cache.jar:/home/ubuntu/.gradle/caches/8.10.2/transforms/81e4360543fbb01d4f7fb470fa49803d/transformed/ideaIU-2025.3/lib/module-intellij.platform.polySymbols.backend.jar:/home/ubuntu/.gradle/caches/8.10.2/transforms/81e4360543fbb01d4f7fb470fa49803d/transformed/ideaIU-2025.3/lib/module-intellij.platform.polySymbols.jar:/home/ubuntu/.gradle/caches/8.10.2/transforms/81e4360543fbb01d4f7fb470fa49803d/transformed/ideaIU-2025.3/lib/module-intellij.platform.rpc.topics.jar:/home/ubuntu/.gradle/caches/8.10.2/transforms/81e4360543fbb01d4f7fb470fa49803d/transformed/ideaIU-2025.3/lib/module-intellij.platform.scopes.jar:/home/ubuntu/.gradle/caches/8.10.2/transforms/81e4360543fbb01d4f7fb470fa49803d/transformed/ideaIU-2025.3/lib/module-intellij.platform.vcs.core.jar:/home/ubuntu/.gradle/caches/8.10.2/transforms/81e4360543fbb01d4f7fb470fa49803d/transformed/ideaIU-2025.3/lib/module-intellij.platform.vcs.jar:/home/ubuntu/.gradle/caches/8.10.2/transforms/81e4360543fbb01d4f7fb470fa49803d/transformed/ideaIU-2025.3/lib/module-intellij.platform.vcs.shared.jar:/home/ubuntu/.gradle/caches/8.10.2/transforms/81e4360543fbb01d4f7fb470fa49803d/transformed/ideaIU-2025.3/lib/module-intellij.regexp.jar:/home/ubuntu/.gradle/caches/8.10.2/transforms/81e4360543fbb01d4f7fb470fa49803d/transformed/ideaIU-2025.3/lib/module-intellij.xml.analysis.impl.jar:/home/ubuntu/.gradle/caches/8.10.2/transforms/81e4360543fbb01d4f7fb470fa49803d/transformed/ideaIU-2025.3/lib/module-intellij.xml.analysis.jar:/home/ubuntu/.gradle/caches/8.10.2/transforms/81e4360543fbb01d4f7fb470fa49803d/transformed/ideaIU-2025.3/lib/module-intellij.xml.dom.impl.jar:/home/ubuntu/.gradle/caches/8.10.2/transforms/81e4360543fbb01d4f7fb470fa49803d/transformed/ideaIU-2025.3/lib/module-intellij.xml.dom.jar:/home/ubuntu/.gradle/caches/8.10.2/transforms/81e4360543fbb01d4f7fb470fa49803d/transformed/ideaIU-2025.3/lib/module-intellij.xml.impl.jar:/home/ubuntu/.gradle/caches/8.10.2/transforms/81e4360543fbb01d4f7fb470fa49803d/transformed/ideaIU-2025.3/lib/module-intellij.xml.parser.jar:/home/ubuntu/.gradle/caches/8.10.2/transforms/81e4360543fbb01d4f7fb470fa49803d/transformed/ideaIU-2025.3/lib/module-intellij.xml.psi.impl.jar:/home/ubuntu/.gradle/caches/8.10.2/transforms/81e4360543fbb01d4f7fb470fa49803d/transformed/ideaIU-2025.3/lib/module-intellij.xml.psi.jar:/home/ubuntu/.gradle/caches/8.10.2/transforms/81e4360543fbb01d4f7fb470fa49803d/transformed/ideaIU-2025.3/lib/module-intellij.xml.structureView.impl.jar:/home/ubuntu/.gradle/caches/8.10.2/transforms/81e4360543fbb01d4f7fb470fa49803d/transformed/ideaIU-2025.3/lib/module-intellij.xml.structureView.jar:/home/ubuntu/.gradle/caches/8.10.2/transforms/81e4360543fbb01d4f7fb470fa49803d/transformed/ideaIU-2025.3/lib/module-intellij.xml.syntax.jar:/home/ubuntu/.gradle/caches/8.10.2/transforms/81e4360543fbb01d4f7fb470fa49803d/transformed/ideaIU-2025.3/lib/module-intellij.xml.ui.common.jar:/home/ubuntu/.gradle/caches/8.10.2/transforms/81e4360543fbb01d4f7fb470fa49803d/transformed/ideaIU-2025.3/lib/opentelemetry.jar:/home/ubuntu/.gradle/caches/8.10.2/transforms/81e4360543fbb01d4f7fb470fa49803d/transformed/ideaIU-2025.3/lib/product.jar:/home/ubuntu/.gradle/caches/8.10.2/transforms/81e4360543fbb01d4f7fb470fa49803d/transformed/ideaIU-2025.3/lib/protobuf.jar:/home/ubuntu/.gradle/caches/8.10.2/transforms/81e4360543fbb01d4f7fb470fa49803d/transformed/ideaIU-2025.3/lib/rd.jar:/home/ubuntu/.gradle/caches/8.10.2/transforms/81e4360543fbb01d4f7fb470fa49803d/transformed/ideaIU-2025.3/lib/rhino.jar:/home/ubuntu/.gradle/caches/8.10.2/transforms/81e4360543fbb01d4f7fb470fa49803d/transformed/ideaIU-2025.3/lib/stats.jar:/home/ubuntu/.gradle/caches/8.10.2/transforms/81e4360543fbb01d4f7fb470fa49803d/transformed/ideaIU-2025.3/lib/trove.jar:/home/ubuntu/.gradle/caches/8.10.2/transforms/81e4360543fbb01d4f7fb470fa49803d/transformed/ideaIU-2025.3/lib/util_rt.jar:/home/ubuntu/.gradle/caches/modules-2/files-2.1/com.google.code.gson/gson/2.11.0/527175ca6d81050b53bdd4c457a6d6e017626b0e/gson-2.11.0.jar:/home/ubuntu/.gradle/caches/modules-2/files-2.1/org.junit.jupiter/junit-jupiter-params/5.10.2/359132c82a9d3fa87a325db6edd33b5fdc67a3d8/junit-jupiter-params-5.10.2.jar:/home/ubuntu/.gradle/caches/modules-2/files-2.1/org.junit.jupiter/junit-jupiter-engine/5.10.2/f1f8fe97bd58e85569205f071274d459c2c4f8cd/junit-jupiter-engine-5.10.2.jar:/home/ubuntu/.gradle/caches/modules-2/files-2.1/org.junit.jupiter/junit-jupiter-api/5.10.2/fb55d6e2bce173f35fd28422e7975539621055ef/junit-jupiter-api-5.10.2.jar:/home/ubuntu/.gradle/caches/modules-2/files-2.1/org.junit.platform/junit-platform-launcher/1.10.2/8125dd29e847ca274dd1a7a9ca54859acc284cb3/junit-platform-launcher-1.10.2.jar:/home/ubuntu/.gradle/caches/modules-2/files-2.1/org.junit.platform/junit-platform-engine/1.10.2/d53bb4e0ce7f211a498705783440614bfaf0df2e/junit-platform-engine-1.10.2.jar:/home/ubuntu/.gradle/caches/modules-2/files-2.1/org.junit.platform/junit-platform-commons/1.10.2/3197154a1f0c88da46c47a9ca27611ac7ec5d797/junit-platform-commons-1.10.2.jar:/home/ubuntu/.gradle/caches/modules-2/files-2.1/org.junit.jupiter/junit-jupiter/5.10.2/831c0b86ddc2ce38391c5b81ea662b0cfdc02cce/junit-jupiter-5.10.2.jar:/home/ubuntu/.gradle/caches/modules-2/files-2.1/com.google.errorprone/error_prone_annotations/2.27.0/91b2c29d8a6148b5e2e4930f070d4840e2e48e34/error_prone_annotations-2.27.0.jar:/home/ubuntu/.gradle/caches/modules-2/files-2.1/org.opentest4j/opentest4j/1.3.0/152ea56b3a72f655d4fd677fc0ef2596c3dd5e6e/opentest4j-1.3.0.jar:/home/ubuntu/.gradle/caches/8.10.2/transforms/81e4360543fbb01d4f7fb470fa49803d/transformed/ideaIU-2025.3/lib/modules/intellij.charts.jar:/home/ubuntu/.gradle/caches/8.10.2/transforms/81e4360543fbb01d4f7fb470fa49803d/transformed/ideaIU-2025.3/lib/modules/intellij.debugger.streams.backend.jar:/home/ubuntu/.gradle/caches/8.10.2/transforms/81e4360543fbb01d4f7fb470fa49803d/transformed/ideaIU-2025.3/lib/modules/intellij.debugger.streams.core.jar:/home/ubuntu/.gradle/caches/8.10.2/transforms/81e4360543fbb01d4f7fb470fa49803d/transformed/ideaIU-2025.3/lib/modules/intellij.debugger.streams.shared.jar:/home/ubuntu/.gradle/caches/8.10.2/transforms/81e4360543fbb01d4f7fb470fa49803d/transformed/ideaIU-2025.3/lib/modules/intellij.emojipicker.jar:/home/ubuntu/.gradle/caches/8.10.2/transforms/81e4360543fbb01d4f7fb470fa49803d/transformed/ideaIU-2025.3/lib/modules/intellij.execution.process.elevation.jar:/home/ubuntu/.gradle/caches/8.10.2/transforms/81e4360543fbb01d4f7fb470fa49803d/transformed/ideaIU-2025.3/lib/modules/intellij.execution.process.mediator.client.jar:/home/ubuntu/.gradle/caches/8.10.2/transforms/81e4360543fbb01d4f7fb470fa49803d/transformed/ideaIU-2025.3/lib/modules/intellij.execution.process.mediator.common.jar:/home/ubuntu/.gradle/caches/8.10.2/transforms/81e4360543fbb01d4f7fb470fa49803d/transformed/ideaIU-2025.3/lib/modules/intellij.execution.process.mediator.daemon.jar:/home/ubuntu/.gradle/caches/8.10.2/transforms/81e4360543fbb01d4f7fb470fa49803d/transformed/ideaIU-2025.3/lib/modules/intellij.grid.jar:/home/ubuntu/.gradle/caches/8.10.2/transforms/81e4360543fbb01d4f7fb470fa49803d/transformed/ideaIU-2025.3/lib/modules/intellij.grid.core.impl.jar:/home/ubuntu/.gradle/caches/8.10.2/transforms/81e4360543fbb01d4f7fb470fa49803d/transformed/ideaIU-2025.3/lib/modules/intellij.grid.csv.core.impl.jar:/home/ubuntu/.gradle/caches/8.10.2/transforms/81e4360543fbb01d4f7fb470fa49803d/transformed/ideaIU-2025.3/lib/modules/intellij.grid.impl.jar:/home/ubuntu/.gradle/caches/8.10.2/transforms/81e4360543fbb01d4f7fb470fa49803d/transformed/ideaIU-2025.3/lib/modules/intellij.grid.types.jar:/home/ubuntu/.gradle/caches/8.10.2/transforms/81e4360543fbb01d4f7fb470fa49803d/transformed/ideaIU-2025.3/lib/modules/intellij.ide.startup.importSettings.jar:/home/ubuntu/.gradle/caches/8.10.2/transforms/81e4360543fbb01d4f7fb470fa49803d/transformed/ideaIU-2025.3/lib/modules/intellij.idea.customization.backend.jar:/home/ubuntu/.gradle/caches/8.10.2/transforms/81e4360543fbb01d4f7fb470fa49803d/transformed/ideaIU-2025.3/lib/modules/intellij.idea.customization.base.jar:/home/ubuntu/.gradle/caches/8.10.2/transforms/81e4360543fbb01d4f7fb470fa49803d/transformed/ideaIU-2025.3/lib/modules/intellij.idea.ultimate.customizationTrial.jar:/home/ubuntu/.gradle/caches/8.10.2/transforms/81e4360543fbb01d4f7fb470fa49803d/transformed/ideaIU-2025.3/lib/modules/intellij.idea.ultimate.feedback.jar:/home/ubuntu/.gradle/caches/8.10.2/transforms/81e4360543fbb01d4f7fb470fa49803d/transformed/ideaIU-2025.3/lib/modules/intellij.libraries.coil.jar:/home/ubuntu/.gradle/caches/8.10.2/transforms/81e4360543fbb01d4f7fb470fa49803d/transformed/ideaIU-2025.3/lib/modules/intellij.libraries.commons.text.jar:/home/ubuntu/.gradle/caches/8.10.2/transforms/81e4360543fbb01d4f7fb470fa49803d/transformed/ideaIU-2025.3/lib/modules/intellij.libraries.compose.foundation.desktop.jar:/home/ubuntu/.gradle/caches/8.10.2/transforms/81e4360543fbb01d4f7fb470fa49803d/transformed/ideaIU-2025.3/lib/modules/intellij.libraries.compose.runtime.desktop.jar:/home/ubuntu/.gradle/caches/8.10.2/transforms/81e4360543fbb01d4f7fb470fa49803d/transformed/ideaIU-2025.3/lib/modules/intellij.libraries.grpc.jar:/home/ubuntu/.gradle/caches/8.10.2/transforms/81e4360543fbb01d4f7fb470fa49803d/transformed/ideaIU-2025.3/lib/modules/intellij.libraries.grpc.netty.shaded.jar:/home/ubuntu/.gradle/caches/8.10.2/transforms/81e4360543fbb01d4f7fb470fa49803d/transformed/ideaIU-2025.3/lib/modules/intellij.libraries.javax.activation.jar:/home/ubuntu/.gradle/caches/8.10.2/transforms/81e4360543fbb01d4f7fb470fa49803d/transformed/ideaIU-2025.3/lib/modules/intellij.libraries.kotlinx.document.store.mvstore.jar:/home/ubuntu/.gradle/caches/8.10.2/transforms/81e4360543fbb01d4f7fb470fa49803d/transformed/ideaIU-2025.3/lib/modules/intellij.libraries.lucene.common.jar:/home/ubuntu/.gradle/caches/8.10.2/transforms/81e4360543fbb01d4f7fb470fa49803d/transformed/ideaIU-2025.3/lib/modules/intellij.libraries.microba.jar:/home/ubuntu/.gradle/caches/8.10.2/transforms/81e4360543fbb01d4f7fb470fa49803d/transformed/ideaIU-2025.3/lib/modules/intellij.libraries.skiko.jar:/home/ubuntu/.gradle/caches/8.10.2/transforms/81e4360543fbb01d4f7fb470fa49803d/transformed/ideaIU-2025.3/lib/modules/intellij.libraries.xml.rpc.jar:/home/ubuntu/.gradle/caches/8.10.2/transforms/81e4360543fbb01d4f7fb470fa49803d/transformed/ideaIU-2025.3/lib/modules/intellij.platform.backend.jar:/home/ubuntu/.gradle/caches/8.10.2/transforms/81e4360543fbb01d4f7fb470fa49803d/transformed/ideaIU-2025.3/lib/modules/intellij.platform.bookmarks.backend.jar:/home/ubuntu/.gradle/caches/8.10.2/transforms/81e4360543fbb01d4f7fb470fa49803d/transformed/ideaIU-2025.3/lib/modules/intellij.platform.bookmarks.frontend.jar:/home/ubuntu/.gradle/caches/8.10.2/transforms/81e4360543fbb01d4f7fb470fa49803d/transformed/ideaIU-2025.3/lib/modules/intellij.platform.buildView.jar:/home/ubuntu/.gradle/caches/8.10.2/transforms/81e4360543fbb01d4f7fb470fa49803d/transformed/ideaIU-2025.3/lib/modules/intellij.platform.buildView.backend.jar:/home/ubuntu/.gradle/caches/8.10.2/transforms/81e4360543fbb01d4f7fb470fa49803d/transformed/ideaIU-2025.3/lib/modules/intellij.platform.buildView.frontend.jar:/home/ubuntu/.gradle/caches/8.10.2/transforms/81e4360543fbb01d4f7fb470fa49803d/transformed/ideaIU-2025.3/lib/modules/intellij.platform.clouds.jar:/home/ubuntu/.gradle/caches/8.10.2/transforms/81e4360543fbb01d4f7fb470fa49803d/transformed/ideaIU-2025.3/lib/modules/intellij.platform.collaborationTools.jar:/home/ubuntu/.gradle/caches/8.10.2/transforms/81e4360543fbb01d4f7fb470fa49803d/transformed/ideaIU-2025.3/lib/modules/intellij.platform.collaborationTools.auth.jar:/home/ubuntu/.gradle/caches/8.10.2/transforms/81e4360543fbb01d4f7fb470fa49803d/transformed/ideaIU-2025.3/lib/modules/intellij.platform.collaborationTools.auth.base.jar:/home/ubuntu/.gradle/caches/8.10.2/transforms/81e4360543fbb01d4f7fb470fa49803d/transformed/ideaIU-2025.3/lib/modules/intellij.platform.completion.backend.jar:/home/ubuntu/.gradle/caches/8.10.2/transforms/81e4360543fbb01d4f7fb470fa49803d/transformed/ideaIU-2025.3/lib/modules/intellij.platform.completion.common.jar:/home/ubuntu/.gradle/caches/8.10.2/transforms/81e4360543fbb01d4f7fb470fa49803d/transformed/ideaIU-2025.3/lib/modules/intellij.platform.completion.frontend.jar:/home/ubuntu/.gradle/caches/8.10.2/transforms/81e4360543fbb01d4f7fb470fa49803d/transformed/ideaIU-2025.3/lib/modules/intellij.platform.compose.jar:/home/ubuntu/.gradle/caches/8.10.2/transforms/81e4360543fbb01d4f7fb470fa49803d/transformed/ideaIU-2025.3/lib/modules/intellij.platform.compose.markdown.jar:/home/ubuntu/.gradle/caches/8.10.2/transforms/81e4360543fbb01d4f7fb470fa49803d/transformed/ideaIU-2025.3/lib/modules/intellij.platform.coverage.jar:/home/ubuntu/.gradle/caches/8.10.2/transforms/81e4360543fbb01d4f7fb470fa49803d/transformed/ideaIU-2025.3/lib/modules/intellij.platform.coverage.agent.jar:/home/ubuntu/.gradle/caches/8.10.2/transforms/81e4360543fbb01d4f7fb470fa49803d/transformed/ideaIU-2025.3/lib/modules/intellij.platform.customization.min.jar:/home/ubuntu/.gradle/caches/8.10.2/transforms/81e4360543fbb01d4f7fb470fa49803d/transformed/ideaIU-2025.3/lib/modules/intellij.platform.dap.jar:/home/ubuntu/.gradle/caches/8.10.2/transforms/81e4360543fbb01d4f7fb470fa49803d/transformed/ideaIU-2025.3/lib/modules/intellij.platform.debugger.impl.backend.jar:/home/ubuntu/.gradle/caches/8.10.2/transforms/81e4360543fbb01d4f7fb470fa49803d/transformed/ideaIU-2025.3/lib/modules/intellij.platform.debugger.impl.frontend.jar:/home/ubuntu/.gradle/caches/8.10.2/transforms/81e4360543fbb01d4f7fb470fa49803d/transformed/ideaIU-2025.3/lib/modules/intellij.platform.diagnostic.freezeAnalyzer.jar:/home/ubuntu/.gradle/caches/8.10.2/transforms/81e4360543fbb01d4f7fb470fa49803d/transformed/ideaIU-2025.3/lib/modules/intellij.platform.diagnostic.freezes.jar:/home/ubuntu/.gradle/caches/8.10.2/transforms/81e4360543fbb01d4f7fb470fa49803d/transformed/ideaIU-2025.3/lib/modules/intellij.platform.diagnostic.telemetry.agent.extension.jar:/home/ubuntu/.gradle/caches/8.10.2/transforms/81e4360543fbb01d4f7fb470fa49803d/transformed/ideaIU-2025.3/lib/modules/intellij.platform.editor.jar:/home/ubuntu/.gradle/caches/8.10.2/transforms/81e4360543fbb01d4f7fb470fa49803d/transformed/ideaIU-2025.3/lib/modules/intellij.platform.editor.backend.jar:/home/ubuntu/.gradle/caches/8.10.2/transforms/81e4360543fbb01d4f7fb470fa49803d/transformed/ideaIU-2025.3/lib/modules/intellij.platform.editor.frontend.jar:/home/ubuntu/.gradle/caches/8.10.2/transforms/81e4360543fbb01d4f7fb470fa49803d/transformed/ideaIU-2025.3/lib/modules/intellij.platform.execution.dashboard.jar:/home/ubuntu/.gradle/caches/8.10.2/transforms/81e4360543fbb01d4f7fb470fa49803d/transformed/ideaIU-2025.3/lib/modules/intellij.platform.execution.dashboard.backend.jar:/home/ubuntu/.gradle/caches/8.10.2/transforms/81e4360543fbb01d4f7fb470fa49803d/transformed/ideaIU-2025.3/lib/modules/intellij.platform.execution.dashboard.frontend.jar:/home/ubuntu/.gradle/caches/8.10.2/transforms/81e4360543fbb01d4f7fb470fa49803d/transformed/ideaIU-2025.3/lib/modules/intellij.platform.execution.impl.backend.jar:/home/ubuntu/.gradle/caches/8.10.2/transforms/81e4360543fbb01d4f7fb470fa49803d/transformed/ideaIU-2025.3/lib/modules/intellij.platform.execution.impl.frontend.jar:/home/ubuntu/.gradle/caches/8.10.2/transforms/81e4360543fbb01d4f7fb470fa49803d/transformed/ideaIU-2025.3/lib/modules/intellij.platform.execution.serviceView.jar:/home/ubuntu/.gradle/caches/8.10.2/transforms/81e4360543fbb01d4f7fb470fa49803d/transformed/ideaIU-2025.3/lib/modules/intellij.platform.execution.serviceView.backend.jar:/home/ubuntu/.gradle/caches/8.10.2/transforms/81e4360543fbb01d4f7fb470fa49803d/transformed/ideaIU-2025.3/lib/modules/intellij.platform.execution.serviceView.frontend.jar:/home/ubuntu/.gradle/caches/8.10.2/transforms/81e4360543fbb01d4f7fb470fa49803d/transformed/ideaIU-2025.3/lib/modules/intellij.platform.find.backend.jar:/home/ubuntu/.gradle/caches/8.10.2/transforms/81e4360543fbb01d4f7fb470fa49803d/transformed/ideaIU-2025.3/lib/modules/intellij.platform.frontend.jar:/home/ubuntu/.gradle/caches/8.10.2/transforms/81e4360543fbb01d4f7fb470fa49803d/transformed/ideaIU-2025.3/lib/modules/intellij.platform.ide.impl.wsl.jar:/home/ubuntu/.gradle/caches/8.10.2/transforms/81e4360543fbb01d4f7fb470fa49803d/transformed/ideaIU-2025.3/lib/modules/intellij.platform.ide.newUiOnboarding.jar:/home/ubuntu/.gradle/caches/8.10.2/transforms/81e4360543fbb01d4f7fb470fa49803d/transformed/ideaIU-2025.3/lib/modules/intellij.platform.ide.newUsersOnboarding.jar:/home/ubuntu/.gradle/caches/8.10.2/transforms/81e4360543fbb01d4f7fb470fa49803d/transformed/ideaIU-2025.3/lib/modules/intellij.platform.identifiers.highlighting.backend.jar:/home/ubuntu/.gradle/caches/8.10.2/transforms/81e4360543fbb01d4f7fb470fa49803d/transformed/ideaIU-2025.3/lib/modules/intellij.platform.identifiers.highlighting.shared.jar:/home/ubuntu/.gradle/caches/8.10.2/transforms/81e4360543fbb01d4f7fb470fa49803d/transformed/ideaIU-2025.3/lib/modules/intellij.platform.inline.completion.jar:/home/ubuntu/.gradle/caches/8.10.2/transforms/81e4360543fbb01d4f7fb470fa49803d/transformed/ideaIU-2025.3/lib/modules/intellij.platform.inspect.jar:/home/ubuntu/.gradle/caches/8.10.2/transforms/81e4360543fbb01d4f7fb470fa49803d/transformed/ideaIU-2025.3/lib/modules/intellij.platform.jewel.foundation.jar:/home/ubuntu/.gradle/caches/8.10.2/transforms/81e4360543fbb01d4f7fb470fa49803d/transformed/ideaIU-2025.3/lib/modules/intellij.platform.jewel.ideLafBridge.jar:/home/ubuntu/.gradle/caches/8.10.2/transforms/81e4360543fbb01d4f7fb470fa49803d/transformed/ideaIU-2025.3/lib/modules/intellij.platform.jewel.markdown.core.jar:/home/ubuntu/.gradle/caches/8.10.2/transforms/81e4360543fbb01d4f7fb470fa49803d/transformed/ideaIU-2025.3/lib/modules/intellij.platform.jewel.markdown.extensions.autolink.jar:/home/ubuntu/.gradle/caches/8.10.2/transforms/81e4360543fbb01d4f7fb470fa49803d/transformed/ideaIU-2025.3/lib/modules/intellij.platform.jewel.markdown.extensions.gfmAlerts.jar:/home/ubuntu/.gradle/caches/8.10.2/transforms/81e4360543fbb01d4f7fb470fa49803d/transformed/ideaIU-2025.3/lib/modules/intellij.platform.jewel.markdown.extensions.gfmStrikethrough.jar:/home/ubuntu/.gradle/caches/8.10.2/transforms/81e4360543fbb01d4f7fb470fa49803d/transformed/ideaIU-2025.3/lib/modules/intellij.platform.jewel.markdown.extensions.gfmTables.jar:/home/ubuntu/.gradle/caches/8.10.2/transforms/81e4360543fbb01d4f7fb470fa49803d/transformed/ideaIU-2025.3/lib/modules/intellij.platform.jewel.markdown.extensions.images.jar:/home/ubuntu/.gradle/caches/8.10.2/transforms/81e4360543fbb01d4f7fb470fa49803d/transformed/ideaIU-2025.3/lib/modules/intellij.platform.jewel.markdown.ideLafBridgeStyling.jar:/home/ubuntu/.gradle/caches/8.10.2/transforms/81e4360543fbb01d4f7fb470fa49803d/transformed/ideaIU-2025.3/lib/modules/intellij.platform.jewel.ui.jar:/home/ubuntu/.gradle/caches/8.10.2/transforms/81e4360543fbb01d4f7fb470fa49803d/transformed/ideaIU-2025.3/lib/modules/intellij.platform.kernel.backend.jar:/home/ubuntu/.gradle/caches/8.10.2/transforms/81e4360543fbb01d4f7fb470fa49803d/transformed/ideaIU-2025.3/lib/modules/intellij.platform.kernel.impl.jar:/home/ubuntu/.gradle/caches/8.10.2/transforms/81e4360543fbb01d4f7fb470fa49803d/transformed/ideaIU-2025.3/lib/modules/intellij.platform.lang.impl.backend.jar:/home/ubuntu/.gradle/caches/8.10.2/transforms/81e4360543fbb01d4f7fb470fa49803d/transformed/ideaIU-2025.3/lib/modules/intellij.platform.langInjection.jar:/home/ubuntu/.gradle/caches/8.10.2/transforms/81e4360543fbb01d4f7fb470fa49803d/transformed/ideaIU-2025.3/lib/modules/intellij.platform.langInjection.backend.jar:/home/ubuntu/.gradle/caches/8.10.2/transforms/81e4360543fbb01d4f7fb470fa49803d/transformed/ideaIU-2025.3/lib/modules/intellij.platform.lvcs.impl.jar:/home/ubuntu/.gradle/caches/8.10.2/transforms/81e4360543fbb01d4f7fb470fa49803d/transformed/ideaIU-2025.3/lib/modules/intellij.platform.managed.cache.backend.jar:/home/ubuntu/.gradle/caches/8.10.2/transforms/81e4360543fbb01d4f7fb470fa49803d/transformed/ideaIU-2025.3/lib/modules/intellij.platform.ml.impl.jar:/home/ubuntu/.gradle/caches/8.10.2/transforms/81e4360543fbb01d4f7fb470fa49803d/transformed/ideaIU-2025.3/lib/modules/intellij.platform.monolith.jar:/home/ubuntu/.gradle/caches/8.10.2/transforms/81e4360543fbb01d4f7fb470fa49803d/transformed/ideaIU-2025.3/lib/modules/intellij.platform.navbar.jar:/home/ubuntu/.gradle/caches/8.10.2/transforms/81e4360543fbb01d4f7fb470fa49803d/transformed/ideaIU-2025.3/lib/modules/intellij.platform.navbar.backend.jar:/home/ubuntu/.gradle/caches/8.10.2/transforms/81e4360543fbb01d4f7fb470fa49803d/transformed/ideaIU-2025.3/lib/modules/intellij.platform.navbar.frontend.jar:/home/ubuntu/.gradle/caches/8.10.2/transforms/81e4360543fbb01d4f7fb470fa49803d/transformed/ideaIU-2025.3/lib/modules/intellij.platform.navbar.monolith.jar:/home/ubuntu/.gradle/caches/8.10.2/transforms/81e4360543fbb01d4f7fb470fa49803d/transformed/ideaIU-2025.3/lib/modules/intellij.platform.pluginManager.backend.jar:/home/ubuntu/.gradle/caches/8.10.2/transforms/81e4360543fbb01d4f7fb470fa49803d/transformed/ideaIU-2025.3/lib/modules/intellij.platform.pluginManager.frontend.jar:/home/ubuntu/.gradle/caches/8.10.2/transforms/81e4360543fbb01d4f7fb470fa49803d/transformed/ideaIU-2025.3/lib/modules/intellij.platform.pluginManager.shared.jar:/home/ubuntu/.gradle/caches/8.10.2/transforms/81e4360543fbb01d4f7fb470fa49803d/transformed/ideaIU-2025.3/lib/modules/intellij.platform.progress.backend.jar:/home/ubuntu/.gradle/caches/8.10.2/transforms/81e4360543fbb01d4f7fb470fa49803d/transformed/ideaIU-2025.3/lib/modules/intellij.platform.project.backend.jar:/home/ubuntu/.gradle/caches/8.10.2/transforms/81e4360543fbb01d4f7fb470fa49803d/transformed/ideaIU-2025.3/lib/modules/intellij.platform.recentFiles.jar:/home/ubuntu/.gradle/caches/8.10.2/transforms/81e4360543fbb01d4f7fb470fa49803d/transformed/ideaIU-2025.3/lib/modules/intellij.platform.recentFiles.backend.jar:/home/ubuntu/.gradle/caches/8.10.2/transforms/81e4360543fbb01d4f7fb470fa49803d/transformed/ideaIU-2025.3/lib/modules/intellij.platform.recentFiles.frontend.jar:/home/ubuntu/.gradle/caches/8.10.2/transforms/81e4360543fbb01d4f7fb470fa49803d/transformed/ideaIU-2025.3/lib/modules/intellij.platform.registry.cloud.jar:/home/ubuntu/.gradle/caches/8.10.2/transforms/81e4360543fbb01d4f7fb470fa49803d/transformed/ideaIU-2025.3/lib/modules/intellij.platform.rpc.backend.jar:/home/ubuntu/.gradle/caches/8.10.2/transforms/81e4360543fbb01d4f7fb470fa49803d/transformed/ideaIU-2025.3/lib/modules/intellij.platform.rpc.topics.backend.jar:/home/ubuntu/.gradle/caches/8.10.2/transforms/81e4360543fbb01d4f7fb470fa49803d/transformed/ideaIU-2025.3/lib/modules/intellij.platform.rpc.topics.frontend.jar:/home/ubuntu/.gradle/caches/8.10.2/transforms/81e4360543fbb01d4f7fb470fa49803d/transformed/ideaIU-2025.3/lib/modules/intellij.platform.scopes.backend.jar:/home/ubuntu/.gradle/caches/8.10.2/transforms/81e4360543fbb01d4f7fb470fa49803d/transformed/ideaIU-2025.3/lib/modules/intellij.platform.scriptDebugger.backend.jar:/home/ubuntu/.gradle/caches/8.10.2/transforms/81e4360543fbb01d4f7fb470fa49803d/transformed/ideaIU-2025.3/lib/modules/intellij.platform.scriptDebugger.protocolReaderRuntime.jar:/home/ubuntu/.gradle/caches/8.10.2/transforms/81e4360543fbb01d4f7fb470fa49803d/transformed/ideaIU-2025.3/lib/modules/intellij.platform.scriptDebugger.ui.jar:/home/ubuntu/.gradle/caches/8.10.2/transforms/81e4360543fbb01d4f7fb470fa49803d/transformed/ideaIU-2025.3/lib/modules/intellij.platform.searchEverywhere.jar:/home/ubuntu/.gradle/caches/8.10.2/transforms/81e4360543fbb01d4f7fb470fa49803d/transformed/ideaIU-2025.3/lib/modules/intellij.platform.searchEverywhere.backend.jar:/home/ubuntu/.gradle/caches/8.10.2/transforms/81e4360543fbb01d4f7fb470fa49803d/transformed/ideaIU-2025.3/lib/modules/intellij.platform.searchEverywhere.frontend.jar:/home/ubuntu/.gradle/caches/8.10.2/transforms/81e4360543fbb01d4f7fb470fa49803d/transformed/ideaIU-2025.3/lib/modules/intellij.platform.settings.local.jar:/home/ubuntu/.gradle/caches/8.10.2/transforms/81e4360543fbb01d4f7fb470fa49803d/transformed/ideaIU-2025.3/lib/modules/intellij.platform.smRunner.vcs.jar:/home/ubuntu/.gradle/caches/8.10.2/transforms/81e4360543fbb01d4f7fb470fa49803d/transformed/ideaIU-2025.3/lib/modules/intellij.platform.tasks.jar:/home/ubuntu/.gradle/caches/8.10.2/transforms/81e4360543fbb01d4f7fb470fa49803d/transformed/ideaIU-2025.3/lib/modules/intellij.platform.tasks.impl.jar:/home/ubuntu/.gradle/caches/8.10.2/transforms/81e4360543fbb01d4f7fb470fa49803d/transformed/ideaIU-2025.3/lib/modules/intellij.platform.tips.jar:/home/ubuntu/.gradle/caches/8.10.2/transforms/81e4360543fbb01d4f7fb470fa49803d/transformed/ideaIU-2025.3/lib/modules/intellij.platform.trialPromotion.common.jar:/home/ubuntu/.gradle/caches/8.10.2/transforms/81e4360543fbb01d4f7fb470fa49803d/transformed/ideaIU-2025.3/lib/modules/intellij.platform.trialPromotion.idesWithFreeTier.jar:/home/ubuntu/.gradle/caches/8.10.2/transforms/81e4360543fbb01d4f7fb470fa49803d/transformed/ideaIU-2025.3/lib/modules/intellij.platform.vcs.dvcs.jar:/home/ubuntu/.gradle/caches/8.10.2/transforms/81e4360543fbb01d4f7fb470fa49803d/transformed/ideaIU-2025.3/lib/modules/intellij.platform.vcs.dvcs.impl.jar:/home/ubuntu/.gradle/caches/8.10.2/transforms/81e4360543fbb01d4f7fb470fa49803d/transformed/ideaIU-2025.3/lib/modules/intellij.platform.vcs.dvcs.impl.shared.jar:/home/ubuntu/.gradle/caches/8.10.2/transforms/81e4360543fbb01d4f7fb470fa49803d/transformed/ideaIU-2025.3/lib/modules/intellij.platform.vcs.impl.jar:/home/ubuntu/.gradle/caches/8.10.2/transforms/81e4360543fbb01d4f7fb470fa49803d/transformed/ideaIU-2025.3/lib/modules/intellij.platform.vcs.impl.exec.jar:/home/ubuntu/.gradle/caches/8.10.2/transforms/81e4360543fbb01d4f7fb470fa49803d/transformed/ideaIU-2025.3/lib/modules/intellij.platform.vcs.impl.frontend.jar:/home/ubuntu/.gradle/caches/8.10.2/transforms/81e4360543fbb01d4f7fb470fa49803d/transformed/ideaIU-2025.3/lib/modules/intellij.platform.vcs.impl.lang.jar:/home/ubuntu/.gradle/caches/8.10.2/transforms/81e4360543fbb01d4f7fb470fa49803d/transformed/ideaIU-2025.3/lib/modules/intellij.platform.vcs.impl.lang.actions.jar:/home/ubuntu/.gradle/caches/8.10.2/transforms/81e4360543fbb01d4f7fb470fa49803d/transformed/ideaIU-2025.3/lib/modules/intellij.platform.vcs.impl.shared.jar:/home/ubuntu/.gradle/caches/8.10.2/transforms/81e4360543fbb01d4f7fb470fa49803d/transformed/ideaIU-2025.3/lib/modules/intellij.platform.vcs.log.jar:/home/ubuntu/.gradle/caches/8.10.2/transforms/81e4360543fbb01d4f7fb470fa49803d/transformed/ideaIU-2025.3/lib/modules/intellij.platform.vcs.log.graph.jar:/home/ubuntu/.gradle/caches/8.10.2/transforms/81e4360543fbb01d4f7fb470fa49803d/transformed/ideaIU-2025.3/lib/modules/intellij.platform.vcs.log.graph.impl.jar:/home/ubuntu/.gradle/caches/8.10.2/transforms/81e4360543fbb01d4f7fb470fa49803d/transformed/ideaIU-2025.3/lib/modules/intellij.platform.vcs.log.impl.jar:/home/ubuntu/.gradle/caches/8.10.2/transforms/81e4360543fbb01d4f7fb470fa49803d/transformed/ideaIU-2025.3/lib/modules/intellij.platform.warmup.jar:/home/ubuntu/.gradle/caches/8.10.2/transforms/81e4360543fbb01d4f7fb470fa49803d/transformed/ideaIU-2025.3/lib/modules/intellij.profiler.asyncOne.jar:/home/ubuntu/.gradle/caches/8.10.2/transforms/81e4360543fbb01d4f7fb470fa49803d/transformed/ideaIU-2025.3/lib/modules/intellij.profiler.common.jar:/home/ubuntu/.gradle/caches/8.10.2/transforms/81e4360543fbb01d4f7fb470fa49803d/transformed/ideaIU-2025.3/lib/modules/intellij.profiler.ultimate.ideaAsyncProfiler.jar:/home/ubuntu/.gradle/caches/8.10.2/transforms/81e4360543fbb01d4f7fb470fa49803d/transformed/ideaIU-2025.3/lib/modules/intellij.rd.ide.model.generated.jar:/home/ubuntu/.gradle/caches/8.10.2/transforms/81e4360543fbb01d4f7fb470fa49803d/transformed/ideaIU-2025.3/lib/modules/intellij.rd.platform.jar:/home/ubuntu/.gradle/caches/8.10.2/transforms/81e4360543fbb01d4f7fb470fa49803d/transformed/ideaIU-2025.3/lib/modules/intellij.rd.ui.jar:/home/ubuntu/.gradle/caches/8.10.2/transforms/81e4360543fbb01d4f7fb470fa49803d/transformed/ideaIU-2025.3/lib/modules/intellij.relaxng.jar:/home/ubuntu/.gradle/caches/8.10.2/transforms/81e4360543fbb01d4f7fb470fa49803d/transformed/ideaIU-2025.3/lib/modules/intellij.rml.dfa.impl.jar:/home/ubuntu/.gradle/caches/8.10.2/transforms/81e4360543fbb01d4f7fb470fa49803d/transformed/ideaIU-2025.3/lib/modules/intellij.settingsSync.core.jar:/home/ubuntu/.gradle/caches/8.10.2/transforms/81e4360543fbb01d4f7fb470fa49803d/transformed/ideaIU-2025.3/lib/modules/intellij.spellchecker.jar:/home/ubuntu/.gradle/caches/8.10.2/transforms/81e4360543fbb01d4f7fb470fa49803d/transformed/ideaIU-2025.3/lib/modules/intellij.spellchecker.xml.jar:/home/ubuntu/.gradle/caches/8.10.2/transforms/81e4360543fbb01d4f7fb470fa49803d/transformed/ideaIU-2025.3/lib/modules/intellij.xml.langInjection.jar:/home/ubuntu/.gradle/caches/8.10.2/transforms/81e4360543fbb01d4f7fb470fa49803d/transformed/ideaIU-2025.3/lib/modules/intellij.xml.langInjection.xpath.jar:/home/ubuntu/.gradle/caches/8.10.2/transforms/81e4360543fbb01d4f7fb470fa49803d/transformed/ideaIU-2025.3/lib/modules/intellij.xml.xmlbeans.jar:/home/ubuntu/.gradle/caches/8.10.2/transforms/81e4360543fbb01d4f7fb470fa49803d/transformed/ideaIU-2025.3/plugins/angular/lib/angular.jar:/home/ubuntu/.gradle/caches/8.10.2/transforms/81e4360543fbb01d4f7fb470fa49803d/transformed/ideaIU-2025.3/plugins/java-byteCodeViewer/lib/java-byteCodeViewer.jar:/home/ubuntu/.gradle/caches/8.10.2/transforms/81e4360543fbb01d4f7fb470fa49803d/transformed/ideaIU-2025.3/plugins/java-coverage/lib/jacoco.jar:/home/ubuntu/.gradle/caches/8.10.2/transforms/81e4360543fbb01d4f7fb470fa49803d/transformed/ideaIU-2025.3/plugins/java-coverage/lib/java-coverage-rt.jar:/home/ubuntu/.gradle/caches/8.10.2/transforms/81e4360543fbb01d4f7fb470fa49803d/transformed/ideaIU-2025.3/plugins/java-coverage/lib/coverage-report.jar:/home/ubuntu/.gradle/caches/8.10.2/transforms/81e4360543fbb01d4f7fb470fa49803d/transformed/ideaIU-2025.3/plugins/java-coverage/lib/java-coverage.jar:/home/ubuntu/.gradle/caches/8.10.2/transforms/81e4360543fbb01d4f7fb470fa49803d/transformed/ideaIU-2025.3/plugins/clouds-docker-impl/lib/com.github.docker-java-docker-java-transport.jar:/home/ubuntu/.gradle/caches/8.10.2/transforms/81e4360543fbb01d4f7fb470fa49803d/transformed/ideaIU-2025.3/plugins/clouds-docker-impl/lib/clouds-docker-impl.jar:/home/ubuntu/.gradle/caches/8.10.2/transforms/81e4360543fbb01d4f7fb470fa49803d/transformed/ideaIU-2025.3/plugins/clouds-docker-impl/lib/com.github.docker-java-docker-java-api.jar:/home/ubuntu/.gradle/caches/8.10.2/transforms/81e4360543fbb01d4f7fb470fa49803d/transformed/ideaIU-2025.3/plugins/clouds-docker-impl/lib/com.github.docker-java-docker-java-core.jar:/home/ubuntu/.gradle/caches/8.10.2/transforms/81e4360543fbb01d4f7fb470fa49803d/transformed/ideaIU-2025.3/plugins/clouds-docker-impl/lib/com.github.docker-java-docker-java-transport-httpclient5.jar:/home/ubuntu/.gradle/caches/8.10.2/transforms/81e4360543fbb01d4f7fb470fa49803d/transformed/ideaIU-2025.3/plugins/clouds-docker-impl/lib/modules/intellij.clouds.docker.file.backend.jar:/home/ubuntu/.gradle/caches/8.10.2/transforms/81e4360543fbb01d4f7fb470fa49803d/transformed/ideaIU-2025.3/plugins/clouds-docker-impl/lib/modules/intellij.clouds.docker.jar:/home/ubuntu/.gradle/caches/8.10.2/transforms/81e4360543fbb01d4f7fb470fa49803d/transformed/ideaIU-2025.3/plugins/clouds-docker-impl/lib/modules/intellij.clouds.docker.shared.jar:/home/ubuntu/.gradle/caches/8.10.2/transforms/81e4360543fbb01d4f7fb470fa49803d/transformed/ideaIU-2025.3/plugins/clouds-docker-impl/lib/modules/intellij.clouds.docker.frontend.jar:/home/ubuntu/.gradle/caches/8.10.2/transforms/81e4360543fbb01d4f7fb470fa49803d/transformed/ideaIU-2025.3/plugins/clouds-docker-impl/lib/modules/intellij.clouds.docker.file.frontend.split.jar:/home/ubuntu/.gradle/caches/8.10.2/transforms/81e4360543fbb01d4f7fb470fa49803d/transformed/ideaIU-2025.3/plugins/vcs-git/lib/vcs-git-frontend.jar:/home/ubuntu/.gradle/caches/8.10.2/transforms/81e4360543fbb01d4f7fb470fa49803d/transformed/ideaIU-2025.3/plugins/vcs-git/lib/git4idea-rt.jar:/home/ubuntu/.gradle/caches/8.10.2/transforms/81e4360543fbb01d4f7fb470fa49803d/transformed/ideaIU-2025.3/plugins/vcs-git/lib/vcs-git.jar:/home/ubuntu/.gradle/caches/8.10.2/transforms/81e4360543fbb01d4f7fb470fa49803d/transformed/ideaIU-2025.3/plugins/vcs-git/lib/modules/intellij.vcs.git.frontend.jar:/home/ubuntu/.gradle/caches/8.10.2/transforms/81e4360543fbb01d4f7fb470fa49803d/transformed/ideaIU-2025.3/plugins/html-tools/lib/html-tools.jar:/home/ubuntu/.gradle/caches/8.10.2/transforms/81e4360543fbb01d4f7fb470fa49803d/transformed/ideaIU-2025.3/plugins/javaee-appServers-jboss/lib/javaee-appServers-jboss.jar:/home/ubuntu/.gradle/caches/8.10.2/transforms/81e4360543fbb01d4f7fb470fa49803d/transformed/ideaIU-2025.3/plugins/javascript-intentions/lib/javascript-intentions.jar:/home/ubuntu/.gradle/caches/8.10.2/transforms/81e4360543fbb01d4f7fb470fa49803d/transformed/ideaIU-2025.3/plugins/junit/lib/junit-rt.jar:/home/ubuntu/.gradle/caches/8.10.2/transforms/81e4360543fbb01d4f7fb470fa49803d/transformed/ideaIU-2025.3/plugins/junit/lib/junit5-rt.jar:/home/ubuntu/.gradle/caches/8.10.2/transforms/81e4360543fbb01d4f7fb470fa49803d/transformed/ideaIU-2025.3/plugins/junit/lib/junit.jar:/home/ubuntu/.gradle/caches/8.10.2/transforms/81e4360543fbb01d4f7fb470fa49803d/transformed/ideaIU-2025.3/plugins/junit/lib/junit6-rt.jar:/home/ubuntu/.gradle/caches/8.10.2/transforms/81e4360543fbb01d4f7fb470fa49803d/transformed/ideaIU-2025.3/plugins/javascript-plugin/lib/javascript-plugin-frontend.jar:/home/ubuntu/.gradle/caches/8.10.2/transforms/81e4360543fbb01d4f7fb470fa49803d/transformed/ideaIU-2025.3/plugins/javascript-plugin/lib/semver4j.jar:/home/ubuntu/.gradle/caches/8.10.2/transforms/81e4360543fbb01d4f7fb470fa49803d/transformed/ideaIU-2025.3/plugins/javascript-plugin/lib/completion-ranking-typescript.jar:/home/ubuntu/.gradle/caches/8.10.2/transforms/81e4360543fbb01d4f7fb470fa49803d/transformed/ideaIU-2025.3/plugins/javascript-plugin/lib/completion-ranking-js.jar:/home/ubuntu/.gradle/caches/8.10.2/transforms/81e4360543fbb01d4f7fb470fa49803d/transformed/ideaIU-2025.3/plugins/javascript-plugin/lib/javascript-plugin.jar:/home/ubuntu/.gradle/caches/8.10.2/transforms/81e4360543fbb01d4f7fb470fa49803d/transformed/ideaIU-2025.3/plugins/javascript-plugin/lib/modules/intellij.javascript.frontend.jar:/home/ubuntu/.gradle/caches/8.10.2/transforms/81e4360543fbb01d4f7fb470fa49803d/transformed/ideaIU-2025.3/plugins/javascript-debugger/lib/javascript-debugger.jar:/home/ubuntu/.gradle/caches/8.10.2/transforms/81e4360543fbb01d4f7fb470fa49803d/transformed/ideaIU-2025.3/plugins/javascript-debugger/lib/modules/intellij.javascript.debugger.backend.jar:/home/ubuntu/.gradle/caches/8.10.2/transforms/81e4360543fbb01d4f7fb470fa49803d/transformed/ideaIU-2025.3/plugins/javascript-debugger/lib/modules/intellij.javascript.debugger.webDeployment.jar:/home/ubuntu/.gradle/caches/8.10.2/transforms/81e4360543fbb01d4f7fb470fa49803d/transformed/ideaIU-2025.3/plugins/javascript-debugger/lib/modules/intellij.javascript.wip.backend.jar:/home/ubuntu/.gradle/caches/8.10.2/transforms/81e4360543fbb01d4f7fb470fa49803d/transformed/ideaIU-2025.3/plugins/javascript-debugger/lib/modules/intellij.javascript.reactNativeDebugger.jar:/home/ubuntu/.gradle/caches/8.10.2/transforms/81e4360543fbb01d4f7fb470fa49803d/transformed/ideaIU-2025.3/plugins/javascript-debugger/lib/modules/intellij.javascript.wip.protocol.jar:/home/ubuntu/.gradle/caches/8.10.2/transforms/81e4360543fbb01d4f7fb470fa49803d/transformed/ideaIU-2025.3/plugins/javascript-debugger/lib/modules/intellij.javascript.debugger.backend.rpc.jar:/home/ubuntu/.gradle/caches/8.10.2/transforms/81e4360543fbb01d4f7fb470fa49803d/transformed/ideaIU-2025.3/plugins/javascript-debugger/lib/modules/intellij.javascript.debugger.coverage.jar:/home/ubuntu/.gradle/caches/8.10.2/transforms/81e4360543fbb01d4f7fb470fa49803d/transformed/ideaIU-2025.3/plugins/javascript-debugger/lib/modules/intellij.javascript.debugger.ui.jar:/home/ubuntu/.gradle/caches/8.10.2/transforms/81e4360543fbb01d4f7fb470fa49803d/transformed/ideaIU-2025.3/plugins/javascript-debugger/lib/modules/intellij.javascript.debugger.webstorm.specific.jar:/home/ubuntu/.gradle/caches/8.10.2/transforms/81e4360543fbb01d4f7fb470fa49803d/transformed/ideaIU-2025.3/plugins/karma/lib/karma.jar:/home/ubuntu/.gradle/caches/8.10.2/transforms/81e4360543fbb01d4f7fb470fa49803d/transformed/ideaIU-2025.3/plugins/lombok/lib/lombok.jar:/home/ubuntu/.gradle/caches/8.10.2/transforms/81e4360543fbb01d4f7fb470fa49803d/transformed/ideaIU-2025.3/plugins/nodeJS/lib/nodeJS.jar:/home/ubuntu/.gradle/caches/8.10.2/transforms/81e4360543fbb01d4f7fb470fa49803d/transformed/ideaIU-2025.3/plugins/vcs-perforce/lib/vcs-perforce.jar:/home/ubuntu/.gradle/caches/8.10.2/transforms/81e4360543fbb01d4f7fb470fa49803d/transformed/ideaIU-2025.3/plugins/xml-refactoring/lib/xml-refactoring.jar:/home/ubuntu/.gradle/caches/8.10.2/transforms/81e4360543fbb01d4f7fb470fa49803d/transformed/ideaIU-2025.3/plugins/vcs-svn/lib/vcs-svn.jar:/home/ubuntu/.gradle/caches/8.10.2/transforms/81e4360543fbb01d4f7fb470fa49803d/transformed/ideaIU-2025.3/plugins/vcs-svn/lib/sqlite.jar:/home/ubuntu/.gradle/caches/8.10.2/transforms/81e4360543fbb01d4f7fb470fa49803d/transformed/ideaIU-2025.3/plugins/testng/lib/testng.jar:/home/ubuntu/.gradle/caches/8.10.2/transforms/81e4360543fbb01d4f7fb470fa49803d/transformed/ideaIU-2025.3/plugins/testng/lib/testng-rt.jar:/home/ubuntu/.gradle/caches/8.10.2/transforms/81e4360543fbb01d4f7fb470fa49803d/transformed/ideaIU-2025.3/plugins/testng/lib/testng-plugin.jar:/home/ubuntu/.gradle/caches/8.10.2/transforms/81e4360543fbb01d4f7fb470fa49803d/transformed/ideaIU-2025.3/plugins/javaee-appServers-tomcat/lib/intellij.tomcat.inspector.jar:/home/ubuntu/.gradle/caches/8.10.2/transforms/81e4360543fbb01d4f7fb470fa49803d/transformed/ideaIU-2025.3/plugins/javaee-appServers-tomcat/lib/javaee-appServers-tomcat.jar:/home/ubuntu/.gradle/caches/8.10.2/transforms/81e4360543fbb01d4f7fb470fa49803d/transformed/ideaIU-2025.3/plugins/xpath/lib/xpath.jar:/home/ubuntu/.gradle/caches/8.10.2/transforms/81e4360543fbb01d4f7fb470fa49803d/transformed/ideaIU-2025.3/plugins/android-gradle-declarative-lang-ide/lib/android-gradle-declarative-lang-ide-frontend.jar:/home/ubuntu/.gradle/caches/8.10.2/transforms/81e4360543fbb01d4f7fb470fa49803d/transformed/ideaIU-2025.3/plugins/android-gradle-declarative-lang-ide/lib/android-gradle-declarative-lang-ide.jar:/home/ubuntu/.gradle/caches/8.10.2/transforms/81e4360543fbb01d4f7fb470fa49803d/transformed/ideaIU-2025.3/plugins/styled-components/lib/styled-components.jar:/home/ubuntu/.gradle/caches/8.10.2/transforms/81e4360543fbb01d4f7fb470fa49803d/transformed/ideaIU-2025.3/plugins/profiler-lineProfiler/lib/profiler-lineProfiler.jar:/home/ubuntu/.gradle/caches/8.10.2/transforms/81e4360543fbb01d4f7fb470fa49803d/transformed/ideaIU-2025.3/plugins/aopCommon/lib/aopCommon.jar:/home/ubuntu/.gradle/caches/8.10.2/transforms/81e4360543fbb01d4f7fb470fa49803d/transformed/ideaIU-2025.3/plugins/javaee-beanValidation/lib/javaee-beanValidation.jar:/home/ubuntu/.gradle/caches/8.10.2/transforms/81e4360543fbb01d4f7fb470fa49803d/transformed/ideaIU-2025.3/plugins/javaee-cdi/lib/javaee-cdi.jar:/home/ubuntu/.gradle/caches/8.10.2/transforms/81e4360543fbb01d4f7fb470fa49803d/transformed/ideaIU-2025.3/plugins/completionMlRanking/lib/completionMlRanking.jar:/home/ubuntu/.gradle/caches/8.10.2/transforms/81e4360543fbb01d4f7fb470fa49803d/transformed/ideaIU-2025.3/plugins/compose-ide-plugin/lib/compose-ide-plugin.jar:/home/ubuntu/.gradle/caches/8.10.2/transforms/81e4360543fbb01d4f7fb470fa49803d/transformed/ideaIU-2025.3/plugins/compose-ide-plugin/lib/modules/intellij.compose.ide.plugin.gradleTooling.rt.jar:/home/ubuntu/.gradle/caches/8.10.2/transforms/81e4360543fbb01d4f7fb470fa49803d/transformed/ideaIU-2025.3/plugins/configurationScript/lib/configurationScript.jar:/home/ubuntu/.gradle/caches/8.10.2/transforms/81e4360543fbb01d4f7fb470fa49803d/transformed/ideaIU-2025.3/plugins/copyright/lib/copyright.jar:/home/ubuntu/.gradle/caches/8.10.2/transforms/81e4360543fbb01d4f7fb470fa49803d/transformed/ideaIU-2025.3/plugins/cron/lib/cronutils.cron.utils.jar:/home/ubuntu/.gradle/caches/8.10.2/transforms/81e4360543fbb01d4f7fb470fa49803d/transformed/ideaIU-2025.3/plugins/cron/lib/cron.jar:/home/ubuntu/.gradle/caches/8.10.2/transforms/81e4360543fbb01d4f7fb470fa49803d/transformed/ideaIU-2025.3/plugins/css-plugin/lib/css-plugin.jar:/home/ubuntu/.gradle/caches/8.10.2/transforms/81e4360543fbb01d4f7fb470fa49803d/transformed/ideaIU-2025.3/plugins/css-plugin/lib/modules/intellij.css.watcher.jar:/home/ubuntu/.gradle/caches/8.10.2/transforms/81e4360543fbb01d4f7fb470fa49803d/transformed/ideaIU-2025.3/plugins/css-plugin/lib/modules/intellij.css.schemeGenerator.jar:/home/ubuntu/.gradle/caches/8.10.2/transforms/81e4360543fbb01d4f7fb470fa49803d/transformed/ideaIU-2025.3/plugins/css-plugin/lib/modules/intellij.css.jar:/home/ubuntu/.gradle/caches/8.10.2/transforms/81e4360543fbb01d4f7fb470fa49803d/transformed/ideaIU-2025.3/plugins/css-plugin/lib/modules/intellij.css.xmlSchemeGenerator.jar:/home/ubuntu/.gradle/caches/8.10.2/transforms/81e4360543fbb01d4f7fb470fa49803d/transformed/ideaIU-2025.3/plugins/css-plugin/lib/modules/intellij.css.common.psi.jar:/home/ubuntu/.gradle/caches/8.10.2/transforms/81e4360543fbb01d4f7fb470fa49803d/transformed/ideaIU-2025.3/plugins/css-plugin/lib/modules/intellij.css.common.jar:/home/ubuntu/.gradle/caches/8.10.2/transforms/81e4360543fbb01d4f7fb470fa49803d/transformed/ideaIU-2025.3/plugins/css-plugin/lib/modules/intellij.css.copyright.jar:/home/ubuntu/.gradle/caches/8.10.2/transforms/81e4360543fbb01d4f7fb470fa49803d/transformed/ideaIU-2025.3/plugins/css-plugin/lib/modules/intellij.css.analysis.jar:/home/ubuntu/.gradle/caches/8.10.2/transforms/81e4360543fbb01d4f7fb470fa49803d/transformed/ideaIU-2025.3/plugins/css-plugin/lib/modules/intellij.css.backend.jar:/home/ubuntu/.gradle/caches/8.10.2/transforms/81e4360543fbb01d4f7fb470fa49803d/transformed/ideaIU-2025.3/plugins/css-plugin/lib/modules/intellij.css.psi.jar:/home/ubuntu/.gradle/caches/8.10.2/transforms/81e4360543fbb01d4f7fb470fa49803d/transformed/ideaIU-2025.3/plugins/css-plugin/lib/modules/intellij.css.frontend.split.jar:/home/ubuntu/.gradle/caches/8.10.2/transforms/81e4360543fbb01d4f7fb470fa49803d/transformed/ideaIU-2025.3/plugins/DatabaseTools/lib/maven-resolver-transport-file.jar:/home/ubuntu/.gradle/caches/8.10.2/transforms/81e4360543fbb01d4f7fb470fa49803d/transformed/ideaIU-2025.3/plugins/DatabaseTools/lib/tips-database-plugin.jar:/home/ubuntu/.gradle/caches/8.10.2/transforms/81e4360543fbb01d4f7fb470fa49803d/transformed/ideaIU-2025.3/plugins/DatabaseTools/lib/maven-resolver-connector-basic.jar:/home/ubuntu/.gradle/caches/8.10.2/transforms/81e4360543fbb01d4f7fb470fa49803d/transformed/ideaIU-2025.3/plugins/DatabaseTools/lib/aether-dependency-resolver.jar:/home/ubuntu/.gradle/caches/8.10.2/transforms/81e4360543fbb01d4f7fb470fa49803d/transformed/ideaIU-2025.3/plugins/DatabaseTools/lib/plexus-utils.jar:/home/ubuntu/.gradle/caches/8.10.2/transforms/81e4360543fbb01d4f7fb470fa49803d/transformed/ideaIU-2025.3/plugins/DatabaseTools/lib/maven-resolver-provider.jar:/home/ubuntu/.gradle/caches/8.10.2/transforms/81e4360543fbb01d4f7fb470fa49803d/transformed/ideaIU-2025.3/plugins/DatabaseTools/lib/database-plugin.jar:/home/ubuntu/.gradle/caches/8.10.2/transforms/81e4360543fbb01d4f7fb470fa49803d/transformed/ideaIU-2025.3/plugins/DatabaseTools/lib/maven-resolver-transport-http.jar:/home/ubuntu/.gradle/caches/8.10.2/transforms/81e4360543fbb01d4f7fb470fa49803d/transformed/ideaIU-2025.3/plugins/DatabaseTools/lib/database-plugin-frontend.jar:/home/ubuntu/.gradle/caches/8.10.2/transforms/81e4360543fbb01d4f7fb470fa49803d/transformed/ideaIU-2025.3/plugins/DatabaseTools/lib/modules/intellij.database.dialects.sql92.jar:/home/ubuntu/.gradle/caches/8.10.2/transforms/81e4360543fbb01d4f7fb470fa49803d/transformed/ideaIU-2025.3/plugins/DatabaseTools/lib/modules/intellij.database.dialects.sybase.ex.jar:/home/ubuntu/.gradle/caches/8.10.2/transforms/81e4360543fbb01d4f7fb470fa49803d/transformed/ideaIU-2025.3/plugins/DatabaseTools/lib/modules/intellij.database.core.impl.jar:/home/ubuntu/.gradle/caches/8.10.2/transforms/81e4360543fbb01d4f7fb470fa49803d/transformed/ideaIU-2025.3/plugins/DatabaseTools/lib/modules/intellij.database.dialects.base.jar:/home/ubuntu/.gradle/caches/8.10.2/transforms/81e4360543fbb01d4f7fb470fa49803d/transformed/ideaIU-2025.3/plugins/DatabaseTools/lib/modules/intellij.database.dialects.oracle.jar:/home/ubuntu/.gradle/caches/8.10.2/transforms/81e4360543fbb01d4f7fb470fa49803d/transformed/ideaIU-2025.3/plugins/DatabaseTools/lib/modules/intellij.database.sql.backend.core.jar:/home/ubuntu/.gradle/caches/8.10.2/transforms/81e4360543fbb01d4f7fb470fa49803d/transformed/ideaIU-2025.3/plugins/DatabaseTools/lib/modules/intellij.database.connectivity.jar:/home/ubuntu/.gradle/caches/8.10.2/transforms/81e4360543fbb01d4f7fb470fa49803d/transformed/ideaIU-2025.3/plugins/DatabaseTools/lib/modules/intellij.database.dialects.mongo.jar:/home/ubuntu/.gradle/caches/8.10.2/transforms/81e4360543fbb01d4f7fb470fa49803d/transformed/ideaIU-2025.3/plugins/DatabaseTools/lib/modules/intellij.database.jdbcConsole.shim.jar:/home/ubuntu/.gradle/caches/8.10.2/transforms/81e4360543fbb01d4f7fb470fa49803d/transformed/ideaIU-2025.3/plugins/DatabaseTools/lib/modules/intellij.database.sql.jar:/home/ubuntu/.gradle/caches/8.10.2/transforms/81e4360543fbb01d4f7fb470fa49803d/transformed/ideaIU-2025.3/plugins/DatabaseTools/lib/modules/intellij.database.backend.split.jar:/home/ubuntu/.gradle/caches/8.10.2/transforms/81e4360543fbb01d4f7fb470fa49803d/transformed/ideaIU-2025.3/plugins/DatabaseTools/lib/modules/intellij.database.dialects.oracle.ex.coverage.jar:/home/ubuntu/.gradle/caches/8.10.2/transforms/81e4360543fbb01d4f7fb470fa49803d/transformed/ideaIU-2025.3/plugins/DatabaseTools/lib/modules/intellij.database.dialects.redis.backend.jar:/home/ubuntu/.gradle/caches/8.10.2/transforms/81e4360543fbb01d4f7fb470fa49803d/transformed/ideaIU-2025.3/plugins/DatabaseTools/lib/modules/intellij.database.dialects.maria.jar:/home/ubuntu/.gradle/caches/8.10.2/transforms/81e4360543fbb01d4f7fb470fa49803d/transformed/ideaIU-2025.3/plugins/DatabaseTools/lib/modules/intellij.database.util.jar:/home/ubuntu/.gradle/caches/8.10.2/transforms/81e4360543fbb01d4f7fb470fa49803d/transformed/ideaIU-2025.3/plugins/DatabaseTools/lib/modules/intellij.database.dialects.redis.jar:/home/ubuntu/.gradle/caches/8.10.2/transforms/81e4360543fbb01d4f7fb470fa49803d/transformed/ideaIU-2025.3/plugins/DatabaseTools/lib/modules/intellij.database.dialects.mysql.jar:/home/ubuntu/.gradle/caches/8.10.2/transforms/81e4360543fbb01d4f7fb470fa49803d/transformed/ideaIU-2025.3/plugins/DatabaseTools/lib/modules/intellij.database.sql.core.impl.jar:/home/ubuntu/.gradle/caches/8.10.2/transforms/81e4360543fbb01d4f7fb470fa49803d/transformed/ideaIU-2025.3/plugins/DatabaseTools/lib/modules/intellij.database.dialects.mysqlbase.jar:/home/ubuntu/.gradle/caches/8.10.2/transforms/81e4360543fbb01d4f7fb470fa49803d/transformed/ideaIU-2025.3/plugins/DatabaseTools/lib/modules/intellij.database.dialects.mongo.sql.jar:/home/ubuntu/.gradle/caches/8.10.2/transforms/81e4360543fbb01d4f7fb470fa49803d/transformed/ideaIU-2025.3/plugins/DatabaseTools/lib/modules/intellij.database.jdbcConsole.jar:/home/ubuntu/.gradle/caches/8.10.2/transforms/81e4360543fbb01d4f7fb470fa49803d/transformed/ideaIU-2025.3/plugins/DatabaseTools/lib/modules/intellij.database.completionMlRanking.jar:/home/ubuntu/.gradle/caches/8.10.2/transforms/81e4360543fbb01d4f7fb470fa49803d/transformed/ideaIU-2025.3/plugins/DatabaseTools/lib/modules/intellij.database.sql.common.impl.jar:/home/ubuntu/.gradle/caches/8.10.2/transforms/81e4360543fbb01d4f7fb470fa49803d/transformed/ideaIU-2025.3/plugins/DatabaseTools/lib/modules/intellij.database.dialects.mysqlbase.ex.jar:/home/ubuntu/.gradle/caches/8.10.2/transforms/81e4360543fbb01d4f7fb470fa49803d/transformed/ideaIU-2025.3/plugins/DatabaseTools/lib/modules/intellij.database.dialects.sqlite.ex.jar:/home/ubuntu/.gradle/caches/8.10.2/transforms/81e4360543fbb01d4f7fb470fa49803d/transformed/ideaIU-2025.3/plugins/DatabaseTools/lib/modules/intellij.database.impl.jar:/home/ubuntu/.gradle/caches/8.10.2/transforms/81e4360543fbb01d4f7fb470fa49803d/transformed/ideaIU-2025.3/plugins/DatabaseTools/lib/modules/intellij.database.dialects.postgresbase.jar:/home/ubuntu/.gradle/caches/8.10.2/transforms/81e4360543fbb01d4f7fb470fa49803d/transformed/ideaIU-2025.3/plugins/DatabaseTools/lib/modules/intellij.database.sql.frontend.core.jar:/home/ubuntu/.gradle/caches/8.10.2/transforms/81e4360543fbb01d4f7fb470fa49803d/transformed/ideaIU-2025.3/plugins/DatabaseTools/lib/modules/intellij.database.trialPromotion.idesWithFreeTier.jar:/home/ubuntu/.gradle/caches/8.10.2/transforms/81e4360543fbb01d4f7fb470fa49803d/transformed/ideaIU-2025.3/plugins/DatabaseTools/lib/modules/intellij.database.dialects.mssql.jar:/home/ubuntu/.gradle/caches/8.10.2/transforms/81e4360543fbb01d4f7fb470fa49803d/transformed/ideaIU-2025.3/plugins/DatabaseTools/lib/modules/intellij.database.dialects.mssql.ex.jar:/home/ubuntu/.gradle/caches/8.10.2/transforms/81e4360543fbb01d4f7fb470fa49803d/transformed/ideaIU-2025.3/plugins/DatabaseTools/lib/modules/intellij.database.sql.frontend.impl.jar:/home/ubuntu/.gradle/caches/8.10.2/transforms/81e4360543fbb01d4f7fb470fa49803d/transformed/ideaIU-2025.3/plugins/DatabaseTools/lib/modules/intellij.database.dialects.mysqlbase.impl.jar:/home/ubuntu/.gradle/caches/8.10.2/transforms/81e4360543fbb01d4f7fb470fa49803d/transformed/ideaIU-2025.3/plugins/DatabaseTools/lib/modules/intellij.database.sql.common.core.jar:/home/ubuntu/.gradle/caches/8.10.2/transforms/81e4360543fbb01d4f7fb470fa49803d/transformed/ideaIU-2025.3/plugins/DatabaseTools/lib/modules/intellij.database.dialects.mongo.ex.jar:/home/ubuntu/.gradle/caches/8.10.2/transforms/81e4360543fbb01d4f7fb470fa49803d/transformed/ideaIU-2025.3/plugins/DatabaseTools/lib/modules/intellij.database.dialects.postgres.jar:/home/ubuntu/.gradle/caches/8.10.2/transforms/81e4360543fbb01d4f7fb470fa49803d/transformed/ideaIU-2025.3/plugins/DatabaseTools/lib/modules/intellij.database.dialects.oracle.ex.jar:/home/ubuntu/.gradle/caches/8.10.2/transforms/81e4360543fbb01d4f7fb470fa49803d/transformed/ideaIU-2025.3/plugins/DatabaseTools/lib/modules/intellij.database.dialects.mongo.js.external.jar:/home/ubuntu/.gradle/caches/8.10.2/transforms/81e4360543fbb01d4f7fb470fa49803d/transformed/ideaIU-2025.3/plugins/DatabaseTools/lib/modules/intellij.database.dialects.generic.jar:/home/ubuntu/.gradle/caches/8.10.2/transforms/81e4360543fbb01d4f7fb470fa49803d/transformed/ideaIU-2025.3/plugins/DatabaseTools/lib/modules/intellij.database.dialects.postgresgreenplumbase.jar:/home/ubuntu/.gradle/caches/8.10.2/transforms/81e4360543fbb01d4f7fb470fa49803d/transformed/ideaIU-2025.3/plugins/DatabaseTools/lib/modules/intellij.database.dialects.mssql.impl.jar:/home/ubuntu/.gradle/caches/8.10.2/transforms/81e4360543fbb01d4f7fb470fa49803d/transformed/ideaIU-2025.3/plugins/DatabaseTools/lib/modules/intellij.database.dialects.sybase.jar:/home/ubuntu/.gradle/caches/8.10.2/transforms/81e4360543fbb01d4f7fb470fa49803d/transformed/ideaIU-2025.3/plugins/DatabaseTools/lib/modules/intellij.database.pro.jar:/home/ubuntu/.gradle/caches/8.10.2/transforms/81e4360543fbb01d4f7fb470fa49803d/transformed/ideaIU-2025.3/plugins/DatabaseTools/lib/modules/intellij.database.sql.impl.jar:/home/ubuntu/.gradle/caches/8.10.2/transforms/81e4360543fbb01d4f7fb470fa49803d/transformed/ideaIU-2025.3/plugins/DatabaseTools/lib/modules/intellij.database.sql.intelliLang.jar:/home/ubuntu/.gradle/caches/8.10.2/transforms/81e4360543fbb01d4f7fb470fa49803d/transformed/ideaIU-2025.3/plugins/DatabaseTools/lib/modules/intellij.database.dialects.sqlite.jar:/home/ubuntu/.gradle/caches/8.10.2/transforms/81e4360543fbb01d4f7fb470fa49803d/transformed/ideaIU-2025.3/plugins/DatabaseTools/lib/modules/intellij.database.frontend.split.jar:/home/ubuntu/.gradle/caches/8.10.2/transforms/81e4360543fbb01d4f7fb470fa49803d/transformed/ideaIU-2025.3/plugins/DatabaseTools/lib/modules/intellij.database.sql.copyright.jar:/home/ubuntu/.gradle/caches/8.10.2/transforms/81e4360543fbb01d4f7fb470fa49803d/transformed/ideaIU-2025.3/plugins/DatabaseTools/lib/modules/intellij.database.dialects.base.ex.jar:/home/ubuntu/.gradle/caches/8.10.2/transforms/81e4360543fbb01d4f7fb470fa49803d/transformed/ideaIU-2025.3/plugins/debugger-collections-visualizer/lib/debugger-collections-visualizer.jar:/home/ubuntu/.gradle/caches/8.10.2/transforms/81e4360543fbb01d4f7fb470fa49803d/transformed/ideaIU-2025.3/plugins/debugger-collections-visualizer/lib/modules/intellij.debugger.collections.visualizer.core.backend.jar:/home/ubuntu/.gradle/caches/8.10.2/transforms/81e4360543fbb01d4f7fb470fa49803d/transformed/ideaIU-2025.3/plugins/debugger-collections-visualizer/lib/modules/intellij.debugger.collections.visualizer.jvm.jar:/home/ubuntu/.gradle/caches/8.10.2/transforms/81e4360543fbb01d4f7fb470fa49803d/transformed/ideaIU-2025.3/plugins/debugger-collections-visualizer/lib/modules/intellij.debugger.collections.visualizer.core.frontend.jar:/home/ubuntu/.gradle/caches/8.10.2/transforms/81e4360543fbb01d4f7fb470fa49803d/transformed/ideaIU-2025.3/plugins/dev/lib/dev.jar:/home/ubuntu/.gradle/caches/8.10.2/transforms/81e4360543fbb01d4f7fb470fa49803d/transformed/ideaIU-2025.3/plugins/uml/lib/uml-support.jar:/home/ubuntu/.gradle/caches/8.10.2/transforms/81e4360543fbb01d4f7fb470fa49803d/transformed/ideaIU-2025.3/plugins/uml/lib/modules/intellij.diagram.vcs.jar:/home/ubuntu/.gradle/caches/8.10.2/transforms/81e4360543fbb01d4f7fb470fa49803d/transformed/ideaIU-2025.3/plugins/uml/lib/modules/intellij.diagram.gradle.jar:/home/ubuntu/.gradle/caches/8.10.2/transforms/81e4360543fbb01d4f7fb470fa49803d/transformed/ideaIU-2025.3/plugins/uml/lib/modules/intellij.diagram.java.jar:/home/ubuntu/.gradle/caches/8.10.2/transforms/81e4360543fbb01d4f7fb470fa49803d/transformed/ideaIU-2025.3/plugins/uml/lib/modules/intellij.diagram.maven.jar:/home/ubuntu/.gradle/caches/8.10.2/transforms/81e4360543fbb01d4f7fb470fa49803d/transformed/ideaIU-2025.3/plugins/uml/lib/modules/intellij.diagram.properties.jar:/home/ubuntu/.gradle/caches/8.10.2/transforms/81e4360543fbb01d4f7fb470fa49803d/transformed/ideaIU-2025.3/plugins/findUsagesMl/lib/findUsagesMl.jar:/home/ubuntu/.gradle/caches/8.10.2/transforms/81e4360543fbb01d4f7fb470fa49803d/transformed/ideaIU-2025.3/plugins/flyway/lib/flyway.jar:/home/ubuntu/.gradle/caches/8.10.2/transforms/81e4360543fbb01d4f7fb470fa49803d/transformed/ideaIU-2025.3/plugins/freemarker/lib/freemarker.jar:/home/ubuntu/.gradle/caches/8.10.2/transforms/81e4360543fbb01d4f7fb470fa49803d/transformed/ideaIU-2025.3/plugins/freemarker/lib/modules/intellij.freemarker.spring.jar:/home/ubuntu/.gradle/caches/8.10.2/transforms/81e4360543fbb01d4f7fb470fa49803d/transformed/ideaIU-2025.3/plugins/gradle/lib/gradle-api-9.0.0.jar:/home/ubuntu/.gradle/caches/8.10.2/transforms/81e4360543fbb01d4f7fb470fa49803d/transformed/ideaIU-2025.3/plugins/gradle/lib/gradle-tooling-extension-api.jar:/home/ubuntu/.gradle/caches/8.10.2/transforms/81e4360543fbb01d4f7fb470fa49803d/transformed/ideaIU-2025.3/plugins/gradle/lib/gradle-tooling-extension-impl.jar:/home/ubuntu/.gradle/caches/8.10.2/transforms/81e4360543fbb01d4f7fb470fa49803d/transformed/ideaIU-2025.3/plugins/gradle/lib/gradle.jar:/home/ubuntu/.gradle/caches/8.10.2/transforms/81e4360543fbb01d4f7fb470fa49803d/transformed/ideaIU-2025.3/plugins/hibernate/lib/hibernate5-console.jar:/home/ubuntu/.gradle/caches/8.10.2/transforms/81e4360543fbb01d4f7fb470fa49803d/transformed/ideaIU-2025.3/plugins/hibernate/lib/hibernate52-console.jar:/home/ubuntu/.gradle/caches/8.10.2/transforms/81e4360543fbb01d4f7fb470fa49803d/transformed/ideaIU-2025.3/plugins/hibernate/lib/hibernate-console.jar:/home/ubuntu/.gradle/caches/8.10.2/transforms/81e4360543fbb01d4f7fb470fa49803d/transformed/ideaIU-2025.3/plugins/hibernate/lib/hibernate4-console.jar:/home/ubuntu/.gradle/caches/8.10.2/transforms/81e4360543fbb01d4f7fb470fa49803d/transformed/ideaIU-2025.3/plugins/hibernate/lib/hibernate3-console.jar:/home/ubuntu/.gradle/caches/8.10.2/transforms/81e4360543fbb01d4f7fb470fa49803d/transformed/ideaIU-2025.3/plugins/hibernate/lib/hibernate.jar:/home/ubuntu/.gradle/caches/8.10.2/transforms/81e4360543fbb01d4f7fb470fa49803d/transformed/ideaIU-2025.3/plugins/localization-ja/lib/localization-ja.jar:/home/ubuntu/.gradle/caches/8.10.2/transforms/81e4360543fbb01d4f7fb470fa49803d/transformed/ideaIU-2025.3/plugins/java/lib/maven-resolver-transport-file.jar:/home/ubuntu/.gradle/caches/8.10.2/transforms/81e4360543fbb01d4f7fb470fa49803d/transformed/ideaIU-2025.3/plugins/java/lib/netty-codec-protobuf.jar:/home/ubuntu/.gradle/caches/8.10.2/transforms/81e4360543fbb01d4f7fb470fa49803d/transformed/ideaIU-2025.3/plugins/java/lib/jb-jdi.jar:/home/ubuntu/.gradle/caches/8.10.2/transforms/81e4360543fbb01d4f7fb470fa49803d/transformed/ideaIU-2025.3/plugins/java/lib/sa-jdwp.jar:/home/ubuntu/.gradle/caches/8.10.2/transforms/81e4360543fbb01d4f7fb470fa49803d/transformed/ideaIU-2025.3/plugins/java/lib/maven-resolver-connector-basic.jar:/home/ubuntu/.gradle/caches/8.10.2/transforms/81e4360543fbb01d4f7fb470fa49803d/transformed/ideaIU-2025.3/plugins/java/lib/jps-javac-extension.jar:/home/ubuntu/.gradle/caches/8.10.2/transforms/81e4360543fbb01d4f7fb470fa49803d/transformed/ideaIU-2025.3/plugins/java/lib/completion-ranking-java.jar:/home/ubuntu/.gradle/caches/8.10.2/transforms/81e4360543fbb01d4f7fb470fa49803d/transformed/ideaIU-2025.3/plugins/java/lib/aether-dependency-resolver.jar:/home/ubuntu/.gradle/caches/8.10.2/transforms/81e4360543fbb01d4f7fb470fa49803d/transformed/ideaIU-2025.3/plugins/java/lib/jps-builders.jar:/home/ubuntu/.gradle/caches/8.10.2/transforms/81e4360543fbb01d4f7fb470fa49803d/transformed/ideaIU-2025.3/plugins/java/lib/java-impl-frontend.jar:/home/ubuntu/.gradle/caches/8.10.2/transforms/81e4360543fbb01d4f7fb470fa49803d/transformed/ideaIU-2025.3/plugins/java/lib/javac2.jar:/home/ubuntu/.gradle/caches/8.10.2/transforms/81e4360543fbb01d4f7fb470fa49803d/transformed/ideaIU-2025.3/plugins/java/lib/java-impl.jar:/home/ubuntu/.gradle/caches/8.10.2/transforms/81e4360543fbb01d4f7fb470fa49803d/transformed/ideaIU-2025.3/plugins/java/lib/jps-launcher.jar:/home/ubuntu/.gradle/caches/8.10.2/transforms/81e4360543fbb01d4f7fb470fa49803d/transformed/ideaIU-2025.3/plugins/java/lib/kotlin-metadata.jar:/home/ubuntu/.gradle/caches/8.10.2/transforms/81e4360543fbb01d4f7fb470fa49803d/transformed/ideaIU-2025.3/plugins/java/lib/jgoodies-common.jar:/home/ubuntu/.gradle/caches/8.10.2/transforms/81e4360543fbb01d4f7fb470fa49803d/transformed/ideaIU-2025.3/plugins/java/lib/debugger-memory-agent.jar:/home/ubuntu/.gradle/caches/8.10.2/transforms/81e4360543fbb01d4f7fb470fa49803d/transformed/ideaIU-2025.3/plugins/java/lib/maven-resolver-transport-http.jar:/home/ubuntu/.gradle/caches/8.10.2/transforms/81e4360543fbb01d4f7fb470fa49803d/transformed/ideaIU-2025.3/plugins/java/lib/jps-builders-6.jar:/home/ubuntu/.gradle/caches/8.10.2/transforms/81e4360543fbb01d4f7fb470fa49803d/transformed/ideaIU-2025.3/plugins/java/lib/modules/intellij.java.execution.impl.frontend.jar:/home/ubuntu/.gradle/caches/8.10.2/transforms/81e4360543fbb01d4f7fb470fa49803d/transformed/ideaIU-2025.3/plugins/java/lib/modules/intellij.java.unscramble.jar:/home/ubuntu/.gradle/caches/8.10.2/transforms/81e4360543fbb01d4f7fb470fa49803d/transformed/ideaIU-2025.3/plugins/java/lib/modules/intellij.java.structuralSearch.jar:/home/ubuntu/.gradle/caches/8.10.2/transforms/81e4360543fbb01d4f7fb470fa49803d/transformed/ideaIU-2025.3/plugins/java/lib/modules/intellij.java.duplicates.analysis.jar:/home/ubuntu/.gradle/caches/8.10.2/transforms/81e4360543fbb01d4f7fb470fa49803d/transformed/ideaIU-2025.3/plugins/java/lib/modules/intellij.jvm.analysis.impl.jar:/home/ubuntu/.gradle/caches/8.10.2/transforms/81e4360543fbb01d4f7fb470fa49803d/transformed/ideaIU-2025.3/plugins/java/lib/modules/intellij.java.vcs.jar:/home/ubuntu/.gradle/caches/8.10.2/transforms/81e4360543fbb01d4f7fb470fa49803d/transformed/ideaIU-2025.3/plugins/java/lib/modules/intellij.java.duplicatesDetection.jar:/home/ubuntu/.gradle/caches/8.10.2/transforms/81e4360543fbb01d4f7fb470fa49803d/transformed/ideaIU-2025.3/plugins/java/lib/modules/intellij.java.debugger.impl.frontend.jar:/home/ubuntu/.gradle/caches/8.10.2/transforms/81e4360543fbb01d4f7fb470fa49803d/transformed/ideaIU-2025.3/plugins/java/lib/modules/intellij.java.langInjection.jar:/home/ubuntu/.gradle/caches/8.10.2/transforms/81e4360543fbb01d4f7fb470fa49803d/transformed/ideaIU-2025.3/plugins/java/lib/modules/intellij.java.featuresTrainer.jar:/home/ubuntu/.gradle/caches/8.10.2/transforms/81e4360543fbb01d4f7fb470fa49803d/transformed/ideaIU-2025.3/plugins/java/lib/modules/intellij.java.jam.impl.jar:/home/ubuntu/.gradle/caches/8.10.2/transforms/81e4360543fbb01d4f7fb470fa49803d/transformed/ideaIU-2025.3/plugins/java/lib/modules/intellij.profiler.ultimate.jar:/home/ubuntu/.gradle/caches/8.10.2/transforms/81e4360543fbb01d4f7fb470fa49803d/transformed/ideaIU-2025.3/plugins/java/lib/modules/intellij.java.langInjection.jps.jar:/home/ubuntu/.gradle/caches/8.10.2/transforms/81e4360543fbb01d4f7fb470fa49803d/transformed/ideaIU-2025.3/plugins/java/lib/modules/intellij.java.execution.impl.backend.jar:/home/ubuntu/.gradle/caches/8.10.2/transforms/81e4360543fbb01d4f7fb470fa49803d/transformed/ideaIU-2025.3/plugins/java-i18n/lib/java-i18n.jar:/home/ubuntu/.gradle/caches/8.10.2/transforms/81e4360543fbb01d4f7fb470fa49803d/transformed/ideaIU-2025.3/plugins/java-ide-customization/lib/java-ide-customization.jar:/home/ubuntu/.gradle/caches/8.10.2/transforms/81e4360543fbb01d4f7fb470fa49803d/transformed/ideaIU-2025.3/plugins/JavaEE/lib/javaee-platform.jar:/home/ubuntu/.gradle/caches/8.10.2/transforms/81e4360543fbb01d4f7fb470fa49803d/transformed/ideaIU-2025.3/plugins/JavaEE/lib/javaee-rt.jar:/home/ubuntu/.gradle/caches/8.10.2/transforms/81e4360543fbb01d4f7fb470fa49803d/transformed/ideaIU-2025.3/plugins/JavaEE/lib/jasper-v2-rt.jar:/home/ubuntu/.gradle/caches/8.10.2/transforms/81e4360543fbb01d4f7fb470fa49803d/transformed/ideaIU-2025.3/plugins/JavaEE/lib/modules/intellij.javaee.web.jar:/home/ubuntu/.gradle/caches/8.10.2/transforms/81e4360543fbb01d4f7fb470fa49803d/transformed/ideaIU-2025.3/plugins/JavaEE/lib/modules/intellij.javaee.platform.impl.jar:/home/ubuntu/.gradle/caches/8.10.2/transforms/81e4360543fbb01d4f7fb470fa49803d/transformed/ideaIU-2025.3/plugins/JavaEE/lib/modules/intellij.javaee.jpa.ql.jar:/home/ubuntu/.gradle/caches/8.10.2/transforms/81e4360543fbb01d4f7fb470fa49803d/transformed/ideaIU-2025.3/plugins/JavaEE/lib/modules/intellij.javaee.platform.impl.database.jar:/home/ubuntu/.gradle/caches/8.10.2/transforms/81e4360543fbb01d4f7fb470fa49803d/transformed/ideaIU-2025.3/plugins/JavaEE/lib/modules/intellij.javaee.platform.jar:/home/ubuntu/.gradle/caches/8.10.2/transforms/81e4360543fbb01d4f7fb470fa49803d/transformed/ideaIU-2025.3/plugins/JavaEE/lib/modules/intellij.javaee.langInjection.jar:/home/ubuntu/.gradle/caches/8.10.2/transforms/81e4360543fbb01d4f7fb470fa49803d/transformed/ideaIU-2025.3/plugins/JavaEE/lib/modules/intellij.javaee.app.servers.jar:/home/ubuntu/.gradle/caches/8.10.2/transforms/81e4360543fbb01d4f7fb470fa49803d/transformed/ideaIU-2025.3/plugins/JavaEE/lib/modules/intellij.javaee.ejb.jar:/home/ubuntu/.gradle/caches/8.10.2/transforms/81e4360543fbb01d4f7fb470fa49803d/transformed/ideaIU-2025.3/plugins/JavaEE/lib/modules/intellij.javaee.platform.free.jar:/home/ubuntu/.gradle/caches/8.10.2/transforms/81e4360543fbb01d4f7fb470fa49803d/transformed/ideaIU-2025.3/plugins/JavaEE/lib/modules/intellij.javaee.application.jar:/home/ubuntu/.gradle/caches/8.10.2/transforms/81e4360543fbb01d4f7fb470fa49803d/transformed/ideaIU-2025.3/plugins/javaee-app-servers-impl/lib/AppServersView.jar:/home/ubuntu/.gradle/caches/8.10.2/transforms/81e4360543fbb01d4f7fb470fa49803d/transformed/ideaIU-2025.3/plugins/javaee-app-servers-impl/lib/javaee-appServers-cloud-rt.jar:/home/ubuntu/.gradle/caches/8.10.2/transforms/81e4360543fbb01d4f7fb470fa49803d/transformed/ideaIU-2025.3/plugins/javaee-app-servers-impl/lib/javaee-app-servers-impl.jar:/home/ubuntu/.gradle/caches/8.10.2/transforms/81e4360543fbb01d4f7fb470fa49803d/transformed/ideaIU-2025.3/plugins/javaee-app-servers-impl/lib/javaee-appServers-rt.jar:/home/ubuntu/.gradle/caches/8.10.2/transforms/81e4360543fbb01d4f7fb470fa49803d/transformed/ideaIU-2025.3/plugins/javaee-el-core/lib/javaee-el-core.jar:/home/ubuntu/.gradle/caches/8.10.2/transforms/81e4360543fbb01d4f7fb470fa49803d/transformed/ideaIU-2025.3/plugins/javaee-extensions/lib/javaee-extensions.jar:/home/ubuntu/.gradle/caches/8.10.2/transforms/81e4360543fbb01d4f7fb470fa49803d/transformed/ideaIU-2025.3/plugins/javaee-jakarta-data/lib/javaee-jakarta-data.jar:/home/ubuntu/.gradle/caches/8.10.2/transforms/81e4360543fbb01d4f7fb470fa49803d/transformed/ideaIU-2025.3/plugins/JPA/lib/jpa-support.jar:/home/ubuntu/.gradle/caches/8.10.2/transforms/81e4360543fbb01d4f7fb470fa49803d/transformed/ideaIU-2025.3/plugins/JPA/lib/modules/intellij.javaee.jpa.kotlin.jar:/home/ubuntu/.gradle/caches/8.10.2/transforms/81e4360543fbb01d4f7fb470fa49803d/transformed/ideaIU-2025.3/plugins/javaee-reverseEngineering/lib/javaee-reverseEngineering.jar:/home/ubuntu/.gradle/caches/8.10.2/transforms/81e4360543fbb01d4f7fb470fa49803d/transformed/ideaIU-2025.3/plugins/JavaeeWeb/lib/javaee-web.jar:/home/ubuntu/.gradle/caches/8.10.2/transforms/81e4360543fbb01d4f7fb470fa49803d/transformed/ideaIU-2025.3/plugins/JPA Model/lib/jpa-model.jar:/home/ubuntu/.gradle/caches/8.10.2/transforms/81e4360543fbb01d4f7fb470fa49803d/transformed/ideaIU-2025.3/plugins/JPA Model/lib/jgoodies.binding.jar:/home/ubuntu/.gradle/caches/8.10.2/transforms/81e4360543fbb01d4f7fb470fa49803d/transformed/ideaIU-2025.3/plugins/jsonpath/lib/jsonpath.jar:/home/ubuntu/.gradle/caches/8.10.2/transforms/81e4360543fbb01d4f7fb470fa49803d/transformed/ideaIU-2025.3/plugins/javaee-jsp-base-impl/lib/jsp.jar:/home/ubuntu/.gradle/caches/8.10.2/transforms/81e4360543fbb01d4f7fb470fa49803d/transformed/ideaIU-2025.3/plugins/javaee-jsp-base-impl/lib/servlets.jar:/home/ubuntu/.gradle/caches/8.10.2/transforms/81e4360543fbb01d4f7fb470fa49803d/transformed/ideaIU-2025.3/plugins/javaee-jsp-base-impl/lib/javaee-jsp-base-impl.jar:/home/ubuntu/.gradle/caches/8.10.2/transforms/81e4360543fbb01d4f7fb470fa49803d/transformed/ideaIU-2025.3/plugins/localization-ko/lib/localization-ko.jar:/home/ubuntu/.gradle/caches/8.10.2/transforms/81e4360543fbb01d4f7fb470fa49803d/transformed/ideaIU-2025.3/plugins/clouds-kubernetes/lib/intellij.kubernetes.k8s.api.spec.jar:/home/ubuntu/.gradle/caches/8.10.2/transforms/81e4360543fbb01d4f7fb470fa49803d/transformed/ideaIU-2025.3/plugins/clouds-kubernetes/lib/semver4j.jar:/home/ubuntu/.gradle/caches/8.10.2/transforms/81e4360543fbb01d4f7fb470fa49803d/transformed/ideaIU-2025.3/plugins/clouds-kubernetes/lib/kubernetes-client-java.jar:/home/ubuntu/.gradle/caches/8.10.2/transforms/81e4360543fbb01d4f7fb470fa49803d/transformed/ideaIU-2025.3/plugins/clouds-kubernetes/lib/clouds-kubernetes.jar:/home/ubuntu/.gradle/caches/8.10.2/transforms/81e4360543fbb01d4f7fb470fa49803d/transformed/ideaIU-2025.3/plugins/clouds-kubernetes/lib/modules/intellij.clouds.kubernetes.cron.jar:/home/ubuntu/.gradle/caches/8.10.2/transforms/81e4360543fbb01d4f7fb470fa49803d/transformed/ideaIU-2025.3/plugins/clouds-kubernetes/lib/modules/intellij.clouds.kubernetes.db.jar:/home/ubuntu/.gradle/caches/8.10.2/transforms/81e4360543fbb01d4f7fb470fa49803d/transformed/ideaIU-2025.3/plugins/clouds-kubernetes/lib/modules/intellij.clouds.kubernetes.backend.jar:/home/ubuntu/.gradle/caches/8.10.2/transforms/81e4360543fbb01d4f7fb470fa49803d/transformed/ideaIU-2025.3/plugins/clouds-kubernetes/lib/modules/intellij.clouds.kubernetes.charts.gotpl.jar:/home/ubuntu/.gradle/caches/8.10.2/transforms/81e4360543fbb01d4f7fb470fa49803d/transformed/ideaIU-2025.3/plugins/clouds-kubernetes/lib/modules/intellij.clouds.kubernetes.frontend.jar:/home/ubuntu/.gradle/caches/8.10.2/transforms/81e4360543fbb01d4f7fb470fa49803d/transformed/ideaIU-2025.3/plugins/liquibase/lib/liquibase-core.jar:/home/ubuntu/.gradle/caches/8.10.2/transforms/81e4360543fbb01d4f7fb470fa49803d/transformed/ideaIU-2025.3/plugins/liquibase/lib/liquibase.jar:/home/ubuntu/.gradle/caches/8.10.2/transforms/81e4360543fbb01d4f7fb470fa49803d/transformed/ideaIU-2025.3/plugins/mcpserver/lib/io.github.smiley4.schema.kenerator.core.jar:/home/ubuntu/.gradle/caches/8.10.2/transforms/81e4360543fbb01d4f7fb470fa49803d/transformed/ideaIU-2025.3/plugins/mcpserver/lib/mcpserver-frontend.jar:/home/ubuntu/.gradle/caches/8.10.2/transforms/81e4360543fbb01d4f7fb470fa49803d/transformed/ideaIU-2025.3/plugins/mcpserver/lib/mcpserver.jar:/home/ubuntu/.gradle/caches/8.10.2/transforms/81e4360543fbb01d4f7fb470fa49803d/transformed/ideaIU-2025.3/plugins/mcpserver/lib/ktor-server-cio-internal.jar:/home/ubuntu/.gradle/caches/8.10.2/transforms/81e4360543fbb01d4f7fb470fa49803d/transformed/ideaIU-2025.3/plugins/mcpserver/lib/io.github.smiley4.schema.kenerator.jsonschema.jar:/home/ubuntu/.gradle/caches/8.10.2/transforms/81e4360543fbb01d4f7fb470fa49803d/transformed/ideaIU-2025.3/plugins/mcpserver/lib/io.github.smiley4.schema.kenerator.serialization.jar:/home/ubuntu/.gradle/caches/8.10.2/transforms/81e4360543fbb01d4f7fb470fa49803d/transformed/ideaIU-2025.3/plugins/micronaut/lib/micronaut.jar:/home/ubuntu/.gradle/caches/8.10.2/transforms/81e4360543fbb01d4f7fb470fa49803d/transformed/ideaIU-2025.3/plugins/micronaut/lib/micronaut-gradle-tooling.jar:/home/ubuntu/.gradle/caches/8.10.2/transforms/81e4360543fbb01d4f7fb470fa49803d/transformed/ideaIU-2025.3/plugins/microservices-jvm/lib/microservices-jvm.jar:/home/ubuntu/.gradle/caches/8.10.2/transforms/81e4360543fbb01d4f7fb470fa49803d/transformed/ideaIU-2025.3/plugins/microservices-jvm/lib/jetbrains.intellij.deps.scheduled.debugger.agent.jar:/home/ubuntu/.gradle/caches/8.10.2/transforms/81e4360543fbb01d4f7fb470fa49803d/transformed/ideaIU-2025.3/plugins/microservices-plugin/lib/microservices-plugin.jar:/home/ubuntu/.gradle/caches/8.10.2/transforms/81e4360543fbb01d4f7fb470fa49803d/transformed/ideaIU-2025.3/plugins/microservices-plugin/lib/modules/intellij.microservices.diagrams.jar:/home/ubuntu/.gradle/caches/8.10.2/transforms/81e4360543fbb01d4f7fb470fa49803d/transformed/ideaIU-2025.3/plugins/json/lib/json.jar:/home/ubuntu/.gradle/caches/8.10.2/transforms/81e4360543fbb01d4f7fb470fa49803d/transformed/ideaIU-2025.3/plugins/json/lib/modules/intellij.json.backend.regexp.jar:/home/ubuntu/.gradle/caches/8.10.2/transforms/81e4360543fbb01d4f7fb470fa49803d/transformed/ideaIU-2025.3/plugins/json/lib/modules/intellij.json.backend.jar:/home/ubuntu/.gradle/caches/8.10.2/transforms/81e4360543fbb01d4f7fb470fa49803d/transformed/ideaIU-2025.3/plugins/json/lib/modules/intellij.json.frontend.split.jar:/home/ubuntu/.gradle/caches/8.10.2/transforms/81e4360543fbb01d4f7fb470fa49803d/transformed/ideaIU-2025.3/plugins/ultimate-plugin/lib/ultimate-plugin.jar:/home/ubuntu/.gradle/caches/8.10.2/transforms/81e4360543fbb01d4f7fb470fa49803d/transformed/ideaIU-2025.3/plugins/notebooks-plugin/lib/notebooks-plugin.jar:/home/ubuntu/.gradle/caches/8.10.2/transforms/81e4360543fbb01d4f7fb470fa49803d/transformed/ideaIU-2025.3/plugins/javaee-persistence-impl/lib/javaee-persistence-impl.jar:/home/ubuntu/.gradle/caches/8.10.2/transforms/81e4360543fbb01d4f7fb470fa49803d/transformed/ideaIU-2025.3/plugins/platform-images/lib/platform-images.jar:/home/ubuntu/.gradle/caches/8.10.2/transforms/81e4360543fbb01d4f7fb470fa49803d/transformed/ideaIU-2025.3/plugins/platform-images/lib/modules/intellij.platform.images.xdebugger.jar:/home/ubuntu/.gradle/caches/8.10.2/transforms/81e4360543fbb01d4f7fb470fa49803d/transformed/ideaIU-2025.3/plugins/keymap-eclipse/lib/keymap-eclipse.jar:/home/ubuntu/.gradle/caches/8.10.2/transforms/81e4360543fbb01d4f7fb470fa49803d/transformed/ideaIU-2025.3/plugins/keymap-netbeans/lib/keymap-netbeans.jar:/home/ubuntu/.gradle/caches/8.10.2/transforms/81e4360543fbb01d4f7fb470fa49803d/transformed/ideaIU-2025.3/plugins/keymap-visualStudio/lib/keymap-visualStudio.jar:/home/ubuntu/.gradle/caches/8.10.2/transforms/81e4360543fbb01d4f7fb470fa49803d/transformed/ideaIU-2025.3/plugins/webComponents/lib/webComponents.jar:/home/ubuntu/.gradle/caches/8.10.2/transforms/81e4360543fbb01d4f7fb470fa49803d/transformed/ideaIU-2025.3/plugins/properties/lib/properties.jar:/home/ubuntu/.gradle/caches/8.10.2/transforms/81e4360543fbb01d4f7fb470fa49803d/transformed/ideaIU-2025.3/plugins/properties/lib/modules/intellij.properties.backend.jar:/home/ubuntu/.gradle/caches/8.10.2/transforms/81e4360543fbb01d4f7fb470fa49803d/transformed/ideaIU-2025.3/plugins/properties/lib/modules/intellij.properties.backend.psi.jar:/home/ubuntu/.gradle/caches/8.10.2/transforms/81e4360543fbb01d4f7fb470fa49803d/transformed/ideaIU-2025.3/plugins/quarkus/lib/quarkus.jar:/home/ubuntu/.gradle/caches/8.10.2/transforms/81e4360543fbb01d4f7fb470fa49803d/transformed/ideaIU-2025.3/plugins/react/lib/react.jar:/home/ubuntu/.gradle/caches/8.10.2/transforms/81e4360543fbb01d4f7fb470fa49803d/transformed/ideaIU-2025.3/plugins/searchEverywhereMl/lib/searchEverywhereMl.jar:/home/ubuntu/.gradle/caches/8.10.2/transforms/81e4360543fbb01d4f7fb470fa49803d/transformed/ideaIU-2025.3/plugins/searchEverywhereMl/lib/ai.grazie.emb.jar:/home/ubuntu/.gradle/caches/8.10.2/transforms/81e4360543fbb01d4f7fb470fa49803d/transformed/ideaIU-2025.3/plugins/searchEverywhereMl/lib/jetbrains.mlapi.core.jar:/home/ubuntu/.gradle/caches/8.10.2/transforms/81e4360543fbb01d4f7fb470fa49803d/transformed/ideaIU-2025.3/plugins/searchEverywhereMl/lib/ai.grazie.model.swagger.annotations.jvm.jar:/home/ubuntu/.gradle/caches/8.10.2/transforms/81e4360543fbb01d4f7fb470fa49803d/transformed/ideaIU-2025.3/plugins/searchEverywhereMl/lib/modules/intellij.searchEverywhereMl.typos.jar:/home/ubuntu/.gradle/caches/8.10.2/transforms/81e4360543fbb01d4f7fb470fa49803d/transformed/ideaIU-2025.3/plugins/searchEverywhereMl/lib/modules/intellij.searchEverywhereMl.ranking.core.jar:/home/ubuntu/.gradle/caches/8.10.2/transforms/81e4360543fbb01d4f7fb470fa49803d/transformed/ideaIU-2025.3/plugins/settingsSync/lib/jetbrains.intellij.deps.eclipse.jgit.jar:/home/ubuntu/.gradle/caches/8.10.2/transforms/81e4360543fbb01d4f7fb470fa49803d/transformed/ideaIU-2025.3/plugins/settingsSync/lib/settingsSync.jar:/home/ubuntu/.gradle/caches/8.10.2/transforms/81e4360543fbb01d4f7fb470fa49803d/transformed/ideaIU-2025.3/plugins/settingsSync/lib/cloud-config-client.jar:/home/ubuntu/.gradle/caches/8.10.2/transforms/81e4360543fbb01d4f7fb470fa49803d/transformed/ideaIU-2025.3/plugins/Spring/lib/spring.jar:/home/ubuntu/.gradle/caches/8.10.2/transforms/81e4360543fbb01d4f7fb470fa49803d/transformed/ideaIU-2025.3/plugins/Spring/lib/modules/intellij.spring.jar:/home/ubuntu/.gradle/caches/8.10.2/transforms/81e4360543fbb01d4f7fb470fa49803d/transformed/ideaIU-2025.3/plugins/Spring/lib/modules/intellij.spring.boot.run.shared.jar:/home/ubuntu/.gradle/caches/8.10.2/transforms/81e4360543fbb01d4f7fb470fa49803d/transformed/ideaIU-2025.3/plugins/Spring/lib/modules/intellij.spring.eclipse.jar:/home/ubuntu/.gradle/caches/8.10.2/transforms/81e4360543fbb01d4f7fb470fa49803d/transformed/ideaIU-2025.3/plugins/Spring/lib/modules/intellij.spring.core.shared.jar:/home/ubuntu/.gradle/caches/8.10.2/transforms/81e4360543fbb01d4f7fb470fa49803d/transformed/ideaIU-2025.3/plugins/Spring/lib/modules/intellij.spring.boot.run.free.jar:/home/ubuntu/.gradle/caches/8.10.2/transforms/81e4360543fbb01d4f7fb470fa49803d/transformed/ideaIU-2025.3/plugins/Spring/lib/modules/intellij.spring.el.jar:/home/ubuntu/.gradle/caches/8.10.2/transforms/81e4360543fbb01d4f7fb470fa49803d/transformed/ideaIU-2025.3/plugins/Spring/lib/modules/intellij.spring.web.jar:/home/ubuntu/.gradle/caches/8.10.2/transforms/81e4360543fbb01d4f7fb470fa49803d/transformed/ideaIU-2025.3/plugins/Spring/lib/modules/intellij.spring.aop.jar:/home/ubuntu/.gradle/caches/8.10.2/transforms/81e4360543fbb01d4f7fb470fa49803d/transformed/ideaIU-2025.3/plugins/Spring/lib/modules/intellij.spring.core.injections.jar:/home/ubuntu/.gradle/caches/8.10.2/transforms/81e4360543fbb01d4f7fb470fa49803d/transformed/ideaIU-2025.3/plugins/Spring/lib/modules/intellij.spring.boot.shared.jar:/home/ubuntu/.gradle/caches/8.10.2/transforms/81e4360543fbb01d4f7fb470fa49803d/transformed/ideaIU-2025.3/plugins/Spring/lib/modules/intellij.spring.core.free.jar:/home/ubuntu/.gradle/caches/8.10.2/transforms/81e4360543fbb01d4f7fb470fa49803d/transformed/ideaIU-2025.3/plugins/Spring/lib/modules/intellij.spring.persistence.jpa.jar:/home/ubuntu/.gradle/caches/8.10.2/transforms/81e4360543fbb01d4f7fb470fa49803d/transformed/ideaIU-2025.3/plugins/Spring/lib/modules/intellij.spring.graph.jar:/home/ubuntu/.gradle/caches/8.10.2/transforms/81e4360543fbb01d4f7fb470fa49803d/transformed/ideaIU-2025.3/plugins/Spring/lib/modules/intellij.spring.persistence.jar:/home/ubuntu/.gradle/caches/8.10.2/transforms/81e4360543fbb01d4f7fb470fa49803d/transformed/ideaIU-2025.3/plugins/Spring/lib/modules/intellij.spring.jsf.jar:/home/ubuntu/.gradle/caches/8.10.2/transforms/81e4360543fbb01d4f7fb470fa49803d/transformed/ideaIU-2025.3/plugins/Spring/lib/modules/intellij.spring.persistence.hibernate.jar:/home/ubuntu/.gradle/caches/8.10.2/transforms/81e4360543fbb01d4f7fb470fa49803d/transformed/ideaIU-2025.3/plugins/Spring/lib/modules/intellij.spring.kotlin.jar:/home/ubuntu/.gradle/caches/8.10.2/transforms/81e4360543fbb01d4f7fb470fa49803d/transformed/ideaIU-2025.3/plugins/Spring/lib/modules/intellij.spring.core.jar:/home/ubuntu/.gradle/caches/8.10.2/transforms/81e4360543fbb01d4f7fb470fa49803d/transformed/ideaIU-2025.3/plugins/Spring/lib/modules/intellij.spring.data.jpa.ql.jar:/home/ubuntu/.gradle/caches/8.10.2/transforms/81e4360543fbb01d4f7fb470fa49803d/transformed/ideaIU-2025.3/plugins/spring-boot-core/lib/spring-boot-core.jar:/home/ubuntu/.gradle/caches/8.10.2/transforms/81e4360543fbb01d4f7fb470fa49803d/transformed/ideaIU-2025.3/plugins/spring-boot-core/lib/modules/intellij.spring.boot.maven.shared.jar:/home/ubuntu/.gradle/caches/8.10.2/transforms/81e4360543fbb01d4f7fb470fa49803d/transformed/ideaIU-2025.3/plugins/spring-boot-core/lib/modules/intellij.spring.boot.rewrite.jar:/home/ubuntu/.gradle/caches/8.10.2/transforms/81e4360543fbb01d4f7fb470fa49803d/transformed/ideaIU-2025.3/plugins/spring-boot-core/lib/modules/intellij.spring.boot.jpa.jar:/home/ubuntu/.gradle/caches/8.10.2/transforms/81e4360543fbb01d4f7fb470fa49803d/transformed/ideaIU-2025.3/plugins/spring-boot-core/lib/modules/intellij.spring.boot.gradle.shared.jar:/home/ubuntu/.gradle/caches/8.10.2/transforms/81e4360543fbb01d4f7fb470fa49803d/transformed/ideaIU-2025.3/plugins/spring-boot-core/lib/modules/intellij.spring.boot.gradle.kts.shared.jar:/home/ubuntu/.gradle/caches/8.10.2/transforms/81e4360543fbb01d4f7fb470fa49803d/transformed/ideaIU-2025.3/plugins/spring-boot-core/lib/modules/intellij.spring.boot.cron.jar:/home/ubuntu/.gradle/caches/8.10.2/transforms/81e4360543fbb01d4f7fb470fa49803d/transformed/ideaIU-2025.3/plugins/spring-boot-initializr/lib/spring-boot-initializr.jar:/home/ubuntu/.gradle/caches/8.10.2/transforms/81e4360543fbb01d4f7fb470fa49803d/transformed/ideaIU-2025.3/plugins/spring-boot-cloud/lib/spring-boot-cloud.jar:/home/ubuntu/.gradle/caches/8.10.2/transforms/81e4360543fbb01d4f7fb470fa49803d/transformed/ideaIU-2025.3/plugins/spring-data/lib/spring-data.jar:/home/ubuntu/.gradle/caches/8.10.2/transforms/81e4360543fbb01d4f7fb470fa49803d/transformed/ideaIU-2025.3/plugins/spring-data/lib/modules/intellij.spring.data.el.jar:/home/ubuntu/.gradle/caches/8.10.2/transforms/81e4360543fbb01d4f7fb470fa49803d/transformed/ideaIU-2025.3/plugins/spring-data/lib/modules/intellij.spring.data.ql.jar:/home/ubuntu/.gradle/caches/8.10.2/transforms/81e4360543fbb01d4f7fb470fa49803d/transformed/ideaIU-2025.3/plugins/spring-data/lib/modules/intellij.spring.data.liquibase.jar:/home/ubuntu/.gradle/caches/8.10.2/transforms/81e4360543fbb01d4f7fb470fa49803d/transformed/ideaIU-2025.3/plugins/spring-data/lib/modules/intellij.spring.data.jpa.jar:/home/ubuntu/.gradle/caches/8.10.2/transforms/81e4360543fbb01d4f7fb470fa49803d/transformed/ideaIU-2025.3/plugins/spring-data/lib/modules/intellij.spring.data.mongodb.jar:/home/ubuntu/.gradle/caches/8.10.2/transforms/81e4360543fbb01d4f7fb470fa49803d/transformed/ideaIU-2025.3/plugins/spring-integration-core/lib/spring-integration-core.jar:/home/ubuntu/.gradle/caches/8.10.2/transforms/81e4360543fbb01d4f7fb470fa49803d/transformed/ideaIU-2025.3/plugins/spring-messaging/lib/spring-messaging.jar:/home/ubuntu/.gradle/caches/8.10.2/transforms/81e4360543fbb01d4f7fb470fa49803d/transformed/ideaIU-2025.3/plugins/spring-modulith/lib/spring-modulith.jar:/home/ubuntu/.gradle/caches/8.10.2/transforms/81e4360543fbb01d4f7fb470fa49803d/transformed/ideaIU-2025.3/plugins/spring-mvc-impl/lib/spring-mvc-impl.jar:/home/ubuntu/.gradle/caches/8.10.2/transforms/81e4360543fbb01d4f7fb470fa49803d/transformed/ideaIU-2025.3/plugins/spring-security/lib/spring-security.jar:/home/ubuntu/.gradle/caches/8.10.2/transforms/81e4360543fbb01d4f7fb470fa49803d/transformed/ideaIU-2025.3/plugins/stylelint/lib/stylelint.jar:/home/ubuntu/.gradle/caches/8.10.2/transforms/81e4360543fbb01d4f7fb470fa49803d/transformed/ideaIU-2025.3/plugins/swagger/lib/org.webjars.npm-asyncapi__react-component.jar:/home/ubuntu/.gradle/caches/8.10.2/transforms/81e4360543fbb01d4f7fb470fa49803d/transformed/ideaIU-2025.3/plugins/swagger/lib/swagger.jar:/home/ubuntu/.gradle/caches/8.10.2/transforms/81e4360543fbb01d4f7fb470fa49803d/transformed/ideaIU-2025.3/plugins/swagger/lib/intellij.swagger.redoc.jar:/home/ubuntu/.gradle/caches/8.10.2/transforms/81e4360543fbb01d4f7fb470fa49803d/transformed/ideaIU-2025.3/plugins/swagger/lib/org.webjars-swagger-ui.jar:/home/ubuntu/.gradle/caches/8.10.2/transforms/81e4360543fbb01d4f7fb470fa49803d/transformed/ideaIU-2025.3/plugins/tailwindcss/lib/tailwindcss.jar:/home/ubuntu/.gradle/caches/8.10.2/transforms/81e4360543fbb01d4f7fb470fa49803d/transformed/ideaIU-2025.3/plugins/tasks/lib/commons-discovery.jar:/home/ubuntu/.gradle/caches/8.10.2/transforms/81e4360543fbb01d4f7fb470fa49803d/transformed/ideaIU-2025.3/plugins/tasks/lib/axis.jar:/home/ubuntu/.gradle/caches/8.10.2/transforms/81e4360543fbb01d4f7fb470fa49803d/transformed/ideaIU-2025.3/plugins/tasks/lib/tasks-core.jar:/home/ubuntu/.gradle/caches/8.10.2/transforms/81e4360543fbb01d4f7fb470fa49803d/transformed/ideaIU-2025.3/plugins/tasks/lib/http-client.jar:/home/ubuntu/.gradle/caches/8.10.2/transforms/81e4360543fbb01d4f7fb470fa49803d/transformed/ideaIU-2025.3/plugins/tasks/lib/modules/intellij.tasks.trac.jar:/home/ubuntu/.gradle/caches/8.10.2/transforms/81e4360543fbb01d4f7fb470fa49803d/transformed/ideaIU-2025.3/plugins/tasks/lib/modules/intellij.tasks.bugzilla.jar:/home/ubuntu/.gradle/caches/8.10.2/transforms/81e4360543fbb01d4f7fb470fa49803d/transformed/ideaIU-2025.3/plugins/tasks/lib/modules/intellij.tasks.jira.jar:/home/ubuntu/.gradle/caches/8.10.2/transforms/81e4360543fbb01d4f7fb470fa49803d/transformed/ideaIU-2025.3/plugins/tasks-timeTracking/lib/tasks-timeTracking.jar:/home/ubuntu/.gradle/caches/8.10.2/transforms/81e4360543fbb01d4f7fb470fa49803d/transformed/ideaIU-2025.3/plugins/thymeleaf-plugin/lib/thymeleaf-plugin.jar:/home/ubuntu/.gradle/caches/8.10.2/transforms/81e4360543fbb01d4f7fb470fa49803d/transformed/ideaIU-2025.3/plugins/thymeleaf-plugin/lib/modules/intellij.thymeleaf.spring.security.jar:/home/ubuntu/.gradle/caches/8.10.2/transforms/81e4360543fbb01d4f7fb470fa49803d/transformed/ideaIU-2025.3/plugins/thymeleaf-plugin/lib/modules/intellij.thymeleaf.free.jar:/home/ubuntu/.gradle/caches/8.10.2/transforms/81e4360543fbb01d4f7fb470fa49803d/transformed/ideaIU-2025.3/plugins/thymeleaf-plugin/lib/modules/intellij.thymeleaf.vue.jar:/home/ubuntu/.gradle/caches/8.10.2/transforms/81e4360543fbb01d4f7fb470fa49803d/transformed/ideaIU-2025.3/plugins/thymeleaf-plugin/lib/modules/intellij.thymeleaf.paid.jar:/home/ubuntu/.gradle/caches/8.10.2/transforms/81e4360543fbb01d4f7fb470fa49803d/transformed/ideaIU-2025.3/plugins/thymeleaf-plugin/lib/modules/intellij.thymeleaf.spring.el.jar:/home/ubuntu/.gradle/caches/8.10.2/transforms/81e4360543fbb01d4f7fb470fa49803d/transformed/ideaIU-2025.3/plugins/velocity/lib/velocity.jar:/home/ubuntu/.gradle/caches/8.10.2/transforms/81e4360543fbb01d4f7fb470fa49803d/transformed/ideaIU-2025.3/plugins/localization-zh/lib/localization-zh.jar:/home/ubuntu/.gradle/caches/8.10.2/transforms/81e4360543fbb01d4f7fb470fa49803d/transformed/ideaIU-2025.3/plugins/cwm-plugin/lib/jstun.jar:/home/ubuntu/.gradle/caches/8.10.2/transforms/81e4360543fbb01d4f7fb470fa49803d/transformed/ideaIU-2025.3/plugins/cwm-plugin/lib/split-protocol.jar:/home/ubuntu/.gradle/caches/8.10.2/transforms/81e4360543fbb01d4f7fb470fa49803d/transformed/ideaIU-2025.3/plugins/cwm-plugin/lib/intellij.community.wintools.jar:/home/ubuntu/.gradle/caches/8.10.2/transforms/81e4360543fbb01d4f7fb470fa49803d/transformed/ideaIU-2025.3/plugins/cwm-plugin/lib/intellij.platform.remoteController.jar:/home/ubuntu/.gradle/caches/8.10.2/transforms/81e4360543fbb01d4f7fb470fa49803d/transformed/ideaIU-2025.3/plugins/cwm-plugin/lib/cwm-connection-backend.jar:/home/ubuntu/.gradle/caches/8.10.2/transforms/81e4360543fbb01d4f7fb470fa49803d/transformed/ideaIU-2025.3/plugins/cwm-plugin/lib/jnaerator-runtime.jar:/home/ubuntu/.gradle/caches/8.10.2/transforms/81e4360543fbb01d4f7fb470fa49803d/transformed/ideaIU-2025.3/plugins/cwm-plugin/lib/split-connection.jar:/home/ubuntu/.gradle/caches/8.10.2/transforms/81e4360543fbb01d4f7fb470fa49803d/transformed/ideaIU-2025.3/plugins/cwm-plugin/lib/intellij.platform.remoteController.backend.jar:/home/ubuntu/.gradle/caches/8.10.2/transforms/81e4360543fbb01d4f7fb470fa49803d/transformed/ideaIU-2025.3/plugins/cwm-plugin/lib/cwm-plugin.jar:/home/ubuntu/.gradle/caches/8.10.2/transforms/81e4360543fbb01d4f7fb470fa49803d/transformed/ideaIU-2025.3/plugins/cwm-plugin/lib/intellij.platform.backend.split.jar:/home/ubuntu/.gradle/caches/8.10.2/transforms/81e4360543fbb01d4f7fb470fa49803d/transformed/ideaIU-2025.3/plugins/cwm-plugin/lib/ice4j.jar:/home/ubuntu/.gradle/caches/8.10.2/transforms/81e4360543fbb01d4f7fb470fa49803d/transformed/ideaIU-2025.3/plugins/cwm-plugin/lib/intellij.platform.split.jar:/home/ubuntu/.gradle/caches/8.10.2/transforms/81e4360543fbb01d4f7fb470fa49803d/transformed/ideaIU-2025.3/plugins/cwm-plugin/lib/tls-channel.jar:/home/ubuntu/.gradle/caches/8.10.2/transforms/81e4360543fbb01d4f7fb470fa49803d/transformed/ideaIU-2025.3/plugins/cwm-plugin/lib/quiche-jna-stubs.jar:/home/ubuntu/.gradle/caches/8.10.2/transforms/81e4360543fbb01d4f7fb470fa49803d/transformed/ideaIU-2025.3/plugins/cwm-plugin/lib/jitsi-utils.jar:/home/ubuntu/.gradle/caches/8.10.2/transforms/81e4360543fbb01d4f7fb470fa49803d/transformed/ideaIU-2025.3/plugins/cwm-plugin/lib/vcs-protocol.jar:/home/ubuntu/.gradle/caches/8.10.2/transforms/81e4360543fbb01d4f7fb470fa49803d/transformed/ideaIU-2025.3/plugins/cwm-plugin/lib/java-websocket.jar:/home/ubuntu/.gradle/caches/8.10.2/transforms/81e4360543fbb01d4f7fb470fa49803d/transformed/ideaIU-2025.3/plugins/cwm-plugin/lib/bouncy-castle-pgp.jar:/home/ubuntu/.gradle/caches/8.10.2/transforms/81e4360543fbb01d4f7fb470fa49803d/transformed/ideaIU-2025.3/plugins/cwm-plugin/lib/cwm-plugin-android.jar:/home/ubuntu/.gradle/caches/8.10.2/transforms/81e4360543fbb01d4f7fb470fa49803d/transformed/ideaIU-2025.3/plugins/cwm-plugin/lib/intellij.cwm.plugin.jar:/home/ubuntu/.gradle/caches/8.10.2/transforms/81e4360543fbb01d4f7fb470fa49803d/transformed/ideaIU-2025.3/plugins/cwm-plugin/lib/intellij.cwm.plugin.common.jar:/home/ubuntu/.gradle/caches/8.10.2/transforms/81e4360543fbb01d4f7fb470fa49803d/transformed/ideaIU-2025.3/plugins/cwm-plugin/lib/git-protocol.jar:/home/ubuntu/.gradle/caches/8.10.2/transforms/81e4360543fbb01d4f7fb470fa49803d/transformed/ideaIU-2025.3/plugins/cwm-plugin/lib/cwm-connection-common.jar:/home/ubuntu/.gradle/caches/8.10.2/transforms/81e4360543fbb01d4f7fb470fa49803d/transformed/ideaIU-2025.3/plugins/cwm-plugin/lib/modules/intellij.platform.navbar.backend.split.jar:/home/ubuntu/.gradle/caches/8.10.2/transforms/81e4360543fbb01d4f7fb470fa49803d/transformed/ideaIU-2025.3/plugins/cwm-plugin/lib/modules/intellij.platform.vcs.frontend.split.jar:/home/ubuntu/.gradle/caches/8.10.2/transforms/81e4360543fbb01d4f7fb470fa49803d/transformed/ideaIU-2025.3/plugins/cwm-plugin/lib/modules/intellij.performanceTesting.backend.split.jar:/home/ubuntu/.gradle/caches/8.10.2/transforms/81e4360543fbb01d4f7fb470fa49803d/transformed/ideaIU-2025.3/plugins/cwm-plugin/lib/modules/intellij.terminal.backend.split.jar:/home/ubuntu/.gradle/caches/8.10.2/transforms/81e4360543fbb01d4f7fb470fa49803d/transformed/ideaIU-2025.3/plugins/cwm-plugin/lib/modules/intellij.platform.searchEverywhere.frontend.split.jar:/home/ubuntu/.gradle/caches/8.10.2/transforms/81e4360543fbb01d4f7fb470fa49803d/transformed/ideaIU-2025.3/plugins/cwm-plugin/lib/modules/intellij.platform.execution.frontend.split.jar:/home/ubuntu/.gradle/caches/8.10.2/transforms/81e4360543fbb01d4f7fb470fa49803d/transformed/ideaIU-2025.3/plugins/cwm-plugin/lib/modules/intellij.platform.vcs.backend.split.jar:/home/ubuntu/.gradle/caches/8.10.2/transforms/81e4360543fbb01d4f7fb470fa49803d/transformed/ideaIU-2025.3/plugins/cwm-plugin/lib/modules/intellij.cwm.vcs.jar:/home/ubuntu/.gradle/caches/8.10.2/transforms/81e4360543fbb01d4f7fb470fa49803d/transformed/ideaIU-2025.3/plugins/cwm-plugin/lib/modules/intellij.platform.completion.backend.split.jar:/home/ubuntu/.gradle/caches/8.10.2/transforms/81e4360543fbb01d4f7fb470fa49803d/transformed/ideaIU-2025.3/plugins/cwm-plugin/lib/modules/intellij.platform.inline.completion.split.jar:/home/ubuntu/.gradle/caches/8.10.2/transforms/81e4360543fbb01d4f7fb470fa49803d/transformed/ideaIU-2025.3/plugins/cwm-plugin/lib/modules/intellij.platform.identifiers.highlighting.frontend.split.jar:/home/ubuntu/.gradle/caches/8.10.2/transforms/81e4360543fbb01d4f7fb470fa49803d/transformed/ideaIU-2025.3/plugins/cwm-plugin/lib/modules/intellij.platform.rpc.split.jar:/home/ubuntu/.gradle/caches/8.10.2/transforms/81e4360543fbb01d4f7fb470fa49803d/transformed/ideaIU-2025.3/plugins/cwm-plugin/lib/modules/intellij.driver.backend.split.jar:/home/ubuntu/.gradle/caches/8.10.2/transforms/81e4360543fbb01d4f7fb470fa49803d/transformed/ideaIU-2025.3/plugins/cwm-plugin/lib/modules/intellij.vcs.git.frontend.split.jar:/home/ubuntu/.gradle/caches/8.10.2/transforms/81e4360543fbb01d4f7fb470fa49803d/transformed/ideaIU-2025.3/plugins/cwm-plugin/lib/modules/intellij.vcs.git.backend.split.jar:/home/ubuntu/.gradle/caches/8.10.2/transforms/81e4360543fbb01d4f7fb470fa49803d/transformed/ideaIU-2025.3/plugins/cwm-plugin/lib/modules/intellij.platform.inline.completion.frontend.split.jar:/home/ubuntu/.gradle/caches/8.10.2/transforms/81e4360543fbb01d4f7fb470fa49803d/transformed/ideaIU-2025.3/plugins/cwm-plugin/lib/modules/intellij.station.backend.split.jar:/home/ubuntu/.gradle/caches/8.10.2/transforms/81e4360543fbb01d4f7fb470fa49803d/transformed/ideaIU-2025.3/plugins/cwm-plugin/lib/modules/intellij.platform.project.frontend.split.jar:/home/ubuntu/.gradle/caches/8.10.2/transforms/81e4360543fbb01d4f7fb470fa49803d/transformed/ideaIU-2025.3/plugins/cwm-plugin/lib/modules/intellij.platform.plugins.frontend.split.jar:/home/ubuntu/.gradle/caches/8.10.2/transforms/81e4360543fbb01d4f7fb470fa49803d/transformed/ideaIU-2025.3/plugins/cwm-plugin/lib/modules/intellij.platform.kernel.backend.split.jar:/home/ubuntu/.gradle/caches/8.10.2/transforms/81e4360543fbb01d4f7fb470fa49803d/transformed/ideaIU-2025.3/plugins/cwm-plugin/lib/modules/intellij.platform.plugins.shared.split.jar:/home/ubuntu/.gradle/caches/8.10.2/transforms/81e4360543fbb01d4f7fb470fa49803d/transformed/ideaIU-2025.3/plugins/cwm-plugin/lib/modules/intellij.xml.frontend.split.jar:/home/ubuntu/.gradle/caches/8.10.2/transforms/81e4360543fbb01d4f7fb470fa49803d/transformed/ideaIU-2025.3/plugins/cwm-plugin/lib/modules/intellij.platform.completion.frontend.split.jar:/home/ubuntu/.gradle/caches/8.10.2/transforms/81e4360543fbb01d4f7fb470fa49803d/transformed/ideaIU-2025.3/plugins/cwm-plugin/lib/modules/intellij.platform.plugins.backend.split.jar:/home/ubuntu/.gradle/caches/8.10.2/transforms/81e4360543fbb01d4f7fb470fa49803d/transformed/ideaIU-2025.3/plugins/cwm-plugin/lib/modules/intellij.platform.completion.common.split.jar:/home/ubuntu/.gradle/caches/8.10.2/transforms/81e4360543fbb01d4f7fb470fa49803d/transformed/ideaIU-2025.3/plugins/cwm-plugin/lib/modules/intellij.docker.backend.split.jar:/home/ubuntu/.gradle/caches/8.10.2/transforms/81e4360543fbb01d4f7fb470fa49803d/transformed/ideaIU-2025.3/plugins/cwm-plugin/lib/modules/intellij.java.backend.split.jar:/home/ubuntu/.gradle/caches/8.10.2/transforms/81e4360543fbb01d4f7fb470fa49803d/transformed/ideaIU-2025.3/plugins/cwm-plugin/lib/modules/intellij.platform.buildView.split.jar:/home/ubuntu/.gradle/caches/8.10.2/transforms/81e4360543fbb01d4f7fb470fa49803d/transformed/ideaIU-2025.3/plugins/cwm-plugin/lib/modules/intellij.platform.inline.completion.backend.split.jar:/home/ubuntu/.gradle/caches/8.10.2/transforms/81e4360543fbb01d4f7fb470fa49803d/transformed/ideaIU-2025.3/plugins/cwm-plugin/lib/modules/intellij.platform.vcs.common.split.jar:/home/ubuntu/.gradle/caches/8.10.2/transforms/81e4360543fbb01d4f7fb470fa49803d/transformed/ideaIU-2025.3/plugins/cwm-plugin/lib/modules/intellij.platform.progress.frontend.split.jar:/home/ubuntu/.gradle/caches/8.10.2/transforms/81e4360543fbb01d4f7fb470fa49803d/transformed/ideaIU-2025.3/plugins/gateway-plugin/lib/gateway-plugin.jar:/home/ubuntu/.gradle/caches/8.10.2/transforms/81e4360543fbb01d4f7fb470fa49803d/transformed/ideaIU-2025.3/plugins/gateway-plugin/lib/modules/intellij.gateway.station.jar:/home/ubuntu/.gradle/caches/8.10.2/transforms/81e4360543fbb01d4f7fb470fa49803d/transformed/ideaIU-2025.3/plugins/gateway-plugin/lib/modules/intellij.gateway.terminal.jar:/home/ubuntu/.gradle/caches/8.10.2/transforms/81e4360543fbb01d4f7fb470fa49803d/transformed/ideaIU-2025.3/plugins/performanceTesting/lib/assertj-swing.jar:/home/ubuntu/.gradle/caches/8.10.2/transforms/81e4360543fbb01d4f7fb470fa49803d/transformed/ideaIU-2025.3/plugins/performanceTesting/lib/performanceTesting.jar:/home/ubuntu/.gradle/caches/8.10.2/transforms/81e4360543fbb01d4f7fb470fa49803d/transformed/ideaIU-2025.3/plugins/performanceTesting/lib/github.oshi.core.jar:/home/ubuntu/.gradle/caches/8.10.2/transforms/81e4360543fbb01d4f7fb470fa49803d/transformed/ideaIU-2025.3/plugins/performanceTesting/lib/assertj.jar:/home/ubuntu/.gradle/caches/8.10.2/transforms/81e4360543fbb01d4f7fb470fa49803d/transformed/ideaIU-2025.3/plugins/performanceTesting/lib/modules/intellij.performanceTesting.frontend.jar:/home/ubuntu/.gradle/caches/8.10.2/transforms/81e4360543fbb01d4f7fb470fa49803d/transformed/ideaIU-2025.3/plugins/performanceTesting-async/lib/performanceTesting-async.jar:/home/ubuntu/.gradle/caches/8.10.2/transforms/81e4360543fbb01d4f7fb470fa49803d/transformed/ideaIU-2025.3/plugins/webDeployment/lib/jackrabbit2.jar:/home/ubuntu/.gradle/caches/8.10.2/transforms/81e4360543fbb01d4f7fb470fa49803d/transformed/ideaIU-2025.3/plugins/webDeployment/lib/commons-net.jar:/home/ubuntu/.gradle/caches/8.10.2/transforms/81e4360543fbb01d4f7fb470fa49803d/transformed/ideaIU-2025.3/plugins/webDeployment/lib/commons vfs.jar:/home/ubuntu/.gradle/caches/8.10.2/transforms/81e4360543fbb01d4f7fb470fa49803d/transformed/ideaIU-2025.3/plugins/webDeployment/lib/commons-pool2.jar:/home/ubuntu/.gradle/caches/8.10.2/transforms/81e4360543fbb01d4f7fb470fa49803d/transformed/ideaIU-2025.3/plugins/webDeployment/lib/webDeployment.jar:/home/ubuntu/.gradle/caches/8.10.2/transforms/81e4360543fbb01d4f7fb470fa49803d/transformed/ideaIU-2025.3/plugins/remote-dev-server/lib/remote-dev-server.jar:/home/ubuntu/.gradle/caches/8.10.2/transforms/81e4360543fbb01d4f7fb470fa49803d/transformed/ideaIU-2025.3/plugins/restClient/lib/github.javafaker.jar:/home/ubuntu/.gradle/caches/8.10.2/transforms/81e4360543fbb01d4f7fb470fa49803d/transformed/ideaIU-2025.3/plugins/restClient/lib/jooq.joox.jar:/home/ubuntu/.gradle/caches/8.10.2/transforms/81e4360543fbb01d4f7fb470fa49803d/transformed/ideaIU-2025.3/plugins/restClient/lib/restClient.jar:/home/ubuntu/.gradle/caches/8.10.2/transforms/81e4360543fbb01d4f7fb470fa49803d/transformed/ideaIU-2025.3/plugins/restClient/lib/brotli.dec.jar:/home/ubuntu/.gradle/caches/8.10.2/transforms/81e4360543fbb01d4f7fb470fa49803d/transformed/ideaIU-2025.3/plugins/restClient/lib/grpc.jar:/home/ubuntu/.gradle/caches/8.10.2/transforms/81e4360543fbb01d4f7fb470fa49803d/transformed/ideaIU-2025.3/plugins/restClient/lib/reactor-netty-http.jar:/home/ubuntu/.gradle/caches/8.10.2/transforms/81e4360543fbb01d4f7fb470fa49803d/transformed/ideaIU-2025.3/plugins/restClient/lib/graalvm.js.jar:/home/ubuntu/.gradle/caches/8.10.2/transforms/81e4360543fbb01d4f7fb470fa49803d/transformed/ideaIU-2025.3/plugins/restClient/lib/kotlinx-coroutines-reactor.jar:/home/ubuntu/.gradle/caches/8.10.2/transforms/81e4360543fbb01d4f7fb470fa49803d/transformed/ideaIU-2025.3/plugins/restClient/lib/modules/intellij.httpClient.grpc.jar:/home/ubuntu/.gradle/caches/8.10.2/transforms/81e4360543fbb01d4f7fb470fa49803d/transformed/ideaIU-2025.3/plugins/javaee-jax-rs/lib/javaee-jax-rs.jar:/home/ubuntu/.gradle/caches/8.10.2/transforms/81e4360543fbb01d4f7fb470fa49803d/transformed/ideaIU-2025.3/plugins/javaee-jax-rs/lib/javaee-jax-ws-rt.jar:/home/ubuntu/.gradle/caches/8.10.2/transforms/81e4360543fbb01d4f7fb470fa49803d/transformed/ideaIU-2025.3/plugins/sh-plugin/lib/sh-plugin.jar:/home/ubuntu/.gradle/caches/8.10.2/transforms/81e4360543fbb01d4f7fb470fa49803d/transformed/ideaIU-2025.3/plugins/sh-plugin/lib/modules/intellij.sh.backend.jar:/home/ubuntu/.gradle/caches/8.10.2/transforms/81e4360543fbb01d4f7fb470fa49803d/transformed/ideaIU-2025.3/plugins/sh-plugin/lib/modules/intellij.sh.frontend.split.jar:/home/ubuntu/.gradle/caches/8.10.2/transforms/81e4360543fbb01d4f7fb470fa49803d/transformed/ideaIU-2025.3/plugins/station-plugin/lib/station-plugin.jar:/home/ubuntu/.gradle/caches/8.10.2/transforms/81e4360543fbb01d4f7fb470fa49803d/transformed/ideaIU-2025.3/plugins/station-plugin/lib/modules/intellij.station.frontend.jar:/home/ubuntu/.gradle/caches/8.10.2/transforms/81e4360543fbb01d4f7fb470fa49803d/transformed/ideaIU-2025.3/plugins/station-plugin/lib/modules/intellij.station.aia.jar:/home/ubuntu/.gradle/caches/8.10.2/transforms/81e4360543fbb01d4f7fb470fa49803d/transformed/ideaIU-2025.3/plugins/station-plugin/lib/modules/intellij.station.frontend.split.jar:/home/ubuntu/.gradle/caches/8.10.2/transforms/81e4360543fbb01d4f7fb470fa49803d/transformed/ideaIU-2025.3/plugins/vcs-hg/lib/vcs-hg.jar:/home/ubuntu/.gradle/caches/8.10.2/transforms/81e4360543fbb01d4f7fb470fa49803d/transformed/ideaIU-2025.3/plugins/protoeditor/lib/protoeditor.jar:/home/ubuntu/.gradle/caches/8.10.2/transforms/81e4360543fbb01d4f7fb470fa49803d/transformed/ideaIU-2025.3/plugins/protoeditor/lib/google.protobuf.java.util.jar:/home/ubuntu/.gradle/caches/8.10.2/transforms/81e4360543fbb01d4f7fb470fa49803d/transformed/ideaIU-2025.3/plugins/vcs-git-commit-modal/lib/vcs-git-commit-modal.jar:/home/ubuntu/.gradle/caches/8.10.2/transforms/81e4360543fbb01d4f7fb470fa49803d/transformed/ideaIU-2025.3/plugins/grid-plugin/lib/grid-plugin.jar:/home/ubuntu/.gradle/caches/8.10.2/transforms/81e4360543fbb01d4f7fb470fa49803d/transformed/ideaIU-2025.3/plugins/grid-plugin/lib/modules/intellij.grid.scripting.rt.jar:/home/ubuntu/.gradle/caches/8.10.2/transforms/81e4360543fbb01d4f7fb470fa49803d/transformed/ideaIU-2025.3/plugins/indexing-shared-ultimate-plugin-bundled/lib/indexing-shared-ultimate-plugin-bundled.jar:/home/ubuntu/.gradle/caches/8.10.2/transforms/81e4360543fbb01d4f7fb470fa49803d/transformed/ideaIU-2025.3/plugins/indexing-shared-ultimate-plugin-bundled/lib/modules/intellij.indexing.shared.generator.jar:/home/ubuntu/.gradle/caches/8.10.2/transforms/81e4360543fbb01d4f7fb470fa49803d/transformed/ideaIU-2025.3/plugins/indexing-shared-ultimate-plugin-bundled/lib/modules/intellij.indexing.shared.ultimate.java.jar:/home/ubuntu/.gradle/caches/8.10.2/transforms/81e4360543fbb01d4f7fb470fa49803d/transformed/ideaIU-2025.3/plugins/indexing-shared-ultimate-plugin-bundled/lib/modules/intellij.indexing.shared.ultimate.git.jar:/home/ubuntu/.gradle/caches/8.10.2/transforms/81e4360543fbb01d4f7fb470fa49803d/transformed/ideaIU-2025.3/plugins/indexing-shared-ultimate-plugin-bundled/lib/modules/intellij.indexing.shared.ultimate.jar:/home/ubuntu/.gradle/caches/8.10.2/transforms/81e4360543fbb01d4f7fb470fa49803d/transformed/ideaIU-2025.3/plugins/indexing-shared/lib/indexing-shared.jar:/home/ubuntu/.gradle/caches/8.10.2/transforms/81e4360543fbb01d4f7fb470fa49803d/transformed/ideaIU-2025.3/plugins/jupyter-plugin/lib/jupyter-plugin.jar:/home/ubuntu/.gradle/caches/8.10.2/transforms/81e4360543fbb01d4f7fb470fa49803d/transformed/ideaIU-2025.3/plugins/jupyter-plugin/lib/modules/intellij.jupyter.split.frontend.jar:/home/ubuntu/.gradle/caches/8.10.2/transforms/81e4360543fbb01d4f7fb470fa49803d/transformed/ideaIU-2025.3/plugins/jupyter-plugin/lib/modules/intellij.jupyter.py.completion.ml.ranking.jar:/home/ubuntu/.gradle/caches/8.10.2/transforms/81e4360543fbb01d4f7fb470fa49803d/transformed/ideaIU-2025.3/plugins/jupyter-plugin/lib/modules/intellij.jupyter.py.psi.jar:/home/ubuntu/.gradle/caches/8.10.2/transforms/81e4360543fbb01d4f7fb470fa49803d/transformed/ideaIU-2025.3/plugins/jupyter-plugin/lib/modules/intellij.jupyter.core.jar:/home/ubuntu/.gradle/caches/8.10.2/transforms/81e4360543fbb01d4f7fb470fa49803d/transformed/ideaIU-2025.3/plugins/jupyter-plugin/lib/modules/intellij.jupyter.py.jar:/home/ubuntu/.gradle/caches/8.10.2/transforms/81e4360543fbb01d4f7fb470fa49803d/transformed/ideaIU-2025.3/plugins/jupyter-plugin/lib/modules/intellij.jupyter.execution.jar:/home/ubuntu/.gradle/caches/8.10.2/transforms/81e4360543fbb01d4f7fb470fa49803d/transformed/ideaIU-2025.3/plugins/jupyter-plugin/lib/modules/intellij.jupyter.split.frontend.py.jar:/home/ubuntu/.gradle/caches/8.10.2/transforms/81e4360543fbb01d4f7fb470fa49803d/transformed/ideaIU-2025.3/plugins/ktor/lib/ktor-gradle-tooling.jar:/home/ubuntu/.gradle/caches/8.10.2/transforms/81e4360543fbb01d4f7fb470fa49803d/transformed/ideaIU-2025.3/plugins/ktor/lib/ktor.jar:/home/ubuntu/.gradle/caches/8.10.2/transforms/81e4360543fbb01d4f7fb470fa49803d/transformed/ideaIU-2025.3/plugins/nextjs/lib/nextjs.jar:/home/ubuntu/.gradle/caches/8.10.2/transforms/81e4360543fbb01d4f7fb470fa49803d/transformed/ideaIU-2025.3/plugins/platform-ijent-impl/lib/google.protobuf.kotlin.jar:/home/ubuntu/.gradle/caches/8.10.2/transforms/81e4360543fbb01d4f7fb470fa49803d/transformed/ideaIU-2025.3/plugins/platform-ijent-impl/lib/platform-ijent-impl.jar:/home/ubuntu/.gradle/caches/8.10.2/transforms/81e4360543fbb01d4f7fb470fa49803d/transformed/ideaIU-2025.3/plugins/prettierJS/lib/prettierJS.jar:/home/ubuntu/.gradle/caches/8.10.2/transforms/81e4360543fbb01d4f7fb470fa49803d/transformed/ideaIU-2025.3/plugins/vitejs/lib/vitejs.jar:/home/ubuntu/.gradle/caches/8.10.2/transforms/81e4360543fbb01d4f7fb470fa49803d/transformed/ideaIU-2025.3/plugins/webpack/lib/webpack.jar:/home/ubuntu/.gradle/caches/8.10.2/transforms/81e4360543fbb01d4f7fb470fa49803d/transformed/ideaIU-2025.3/plugins/editorconfig-plugin/lib/editorconfig-plugin.jar:/home/ubuntu/.gradle/caches/8.10.2/transforms/81e4360543fbb01d4f7fb470fa49803d/transformed/ideaIU-2025.3/plugins/editorconfig-plugin/lib/modules/intellij.editorconfig.frontend.split.jar:/home/ubuntu/.gradle/caches/8.10.2/transforms/81e4360543fbb01d4f7fb470fa49803d/transformed/ideaIU-2025.3/plugins/editorconfig-plugin/lib/modules/intellij.editorconfig.frontend.jar:/home/ubuntu/.gradle/caches/8.10.2/transforms/81e4360543fbb01d4f7fb470fa49803d/transformed/ideaIU-2025.3/plugins/editorconfig-plugin/lib/modules/intellij.editorconfig.common.jar:/home/ubuntu/.gradle/caches/8.10.2/transforms/81e4360543fbb01d4f7fb470fa49803d/transformed/ideaIU-2025.3/plugins/editorconfig-plugin/lib/modules/intellij.editorconfig.backend.jar:/home/ubuntu/.gradle/caches/8.10.2/transforms/81e4360543fbb01d4f7fb470fa49803d/transformed/ideaIU-2025.3/plugins/Groovy/lib/groovy-jps.jar:/home/ubuntu/.gradle/caches/8.10.2/transforms/81e4360543fbb01d4f7fb470fa49803d/transformed/ideaIU-2025.3/plugins/Groovy/lib/groovy-rt-class-loader.jar:/home/ubuntu/.gradle/caches/8.10.2/transforms/81e4360543fbb01d4f7fb470fa49803d/transformed/ideaIU-2025.3/plugins/Groovy/lib/Groovy.jar:/home/ubuntu/.gradle/caches/8.10.2/transforms/81e4360543fbb01d4f7fb470fa49803d/transformed/ideaIU-2025.3/plugins/Groovy/lib/groovy-rt.jar:/home/ubuntu/.gradle/caches/8.10.2/transforms/81e4360543fbb01d4f7fb470fa49803d/transformed/ideaIU-2025.3/plugins/Groovy/lib/groovy-constants-rt.jar:/home/ubuntu/.gradle/caches/8.10.2/transforms/81e4360543fbb01d4f7fb470fa49803d/transformed/ideaIU-2025.3/plugins/Groovy/lib/groovy-spock-rt.jar:/home/ubuntu/.gradle/caches/8.10.2/transforms/81e4360543fbb01d4f7fb470fa49803d/transformed/ideaIU-2025.3/plugins/markdown/lib/markdown.jar:/home/ubuntu/.gradle/caches/8.10.2/transforms/81e4360543fbb01d4f7fb470fa49803d/transformed/ideaIU-2025.3/plugins/markdown/lib/modules/intellij.markdown.backend.jar:/home/ubuntu/.gradle/caches/8.10.2/transforms/81e4360543fbb01d4f7fb470fa49803d/transformed/ideaIU-2025.3/plugins/markdown/lib/modules/intellij.markdown.frontend.jar:/home/ubuntu/.gradle/caches/8.10.2/transforms/81e4360543fbb01d4f7fb470fa49803d/transformed/ideaIU-2025.3/plugins/postcss/lib/postcss.jar:/home/ubuntu/.gradle/caches/8.10.2/transforms/81e4360543fbb01d4f7fb470fa49803d/transformed/ideaIU-2025.3/plugins/qodana/lib/jetbrains.qodana.cloud.kotlin.client.jar:/home/ubuntu/.gradle/caches/8.10.2/transforms/81e4360543fbb01d4f7fb470fa49803d/transformed/ideaIU-2025.3/plugins/qodana/lib/qodana.jar:/home/ubuntu/.gradle/caches/8.10.2/transforms/81e4360543fbb01d4f7fb470fa49803d/transformed/ideaIU-2025.3/plugins/qodana/lib/jetbrains.qodana.web.ui.jar:/home/ubuntu/.gradle/caches/8.10.2/transforms/81e4360543fbb01d4f7fb470fa49803d/transformed/ideaIU-2025.3/plugins/qodana/lib/jetbrains.qodana.configuration.jar:/home/ubuntu/.gradle/caches/8.10.2/transforms/81e4360543fbb01d4f7fb470fa49803d/transformed/ideaIU-2025.3/plugins/qodana/lib/jetbrains.qodana.sarif.converter.jar:/home/ubuntu/.gradle/caches/8.10.2/transforms/81e4360543fbb01d4f7fb470fa49803d/transformed/ideaIU-2025.3/plugins/qodana/lib/jline.jar:/home/ubuntu/.gradle/caches/8.10.2/transforms/81e4360543fbb01d4f7fb470fa49803d/transformed/ideaIU-2025.3/plugins/qodana/lib/qodana-sarif.jar:/home/ubuntu/.gradle/caches/8.10.2/transforms/81e4360543fbb01d4f7fb470fa49803d/transformed/ideaIU-2025.3/plugins/qodana/lib/jetbrains.qodana.publisher.jar:/home/ubuntu/.gradle/caches/8.10.2/transforms/81e4360543fbb01d4f7fb470fa49803d/transformed/ideaIU-2025.3/plugins/qodana/lib/flexmark.jar:/home/ubuntu/.gradle/caches/8.10.2/transforms/81e4360543fbb01d4f7fb470fa49803d/transformed/ideaIU-2025.3/plugins/fullLine/lib/fullLine.jar:/home/ubuntu/.gradle/caches/8.10.2/transforms/81e4360543fbb01d4f7fb470fa49803d/transformed/ideaIU-2025.3/plugins/fullLine/lib/jgrapht.core.jar:/home/ubuntu/.gradle/caches/8.10.2/transforms/81e4360543fbb01d4f7fb470fa49803d/transformed/ideaIU-2025.3/plugins/fullLine/lib/jetbrains.mlapi.core.jar:/home/ubuntu/.gradle/caches/8.10.2/transforms/81e4360543fbb01d4f7fb470fa49803d/transformed/ideaIU-2025.3/plugins/fullLine/lib/jetbrains.ai.completion.trigger.model.polyglot.cloud.jar:/home/ubuntu/.gradle/caches/8.10.2/transforms/81e4360543fbb01d4f7fb470fa49803d/transformed/ideaIU-2025.3/plugins/fullLine/lib/clikt.jar:/home/ubuntu/.gradle/caches/8.10.2/transforms/81e4360543fbb01d4f7fb470fa49803d/transformed/ideaIU-2025.3/plugins/fullLine/lib/modules/intellij.fullLine.xml.jar:/home/ubuntu/.gradle/caches/8.10.2/transforms/81e4360543fbb01d4f7fb470fa49803d/transformed/ideaIU-2025.3/plugins/fullLine/lib/modules/intellij.fullLine.text.jar:/home/ubuntu/.gradle/caches/8.10.2/transforms/81e4360543fbb01d4f7fb470fa49803d/transformed/ideaIU-2025.3/plugins/fullLine/lib/modules/intellij.ml.llm.completion.trigger.model.jar:/home/ubuntu/.gradle/caches/8.10.2/transforms/81e4360543fbb01d4f7fb470fa49803d/transformed/ideaIU-2025.3/plugins/fullLine/lib/modules/intellij.fullLine.java.local.jar:/home/ubuntu/.gradle/caches/8.10.2/transforms/81e4360543fbb01d4f7fb470fa49803d/transformed/ideaIU-2025.3/plugins/fullLine/lib/modules/intellij.ml.llm.cpp.completion.jar:/home/ubuntu/.gradle/caches/8.10.2/transforms/81e4360543fbb01d4f7fb470fa49803d/transformed/ideaIU-2025.3/plugins/fullLine/lib/modules/intellij.ml.llm.php.completion.jar:/home/ubuntu/.gradle/caches/8.10.2/transforms/81e4360543fbb01d4f7fb470fa49803d/transformed/ideaIU-2025.3/plugins/fullLine/lib/modules/intellij.fullLine.properties.jar:/home/ubuntu/.gradle/caches/8.10.2/transforms/81e4360543fbb01d4f7fb470fa49803d/transformed/ideaIU-2025.3/plugins/fullLine/lib/modules/intellij.fullLine.php.local.jar:/home/ubuntu/.gradle/caches/8.10.2/transforms/81e4360543fbb01d4f7fb470fa49803d/transformed/ideaIU-2025.3/plugins/fullLine/lib/modules/intellij.fullLine.rbs.jar:/home/ubuntu/.gradle/caches/8.10.2/transforms/81e4360543fbb01d4f7fb470fa49803d/transformed/ideaIU-2025.3/plugins/fullLine/lib/modules/intellij.fullLine.rider.godot.jar:/home/ubuntu/.gradle/caches/8.10.2/transforms/81e4360543fbb01d4f7fb470fa49803d/transformed/ideaIU-2025.3/plugins/fullLine/lib/modules/intellij.ml.llm.go.completion.jar:/home/ubuntu/.gradle/caches/8.10.2/transforms/81e4360543fbb01d4f7fb470fa49803d/transformed/ideaIU-2025.3/plugins/fullLine/lib/modules/intellij.ml.llm.rider.shaderlab.completion.jar:/home/ubuntu/.gradle/caches/8.10.2/transforms/81e4360543fbb01d4f7fb470fa49803d/transformed/ideaIU-2025.3/plugins/fullLine/lib/modules/intellij.fullLine.js.local.jar:/home/ubuntu/.gradle/caches/8.10.2/transforms/81e4360543fbb01d4f7fb470fa49803d/transformed/ideaIU-2025.3/plugins/fullLine/lib/modules/intellij.fullLine.kotlin.local.jar:/home/ubuntu/.gradle/caches/8.10.2/transforms/81e4360543fbb01d4f7fb470fa49803d/transformed/ideaIU-2025.3/plugins/fullLine/lib/modules/intellij.fullLine.json.jar:/home/ubuntu/.gradle/caches/8.10.2/transforms/81e4360543fbb01d4f7fb470fa49803d/transformed/ideaIU-2025.3/plugins/fullLine/lib/modules/intellij.ml.llm.rider.fsharp.completion.jar:/home/ubuntu/.gradle/caches/8.10.2/transforms/81e4360543fbb01d4f7fb470fa49803d/transformed/ideaIU-2025.3/plugins/fullLine/lib/modules/intellij.ml.llm.css.completion.jar:/home/ubuntu/.gradle/caches/8.10.2/transforms/81e4360543fbb01d4f7fb470fa49803d/transformed/ideaIU-2025.3/plugins/fullLine/lib/modules/intellij.fullLine.yaml.jar:/home/ubuntu/.gradle/caches/8.10.2/transforms/81e4360543fbb01d4f7fb470fa49803d/transformed/ideaIU-2025.3/plugins/fullLine/lib/modules/intellij.ml.llm.python.completion.jar:/home/ubuntu/.gradle/caches/8.10.2/transforms/81e4360543fbb01d4f7fb470fa49803d/transformed/ideaIU-2025.3/plugins/fullLine/lib/modules/intellij.ml.llm.html.completion.jar:/home/ubuntu/.gradle/caches/8.10.2/transforms/81e4360543fbb01d4f7fb470fa49803d/transformed/ideaIU-2025.3/plugins/fullLine/lib/modules/intellij.fullLine.rider.shaderlab.jar:/home/ubuntu/.gradle/caches/8.10.2/transforms/81e4360543fbb01d4f7fb470fa49803d/transformed/ideaIU-2025.3/plugins/fullLine/lib/modules/intellij.fullLine.ruby.local.jar:/home/ubuntu/.gradle/caches/8.10.2/transforms/81e4360543fbb01d4f7fb470fa49803d/transformed/ideaIU-2025.3/plugins/fullLine/lib/modules/intellij.ml.llm.rust.completion.jar:/home/ubuntu/.gradle/caches/8.10.2/transforms/81e4360543fbb01d4f7fb470fa49803d/transformed/ideaIU-2025.3/plugins/fullLine/lib/modules/intellij.ml.llm.rider.cpp.completion.jar:/home/ubuntu/.gradle/caches/8.10.2/transforms/81e4360543fbb01d4f7fb470fa49803d/transformed/ideaIU-2025.3/plugins/fullLine/lib/modules/intellij.fullLine.rust.local.jar:/home/ubuntu/.gradle/caches/8.10.2/transforms/81e4360543fbb01d4f7fb470fa49803d/transformed/ideaIU-2025.3/plugins/fullLine/lib/modules/intellij.fullLine.python.local.jar:/home/ubuntu/.gradle/caches/8.10.2/transforms/81e4360543fbb01d4f7fb470fa49803d/transformed/ideaIU-2025.3/plugins/fullLine/lib/modules/intellij.fullLine.css.local.jar:/home/ubuntu/.gradle/caches/8.10.2/transforms/81e4360543fbb01d4f7fb470fa49803d/transformed/ideaIU-2025.3/plugins/fullLine/lib/modules/intellij.fullLine.terraform.local.jar:/home/ubuntu/.gradle/caches/8.10.2/transforms/81e4360543fbb01d4f7fb470fa49803d/transformed/ideaIU-2025.3/plugins/fullLine/lib/modules/intellij.ml.llm.rider.csharp.completion.jar:/home/ubuntu/.gradle/caches/8.10.2/transforms/81e4360543fbb01d4f7fb470fa49803d/transformed/ideaIU-2025.3/plugins/fullLine/lib/modules/intellij.ml.llm.kotlin.completion.jar:/home/ubuntu/.gradle/caches/8.10.2/transforms/81e4360543fbb01d4f7fb470fa49803d/transformed/ideaIU-2025.3/plugins/fullLine/lib/modules/intellij.fullLine.rider.csharp.local.jar:/home/ubuntu/.gradle/caches/8.10.2/transforms/81e4360543fbb01d4f7fb470fa49803d/transformed/ideaIU-2025.3/plugins/fullLine/lib/modules/intellij.fullLine.erb.jar:/home/ubuntu/.gradle/caches/8.10.2/transforms/81e4360543fbb01d4f7fb470fa49803d/transformed/ideaIU-2025.3/plugins/fullLine/lib/modules/intellij.ml.llm.ruby.completion.jar:/home/ubuntu/.gradle/caches/8.10.2/transforms/81e4360543fbb01d4f7fb470fa49803d/transformed/ideaIU-2025.3/plugins/fullLine/lib/modules/intellij.ml.llm.javascript.completion.jar:/home/ubuntu/.gradle/caches/8.10.2/transforms/81e4360543fbb01d4f7fb470fa49803d/transformed/ideaIU-2025.3/plugins/fullLine/lib/modules/intellij.ml.llm.rider.godot.completion.jar:/home/ubuntu/.gradle/caches/8.10.2/transforms/81e4360543fbb01d4f7fb470fa49803d/transformed/ideaIU-2025.3/plugins/fullLine/lib/modules/intellij.fullLine.rider.cpp.local.jar:/home/ubuntu/.gradle/caches/8.10.2/transforms/81e4360543fbb01d4f7fb470fa49803d/transformed/ideaIU-2025.3/plugins/fullLine/lib/modules/intellij.ml.llm.java.completion.jar:/home/ubuntu/.gradle/caches/8.10.2/transforms/81e4360543fbb01d4f7fb470fa49803d/transformed/ideaIU-2025.3/plugins/fullLine/lib/modules/intellij.fullLine.sql.jar:/home/ubuntu/.gradle/caches/8.10.2/transforms/81e4360543fbb01d4f7fb470fa49803d/transformed/ideaIU-2025.3/plugins/fullLine/lib/modules/intellij.fullLine.chat.jar:/home/ubuntu/.gradle/caches/8.10.2/transforms/81e4360543fbb01d4f7fb470fa49803d/transformed/ideaIU-2025.3/plugins/fullLine/lib/modules/intellij.fullLine.go.local.jar:/home/ubuntu/.gradle/caches/8.10.2/transforms/81e4360543fbb01d4f7fb470fa49803d/transformed/ideaIU-2025.3/plugins/fullLine/lib/modules/intellij.fullLine.rider.fsharp.jar:/home/ubuntu/.gradle/caches/8.10.2/transforms/81e4360543fbb01d4f7fb470fa49803d/transformed/ideaIU-2025.3/plugins/fullLine/lib/modules/intellij.fullLine.local.jar:/home/ubuntu/.gradle/caches/8.10.2/transforms/81e4360543fbb01d4f7fb470fa49803d/transformed/ideaIU-2025.3/plugins/fullLine/lib/modules/intellij.ml.llm.chat.completion.jar:/home/ubuntu/.gradle/caches/8.10.2/transforms/81e4360543fbb01d4f7fb470fa49803d/transformed/ideaIU-2025.3/plugins/fullLine/lib/modules/intellij.fullLine.fake.frontend.jar:/home/ubuntu/.gradle/caches/8.10.2/transforms/81e4360543fbb01d4f7fb470fa49803d/transformed/ideaIU-2025.3/plugins/fullLine/lib/modules/intellij.fullLine.html.local.jar:/home/ubuntu/.gradle/caches/8.10.2/transforms/81e4360543fbb01d4f7fb470fa49803d/transformed/ideaIU-2025.3/plugins/fullLine/lib/modules/intellij.fullLine.markdown.jar:/home/ubuntu/.gradle/caches/8.10.2/transforms/81e4360543fbb01d4f7fb470fa49803d/transformed/ideaIU-2025.3/plugins/java-debugger-streams/lib/java-debugger-streams.jar:/home/ubuntu/.gradle/caches/8.10.2/transforms/81e4360543fbb01d4f7fb470fa49803d/transformed/ideaIU-2025.3/plugins/eclipse/lib/eclipse.jar:/home/ubuntu/.gradle/caches/8.10.2/transforms/81e4360543fbb01d4f7fb470fa49803d/transformed/ideaIU-2025.3/plugins/eclipse/lib/eclipse-jps.jar:/home/ubuntu/.gradle/caches/8.10.2/transforms/81e4360543fbb01d4f7fb470fa49803d/transformed/ideaIU-2025.3/plugins/eclipse/lib/eclipse-common.jar:/home/ubuntu/.gradle/caches/8.10.2/transforms/81e4360543fbb01d4f7fb470fa49803d/transformed/ideaIU-2025.3/plugins/android-gradle-dsl/lib/android-gradle-dsl.jar:/home/ubuntu/.gradle/caches/8.10.2/transforms/81e4360543fbb01d4f7fb470fa49803d/transformed/ideaIU-2025.3/plugins/android-gradle-dsl/lib/modules/intellij.android.gradle.dsl.flags.jar:/home/ubuntu/.gradle/caches/8.10.2/transforms/81e4360543fbb01d4f7fb470fa49803d/transformed/ideaIU-2025.3/plugins/maven/lib/maven.jar:/home/ubuntu/.gradle/caches/8.10.2/transforms/81e4360543fbb01d4f7fb470fa49803d/transformed/ideaIU-2025.3/plugins/maven/lib/maven-server.jar:/home/ubuntu/.gradle/caches/8.10.2/transforms/81e4360543fbb01d4f7fb470fa49803d/transformed/ideaIU-2025.3/plugins/maven/lib/maven-jps.jar:/home/ubuntu/.gradle/caches/8.10.2/transforms/81e4360543fbb01d4f7fb470fa49803d/transformed/ideaIU-2025.3/plugins/maven/lib/maven-server-telemetry.jar:/home/ubuntu/.gradle/caches/8.10.2/transforms/81e4360543fbb01d4f7fb470fa49803d/transformed/ideaIU-2025.3/plugins/maven/lib/artifact-resolver-m31.jar:/home/ubuntu/.gradle/caches/8.10.2/transforms/81e4360543fbb01d4f7fb470fa49803d/transformed/ideaIU-2025.3/plugins/maven/lib/maven-server-indexer.jar:/home/ubuntu/.gradle/caches/8.10.2/transforms/81e4360543fbb01d4f7fb470fa49803d/transformed/ideaIU-2025.3/plugins/maven/lib/plexus-archiver.jar:/home/ubuntu/.gradle/caches/8.10.2/transforms/81e4360543fbb01d4f7fb470fa49803d/transformed/ideaIU-2025.3/plugins/maven/lib/jetbrains.idea.maven.indexer.api.rt.jar:/home/ubuntu/.gradle/caches/8.10.2/transforms/81e4360543fbb01d4f7fb470fa49803d/transformed/ideaIU-2025.3/plugins/maven/lib/maven-event-listener.jar:/home/ubuntu/.gradle/caches/8.10.2/transforms/81e4360543fbb01d4f7fb470fa49803d/transformed/ideaIU-2025.3/plugins/maven/lib/maven40-server.jar:/home/ubuntu/.gradle/caches/8.10.2/transforms/81e4360543fbb01d4f7fb470fa49803d/transformed/ideaIU-2025.3/plugins/maven/lib/maven3-server-common.jar:/home/ubuntu/.gradle/caches/8.10.2/transforms/81e4360543fbb01d4f7fb470fa49803d/transformed/ideaIU-2025.3/plugins/maven/lib/maven36-server.jar:/home/ubuntu/.gradle/caches/8.10.2/transforms/81e4360543fbb01d4f7fb470fa49803d/transformed/ideaIU-2025.3/plugins/maven/lib/maven3-server.jar:/home/ubuntu/.gradle/caches/8.10.2/transforms/81e4360543fbb01d4f7fb470fa49803d/transformed/ideaIU-2025.3/plugins/maven/lib/modules/intellij.maven.profiler.jar:/home/ubuntu/.gradle/caches/8.10.2/transforms/81e4360543fbb01d4f7fb470fa49803d/transformed/ideaIU-2025.3/plugins/repository-search/lib/maven-model.jar:/home/ubuntu/.gradle/caches/8.10.2/transforms/81e4360543fbb01d4f7fb470fa49803d/transformed/ideaIU-2025.3/plugins/repository-search/lib/repository-search.jar:/home/ubuntu/.gradle/caches/8.10.2/transforms/81e4360543fbb01d4f7fb470fa49803d/transformed/ideaIU-2025.3/plugins/repository-search/lib/kotlinx-document-store-mvstore.jar:/home/ubuntu/.gradle/caches/8.10.2/transforms/81e4360543fbb01d4f7fb470fa49803d/transformed/ideaIU-2025.3/plugins/repository-search/lib/package-search-api-client.jar:/home/ubuntu/.gradle/caches/8.10.2/transforms/81e4360543fbb01d4f7fb470fa49803d/transformed/ideaIU-2025.3/plugins/java-decompiler/lib/java-decompiler.jar:/home/ubuntu/.gradle/caches/8.10.2/transforms/81e4360543fbb01d4f7fb470fa49803d/transformed/ideaIU-2025.3/plugins/Kotlin/lib/kotlinc.scripting-compiler-plugin.jar:/home/ubuntu/.gradle/caches/8.10.2/transforms/81e4360543fbb01d4f7fb470fa49803d/transformed/ideaIU-2025.3/plugins/Kotlin/lib/kotlinc.js-plain-objects-compiler-plugin.jar:/home/ubuntu/.gradle/caches/8.10.2/transforms/81e4360543fbb01d4f7fb470fa49803d/transformed/ideaIU-2025.3/plugins/Kotlin/lib/kotlin-base-jps.jar:/home/ubuntu/.gradle/caches/8.10.2/transforms/81e4360543fbb01d4f7fb470fa49803d/transformed/ideaIU-2025.3/plugins/Kotlin/lib/kotlinc.kotlinx-serialization-compiler-plugin.jar:/home/ubuntu/.gradle/caches/8.10.2/transforms/81e4360543fbb01d4f7fb470fa49803d/transformed/ideaIU-2025.3/plugins/Kotlin/lib/kotlin-plugin.jar:/home/ubuntu/.gradle/caches/8.10.2/transforms/81e4360543fbb01d4f7fb470fa49803d/transformed/ideaIU-2025.3/plugins/Kotlin/lib/kotlinc.kotlin-jps-common.jar:/home/ubuntu/.gradle/caches/8.10.2/transforms/81e4360543fbb01d4f7fb470fa49803d/transformed/ideaIU-2025.3/plugins/Kotlin/lib/kotlinc.assignment-compiler-plugin.jar:/home/ubuntu/.gradle/caches/8.10.2/transforms/81e4360543fbb01d4f7fb470fa49803d/transformed/ideaIU-2025.3/plugins/Kotlin/lib/kotlinc.noarg-compiler-plugin.jar:/home/ubuntu/.gradle/caches/8.10.2/transforms/81e4360543fbb01d4f7fb470fa49803d/transformed/ideaIU-2025.3/plugins/Kotlin/lib/javax-inject.jar:/home/ubuntu/.gradle/caches/8.10.2/transforms/81e4360543fbb01d4f7fb470fa49803d/transformed/ideaIU-2025.3/plugins/Kotlin/lib/completion-ranking-kotlin.jar:/home/ubuntu/.gradle/caches/8.10.2/transforms/81e4360543fbb01d4f7fb470fa49803d/transformed/ideaIU-2025.3/plugins/Kotlin/lib/kotlinc.sam-with-receiver-compiler-plugin.jar:/home/ubuntu/.gradle/caches/8.10.2/transforms/81e4360543fbb01d4f7fb470fa49803d/transformed/ideaIU-2025.3/plugins/Kotlin/lib/kotlin-gradle-tooling.jar:/home/ubuntu/.gradle/caches/8.10.2/transforms/81e4360543fbb01d4f7fb470fa49803d/transformed/ideaIU-2025.3/plugins/Kotlin/lib/kotlinc.kotlin-dataframe-compiler-plugin.jar:/home/ubuntu/.gradle/caches/8.10.2/transforms/81e4360543fbb01d4f7fb470fa49803d/transformed/ideaIU-2025.3/plugins/Kotlin/lib/kotlinc.kotlin-compiler-common.jar:/home/ubuntu/.gradle/caches/8.10.2/transforms/81e4360543fbb01d4f7fb470fa49803d/transformed/ideaIU-2025.3/plugins/Kotlin/lib/kotlinc.parcelize-compiler-plugin.jar:/home/ubuntu/.gradle/caches/8.10.2/transforms/81e4360543fbb01d4f7fb470fa49803d/transformed/ideaIU-2025.3/plugins/Kotlin/lib/kotlinc.kotlin-compiler-fe10.jar:/home/ubuntu/.gradle/caches/8.10.2/transforms/81e4360543fbb01d4f7fb470fa49803d/transformed/ideaIU-2025.3/plugins/Kotlin/lib/ehcache.sizeof.jar:/home/ubuntu/.gradle/caches/8.10.2/transforms/81e4360543fbb01d4f7fb470fa49803d/transformed/ideaIU-2025.3/plugins/Kotlin/lib/kotlinc.compose-compiler-plugin.jar:/home/ubuntu/.gradle/caches/8.10.2/transforms/81e4360543fbb01d4f7fb470fa49803d/transformed/ideaIU-2025.3/plugins/Kotlin/lib/kotlinc.lombok-compiler-plugin.jar:/home/ubuntu/.gradle/caches/8.10.2/transforms/81e4360543fbb01d4f7fb470fa49803d/transformed/ideaIU-2025.3/plugins/Kotlin/lib/vavr.jar:/home/ubuntu/.gradle/caches/8.10.2/transforms/81e4360543fbb01d4f7fb470fa49803d/transformed/ideaIU-2025.3/plugins/Kotlin/lib/kotlin-plugin-shared.jar:/home/ubuntu/.gradle/caches/8.10.2/transforms/81e4360543fbb01d4f7fb470fa49803d/transformed/ideaIU-2025.3/plugins/Kotlin/lib/kotlinc.allopen-compiler-plugin.jar:/home/ubuntu/.gradle/caches/8.10.2/transforms/81e4360543fbb01d4f7fb470fa49803d/transformed/ideaIU-2025.3/plugins/Kotlin/lib/jackson-dataformat-toml.jar:/home/ubuntu/.gradle/caches/8.10.2/transforms/81e4360543fbb01d4f7fb470fa49803d/transformed/ideaIU-2025.3/plugins/Kotlin/lib/kotlinc.kotlin-compiler-ir.jar:/home/ubuntu/.gradle/caches/8.10.2/transforms/81e4360543fbb01d4f7fb470fa49803d/transformed/ideaIU-2025.3/plugins/clouds-docker-gateway/lib/clouds-docker-gateway.jar:/home/ubuntu/.gradle/caches/8.10.2/transforms/81e4360543fbb01d4f7fb470fa49803d/transformed/ideaIU-2025.3/plugins/clouds-docker-gateway/lib/clouds-docker-gateway-frontend.jar:/home/ubuntu/.gradle/caches/8.10.2/transforms/81e4360543fbb01d4f7fb470fa49803d/transformed/ideaIU-2025.3/plugins/vcs-github/lib/vcs-github.jar:/home/ubuntu/.gradle/caches/8.10.2/transforms/81e4360543fbb01d4f7fb470fa49803d/transformed/ideaIU-2025.3/plugins/vcs-github/lib/modules/intellij.vcs.github.ultimatePromo.jar:/home/ubuntu/.gradle/caches/8.10.2/transforms/81e4360543fbb01d4f7fb470fa49803d/transformed/ideaIU-2025.3/plugins/vcs-github/lib/modules/intellij.vcs.github.ultimate.cron.jar:/home/ubuntu/.gradle/caches/8.10.2/transforms/81e4360543fbb01d4f7fb470fa49803d/transformed/ideaIU-2025.3/plugins/vcs-github/lib/modules/intellij.vcs.github.ultimate.features.jar:/home/ubuntu/.gradle/caches/8.10.2/transforms/81e4360543fbb01d4f7fb470fa49803d/transformed/ideaIU-2025.3/plugins/vcs-github/lib/modules/intellij.vcs.github.git.jar:/home/ubuntu/.gradle/caches/8.10.2/transforms/81e4360543fbb01d4f7fb470fa49803d/transformed/ideaIU-2025.3/plugins/vcs-github/lib/modules/intellij.vcs.github.tracker.jar:/home/ubuntu/.gradle/caches/8.10.2/transforms/81e4360543fbb01d4f7fb470fa49803d/transformed/ideaIU-2025.3/plugins/vcs-github/lib/modules/intellij.vcs.github.json.jar:/home/ubuntu/.gradle/caches/8.10.2/transforms/81e4360543fbb01d4f7fb470fa49803d/transformed/ideaIU-2025.3/plugins/vcs-github/lib/modules/intellij.vcs.github.ultimate.docker.jar:/home/ubuntu/.gradle/caches/8.10.2/transforms/81e4360543fbb01d4f7fb470fa49803d/transformed/ideaIU-2025.3/plugins/vcs-gitlab/lib/vcs-gitlab.jar:/home/ubuntu/.gradle/caches/8.10.2/transforms/81e4360543fbb01d4f7fb470fa49803d/transformed/ideaIU-2025.3/plugins/vcs-gitlab/lib/modules/intellij.vcs.gitlab.ultimate.ci.sh.jar:/home/ubuntu/.gradle/caches/8.10.2/transforms/81e4360543fbb01d4f7fb470fa49803d/transformed/ideaIU-2025.3/plugins/vcs-gitlab/lib/modules/intellij.vcs.gitlab.git.jar:/home/ubuntu/.gradle/caches/8.10.2/transforms/81e4360543fbb01d4f7fb470fa49803d/transformed/ideaIU-2025.3/plugins/vcs-gitlab/lib/modules/intellij.vcs.gitlab.yaml.jar:/home/ubuntu/.gradle/caches/8.10.2/transforms/81e4360543fbb01d4f7fb470fa49803d/transformed/ideaIU-2025.3/plugins/vcs-gitlab/lib/modules/intellij.vcs.gitlab.ultimate.features.jar:/home/ubuntu/.gradle/caches/8.10.2/transforms/81e4360543fbb01d4f7fb470fa49803d/transformed/ideaIU-2025.3/plugins/gradle-java/lib/gradle-java.jar:/home/ubuntu/.gradle/caches/8.10.2/transforms/81e4360543fbb01d4f7fb470fa49803d/transformed/ideaIU-2025.3/plugins/gradle-java/lib/gradle-jps.jar:/home/ubuntu/.gradle/caches/8.10.2/transforms/81e4360543fbb01d4f7fb470fa49803d/transformed/ideaIU-2025.3/plugins/gradle-java/lib/modules/intellij.gradle.analysis.jar:/home/ubuntu/.gradle/caches/8.10.2/transforms/81e4360543fbb01d4f7fb470fa49803d/transformed/ideaIU-2025.3/plugins/gradle-java/lib/modules/intellij.gradle.profiler.jar:/home/ubuntu/.gradle/caches/8.10.2/transforms/81e4360543fbb01d4f7fb470fa49803d/transformed/ideaIU-2025.3/plugins/gradle-java/lib/modules/intellij.gradle.dependencyUpdater.jar:/home/ubuntu/.gradle/caches/8.10.2/transforms/81e4360543fbb01d4f7fb470fa49803d/transformed/ideaIU-2025.3/plugins/gradle-java/lib/modules/intellij.gradle.java.maven.jar:/home/ubuntu/.gradle/caches/8.10.2/transforms/81e4360543fbb01d4f7fb470fa49803d/transformed/ideaIU-2025.3/plugins/javaFX/lib/javaFX-jps.jar:/home/ubuntu/.gradle/caches/8.10.2/transforms/81e4360543fbb01d4f7fb470fa49803d/transformed/ideaIU-2025.3/plugins/javaFX/lib/javaFX-common.jar:/home/ubuntu/.gradle/caches/8.10.2/transforms/81e4360543fbb01d4f7fb470fa49803d/transformed/ideaIU-2025.3/plugins/javaFX/lib/javaFX.jar:/home/ubuntu/.gradle/caches/8.10.2/transforms/81e4360543fbb01d4f7fb470fa49803d/transformed/ideaIU-2025.3/plugins/javaFX/lib/modules/intellij.javaFX.jar:/home/ubuntu/.gradle/caches/8.10.2/transforms/81e4360543fbb01d4f7fb470fa49803d/transformed/ideaIU-2025.3/plugins/javaFX/lib/modules/intellij.javaFX.css.intellilang.jar:/home/ubuntu/.gradle/caches/8.10.2/transforms/81e4360543fbb01d4f7fb470fa49803d/transformed/ideaIU-2025.3/plugins/kotlin-jupyter-plugin/lib/batik-transcoder.jar:/home/ubuntu/.gradle/caches/8.10.2/transforms/81e4360543fbb01d4f7fb470fa49803d/transformed/ideaIU-2025.3/plugins/kotlin-jupyter-plugin/lib/xml-apis-ext.jar:/home/ubuntu/.gradle/caches/8.10.2/transforms/81e4360543fbb01d4f7fb470fa49803d/transformed/ideaIU-2025.3/plugins/kotlin-jupyter-plugin/lib/kotlin-jupyter-plugin.jar:/home/ubuntu/.gradle/caches/8.10.2/transforms/81e4360543fbb01d4f7fb470fa49803d/transformed/ideaIU-2025.3/plugins/kotlin-jupyter-plugin/lib/modules/intellij.kotlin.jupyter.liveTemplates.jar:/home/ubuntu/.gradle/caches/8.10.2/transforms/81e4360543fbb01d4f7fb470fa49803d/transformed/ideaIU-2025.3/plugins/kotlin-jupyter-plugin/lib/modules/intellij.kotlin.jupyter.k2.jar:/home/ubuntu/.gradle/caches/8.10.2/transforms/81e4360543fbb01d4f7fb470fa49803d/transformed/ideaIU-2025.3/plugins/kotlin-jupyter-plugin/lib/modules/intellij.kotlin.jupyter.k1.jar:/home/ubuntu/.gradle/caches/8.10.2/transforms/81e4360543fbb01d4f7fb470fa49803d/transformed/ideaIU-2025.3/plugins/kotlin-jupyter-plugin/lib/modules/intellij.kotlin.jupyter.core.jar:/home/ubuntu/.gradle/caches/8.10.2/transforms/81e4360543fbb01d4f7fb470fa49803d/transformed/ideaIU-2025.3/plugins/kotlin-jupyter-plugin/lib/modules/intellij.kotlin.jupyter.plots.jar:/home/ubuntu/.gradle/caches/8.10.2/transforms/81e4360543fbb01d4f7fb470fa49803d/transformed/ideaIU-2025.3/plugins/kotlin-jupyter-plugin/lib/modules/intellij.kotlin.jupyter.buildSystems.gradle.jar:/home/ubuntu/.gradle/caches/8.10.2/transforms/81e4360543fbb01d4f7fb470fa49803d/transformed/ideaIU-2025.3/plugins/kotlin-jupyter-plugin/lib/modules/intellij.kotlin.jupyter.tables.jar:/home/ubuntu/.gradle/caches/8.10.2/transforms/81e4360543fbb01d4f7fb470fa49803d/transformed/ideaIU-2025.3/plugins/less/lib/less.jar:/home/ubuntu/.gradle/caches/8.10.2/transforms/81e4360543fbb01d4f7fb470fa49803d/transformed/ideaIU-2025.3/plugins/nodeJS-remoteInterpreter/lib/nodeJS-remoteInterpreter.jar:/home/ubuntu/.gradle/caches/8.10.2/transforms/81e4360543fbb01d4f7fb470fa49803d/transformed/ideaIU-2025.3/plugins/remoteRun/lib/remoteRun.jar:/home/ubuntu/.gradle/caches/8.10.2/transforms/81e4360543fbb01d4f7fb470fa49803d/transformed/ideaIU-2025.3/plugins/remoteRun/lib/modules/intellij.remoteRun.gradle.jar:/home/ubuntu/.gradle/caches/8.10.2/transforms/81e4360543fbb01d4f7fb470fa49803d/transformed/ideaIU-2025.3/plugins/remoteRun/lib/modules/intellij.remoteRun.gradle.docker.jar:/home/ubuntu/.gradle/caches/8.10.2/transforms/81e4360543fbb01d4f7fb470fa49803d/transformed/ideaIU-2025.3/plugins/sass-plugin/lib/sass-plugin.jar:/home/ubuntu/.gradle/caches/8.10.2/transforms/81e4360543fbb01d4f7fb470fa49803d/transformed/ideaIU-2025.3/plugins/sass-plugin/lib/modules/intellij.sass.watcher.jar:/home/ubuntu/.gradle/caches/8.10.2/transforms/81e4360543fbb01d4f7fb470fa49803d/transformed/ideaIU-2025.3/plugins/sass-plugin/lib/modules/intellij.sass.frontend.split.jar:/home/ubuntu/.gradle/caches/8.10.2/transforms/81e4360543fbb01d4f7fb470fa49803d/transformed/ideaIU-2025.3/plugins/sass-plugin/lib/modules/intellij.sass.copyright.jar:/home/ubuntu/.gradle/caches/8.10.2/transforms/81e4360543fbb01d4f7fb470fa49803d/transformed/ideaIU-2025.3/plugins/sass-plugin/lib/modules/intellij.sass.jar:/home/ubuntu/.gradle/caches/8.10.2/transforms/81e4360543fbb01d4f7fb470fa49803d/transformed/ideaIU-2025.3/plugins/sass-plugin/lib/modules/intellij.sass.backend.jar:/home/ubuntu/.gradle/caches/8.10.2/transforms/81e4360543fbb01d4f7fb470fa49803d/transformed/ideaIU-2025.3/plugins/sass-plugin/lib/modules/intellij.sass.common.jar:/home/ubuntu/.gradle/caches/8.10.2/transforms/81e4360543fbb01d4f7fb470fa49803d/transformed/ideaIU-2025.3/plugins/terminal/lib/terminal-completion-db-with-extensions.jar:/home/ubuntu/.gradle/caches/8.10.2/transforms/81e4360543fbb01d4f7fb470fa49803d/transformed/ideaIU-2025.3/plugins/terminal/lib/terminal.jar:/home/ubuntu/.gradle/caches/8.10.2/transforms/81e4360543fbb01d4f7fb470fa49803d/transformed/ideaIU-2025.3/plugins/terminal/lib/completion-ranking-sh.jar:/home/ubuntu/.gradle/caches/8.10.2/transforms/81e4360543fbb01d4f7fb470fa49803d/transformed/ideaIU-2025.3/plugins/terminal/lib/terminal-completion-spec.jar:/home/ubuntu/.gradle/caches/8.10.2/transforms/81e4360543fbb01d4f7fb470fa49803d/transformed/ideaIU-2025.3/plugins/terminal/lib/modules/intellij.terminal.frontend.split.jar:/home/ubuntu/.gradle/caches/8.10.2/transforms/81e4360543fbb01d4f7fb470fa49803d/transformed/ideaIU-2025.3/plugins/textmate-plugin/lib/textmate-plugin.jar:/home/ubuntu/.gradle/caches/8.10.2/transforms/81e4360543fbb01d4f7fb470fa49803d/transformed/ideaIU-2025.3/plugins/textmate-plugin/lib/modules/intellij.textmate.joni.jar:/home/ubuntu/.gradle/caches/8.10.2/transforms/81e4360543fbb01d4f7fb470fa49803d/transformed/ideaIU-2025.3/plugins/textmate-plugin/lib/modules/intellij.textmate.core.jar:/home/ubuntu/.gradle/caches/8.10.2/transforms/81e4360543fbb01d4f7fb470fa49803d/transformed/ideaIU-2025.3/plugins/textmate-plugin/lib/modules/intellij.textmate.backend.jar:/home/ubuntu/.gradle/caches/8.10.2/transforms/81e4360543fbb01d4f7fb470fa49803d/transformed/ideaIU-2025.3/plugins/textmate-plugin/lib/modules/intellij.textmate.jar:/home/ubuntu/.gradle/caches/8.10.2/transforms/81e4360543fbb01d4f7fb470fa49803d/transformed/ideaIU-2025.3/plugins/textmate-plugin/lib/modules/intellij.textmate.common.jar:/home/ubuntu/.gradle/caches/8.10.2/transforms/81e4360543fbb01d4f7fb470fa49803d/transformed/ideaIU-2025.3/plugins/textmate-plugin/lib/modules/intellij.textmate.frontend.split.jar:/home/ubuntu/.gradle/caches/8.10.2/transforms/81e4360543fbb01d4f7fb470fa49803d/transformed/ideaIU-2025.3/plugins/vuejs-plugin/lib/vuejs-plugin.jar:/home/ubuntu/.gradle/caches/8.10.2/transforms/81e4360543fbb01d4f7fb470fa49803d/transformed/ideaIU-2025.3/plugins/vuejs-plugin/lib/modules/intellij.vuejs.debugger.jar:/home/ubuntu/.gradle/caches/8.10.2/transforms/81e4360543fbb01d4f7fb470fa49803d/transformed/ideaIU-2025.3/plugins/vuejs-plugin/lib/modules/intellij.vuejs.markdown.jar:/home/ubuntu/.gradle/caches/8.10.2/transforms/81e4360543fbb01d4f7fb470fa49803d/transformed/ideaIU-2025.3/plugins/vuejs-plugin/lib/modules/intellij.vuejs.prettier.jar:/home/ubuntu/.gradle/caches/8.10.2/transforms/81e4360543fbb01d4f7fb470fa49803d/transformed/ideaIU-2025.3/plugins/vuejs-plugin/lib/modules/intellij.vuejs.backend.jar:/home/ubuntu/.gradle/caches/8.10.2/transforms/81e4360543fbb01d4f7fb470fa49803d/transformed/ideaIU-2025.3/plugins/vuejs-plugin/lib/modules/intellij.vuejs.copyright.jar:/home/ubuntu/.gradle/caches/8.10.2/transforms/81e4360543fbb01d4f7fb470fa49803d/transformed/ideaIU-2025.3/plugins/vuejs-plugin/lib/modules/intellij.vuejs.common.jar:/home/ubuntu/.gradle/caches/8.10.2/transforms/81e4360543fbb01d4f7fb470fa49803d/transformed/ideaIU-2025.3/plugins/yaml/lib/yaml.jar:/home/ubuntu/.gradle/caches/8.10.2/transforms/81e4360543fbb01d4f7fb470fa49803d/transformed/ideaIU-2025.3/plugins/yaml/lib/modules/intellij.yaml.frontend.split.jar:/home/ubuntu/.gradle/caches/8.10.2/transforms/81e4360543fbb01d4f7fb470fa49803d/transformed/ideaIU-2025.3/plugins/yaml/lib/modules/intellij.yaml.helm.jar:/home/ubuntu/.gradle/caches/8.10.2/transforms/81e4360543fbb01d4f7fb470fa49803d/transformed/ideaIU-2025.3/plugins/yaml/lib/modules/intellij.yaml.backend.jar:/home/ubuntu/.gradle/caches/8.10.2/transforms/81e4360543fbb01d4f7fb470fa49803d/transformed/ideaIU-2025.3/plugins/packageChecker/lib/packageChecker.jar:/home/ubuntu/.gradle/caches/8.10.2/transforms/81e4360543fbb01d4f7fb470fa49803d/transformed/ideaIU-2025.3/plugins/toml/lib/toml.jar:/home/ubuntu/.gradle/caches/8.10.2/transforms/81e4360543fbb01d4f7fb470fa49803d/transformed/ideaIU-2025.3/plugins/toml/lib/modules/intellij.toml.frontend.jar:/home/ubuntu/.gradle/caches/8.10.2/transforms/81e4360543fbb01d4f7fb470fa49803d/transformed/ideaIU-2025.3/plugins/toml/lib/modules/intellij.toml.backend.jar:/home/ubuntu/.gradle/caches/8.10.2/transforms/81e4360543fbb01d4f7fb470fa49803d/transformed/ideaIU-2025.3/plugins/toml/lib/modules/intellij.toml.frontend.split.jar:/home/ubuntu/.gradle/caches/8.10.2/transforms/81e4360543fbb01d4f7fb470fa49803d/transformed/ideaIU-2025.3/plugins/grazie/lib/org.jetbrains.intellij.deps.languagetool-languagetool-core.jar:/home/ubuntu/.gradle/caches/8.10.2/transforms/81e4360543fbb01d4f7fb470fa49803d/transformed/ideaIU-2025.3/plugins/grazie/lib/ai.grazie.model.tree.jvm.jar:/home/ubuntu/.gradle/caches/8.10.2/transforms/81e4360543fbb01d4f7fb470fa49803d/transformed/ideaIU-2025.3/plugins/grazie/lib/net.loomchild-segment.jar:/home/ubuntu/.gradle/caches/8.10.2/transforms/81e4360543fbb01d4f7fb470fa49803d/transformed/ideaIU-2025.3/plugins/grazie/lib/ai.grazie.model.ner.jvm.jar:/home/ubuntu/.gradle/caches/8.10.2/transforms/81e4360543fbb01d4f7fb470fa49803d/transformed/ideaIU-2025.3/plugins/grazie/lib/com.carrotsearch-hppc.jar:/home/ubuntu/.gradle/caches/8.10.2/transforms/81e4360543fbb01d4f7fb470fa49803d/transformed/ideaIU-2025.3/plugins/grazie/lib/tech.uom.lib-uom-lib-common.jar:/home/ubuntu/.gradle/caches/8.10.2/transforms/81e4360543fbb01d4f7fb470fa49803d/transformed/ideaIU-2025.3/plugins/grazie/lib/ai.grazie.tasks.library.api.jvm.jar:/home/ubuntu/.gradle/caches/8.10.2/transforms/81e4360543fbb01d4f7fb470fa49803d/transformed/ideaIU-2025.3/plugins/grazie/lib/org.carrot2-morfologik-fsa-builders.jar:/home/ubuntu/.gradle/caches/8.10.2/transforms/81e4360543fbb01d4f7fb470fa49803d/transformed/ideaIU-2025.3/plugins/grazie/lib/javax.measure-unit-api.jar:/home/ubuntu/.gradle/caches/8.10.2/transforms/81e4360543fbb01d4f7fb470fa49803d/transformed/ideaIU-2025.3/plugins/grazie/lib/org.carrot2-morfologik-fsa.jar:/home/ubuntu/.gradle/caches/8.10.2/transforms/81e4360543fbb01d4f7fb470fa49803d/transformed/ideaIU-2025.3/plugins/grazie/lib/ai.grazie.tasks.library.model.jvm.jar:/home/ubuntu/.gradle/caches/8.10.2/transforms/81e4360543fbb01d4f7fb470fa49803d/transformed/ideaIU-2025.3/plugins/grazie/lib/org.carrot2-morfologik-stemming.jar:/home/ubuntu/.gradle/caches/8.10.2/transforms/81e4360543fbb01d4f7fb470fa49803d/transformed/ideaIU-2025.3/plugins/grazie/lib/com.hankcs-aho-corasick-double-array-trie.jar:/home/ubuntu/.gradle/caches/8.10.2/transforms/81e4360543fbb01d4f7fb470fa49803d/transformed/ideaIU-2025.3/plugins/grazie/lib/tech.units-indriya.jar:/home/ubuntu/.gradle/caches/8.10.2/transforms/81e4360543fbb01d4f7fb470fa49803d/transformed/ideaIU-2025.3/plugins/grazie/lib/ai.grazie.client.ktor.jvm.jar:/home/ubuntu/.gradle/caches/8.10.2/transforms/81e4360543fbb01d4f7fb470fa49803d/transformed/ideaIU-2025.3/plugins/grazie/lib/org.json-json.jar:/home/ubuntu/.gradle/caches/8.10.2/transforms/81e4360543fbb01d4f7fb470fa49803d/transformed/ideaIU-2025.3/plugins/grazie/lib/ai.grazie.rule.engine.jar:/home/ubuntu/.gradle/caches/8.10.2/transforms/81e4360543fbb01d4f7fb470fa49803d/transformed/ideaIU-2025.3/plugins/grazie/lib/com.vdurmont-emoji-java.jar:/home/ubuntu/.gradle/caches/8.10.2/transforms/81e4360543fbb01d4f7fb470fa49803d/transformed/ideaIU-2025.3/plugins/grazie/lib/ai.grazie.api.gateway.client.jvm.jar:/home/ubuntu/.gradle/caches/8.10.2/transforms/81e4360543fbb01d4f7fb470fa49803d/transformed/ideaIU-2025.3/plugins/grazie/lib/org.jetbrains.intellij.deps.languagetool-language-en.jar:/home/ubuntu/.gradle/caches/8.10.2/transforms/81e4360543fbb01d4f7fb470fa49803d/transformed/ideaIU-2025.3/plugins/grazie/lib/grazie.jar:/home/ubuntu/.gradle/caches/8.10.2/transforms/81e4360543fbb01d4f7fb470fa49803d/transformed/ideaIU-2025.3/plugins/grazie/lib/grazie-frontend.jar:/home/ubuntu/.gradle/caches/8.10.2/transforms/81e4360543fbb01d4f7fb470fa49803d/transformed/ideaIU-2025.3/plugins/grazie/lib/org.carrot2-morfologik-speller.jar:/home/ubuntu/.gradle/caches/8.10.2/transforms/81e4360543fbb01d4f7fb470fa49803d/transformed/ideaIU-2025.3/plugins/featuresTrainer/lib/assertj-swing.jar:/home/ubuntu/.gradle/caches/8.10.2/transforms/81e4360543fbb01d4f7fb470fa49803d/transformed/ideaIU-2025.3/plugins/featuresTrainer/lib/git-learning-project.jar:/home/ubuntu/.gradle/caches/8.10.2/transforms/81e4360543fbb01d4f7fb470fa49803d/transformed/ideaIU-2025.3/plugins/featuresTrainer/lib/assertj.jar:/home/ubuntu/.gradle/caches/8.10.2/transforms/81e4360543fbb01d4f7fb470fa49803d/transformed/ideaIU-2025.3/plugins/featuresTrainer/lib/featuresTrainer.jar:/home/ubuntu/.gradle/caches/8.10.2/transforms/81e4360543fbb01d4f7fb470fa49803d/transformed/ideaIU-2025.3/plugins/tslint/lib/tslint.jar
Launcher Type: SUN_STANDARD

[Global flags]
     intx CICompilerCount                          = 2                                         {product} {command line}
     uint ConcGCThreads                            = 2                                         {product} {ergonomic}
     uint G1ConcRefinementThreads                  = 8                                         {product} {ergonomic}
   size_t G1HeapRegionSize                         = 1048576                                   {product} {ergonomic}
    uintx GCDrainStackTargetSize                   = 64                                        {product} {ergonomic}
     bool HeapDumpOnOutOfMemoryError               = true                                   {manageable} {command line}
     bool IgnoreUnrecognizedVMOptions              = true                                      {product} {command line}
   size_t InitialHeapSize                          = 134217728                                 {product} {command line}
    uintx JbrShrinkingGcMaxHeapFreeRatio           = 40                                     {manageable} {command line}
   size_t MarkStackSize                            = 4194304                                   {product} {ergonomic}
   size_t MaxHeapSize                              = 2147483648                                {product} {command line}
   size_t MaxNewSize                               = 1287651328                                {product} {ergonomic}
   size_t MinHeapDeltaBytes                        = 1048576                                   {product} {ergonomic}
   size_t MinHeapSize                              = 134217728                                 {product} {command line}
    uintx NonNMethodCodeHeapSize                   = 5826188                                {pd product} {ergonomic}
    uintx NonProfiledCodeHeapSize                  = 265522362                              {pd product} {ergonomic}
     bool OmitStackTraceInFastThrow                = false                                     {product} {command line}
    uintx ProfiledCodeHeapSize                     = 265522362                              {pd product} {ergonomic}
    uintx ReservedCodeCacheSize                    = 536870912                              {pd product} {command line}
     bool SegmentedCodeCache                       = true                                      {product} {ergonomic}
   size_t SoftMaxHeapSize                          = 2147483648                             {manageable} {ergonomic}
     bool THPStackMitigation                       = false                                  {diagnostic} {ergonomic}
     intx TieredOldPercentage                      = 100000                                 {diagnostic} {command line}
     bool UnlockDiagnosticVMOptions                = true                                   {diagnostic} {command line}
     bool UseCompressedOops                        = true                           {product lp64_product} {ergonomic}
     bool UseG1GC                                  = true                                      {product} {ergonomic}

Logging:
Log output configuration:
 #0: stdout all=warning uptime,level,tags foldmultilines=false
 #1: stderr all=off uptime,level,tags foldmultilines=false

Environment Variables:
PATH=/opt/.devin/package/custom_binaries:/home/ubuntu/swift624/usr/bin:/home/ubuntu/repos/index-futures-stat-arb/.venv/bin:/home/ubuntu/.pixi/bin:/home/ubuntu/.local/bin:/opt/.devin/package/custom_binaries:/home/ubuntu/.local/bin:/home/linuxbrew/.linuxbrew/bin:/home/linuxbrew/.linuxbrew/sbin:/home/ubuntu/.cargo/bin:/home/ubuntu/.pyenv/shims:/home/ubuntu/.pyenv/bin:/home/ubuntu/.nvm/versions/node/v24.19.0/bin:/usr/local/sbin:/usr/local/bin:/usr/sbin:/usr/bin:/sbin:/bin:/usr/games:/usr/local/games:/snap/bin
SHELL=/bin/bash
DISPLAY=:0
LANG=C.UTF-8

Active Locale:
LC_ALL=C.UTF-8
LC_COLLATE=C.UTF-8
LC_CTYPE=C.UTF-8
LC_MESSAGES=C.UTF-8
LC_MONETARY=C.UTF-8
LC_NUMERIC=C.UTF-8
LC_TIME=C.UTF-8

Signal Handlers:
   SIGSEGV: crash_handler in libjvm.so, mask=11100100010111111101111111111110, flags=SA_RESTART|SA_SIGINFO, unblocked
    SIGBUS: crash_handler in libjvm.so, mask=11100100010111111101111111111110, flags=SA_RESTART|SA_SIGINFO, unblocked
    SIGFPE: crash_handler in libjvm.so, mask=11100100010111111101111111111110, flags=SA_RESTART|SA_SIGINFO, unblocked
   SIGPIPE: javaSignalHandler in libjvm.so, mask=11100100010111111101111111111110, flags=SA_RESTART|SA_SIGINFO, blocked
   SIGXFSZ: javaSignalHandler in libjvm.so, mask=11100100010111111101111111111110, flags=SA_RESTART|SA_SIGINFO, blocked
    SIGILL: crash_handler in libjvm.so, mask=11100100010111111101111111111110, flags=SA_RESTART|SA_SIGINFO, unblocked
   SIGUSR2: SR_handler in libjvm.so, mask=00100000000000000000000000000000, flags=SA_RESTART|SA_SIGINFO, blocked
    SIGHUP: UserHandler in libjvm.so, mask=11100100010111111101111111111110, flags=SA_RESTART|SA_SIGINFO, blocked
    SIGINT: UserHandler in libjvm.so, mask=11100100010111111101111111111110, flags=SA_RESTART|SA_SIGINFO, blocked
   SIGTERM: UserHandler in libjvm.so, mask=11100100010111111101111111111110, flags=SA_RESTART|SA_SIGINFO, blocked
   SIGQUIT: UserHandler in libjvm.so, mask=11100100010111111101111111111110, flags=SA_RESTART|SA_SIGINFO, blocked
   SIGTRAP: crash_handler in libjvm.so, mask=11100100010111111101111111111110, flags=SA_RESTART|SA_SIGINFO, unblocked


Periodic native trim disabled

JNI global refs:
JNI global refs: 8, weak refs: 0

JNI global refs memory usage: 859, weak refs: 857

Process memory usage:
Resident Set Size: 325276K (0% of 32865196K total physical memory with 26921304K free physical memory)

OOME stack traces (most recent first):
Classloader memory used:
Loader bootstrap                                                                       : 940K
Loader jdk.internal.loader.ClassLoaders$AppClassLoader                                 : 392K

---------------  S Y S T E M  ---------------

OS:
DISTRIB_ID=Ubuntu
DISTRIB_RELEASE=22.04
DISTRIB_CODENAME=jammy
DISTRIB_DESCRIPTION="Ubuntu 22.04.5 LTS"
uname: Linux 6.8.0-1061-aws #64~22.04.1-Ubuntu SMP Thu Jul 16 14:38:59 UTC 2026 x86_64
OS uptime: 0 days 2:54 hours
libc: glibc 2.35 NPTL 2.35 
rlimit (soft/hard): STACK 8192k/infinity , CORE 0k/infinity , NPROC 128106/128106 , NOFILE 524288/524288 , AS infinity/infinity , CPU infinity/infinity , DATA infinity/infinity , FSIZE infinity/infinity , MEMLOCK 8192k/8192k
load average: 1.86 0.80 0.38

/proc/meminfo:
MemTotal:       32865196 kB
MemFree:         7110908 kB
MemAvailable:   26921312 kB
Buffers:          362648 kB
Cached:         19161808 kB
SwapCached:            0 kB
Active:          6234840 kB
Inactive:       18333244 kB
Active(anon):    5099476 kB
Inactive(anon):        0 kB
Active(file):    1135364 kB
Inactive(file): 18333244 kB
Unevictable:       27656 kB
Mlocked:           27656 kB
SwapTotal:             0 kB
SwapFree:              0 kB
Zswap:                 0 kB
Zswapped:              0 kB
Dirty:              1172 kB
Writeback:             0 kB
AnonPages:       5071504 kB
Mapped:           904324 kB
Shmem:             46780 kB
KReclaimable:     807040 kB
Slab:             992940 kB
SReclaimable:     807040 kB
SUnreclaim:       185900 kB
KernelStack:       12528 kB
PageTables:        31848 kB
SecPageTables:         0 kB
NFS_Unstable:          0 kB
Bounce:                0 kB
WritebackTmp:          0 kB
CommitLimit:    16432596 kB
Committed_AS:    9569772 kB
VmallocTotal:   13743895347199 kB
VmallocUsed:       28840 kB
VmallocChunk:          0 kB
Percpu:            20128 kB
HardwareCorrupted:     0 kB
AnonHugePages:         0 kB
ShmemHugePages:        0 kB
ShmemPmdMapped:        0 kB
FileHugePages:         0 kB
FilePmdMapped:         0 kB
Unaccepted:            0 kB
HugePages_Total:       0
HugePages_Free:        0
HugePages_Rsvd:        0
HugePages_Surp:        0
Hugepagesize:       2048 kB
Hugetlb:               0 kB
DirectMap4k:      144872 kB
DirectMap2M:     3000320 kB
DirectMap1G:    32505856 kB

/sys/kernel/mm/transparent_hugepage/enabled: always [madvise] never
/sys/kernel/mm/transparent_hugepage/hpage_pmd_size: 2097152
/sys/kernel/mm/transparent_hugepage/defrag (defrag/compaction efforts parameter): always defer defer+madvise [madvise] never

Process Memory:
Virtual Size: 8137864K (peak: 8200556K)
Resident Set Size: 325308K (peak: 325308K) (anon: 236984K, file: 88324K, shmem: 0K)
Swapped out: 0K
C-Heap outstanding allocations: 33736K, retained: 2755K
glibc malloc tunables: (default)

/proc/sys/kernel/threads-max (system-wide limit on the number of threads): 256213
/proc/sys/vm/max_map_count (maximum number of memory map areas a process may have): 65530
/proc/sys/vm/swappiness (control to define how aggressively the kernel swaps out anonymous memory): 60
/proc/sys/kernel/pid_max (system-wide limit on number of process identifiers): 4194304

container (cgroup) information:
container_type: cgroupv2
cpu_cpuset_cpus: not supported
cpu_memory_nodes: not supported
active_processor_count: 8
cpu_quota: no quota
cpu_period: 100000
cpu_shares: no shares
memory_limit_in_bytes: unlimited
memory_and_swap_limit_in_bytes: unlimited
memory_soft_limit_in_bytes: 0
memory_usage_in_bytes: 23651512 k
memory_max_usage_in_bytes: not supported
memory_swap_current_in_bytes: 0
memory_swap_max_limit_in_bytes: unlimited
maximum number of tasks: 38431
current number of tasks: 510

KVM virtualization detected
Steal ticks since vm start: 0
Steal ticks percentage since vm start:  0.000

CPU: total 8 (initial active 8) (8 cores per cpu, 1 threads per core) family 6 model 207 stepping 2 microcode 0x1, cx8, cmov, fxsr, mmx, 3dnowpref, sse, sse2, sse3, ssse3, sse4.1, sse4.2, popcnt, lzcnt, tsc, tscinvbit, avx, avx2, aes, erms, clmul, bmi1, bmi2, adx, avx512f, avx512dq, avx512cd, avx512bw, avx512vl, sha, fma, vzeroupper, avx512_vpopcntdq, avx512_vpclmulqdq, avx512_vaes, avx512_vnni, clflush, clflushopt, clwb, avx512_vbmi2, avx512_vbmi, hv, serialize, rdtscp, rdpid, fsrm, gfni, avx512_bitalg, f16c, pku, ospke, cet_ibt, cet_ss, avx512_ifma
CPU Model and flags from /proc/cpuinfo:
model name	: INTEL(R) XEON(R) PLATINUM 8559C
flags		: fpu vme de pse tsc msr pae mce cx8 apic sep mtrr pge mca cmov pat pse36 clflush dts mmx fxsr sse sse2 ss ht syscall nx pdpe1gb rdtscp lm constant_tsc arch_perfmon pebs bts rep_good nopl xtopology nonstop_tsc cpuid tsc_known_freq pni pclmulqdq dtes64 vmx ssse3 fma cx16 pdcm pcid sse4_1 sse4_2 x2apic movbe popcnt tsc_deadline_timer aes xsave avx f16c rdrand hypervisor lahf_lm abm 3dnowprefetch cpuid_fault ssbd ibrs ibpb stibp ibrs_enhanced tpr_shadow flexpriority ept vpid ept_ad fsgsbase tsc_adjust bmi1 avx2 smep bmi2 erms invpcid avx512f avx512dq rdseed adx smap avx512ifma clflushopt clwb avx512cd sha_ni avx512bw avx512vl xsaveopt xsavec xgetbv1 xsaves user_shstk avx_vnni avx512_bf16 wbnoinvd arat vnmi avx512vbmi umip pku ospke waitpkg avx512_vbmi2 gfni vaes vpclmulqdq avx512_vnni avx512_bitalg avx512_vpopcntdq la57 rdpid bus_lock_detect cldemote movdiri movdir64b fsrm md_clear serialize tsxldtrk ibt avx512_fp16 flush_l1d arch_capabilities

Online cpus: 0-7
Offline cpus: 
BIOS frequency limitation: <Not Available>
Frequency switch latency (ns): <Not Available>
Available cpu frequencies: <Not Available>
Current governor: <Not Available>
Core performance/turbo boost: <Not Available>

Memory: 4k page, physical 32865196k(26921312k free), swap 0k(0k free)
Page Sizes: 4k

vm_info: OpenJDK 64-Bit Server VM (21.0.8+9-b1163.69) for linux-amd64 JRE (21.0.8+9-b1163.69), built on 2025-10-24 by "builduser" with gcc 10.3.1 20210422 (Red Hat 10.3.1-1.2.0.1)

END.
