#
# A fatal error has been detected by the Java Runtime Environment:
#
#  SIGABRT (0x6) at pc=0x000073f28b6969bc (sent by kill), pid=60592, tid=60595
#
# JRE version: OpenJDK Runtime Environment JBR-21.0.8+9-1163.69-jcef (21.0.8+9) (build 21.0.8+9-b1163.69)
# Java VM: OpenJDK 64-Bit Server VM JBR-21.0.8+9-1163.69-jcef (21.0.8+9-b1163.69, mixed mode, sharing, tiered, compressed oops, compressed class ptrs, g1 gc, linux-amd64)
# Problematic frame:
# C  [libc.so.6+0x969bc]  pthread_kill+0x12c
#
# Core dump will be written. Default location: Core dumps may be processed with "/usr/share/apport/apport -p%p -s%s -c%c -d%d -P%P -u%u -g%g -F%F -- %E" (or dumping to /home/ubuntu/repos/minecraft-lua-map-maker/ide-plugin/core.60592)
#
# If you would like to submit a bug report, please visit:
#   https://youtrack.jetbrains.com/issues/JBR
#

---------------  S U M M A R Y ------------

Command Line: -Daether.connector.resumeDownloads=false -Dawt.lock.fair=true -Dcompose.swing.render.on.graphics=true -Didea.classpath.index.enabled=false -Didea.config.path=/home/ubuntu/repos/minecraft-lua-map-maker/ide-plugin/build/idea-sandbox/IU-2025.3/config-test -Didea.force.use.core.classloader=true -Didea.log.path=/home/ubuntu/repos/minecraft-lua-map-maker/ide-plugin/build/idea-sandbox/IU-2025.3/log-test -Didea.paths.selector=IntelliJIdea2025.3 -Didea.plugins.path=/home/ubuntu/repos/minecraft-lua-map-maker/ide-plugin/build/idea-sandbox/IU-2025.3/plugins-test -Didea.system.path=/home/ubuntu/repos/minecraft-lua-map-maker/ide-plugin/build/idea-sandbox/IU-2025.3/system-test -Didea.use.core.classloader.for.plugin.path=true -Didea.vendor.name=JetBrains -Dintellij.platform.runtime.repository.path=/home/ubuntu/.gradle/caches/8.10.2/transforms/81e4360543fbb01d4f7fb470fa49803d/transformed/ideaIU-2025.3/modules/module-descriptors.dat -Dintellij.testFramework.rethrow.logged.errors=true -Dio.netty.allocator.type=pooled -Djava.nio.file.spi.DefaultFileSystemProvider=com.intellij.platform.core.nio.fs.MultiRoutingFileSystemProvider -Djava.system.class.loader=com.intellij.util.lang.PathClassLoader -Djava.util.zip.use.nio.for.zip.file.access=true -Djbr.catch.SIGABRT=true -Djdk.attach.allowAttachSelf=true -Djdk.http.auth.tunneling.disabledSchemes="" -Djdk.module.illegalAccess.silent=true -Djdk.nio.maxCachedBufferSize=2097152 -Djna.boot.library.path=/home/ubuntu/.gradle/caches/8.10.2/transforms/81e4360543fbb01d4f7fb470fa49803d/transformed/ideaIU-2025.3/lib/jna/amd64 -Djna.noclasspath=true -Djna.nosys=true -Dorg.gradle.internal.worker.tmpdir=/home/ubuntu/repos/minecraft-lua-map-maker/ide-plugin/build/tmp/test/work -Dplugin.path=/home/ubuntu/repos/minecraft-lua-map-maker/ide-plugin/build/idea-sandbox/IU-2025.3/plugins-test/luamap-idea-plugin -Dpty4j.preferred.native.folder=/home/ubuntu/.gradle/caches/8.10.2/transforms/81e4360543fbb01d4f7fb470fa49803d/transformed/ideaIU-2025.3/lib/pty4j -Dsplash=true -Dsun.io.useCanonCaches=false -Dsun.java2d.metal=true -Dsun.tools.attach.tmp.only=true -XX:JbrShrinkingGcMaxHeapFreeRatio=40 -XX:ReservedCodeCacheSize=512m -XX:+HeapDumpOnOutOfMemoryError -XX:-OmitStackTraceInFastThrow -XX:CICompilerCount=2 -XX:+IgnoreUnrecognizedVMOptions -XX:+UnlockDiagnosticVMOptions -XX:TieredOldPercentage=100000 -javaagent:/home/ubuntu/repos/minecraft-lua-map-maker/ide-plugin/build/coroutines-javaagent.jar -Xbootclasspath/a:/home/ubuntu/.gradle/caches/8.10.2/transforms/81e4360543fbb01d4f7fb470fa49803d/transformed/ideaIU-2025.3/lib/nio-fs.jar --add-opens=java.base/java.io=ALL-UNNAMED --add-opens=java.base/java.lang=ALL-UNNAMED --add-opens=java.base/java.lang.ref=ALL-UNNAMED --add-opens=java.base/java.lang.reflect=ALL-UNNAMED --add-opens=java.base/java.net=ALL-UNNAMED --add-opens=java.base/java.nio=ALL-UNNAMED --add-opens=java.base/java.nio.charset=ALL-UNNAMED --add-opens=java.base/java.text=ALL-UNNAMED --add-opens=java.base/java.time=ALL-UNNAMED --add-opens=java.base/java.util=ALL-UNNAMED --add-opens=java.base/java.util.concurrent=ALL-UNNAMED --add-opens=java.base/java.util.concurrent.atomic=ALL-UNNAMED --add-opens=java.base/java.util.concurrent.locks=ALL-UNNAMED --add-opens=java.base/jdk.internal.ref=ALL-UNNAMED --add-opens=java.base/jdk.internal.vm=ALL-UNNAMED --add-opens=java.base/sun.net.dns=ALL-UNNAMED --add-opens=java.base/sun.nio=ALL-UNNAMED --add-opens=java.base/sun.nio.ch=ALL-UNNAMED --add-opens=java.base/sun.nio.fs=ALL-UNNAMED --add-opens=java.base/sun.security.ssl=ALL-UNNAMED --add-opens=java.base/sun.security.util=ALL-UNNAMED --add-opens=java.desktop/com.sun.java.swing=ALL-UNNAMED --add-opens=java.desktop/com.sun.java.swing.plaf.gtk=ALL-UNNAMED --add-opens=java.desktop/java.awt=ALL-UNNAMED --add-opens=java.desktop/java.awt.dnd.peer=ALL-UNNAMED --add-opens=java.desktop/java.awt.event=ALL-UNNAMED --add-opens=java.desktop/java.awt.font=ALL-UNNAMED --add-opens=java.desktop/java.awt.image=ALL-UNNAMED --add-opens=java.desktop/java.awt.peer=ALL-UNNAMED --add-opens=java.desktop/javax.swing=ALL-UNNAMED --add-opens=java.desktop/javax.swing.plaf.basic=ALL-UNNAMED --add-opens=java.desktop/javax.swing.text=ALL-UNNAMED --add-opens=java.desktop/javax.swing.text.html=ALL-UNNAMED --add-opens=java.desktop/javax.swing.text.html.parser=ALL-UNNAMED --add-opens=java.desktop/sun.awt=ALL-UNNAMED --add-opens=java.desktop/sun.awt.X11=ALL-UNNAMED --add-opens=java.desktop/sun.awt.datatransfer=ALL-UNNAMED --add-opens=java.desktop/sun.awt.image=ALL-UNNAMED --add-opens=java.desktop/sun.font=ALL-UNNAMED --add-opens=java.desktop/sun.java2d=ALL-UNNAMED --add-opens=java.desktop/sun.swing=ALL-UNNAMED --add-opens=java.management/sun.management=ALL-UNNAMED --add-opens=jdk.attach/sun.tools.attach=ALL-UNNAMED --add-opens=jdk.compiler/com.sun.tools.javac.api=ALL-UNNAMED --add-opens=jdk.internal.jvmstat/sun.jvmstat.monitor=ALL-UNNAMED --add-opens=jdk.jdi/com.sun.tools.jdi=ALL-UNNAMED -Xms128m -Xmx2048m -Dfile.encoding=UTF-8 -Duser.country -Duser.language=en -Duser.variant -ea -Dawt.toolkit.name=XToolkit worker.org.gradle.process.internal.worker.GradleWorkerMain 'Gradle Test Executor 43'

Host: INTEL(R) XEON(R) PLATINUM 8559C, 8 cores, 31G, Ubuntu 22.04.5 LTS
Time: Fri Sep 18 16:50:55 2026 UTC elapsed time: 0.322460 seconds (0d 0h 0m 0s)

---------------  T H R E A D  ---------------

Current thread (0x000073f2840378a0):  JavaThread "main"             [_thread_in_vm, id=60595, stack(0x000073f289e19000,0x000073f289f19000) (1024K)]

Stack: [0x000073f289e19000,0x000073f289f19000],  sp=0x000073f289f177f0,  free space=1017k
Native frames: (J=compiled Java code, j=interpreted, Vv=VM code, C=native code)
C  [libc.so.6+0x969bc]  pthread_kill+0x12c

siginfo: si_signo: 6 (SIGABRT), si_code: -6 (SI_TKILL), si_pid: 60592 (current process), si_uid: 1000

Registers:
RAX=0x0000000000000000, RBX=0x000073f289f18640, RCX=0x000073f28b6969bc, RDX=0x0000000000000006
RSP=0x000073f289f177f0, RBP=0x000000000000ecb3, RSI=0x000000000000ecb3, RDI=0x000000000000ecb0
R8 =0x000073f289f178c0, R9 =0x0000000000000000, R10=0x0000000000000008, R11=0x0000000000000246
R12=0x0000000000000006, R13=0x0000000000000016, R14=0x000073f289f17ad8, R15=0x0000000000000000
RIP=0x000073f28b6969bc, EFLAGS=0x0000000000000246, CSGSFS=0x002b000000000033, ERR=0x0000000000000004
  TRAPNO=0x000000000000000e

XMM[0]=0x000073f284037fb0 0x000073f284037fa0
XMM[1]=0x0000000000000000 0x0000000000000000
XMM[2]=0x0000000000000000 0x0000000000000002
XMM[3]=0x000073f289f16650 0x000073f289f16650
XMM[4]=0x0000000000000000 0x000073f289f16667
XMM[5]=0x0000000000000000 0x000073f284000090
XMM[6]=0x0000000000000000 0x000073f2840378a0
XMM[7]=0x0000000000000000 0x0000000000000000
XMM[8]=0xff00000000000000 0x0000000000000000
XMM[9]=0x6161616161616161 0x6161616161616161
XMM[10]=0x6112150f040c040d 0x2404020013350a02
XMM[11]=0x0000000000000000 0x0000000174359406
XMM[12]=0x0000000000000000 0x0000000000000000
XMM[13]=0x0000000000000000 0x0000000000000000
XMM[14]=0x0000000000000000 0x0000000000000000
XMM[15]=0x0000000000000000 0x0000000000000000
  MXCSR=0x00001fa2


Register to memory mapping:

RAX=0x0 is null
RBX=0x000073f289f18640 is pointing into the stack for thread: 0x000073f2840378a0
RCX=0x000073f28b6969bc: pthread_kill+0x000000000000012c in /lib/x86_64-linux-gnu/libc.so.6 at 0x000073f28b600000
RDX=0x0000000000000006 is an unknown value
RSP=0x000073f289f177f0 is pointing into the stack for thread: 0x000073f2840378a0
RBP=0x000000000000ecb3 is an unknown value
RSI=0x000000000000ecb3 is an unknown value
RDI=0x000000000000ecb0 is an unknown value
R8 =0x000073f289f178c0 is pointing into the stack for thread: 0x000073f2840378a0
R9 =0x0 is null
R10=0x0000000000000008 is an unknown value
R11=0x0000000000000246 is an unknown value
R12=0x0000000000000006 is an unknown value
R13=0x0000000000000016 is an unknown value
R14=0x000073f289f17ad8 is pointing into the stack for thread: 0x000073f2840378a0
R15=0x0 is null

Top of Stack: (sp=0x000073f289f177f0)
0x000073f289f177f0:   0000000000000000 0000000000000000
0x000073f289f17800:   0000000000000000 000073f289f17e50
0x000073f289f17810:   000073f289f17e50 000073f28b00ac88
0x000073f289f17820:   000073f1fe00dd60 000073f289f1788c
0x000073f289f17830:   000073f289f17890 000000640100e0d0
0x000073f289f17840:   0000000000000000 0000000000000000
0x000073f289f17850:   0000000000000000 0000000000000000
0x000073f289f17860:   0000000000000002 0000000000000000
0x000073f289f17870:   0000000000000000 822965c0923ffb00
0x000073f289f17880:   000073f289f18640 0000000000000006
0x000073f289f17890:   000073f2840378a0 000073f28b981758
0x000073f289f178a0:   000073f289f17ad8 000073f28b642476
0x000073f289f178b0:   000073f28b81be90 000073f28b6287f3
0x000073f289f178c0:   0000000000000020 000073f28af8644b
0x000073f289f178d0:   000073f289f17940 000073f28a447d04
0x000073f289f178e0:   000073f284000b70 000000018b17f480
0x000073f289f178f0:   000073f289f17ad8 0000000000000000
0x000073f289f17900:   000073f289f17a20 000073f28ad06d5d
0x000073f289f17910:   000073f284037fa0 822965c0923ffb00
0x000073f289f17920:   000073f289f18640 ffffffffffffff80
0x000073f289f17930:   0000000000000002 822965c0923ffb00
0x000073f289f17940:   000073f28b8cb2f0 ffffffffffffff80
0x000073f289f17950:   0000000000000002 000073f284018980
0x000073f289f17960:   000073f28b8cb2f0 000073f289f17ad8
0x000073f289f17970:   0000000000000000 000073f28b6a5413
0x000073f289f17980:   000073f289f179a0 000073f28b8ca716
0x000073f289f17990:   000073f2840378a0 000073f28a623830
0x000073f289f179a0:   000073f289f179c0 000073f28b8ca98d
0x000073f289f179b0:   000073f2840378a0 000073f2840378a0
0x000073f289f179c0:   000073f289f179f0 000073f28a624137
0x000073f289f179d0:   0000000000000001 822965c0923ffb00
0x000073f289f179e0:   0000000000000001 0000000000000001 

Instructions: (pc=0x000073f28b6969bc)
0x000073f28b6968bc:   00 31 c0 83 fa 01 76 7e 48 89 fb 41 89 f4 64 48
0x000073f28b6968cc:   3b 3c 25 10 00 00 00 0f 84 c7 00 00 00 49 89 e6
0x000073f28b6968dc:   41 ba 08 00 00 00 31 ff b8 0e 00 00 00 4c 89 f2
0x000073f28b6968ec:   48 8d 35 6d c1 13 00 0f 05 31 c0 48 8d ab 74 09
0x000073f28b6968fc:   00 00 ba 01 00 00 00 f0 0f b1 55 00 0f 85 ca 00
0x000073f28b69690c:   00 00 80 bb 73 09 00 00 00 74 59 45 31 ed 31 d2
0x000073f28b69691c:   87 93 74 09 00 00 83 fa 01 0f 8f bd 00 00 00 41
0x000073f28b69692c:   ba 08 00 00 00 31 d2 4c 89 f6 bf 02 00 00 00 b8
0x000073f28b69693c:   0e 00 00 00 0f 05 48 8b 84 24 88 00 00 00 64 48
0x000073f28b69694c:   2b 04 25 28 00 00 00 0f 85 9c 00 00 00 48 81 c4
0x000073f28b69695c:   90 00 00 00 44 89 e8 5b 5d 41 5c 41 5d 41 5e c3
0x000073f28b69696c:   0f 1f 40 00 44 8b ab d0 02 00 00 e8 84 56 05 00
0x000073f28b69697c:   44 89 e2 89 c7 44 89 ee b8 ea 00 00 00 0f 05 3d
0x000073f28b69698c:   00 f0 ff ff 76 85 41 89 c5 41 f7 dd eb 80 66 0f
0x000073f28b69699c:   1f 44 00 00 b8 ba 00 00 00 0f 05 89 c5 e8 52 56
0x000073f28b6969ac:   05 00 44 89 e2 89 ee 89 c7 b8 ea 00 00 00 0f 05
0x000073f28b6969bc:   41 89 c5 41 f7 dd 3d 00 f0 ff ff b8 00 00 00 00
0x000073f28b6969cc:   44 0f 46 e8 e9 6d ff ff ff 0f 1f 00 48 89 ef e8
0x000073f28b6969dc:   10 a8 ff ff e9 29 ff ff ff 0f 1f 00 48 89 ef e8
0x000073f28b6969ec:   d0 a8 ff ff e9 36 ff ff ff e8 96 fb 09 00 66 0f
0x000073f28b6969fc:   1f 44 00 00 f3 0f 1e fa c3 66 2e 0f 1f 84 00 00
0x000073f28b696a0c:   00 00 00 90 41 57 41 56 41 55 41 54 55 48 89 fd
0x000073f28b696a1c:   53 48 83 ec 28 64 48 8b 04 25 28 00 00 00 48 89
0x000073f28b696a2c:   44 24 18 31 c0 64 8b 04 25 d0 02 00 00 89 44 24
0x000073f28b696a3c:   0c 8b 57 10 4c 8d 77 10 89 d0 83 e0 7f 83 f8 33
0x000073f28b696a4c:   0f 8f a6 01 00 00 83 f8 2f 0f 8f f5 00 00 00 83
0x000073f28b696a5c:   f8 13 0f 8f e4 00 00 00 83 e2 70 0f 84 ab 00 00
0x000073f28b696a6c:   00 4c 8d 4f 20 64 4c 89 0c 25 f0 02 00 00 8b 5c
0x000073f28b696a7c:   24 0c 8b 17 41 bf ca 00 00 00 41 bd 81 08 00 00
0x000073f28b696a8c:   81 cb 00 00 00 80 85 d2 0f 85 20 03 00 00 89 d0
0x000073f28b696a9c:   f0 0f b1 5d 00 89 c2 85 c0 0f 85 0f 03 00 00 81
0x000073f28b696aac:   7d 08 fe ff ff 7f 0f 84 2a 05 00 00 c7 45 04 01 


Stack slot to memory mapping:

stack at sp + 0 slots: 0x0 is null
stack at sp + 1 slots: 0x0 is null
stack at sp + 2 slots: 0x0 is null
stack at sp + 3 slots: 0x000073f289f17e50 is pointing into the stack for thread: 0x000073f2840378a0
stack at sp + 4 slots: 0x000073f289f17e50 is pointing into the stack for thread: 0x000073f2840378a0
stack at sp + 5 slots: 0x000073f28b00ac88: <offset 0x000000000100ac88> in /home/ubuntu/.gradle/caches/8.10.2/transforms/81e4360543fbb01d4f7fb470fa49803d/transformed/ideaIU-2025.3/jbr/lib/server/libjvm.so at 0x000073f28a000000
stack at sp + 6 slots: 0x000073f1fe00dd60 is a pointer to class: 
java.lang.Throwable {0x000073f1fe00dd60}
 - instance size:     5
 - klass size:        82
 - access:            public synchronized 
 - flags:             rewritten has_nonstatic_fields is_shared_boot_class has_localvariable_table has_final_method 
 - state:             fully_initialized
 - name:              'java/lang/Throwable'
 - super:             'java/lang/Object'
 - sub:               'java/lang/Exception'   'java/lang/Error'   
 - arrays:            'java/lang/Throwable'[]
 - methods:           Array<T>(0x000073f1ffb6e670)
 - method ordering:   Array<T>(0x000073f1ffb6e5f0)
 - local interfaces:  Array<T>(0x000073f1fee82ef8)
 - trans. interfaces: Array<T>(0x000073f1fee82ef8)
 - secondary supers: Array<T>(0x000073f1fee82ef8)
 - hash_slot:         30
 - bitmap:            0x0000000100000000
 - constants:         constant pool [428] {0x000073f1ffb6d2f8} for 'java/lang/Throwable' cache=0x000073f1feb3bb20
 - class loader data:  loader data: 0x000073f2841487c0 of 'bootstrap'
 - source file:       'Throwable.java'
 - inner classes:     Array<T>(0x000073f1ffb6f770)
 - nest members:     Array<T>(0x000073f1ffb6e568)
 - permitted subclasses:     Array<T>(0x000073f1fee74df8)
 - java mirror:       a 'java/lang/Class'{0x00000000ffe2c0c0} = 'java/lang/Throwable'
 - vtable length      15  (start addr: 0x000073f1fe00df60)
 - itable length      2 (start addr: 0x000073f1fe00dfd8)
 - ---- static fields (6 words):
 - private static final 'serialVersionUID' 'J' @144 
 - private static final 'UNASSIGNED_STACK' '[Ljava/lang/StackTraceElement;' @112 
 - private static final 'SUPPRESSED_SENTINEL' 'Ljava/util/List;' @116 
 - private static final 'NULL_CAUSE_MESSAGE' 'Ljava/lang/String;' @120 
 - private static final 'SELF_SUPPRESSION_MESSAGE' 'Ljava/lang/String;' @124 
 - private static final 'CAUSE_CAPTION' 'Ljava/lang/String;' @128 
 - private static final 'SUPPRESSED_CAPTION' 'Ljava/lang/String;' @132 
 - private static final 'EMPTY_THROWABLE_ARRAY' '[Ljava/lang/Throwable;' @136 
 - private static volatile '$$jb$additionalInfoSupplier' 'Ljava/util/function/Supplier;' @140 
 - static final synthetic '$assertionsDisabled' 'Z' @152 
 - ---- non-static fields (6 words):
 - private transient 'depth' 'I' @12 
 - private transient 'backtrace' 'Ljava/lang/Object;' @16 
 - private 'detailMessage' 'Ljava/lang/String;' @20 
 - private 'cause' 'Ljava/lang/Throwable;' @24 
 - private 'stackTrace' '[Ljava/lang/StackTraceElement;' @28 
 - private 'suppressedExceptions' 'Ljava/util/List;' @32 
 - non-static oop maps: 16-32 
stack at sp + 7 slots: 0x000073f289f1788c is pointing into the stack for thread: 0x000073f2840378a0


---------------  P R O C E S S  ---------------

Threads class SMR info:
_java_thread_list=0x000073f284177000, length=9, elements={
0x000073f2840378a0, 0x000073f284169cb0, 0x000073f28416cef0, 0x000073f28416e460,
0x000073f28416fd00, 0x000073f284171340, 0x000073f2841728d0, 0x000073f284174400,
0x000073f284175ab0
}

Java Threads: ( => current thread )
=>0x000073f2840378a0 JavaThread "main"                              [_thread_in_vm, id=60595, stack(0x000073f289e19000,0x000073f289f19000) (1024K)]
  0x000073f284169cb0 JavaThread "Common-Cleaner"             daemon [_thread_blocked, id=60603, stack(0x000073f25d300000,0x000073f25d400000) (1024K)]
  0x000073f28416cef0 JavaThread "Reference Handler"          daemon [_thread_blocked, id=60604, stack(0x000073f25d200000,0x000073f25d300000) (1024K)]
  0x000073f28416e460 JavaThread "Finalizer"                  daemon [_thread_blocked, id=60605, stack(0x000073f25d100000,0x000073f25d200000) (1024K)]
  0x000073f28416fd00 JavaThread "Signal Dispatcher"          daemon [_thread_blocked, id=60606, stack(0x000073f25d000000,0x000073f25d100000) (1024K)]
  0x000073f284171340 JavaThread "Service Thread"             daemon [_thread_blocked, id=60607, stack(0x000073f25cf00000,0x000073f25d000000) (1024K)]
  0x000073f2841728d0 JavaThread "Monitor Deflation Thread"   daemon [_thread_blocked, id=60608, stack(0x000073f25ce00000,0x000073f25cf00000) (1024K)]
  0x000073f284174400 JavaThread "C2 CompilerThread0"         daemon [_thread_blocked, id=60609, stack(0x000073f25cd00000,0x000073f25ce00000) (1024K)]
  0x000073f284175ab0 JavaThread "C1 CompilerThread0"         daemon [_thread_blocked, id=60610, stack(0x000073f25cc00000,0x000073f25cd00000) (1024K)]
Total: 9

Other Threads:
  0x000073f28415edb0 VMThread "VM Thread"                           [id=60602, stack(0x000073f25d761000,0x000073f25d861000) (1024K)]
  0x000073f28414f080 WatcherThread "VM Periodic Task Thread"        [id=60601, stack(0x000073f25d862000,0x000073f25d962000) (1024K)]
  0x000073f284090700 WorkerThread "GC Thread#0"                     [id=60596, stack(0x000073f28887b000,0x000073f28897b000) (1024K)]
  0x000073f1f4007c00 WorkerThread "GC Thread#1"                     [id=60611, stack(0x000073f1b6728000,0x000073f1b6828000) (1024K)]
  0x000073f1f4008670 WorkerThread "GC Thread#2"                     [id=60612, stack(0x000073f1b6191000,0x000073f1b6291000) (1024K)]
  0x000073f1f4063c00 WorkerThread "GC Thread#3"                     [id=60613, stack(0x000073f143900000,0x000073f143a00000) (1024K)]
  0x000073f1f4064410 WorkerThread "GC Thread#4"                     [id=60614, stack(0x000073f142700000,0x000073f142800000) (1024K)]
  0x000073f2840a1d10 ConcurrentGCThread "G1 Main Marker"            [id=60597, stack(0x000073f28877a000,0x000073f28887a000) (1024K)]
  0x000073f2840a2cb0 WorkerThread "G1 Conc#0"                       [id=60598, stack(0x000073f288679000,0x000073f288779000) (1024K)]
  0x000073f284139720 ConcurrentGCThread "G1 Refine#0"               [id=60599, stack(0x000073f25dbff000,0x000073f25dcff000) (1024K)]
  0x000073f28413a6d0 ConcurrentGCThread "G1 Service"                [id=60600, stack(0x000073f25dafe000,0x000073f25dbfe000) (1024K)]
Total: 11

Threads with active compile tasks:
Total: 0

VM state: not at safepoint (normal execution)

VM Mutex/Monitor currently owned by a thread: None

Heap address: 0x0000000080000000, size: 2048 MB, Compressed Oops mode: 32-bit

CDS archive(s) mapped at: [0x000073f1fe000000-0x000073f1ffc7e000-0x000073f1ffc7e000), size 29876224, SharedBaseAddress: 0x000073f1fe000000, ArchiveRelocationMode: 1.
Compressed class space mapped at: 0x000073f200000000-0x000073f240000000, reserved size: 1073741824
Narrow klass base: 0x000073f1fe000000, Narrow klass shift: 0, Narrow klass range: 0x100000000

GC Precious Log:
 CardTable entry size: 512
 Card Set container configuration: InlinePtr #cards 5 size 8 Array Of Cards #cards 12 size 40 Howl #buckets 4 coarsen threshold 1843 Howl Bitmap #cards 512 size 80 coarsen threshold 460 Card regions per heap region 1 cards per card region 2048
 CPUs: 8 total, 8 available
 Memory: 32094M
 Large Page Support: Disabled
 NUMA Support: Disabled
 Compressed Oops: Enabled (32-bit)
 Heap Region Size: 1M
 Heap Min Capacity: 128M
 Heap Initial Capacity: 128M
 Heap Max Capacity: 2G
 Pre-touch: Disabled
 Parallel Workers: 8
 Concurrent Workers: 2
 Concurrent Refinement Workers: 8
 Periodic GC: Disabled

Heap:
 garbage-first heap   total 232448K, used 78271K [0x0000000080000000, 0x0000000100000000)
  region size 1024K, 26 young (26624K), 11 survivors (11264K)
 Metaspace       used 1344K, committed 1472K, reserved 1114112K
  class space    used 74K, committed 128K, reserved 1048576K

Heap Regions: E=young(eden), S=young(survivor), O=old, HS=humongous(starts), HC=humongous(continues), CS=collection set, F=free, TAMS=top-at-mark-start, PB=parsable bottom
|   0|0x0000000080000000, 0x0000000080100000, 0x0000000080100000|100%| O|  |TAMS 0x0000000080000000| PB 0x0000000080000000| Untracked 
|   1|0x0000000080100000, 0x0000000080200000, 0x0000000080200000|100%|HS|  |TAMS 0x0000000080100000| PB 0x0000000080100000| Complete 
|   2|0x0000000080200000, 0x0000000080300000, 0x0000000080300000|100%|HC|  |TAMS 0x0000000080200000| PB 0x0000000080200000| Complete 
|   3|0x0000000080300000, 0x0000000080400000, 0x0000000080400000|100%|HS|  |TAMS 0x0000000080300000| PB 0x0000000080300000| Complete 
|   4|0x0000000080400000, 0x0000000080500000, 0x0000000080500000|100%|HC|  |TAMS 0x0000000080400000| PB 0x0000000080400000| Complete 
|   5|0x0000000080500000, 0x0000000080600000, 0x0000000080600000|100%| O|  |TAMS 0x0000000080500000| PB 0x0000000080500000| Untracked 
|   6|0x0000000080600000, 0x0000000080700000, 0x0000000080700000|100%| O|  |TAMS 0x0000000080600000| PB 0x0000000080600000| Untracked 
|   7|0x0000000080700000, 0x0000000080800000, 0x0000000080800000|100%| O|  |TAMS 0x0000000080700000| PB 0x0000000080700000| Untracked 
|   8|0x0000000080800000, 0x0000000080900000, 0x0000000080900000|100%| O|  |TAMS 0x0000000080800000| PB 0x0000000080800000| Untracked 
|   9|0x0000000080900000, 0x0000000080a00000, 0x0000000080a00000|100%| O|  |TAMS 0x0000000080900000| PB 0x0000000080900000| Untracked 
|  10|0x0000000080a00000, 0x0000000080b00000, 0x0000000080b00000|100%| O|  |TAMS 0x0000000080a00000| PB 0x0000000080a00000| Untracked 
|  11|0x0000000080b00000, 0x0000000080c00000, 0x0000000080c00000|100%|HS|  |TAMS 0x0000000080b00000| PB 0x0000000080b00000| Complete 
|  12|0x0000000080c00000, 0x0000000080d00000, 0x0000000080d00000|100%|HC|  |TAMS 0x0000000080c00000| PB 0x0000000080c00000| Complete 
|  13|0x0000000080d00000, 0x0000000080e00000, 0x0000000080e00000|100%|HS|  |TAMS 0x0000000080d00000| PB 0x0000000080d00000| Complete 
|  14|0x0000000080e00000, 0x0000000080f00000, 0x0000000080f00000|100%|HC|  |TAMS 0x0000000080e00000| PB 0x0000000080e00000| Complete 
|  15|0x0000000080f00000, 0x0000000081000000, 0x0000000081000000|100%| O|  |TAMS 0x0000000080f00000| PB 0x0000000080f00000| Untracked 
|  16|0x0000000081000000, 0x0000000081100000, 0x0000000081100000|100%| O|  |TAMS 0x0000000081000000| PB 0x0000000081000000| Untracked 
|  17|0x0000000081100000, 0x0000000081200000, 0x0000000081200000|100%| O|  |TAMS 0x0000000081100000| PB 0x0000000081100000| Untracked 
|  18|0x0000000081200000, 0x0000000081300000, 0x0000000081300000|100%| O|  |TAMS 0x0000000081200000| PB 0x0000000081200000| Untracked 
|  19|0x0000000081300000, 0x000000008138e008, 0x0000000081400000| 55%| O|  |TAMS 0x0000000081300000| PB 0x0000000081300000| Untracked 
|  20|0x0000000081400000, 0x0000000081500000, 0x0000000081500000|100%|HS|  |TAMS 0x0000000081400000| PB 0x0000000081400000| Complete 
|  21|0x0000000081500000, 0x0000000081600000, 0x0000000081600000|100%|HS|  |TAMS 0x0000000081500000| PB 0x0000000081500000| Complete 
|  22|0x0000000081600000, 0x0000000081700000, 0x0000000081700000|100%|HS|  |TAMS 0x0000000081600000| PB 0x0000000081600000| Complete 
|  23|0x0000000081700000, 0x0000000081800000, 0x0000000081800000|100%|HS|  |TAMS 0x0000000081700000| PB 0x0000000081700000| Complete 
|  24|0x0000000081800000, 0x0000000081900000, 0x0000000081900000|100%|HS|  |TAMS 0x0000000081800000| PB 0x0000000081800000| Complete 
|  25|0x0000000081900000, 0x0000000081a00000, 0x0000000081a00000|100%|HS|  |TAMS 0x0000000081900000| PB 0x0000000081900000| Complete 
|  26|0x0000000081a00000, 0x0000000081b00000, 0x0000000081b00000|100%|HS|  |TAMS 0x0000000081a00000| PB 0x0000000081a00000| Complete 
|  27|0x0000000081b00000, 0x0000000081c00000, 0x0000000081c00000|100%|HS|  |TAMS 0x0000000081b00000| PB 0x0000000081b00000| Complete 
|  28|0x0000000081c00000, 0x0000000081d00000, 0x0000000081d00000|100%|HS|  |TAMS 0x0000000081c00000| PB 0x0000000081c00000| Complete 
|  29|0x0000000081d00000, 0x0000000081e00000, 0x0000000081e00000|100%|HS|  |TAMS 0x0000000081d00000| PB 0x0000000081d00000| Complete 
|  30|0x0000000081e00000, 0x0000000081f00000, 0x0000000081f00000|100%|HS|  |TAMS 0x0000000081e00000| PB 0x0000000081e00000| Complete 
|  31|0x0000000081f00000, 0x0000000082000000, 0x0000000082000000|100%|HS|  |TAMS 0x0000000081f00000| PB 0x0000000081f00000| Complete 
|  32|0x0000000082000000, 0x0000000082100000, 0x0000000082100000|100%|HS|  |TAMS 0x0000000082000000| PB 0x0000000082000000| Complete 
|  33|0x0000000082100000, 0x0000000082200000, 0x0000000082200000|100%|HS|  |TAMS 0x0000000082100000| PB 0x0000000082100000| Complete 
|  34|0x0000000082200000, 0x0000000082300000, 0x0000000082300000|100%|HS|  |TAMS 0x0000000082200000| PB 0x0000000082200000| Complete 
|  35|0x0000000082300000, 0x0000000082400000, 0x0000000082400000|100%|HS|  |TAMS 0x0000000082300000| PB 0x0000000082300000| Complete 
|  36|0x0000000082400000, 0x0000000082500000, 0x0000000082500000|100%|HS|  |TAMS 0x0000000082400000| PB 0x0000000082400000| Complete 
|  37|0x0000000082500000, 0x0000000082600000, 0x0000000082600000|100%|HS|  |TAMS 0x0000000082500000| PB 0x0000000082500000| Complete 
|  38|0x0000000082600000, 0x0000000082700000, 0x0000000082700000|100%|HS|  |TAMS 0x0000000082600000| PB 0x0000000082600000| Complete 
|  39|0x0000000082700000, 0x0000000082800000, 0x0000000082800000|100%|HS|  |TAMS 0x0000000082700000| PB 0x0000000082700000| Complete 
|  40|0x0000000082800000, 0x0000000082900000, 0x0000000082900000|100%|HS|  |TAMS 0x0000000082800000| PB 0x0000000082800000| Complete 
|  41|0x0000000082900000, 0x0000000082a00000, 0x0000000082a00000|100%|HS|  |TAMS 0x0000000082900000| PB 0x0000000082900000| Complete 
|  42|0x0000000082a00000, 0x0000000082b00000, 0x0000000082b00000|100%|HS|  |TAMS 0x0000000082a00000| PB 0x0000000082a00000| Complete 
|  43|0x0000000082b00000, 0x0000000082c00000, 0x0000000082c00000|100%|HS|  |TAMS 0x0000000082b00000| PB 0x0000000082b00000| Complete 
|  44|0x0000000082c00000, 0x0000000082d00000, 0x0000000082d00000|100%|HS|  |TAMS 0x0000000082c00000| PB 0x0000000082c00000| Complete 
|  45|0x0000000082d00000, 0x0000000082e00000, 0x0000000082e00000|100%|HS|  |TAMS 0x0000000082d00000| PB 0x0000000082d00000| Complete 
|  46|0x0000000082e00000, 0x0000000082f00000, 0x0000000082f00000|100%|HS|  |TAMS 0x0000000082e00000| PB 0x0000000082e00000| Complete 
|  47|0x0000000082f00000, 0x0000000083000000, 0x0000000083000000|100%|HS|  |TAMS 0x0000000082f00000| PB 0x0000000082f00000| Complete 
|  48|0x0000000083000000, 0x0000000083000000, 0x0000000083100000|  0%| F|  |TAMS 0x0000000083000000| PB 0x0000000083000000| Untracked 
|  49|0x0000000083100000, 0x0000000083100000, 0x0000000083200000|  0%| F|  |TAMS 0x0000000083100000| PB 0x0000000083100000| Untracked 
|  50|0x0000000083200000, 0x0000000083200000, 0x0000000083300000|  0%| F|  |TAMS 0x0000000083200000| PB 0x0000000083200000| Untracked 
|  51|0x0000000083300000, 0x0000000083300000, 0x0000000083400000|  0%| F|  |TAMS 0x0000000083300000| PB 0x0000000083300000| Untracked 
|  52|0x0000000083400000, 0x0000000083400000, 0x0000000083500000|  0%| F|  |TAMS 0x0000000083400000| PB 0x0000000083400000| Untracked 
|  53|0x0000000083500000, 0x0000000083500000, 0x0000000083600000|  0%| F|  |TAMS 0x0000000083500000| PB 0x0000000083500000| Untracked 
|  54|0x0000000083600000, 0x0000000083600000, 0x0000000083700000|  0%| F|  |TAMS 0x0000000083600000| PB 0x0000000083600000| Untracked 
|  55|0x0000000083700000, 0x0000000083700000, 0x0000000083800000|  0%| F|  |TAMS 0x0000000083700000| PB 0x0000000083700000| Untracked 
|  56|0x0000000083800000, 0x0000000083800000, 0x0000000083900000|  0%| F|  |TAMS 0x0000000083800000| PB 0x0000000083800000| Untracked 
|  57|0x0000000083900000, 0x0000000083900000, 0x0000000083a00000|  0%| F|  |TAMS 0x0000000083900000| PB 0x0000000083900000| Untracked 
|  58|0x0000000083a00000, 0x0000000083a00000, 0x0000000083b00000|  0%| F|  |TAMS 0x0000000083a00000| PB 0x0000000083a00000| Untracked 
|  59|0x0000000083b00000, 0x0000000083b00000, 0x0000000083c00000|  0%| F|  |TAMS 0x0000000083b00000| PB 0x0000000083b00000| Untracked 
|  60|0x0000000083c00000, 0x0000000083c00000, 0x0000000083d00000|  0%| F|  |TAMS 0x0000000083c00000| PB 0x0000000083c00000| Untracked 
|  61|0x0000000083d00000, 0x0000000083d00000, 0x0000000083e00000|  0%| F|  |TAMS 0x0000000083d00000| PB 0x0000000083d00000| Untracked 
|  62|0x0000000083e00000, 0x0000000083e00000, 0x0000000083f00000|  0%| F|  |TAMS 0x0000000083e00000| PB 0x0000000083e00000| Untracked 
|  63|0x0000000083f00000, 0x0000000083f00000, 0x0000000084000000|  0%| F|  |TAMS 0x0000000083f00000| PB 0x0000000083f00000| Untracked 
|  64|0x0000000084000000, 0x0000000084000000, 0x0000000084100000|  0%| F|  |TAMS 0x0000000084000000| PB 0x0000000084000000| Untracked 
|  65|0x0000000084100000, 0x0000000084100000, 0x0000000084200000|  0%| F|  |TAMS 0x0000000084100000| PB 0x0000000084100000| Untracked 
|  66|0x0000000084200000, 0x0000000084200000, 0x0000000084300000|  0%| F|  |TAMS 0x0000000084200000| PB 0x0000000084200000| Untracked 
|  67|0x0000000084300000, 0x0000000084300000, 0x0000000084400000|  0%| F|  |TAMS 0x0000000084300000| PB 0x0000000084300000| Untracked 
|  68|0x0000000084400000, 0x0000000084400000, 0x0000000084500000|  0%| F|  |TAMS 0x0000000084400000| PB 0x0000000084400000| Untracked 
|  69|0x0000000084500000, 0x0000000084500000, 0x0000000084600000|  0%| F|  |TAMS 0x0000000084500000| PB 0x0000000084500000| Untracked 
|  70|0x0000000084600000, 0x0000000084600000, 0x0000000084700000|  0%| F|  |TAMS 0x0000000084600000| PB 0x0000000084600000| Untracked 
|  71|0x0000000084700000, 0x0000000084700000, 0x0000000084800000|  0%| F|  |TAMS 0x0000000084700000| PB 0x0000000084700000| Untracked 
|  72|0x0000000084800000, 0x0000000084800000, 0x0000000084900000|  0%| F|  |TAMS 0x0000000084800000| PB 0x0000000084800000| Untracked 
|  73|0x0000000084900000, 0x0000000084900000, 0x0000000084a00000|  0%| F|  |TAMS 0x0000000084900000| PB 0x0000000084900000| Untracked 
|  74|0x0000000084a00000, 0x0000000084a00000, 0x0000000084b00000|  0%| F|  |TAMS 0x0000000084a00000| PB 0x0000000084a00000| Untracked 
|  75|0x0000000084b00000, 0x0000000084b00000, 0x0000000084c00000|  0%| F|  |TAMS 0x0000000084b00000| PB 0x0000000084b00000| Untracked 
|  76|0x0000000084c00000, 0x0000000084c00000, 0x0000000084d00000|  0%| F|  |TAMS 0x0000000084c00000| PB 0x0000000084c00000| Untracked 
|  77|0x0000000084d00000, 0x0000000084d00000, 0x0000000084e00000|  0%| F|  |TAMS 0x0000000084d00000| PB 0x0000000084d00000| Untracked 
|  78|0x0000000084e00000, 0x0000000084e00000, 0x0000000084f00000|  0%| F|  |TAMS 0x0000000084e00000| PB 0x0000000084e00000| Untracked 
|  79|0x0000000084f00000, 0x0000000084f00000, 0x0000000085000000|  0%| F|  |TAMS 0x0000000084f00000| PB 0x0000000084f00000| Untracked 
|  80|0x0000000085000000, 0x0000000085000000, 0x0000000085100000|  0%| F|  |TAMS 0x0000000085000000| PB 0x0000000085000000| Untracked 
|  81|0x0000000085100000, 0x0000000085100000, 0x0000000085200000|  0%| F|  |TAMS 0x0000000085100000| PB 0x0000000085100000| Untracked 
|  82|0x0000000085200000, 0x0000000085200000, 0x0000000085300000|  0%| F|  |TAMS 0x0000000085200000| PB 0x0000000085200000| Untracked 
|  83|0x0000000085300000, 0x0000000085300000, 0x0000000085400000|  0%| F|  |TAMS 0x0000000085300000| PB 0x0000000085300000| Untracked 
|  84|0x0000000085400000, 0x0000000085400000, 0x0000000085500000|  0%| F|  |TAMS 0x0000000085400000| PB 0x0000000085400000| Untracked 
|  85|0x0000000085500000, 0x0000000085500000, 0x0000000085600000|  0%| F|  |TAMS 0x0000000085500000| PB 0x0000000085500000| Untracked 
|  86|0x0000000085600000, 0x0000000085600000, 0x0000000085700000|  0%| F|  |TAMS 0x0000000085600000| PB 0x0000000085600000| Untracked 
|  87|0x0000000085700000, 0x0000000085700000, 0x0000000085800000|  0%| F|  |TAMS 0x0000000085700000| PB 0x0000000085700000| Untracked 
|  88|0x0000000085800000, 0x0000000085800000, 0x0000000085900000|  0%| F|  |TAMS 0x0000000085800000| PB 0x0000000085800000| Untracked 
|  89|0x0000000085900000, 0x0000000085900000, 0x0000000085a00000|  0%| F|  |TAMS 0x0000000085900000| PB 0x0000000085900000| Untracked 
|  90|0x0000000085a00000, 0x0000000085a00000, 0x0000000085b00000|  0%| F|  |TAMS 0x0000000085a00000| PB 0x0000000085a00000| Untracked 
|  91|0x0000000085b00000, 0x0000000085b00000, 0x0000000085c00000|  0%| F|  |TAMS 0x0000000085b00000| PB 0x0000000085b00000| Untracked 
|  92|0x0000000085c00000, 0x0000000085c00000, 0x0000000085d00000|  0%| F|  |TAMS 0x0000000085c00000| PB 0x0000000085c00000| Untracked 
|  93|0x0000000085d00000, 0x0000000085d00000, 0x0000000085e00000|  0%| F|  |TAMS 0x0000000085d00000| PB 0x0000000085d00000| Untracked 
|  94|0x0000000085e00000, 0x0000000085e00000, 0x0000000085f00000|  0%| F|  |TAMS 0x0000000085e00000| PB 0x0000000085e00000| Untracked 
|  95|0x0000000085f00000, 0x0000000086000000, 0x0000000086000000|100%|HS|  |TAMS 0x0000000085f00000| PB 0x0000000085f00000| Complete 
|  96|0x0000000086000000, 0x0000000086000000, 0x0000000086100000|  0%| F|  |TAMS 0x0000000086000000| PB 0x0000000086000000| Untracked 
|  97|0x0000000086100000, 0x0000000086100000, 0x0000000086200000|  0%| F|  |TAMS 0x0000000086100000| PB 0x0000000086100000| Untracked 
|  98|0x0000000086200000, 0x0000000086300000, 0x0000000086300000|100%|HS|  |TAMS 0x0000000086200000| PB 0x0000000086200000| Complete 
|  99|0x0000000086300000, 0x0000000086400000, 0x0000000086400000|100%|HS|  |TAMS 0x0000000086300000| PB 0x0000000086300000| Complete 
| 100|0x0000000086400000, 0x0000000086400000, 0x0000000086500000|  0%| F|  |TAMS 0x0000000086400000| PB 0x0000000086400000| Untracked 
| 101|0x0000000086500000, 0x0000000086500000, 0x0000000086600000|  0%| F|  |TAMS 0x0000000086500000| PB 0x0000000086500000| Untracked 
| 102|0x0000000086600000, 0x0000000086600000, 0x0000000086700000|  0%| F|  |TAMS 0x0000000086600000| PB 0x0000000086600000| Untracked 
| 103|0x0000000086700000, 0x0000000086700000, 0x0000000086800000|  0%| F|  |TAMS 0x0000000086700000| PB 0x0000000086700000| Untracked 
| 104|0x0000000086800000, 0x0000000086800000, 0x0000000086900000|  0%| F|  |TAMS 0x0000000086800000| PB 0x0000000086800000| Untracked 
| 105|0x0000000086900000, 0x0000000086900000, 0x0000000086a00000|  0%| F|  |TAMS 0x0000000086900000| PB 0x0000000086900000| Untracked 
| 106|0x0000000086a00000, 0x0000000086a00000, 0x0000000086b00000|  0%| F|  |TAMS 0x0000000086a00000| PB 0x0000000086a00000| Untracked 
| 107|0x0000000086b00000, 0x0000000086b00000, 0x0000000086c00000|  0%| F|  |TAMS 0x0000000086b00000| PB 0x0000000086b00000| Untracked 
| 108|0x0000000086c00000, 0x0000000086c00000, 0x0000000086d00000|  0%| F|  |TAMS 0x0000000086c00000| PB 0x0000000086c00000| Untracked 
| 109|0x0000000086d00000, 0x0000000086d00000, 0x0000000086e00000|  0%| F|  |TAMS 0x0000000086d00000| PB 0x0000000086d00000| Untracked 
| 110|0x0000000086e00000, 0x0000000086e00000, 0x0000000086f00000|  0%| F|  |TAMS 0x0000000086e00000| PB 0x0000000086e00000| Untracked 
| 111|0x0000000086f00000, 0x0000000086f00000, 0x0000000087000000|  0%| F|  |TAMS 0x0000000086f00000| PB 0x0000000086f00000| Untracked 
| 112|0x0000000087000000, 0x0000000087000000, 0x0000000087100000|  0%| F|  |TAMS 0x0000000087000000| PB 0x0000000087000000| Untracked 
| 113|0x0000000087100000, 0x0000000087100000, 0x0000000087200000|  0%| F|  |TAMS 0x0000000087100000| PB 0x0000000087100000| Untracked 
| 114|0x0000000087200000, 0x0000000087200000, 0x0000000087300000|  0%| F|  |TAMS 0x0000000087200000| PB 0x0000000087200000| Untracked 
| 115|0x0000000087300000, 0x0000000087300000, 0x0000000087400000|  0%| F|  |TAMS 0x0000000087300000| PB 0x0000000087300000| Untracked 
| 116|0x0000000087400000, 0x0000000087400000, 0x0000000087500000|  0%| F|  |TAMS 0x0000000087400000| PB 0x0000000087400000| Untracked 
| 117|0x0000000087500000, 0x0000000087500000, 0x0000000087600000|  0%| F|  |TAMS 0x0000000087500000| PB 0x0000000087500000| Untracked 
| 118|0x0000000087600000, 0x0000000087600000, 0x0000000087700000|  0%| F|  |TAMS 0x0000000087600000| PB 0x0000000087600000| Untracked 
| 119|0x0000000087700000, 0x0000000087700000, 0x0000000087800000|  0%| F|  |TAMS 0x0000000087700000| PB 0x0000000087700000| Untracked 
| 120|0x0000000087800000, 0x0000000087800000, 0x0000000087900000|  0%| F|  |TAMS 0x0000000087800000| PB 0x0000000087800000| Untracked 
| 121|0x0000000087900000, 0x0000000087900000, 0x0000000087a00000|  0%| F|  |TAMS 0x0000000087900000| PB 0x0000000087900000| Untracked 
| 122|0x0000000087a00000, 0x0000000087a00000, 0x0000000087b00000|  0%| F|  |TAMS 0x0000000087a00000| PB 0x0000000087a00000| Untracked 
| 123|0x0000000087b00000, 0x0000000087b00000, 0x0000000087c00000|  0%| F|  |TAMS 0x0000000087b00000| PB 0x0000000087b00000| Untracked 
| 124|0x0000000087c00000, 0x0000000087c00000, 0x0000000087d00000|  0%| F|  |TAMS 0x0000000087c00000| PB 0x0000000087c00000| Untracked 
| 125|0x0000000087d00000, 0x0000000087d00000, 0x0000000087e00000|  0%| F|  |TAMS 0x0000000087d00000| PB 0x0000000087d00000| Untracked 
| 126|0x0000000087e00000, 0x0000000087e00000, 0x0000000087f00000|  0%| F|  |TAMS 0x0000000087e00000| PB 0x0000000087e00000| Untracked 
| 127|0x0000000087f00000, 0x0000000087f00000, 0x0000000088000000|  0%| F|  |TAMS 0x0000000087f00000| PB 0x0000000087f00000| Untracked 
| 128|0x0000000088000000, 0x0000000088000000, 0x0000000088100000|  0%| F|  |TAMS 0x0000000088000000| PB 0x0000000088000000| Untracked 
| 129|0x0000000088100000, 0x0000000088100000, 0x0000000088200000|  0%| F|  |TAMS 0x0000000088100000| PB 0x0000000088100000| Untracked 
| 130|0x0000000088200000, 0x0000000088200000, 0x0000000088300000|  0%| F|  |TAMS 0x0000000088200000| PB 0x0000000088200000| Untracked 
| 131|0x0000000088300000, 0x0000000088300000, 0x0000000088400000|  0%| F|  |TAMS 0x0000000088300000| PB 0x0000000088300000| Untracked 
| 132|0x0000000088400000, 0x0000000088400000, 0x0000000088500000|  0%| F|  |TAMS 0x0000000088400000| PB 0x0000000088400000| Untracked 
| 133|0x0000000088500000, 0x0000000088500000, 0x0000000088600000|  0%| F|  |TAMS 0x0000000088500000| PB 0x0000000088500000| Untracked 
| 134|0x0000000088600000, 0x0000000088600000, 0x0000000088700000|  0%| F|  |TAMS 0x0000000088600000| PB 0x0000000088600000| Untracked 
| 135|0x0000000088700000, 0x0000000088700000, 0x0000000088800000|  0%| F|  |TAMS 0x0000000088700000| PB 0x0000000088700000| Untracked 
| 136|0x0000000088800000, 0x0000000088800000, 0x0000000088900000|  0%| F|  |TAMS 0x0000000088800000| PB 0x0000000088800000| Untracked 
| 137|0x0000000088900000, 0x0000000088900000, 0x0000000088a00000|  0%| F|  |TAMS 0x0000000088900000| PB 0x0000000088900000| Untracked 
| 138|0x0000000088a00000, 0x0000000088a00000, 0x0000000088b00000|  0%| F|  |TAMS 0x0000000088a00000| PB 0x0000000088a00000| Untracked 
| 139|0x0000000088b00000, 0x0000000088b00000, 0x0000000088c00000|  0%| F|  |TAMS 0x0000000088b00000| PB 0x0000000088b00000| Untracked 
| 140|0x0000000088c00000, 0x0000000088c00000, 0x0000000088d00000|  0%| F|  |TAMS 0x0000000088c00000| PB 0x0000000088c00000| Untracked 
| 141|0x0000000088d00000, 0x0000000088d00000, 0x0000000088e00000|  0%| F|  |TAMS 0x0000000088d00000| PB 0x0000000088d00000| Untracked 
| 142|0x0000000088e00000, 0x0000000088e00000, 0x0000000088f00000|  0%| F|  |TAMS 0x0000000088e00000| PB 0x0000000088e00000| Untracked 
| 143|0x0000000088f00000, 0x0000000088f00000, 0x0000000089000000|  0%| F|  |TAMS 0x0000000088f00000| PB 0x0000000088f00000| Untracked 
| 144|0x0000000089000000, 0x0000000089000000, 0x0000000089100000|  0%| F|  |TAMS 0x0000000089000000| PB 0x0000000089000000| Untracked 
| 145|0x0000000089100000, 0x0000000089100000, 0x0000000089200000|  0%| F|  |TAMS 0x0000000089100000| PB 0x0000000089100000| Untracked 
| 146|0x0000000089200000, 0x0000000089200000, 0x0000000089300000|  0%| F|  |TAMS 0x0000000089200000| PB 0x0000000089200000| Untracked 
| 147|0x0000000089300000, 0x0000000089300000, 0x0000000089400000|  0%| F|  |TAMS 0x0000000089300000| PB 0x0000000089300000| Untracked 
| 148|0x0000000089400000, 0x0000000089400000, 0x0000000089500000|  0%| F|  |TAMS 0x0000000089400000| PB 0x0000000089400000| Untracked 
| 149|0x0000000089500000, 0x0000000089500000, 0x0000000089600000|  0%| F|  |TAMS 0x0000000089500000| PB 0x0000000089500000| Untracked 
| 150|0x0000000089600000, 0x0000000089600000, 0x0000000089700000|  0%| F|  |TAMS 0x0000000089600000| PB 0x0000000089600000| Untracked 
| 151|0x0000000089700000, 0x0000000089700000, 0x0000000089800000|  0%| F|  |TAMS 0x0000000089700000| PB 0x0000000089700000| Untracked 
| 152|0x0000000089800000, 0x0000000089800000, 0x0000000089900000|  0%| F|  |TAMS 0x0000000089800000| PB 0x0000000089800000| Untracked 
| 153|0x0000000089900000, 0x0000000089900000, 0x0000000089a00000|  0%| F|  |TAMS 0x0000000089900000| PB 0x0000000089900000| Untracked 
| 154|0x0000000089a00000, 0x0000000089a00000, 0x0000000089b00000|  0%| F|  |TAMS 0x0000000089a00000| PB 0x0000000089a00000| Untracked 
| 155|0x0000000089b00000, 0x0000000089b00000, 0x0000000089c00000|  0%| F|  |TAMS 0x0000000089b00000| PB 0x0000000089b00000| Untracked 
| 156|0x0000000089c00000, 0x0000000089c00000, 0x0000000089d00000|  0%| F|  |TAMS 0x0000000089c00000| PB 0x0000000089c00000| Untracked 
| 157|0x0000000089d00000, 0x0000000089d00000, 0x0000000089e00000|  0%| F|  |TAMS 0x0000000089d00000| PB 0x0000000089d00000| Untracked 
| 158|0x0000000089e00000, 0x0000000089e00000, 0x0000000089f00000|  0%| F|  |TAMS 0x0000000089e00000| PB 0x0000000089e00000| Untracked 
| 159|0x0000000089f00000, 0x0000000089f00000, 0x000000008a000000|  0%| F|  |TAMS 0x0000000089f00000| PB 0x0000000089f00000| Untracked 
| 160|0x000000008a000000, 0x000000008a000000, 0x000000008a100000|  0%| F|  |TAMS 0x000000008a000000| PB 0x000000008a000000| Untracked 
| 161|0x000000008a100000, 0x000000008a100000, 0x000000008a200000|  0%| F|  |TAMS 0x000000008a100000| PB 0x000000008a100000| Untracked 
| 162|0x000000008a200000, 0x000000008a200000, 0x000000008a300000|  0%| F|  |TAMS 0x000000008a200000| PB 0x000000008a200000| Untracked 
| 163|0x000000008a300000, 0x000000008a300000, 0x000000008a400000|  0%| F|  |TAMS 0x000000008a300000| PB 0x000000008a300000| Untracked 
| 164|0x000000008a400000, 0x000000008a400000, 0x000000008a500000|  0%| F|  |TAMS 0x000000008a400000| PB 0x000000008a400000| Untracked 
| 165|0x000000008a500000, 0x000000008a500000, 0x000000008a600000|  0%| F|  |TAMS 0x000000008a500000| PB 0x000000008a500000| Untracked 
| 166|0x000000008a600000, 0x000000008a600000, 0x000000008a700000|  0%| F|  |TAMS 0x000000008a600000| PB 0x000000008a600000| Untracked 
| 167|0x000000008a700000, 0x000000008a700000, 0x000000008a800000|  0%| F|  |TAMS 0x000000008a700000| PB 0x000000008a700000| Untracked 
| 168|0x000000008a800000, 0x000000008a800000, 0x000000008a900000|  0%| F|  |TAMS 0x000000008a800000| PB 0x000000008a800000| Untracked 
| 169|0x000000008a900000, 0x000000008a900000, 0x000000008aa00000|  0%| F|  |TAMS 0x000000008a900000| PB 0x000000008a900000| Untracked 
| 170|0x000000008aa00000, 0x000000008aa00000, 0x000000008ab00000|  0%| F|  |TAMS 0x000000008aa00000| PB 0x000000008aa00000| Untracked 
| 171|0x000000008ab00000, 0x000000008ab00000, 0x000000008ac00000|  0%| F|  |TAMS 0x000000008ab00000| PB 0x000000008ab00000| Untracked 
| 172|0x000000008ac00000, 0x000000008ac00000, 0x000000008ad00000|  0%| F|  |TAMS 0x000000008ac00000| PB 0x000000008ac00000| Untracked 
| 173|0x000000008ad00000, 0x000000008adb1988, 0x000000008ae00000| 69%| S|CS|TAMS 0x000000008ad00000| PB 0x000000008ad00000| Complete 
| 174|0x000000008ae00000, 0x000000008af00000, 0x000000008af00000|100%| S|CS|TAMS 0x000000008ae00000| PB 0x000000008ae00000| Complete 
| 175|0x000000008af00000, 0x000000008b000000, 0x000000008b000000|100%| S|CS|TAMS 0x000000008af00000| PB 0x000000008af00000| Complete 
| 176|0x000000008b000000, 0x000000008b100000, 0x000000008b100000|100%| S|CS|TAMS 0x000000008b000000| PB 0x000000008b000000| Complete 
| 177|0x000000008b100000, 0x000000008b200000, 0x000000008b200000|100%| S|CS|TAMS 0x000000008b100000| PB 0x000000008b100000| Complete 
| 178|0x000000008b200000, 0x000000008b300000, 0x000000008b300000|100%| S|CS|TAMS 0x000000008b200000| PB 0x000000008b200000| Complete 
| 179|0x000000008b300000, 0x000000008b400000, 0x000000008b400000|100%| S|CS|TAMS 0x000000008b300000| PB 0x000000008b300000| Complete 
| 180|0x000000008b400000, 0x000000008b500000, 0x000000008b500000|100%| S|CS|TAMS 0x000000008b400000| PB 0x000000008b400000| Complete 
| 181|0x000000008b500000, 0x000000008b600000, 0x000000008b600000|100%| S|CS|TAMS 0x000000008b500000| PB 0x000000008b500000| Complete 
| 182|0x000000008b600000, 0x000000008b700000, 0x000000008b700000|100%| S|CS|TAMS 0x000000008b600000| PB 0x000000008b600000| Complete 
| 183|0x000000008b700000, 0x000000008b800000, 0x000000008b800000|100%| S|CS|TAMS 0x000000008b700000| PB 0x000000008b700000| Complete 
| 184|0x000000008b800000, 0x000000008b800000, 0x000000008b900000|  0%| F|  |TAMS 0x000000008b800000| PB 0x000000008b800000| Untracked 
| 185|0x000000008b900000, 0x000000008b900000, 0x000000008ba00000|  0%| F|  |TAMS 0x000000008b900000| PB 0x000000008b900000| Untracked 
| 186|0x000000008ba00000, 0x000000008ba00000, 0x000000008bb00000|  0%| F|  |TAMS 0x000000008ba00000| PB 0x000000008ba00000| Untracked 
| 187|0x000000008bb00000, 0x000000008bb00000, 0x000000008bc00000|  0%| F|  |TAMS 0x000000008bb00000| PB 0x000000008bb00000| Untracked 
| 188|0x000000008bc00000, 0x000000008bc00000, 0x000000008bd00000|  0%| F|  |TAMS 0x000000008bc00000| PB 0x000000008bc00000| Untracked 
| 189|0x000000008bd00000, 0x000000008bd00000, 0x000000008be00000|  0%| F|  |TAMS 0x000000008bd00000| PB 0x000000008bd00000| Untracked 
| 190|0x000000008be00000, 0x000000008be00000, 0x000000008bf00000|  0%| F|  |TAMS 0x000000008be00000| PB 0x000000008be00000| Untracked 
| 191|0x000000008bf00000, 0x000000008bf00000, 0x000000008c000000|  0%| F|  |TAMS 0x000000008bf00000| PB 0x000000008bf00000| Untracked 
| 192|0x000000008c000000, 0x000000008c000000, 0x000000008c100000|  0%| F|  |TAMS 0x000000008c000000| PB 0x000000008c000000| Untracked 
| 193|0x000000008c100000, 0x000000008c100000, 0x000000008c200000|  0%| F|  |TAMS 0x000000008c100000| PB 0x000000008c100000| Untracked 
| 194|0x000000008c200000, 0x000000008c200000, 0x000000008c300000|  0%| F|  |TAMS 0x000000008c200000| PB 0x000000008c200000| Untracked 
| 195|0x000000008c300000, 0x000000008c300000, 0x000000008c400000|  0%| F|  |TAMS 0x000000008c300000| PB 0x000000008c300000| Untracked 
| 196|0x000000008c400000, 0x000000008c400000, 0x000000008c500000|  0%| F|  |TAMS 0x000000008c400000| PB 0x000000008c400000| Untracked 
| 197|0x000000008c500000, 0x000000008c500000, 0x000000008c600000|  0%| F|  |TAMS 0x000000008c500000| PB 0x000000008c500000| Untracked 
| 198|0x000000008c600000, 0x000000008c600000, 0x000000008c700000|  0%| F|  |TAMS 0x000000008c600000| PB 0x000000008c600000| Untracked 
| 199|0x000000008c700000, 0x000000008c700000, 0x000000008c800000|  0%| F|  |TAMS 0x000000008c700000| PB 0x000000008c700000| Untracked 
| 200|0x000000008c800000, 0x000000008c800000, 0x000000008c900000|  0%| F|  |TAMS 0x000000008c800000| PB 0x000000008c800000| Untracked 
| 201|0x000000008c900000, 0x000000008c900000, 0x000000008ca00000|  0%| F|  |TAMS 0x000000008c900000| PB 0x000000008c900000| Untracked 
| 202|0x000000008ca00000, 0x000000008ca00000, 0x000000008cb00000|  0%| F|  |TAMS 0x000000008ca00000| PB 0x000000008ca00000| Untracked 
| 203|0x000000008cb00000, 0x000000008cb00000, 0x000000008cc00000|  0%| F|  |TAMS 0x000000008cb00000| PB 0x000000008cb00000| Untracked 
| 204|0x000000008cc00000, 0x000000008cc00000, 0x000000008cd00000|  0%| F|  |TAMS 0x000000008cc00000| PB 0x000000008cc00000| Untracked 
| 205|0x000000008cd00000, 0x000000008cd00000, 0x000000008ce00000|  0%| F|  |TAMS 0x000000008cd00000| PB 0x000000008cd00000| Untracked 
| 206|0x000000008ce00000, 0x000000008ce00000, 0x000000008cf00000|  0%| F|  |TAMS 0x000000008ce00000| PB 0x000000008ce00000| Untracked 
| 207|0x000000008cf00000, 0x000000008cf00000, 0x000000008d000000|  0%| F|  |TAMS 0x000000008cf00000| PB 0x000000008cf00000| Untracked 
| 208|0x000000008d000000, 0x000000008d000000, 0x000000008d100000|  0%| F|  |TAMS 0x000000008d000000| PB 0x000000008d000000| Untracked 
| 209|0x000000008d100000, 0x000000008d130030, 0x000000008d200000| 18%| E|  |TAMS 0x000000008d100000| PB 0x000000008d100000| Complete 
| 210|0x000000008d200000, 0x000000008d2f0048, 0x000000008d300000| 93%| E|  |TAMS 0x000000008d200000| PB 0x000000008d200000| Complete 
| 211|0x000000008d300000, 0x000000008d400000, 0x000000008d400000|100%| E|CS|TAMS 0x000000008d300000| PB 0x000000008d300000| Complete 
| 212|0x000000008d400000, 0x000000008d500000, 0x000000008d500000|100%| E|CS|TAMS 0x000000008d400000| PB 0x000000008d400000| Complete 
| 213|0x000000008d500000, 0x000000008d600000, 0x000000008d600000|100%| E|CS|TAMS 0x000000008d500000| PB 0x000000008d500000| Complete 
| 214|0x000000008d600000, 0x000000008d700000, 0x000000008d700000|100%| E|CS|TAMS 0x000000008d600000| PB 0x000000008d600000| Complete 
| 215|0x000000008d700000, 0x000000008d800000, 0x000000008d800000|100%| E|CS|TAMS 0x000000008d700000| PB 0x000000008d700000| Complete 
| 216|0x000000008d800000, 0x000000008d900000, 0x000000008d900000|100%| E|CS|TAMS 0x000000008d800000| PB 0x000000008d800000| Complete 
| 217|0x000000008d900000, 0x000000008da00000, 0x000000008da00000|100%| E|CS|TAMS 0x000000008d900000| PB 0x000000008d900000| Complete 
| 218|0x000000008da00000, 0x000000008db00000, 0x000000008db00000|100%| E|CS|TAMS 0x000000008da00000| PB 0x000000008da00000| Complete 
| 219|0x000000008db00000, 0x000000008dc00000, 0x000000008dc00000|100%| E|CS|TAMS 0x000000008db00000| PB 0x000000008db00000| Complete 
| 220|0x000000008dc00000, 0x000000008dd00000, 0x000000008dd00000|100%| E|CS|TAMS 0x000000008dc00000| PB 0x000000008dc00000| Complete 
| 221|0x000000008dd00000, 0x000000008de00000, 0x000000008de00000|100%| E|CS|TAMS 0x000000008dd00000| PB 0x000000008dd00000| Complete 
| 222|0x000000008de00000, 0x000000008df00000, 0x000000008df00000|100%| E|CS|TAMS 0x000000008de00000| PB 0x000000008de00000| Complete 
| 223|0x000000008df00000, 0x000000008e000000, 0x000000008e000000|100%| E|CS|TAMS 0x000000008df00000| PB 0x000000008df00000| Complete 
|2045|0x00000000ffd00000, 0x00000000ffe00000, 0x00000000ffe00000|100%| O|  |TAMS 0x00000000ffd00000| PB 0x00000000ffd00000| Untracked 
|2046|0x00000000ffe00000, 0x00000000fff00000, 0x00000000fff00000|100%| O|  |TAMS 0x00000000ffe00000| PB 0x00000000ffe00000| Untracked 
|2047|0x00000000fff00000, 0x00000000fff303b8, 0x0000000100000000| 18%| O|  |TAMS 0x00000000fff00000| PB 0x00000000fff00000| Untracked 

Card table byte_map: [0x000073f288a00000,0x000073f288e00000] _byte_map_base: 0x000073f288600000

Marking Bits: (CMBitMap*) 0x000073f284091220
 Bits: [0x000073f25de00000, 0x000073f25fe00000)

Polling page: 0x000073f28b986000

Metaspace:

Usage:
  Non-class:      1.24 MB used.
      Class:     74.96 KB used.
       Both:      1.31 MB used.

Virtual space:
  Non-class space:       64.00 MB reserved,       1.31 MB (  2%) committed,  1 nodes.
      Class space:        1.00 GB reserved,     128.00 KB ( <1%) committed,  1 nodes.
             Both:        1.06 GB reserved,       1.44 MB ( <1%) committed. 

Chunk freelists:
   Non-Class:  11.58 MB
       Class:  15.69 MB
        Both:  27.27 MB

MaxMetaspaceSize: unlimited
CompressedClassSpaceSize: 1.00 GB
Initial GC threshold: 21.00 MB
Current GC threshold: 21.00 MB
CDS: on
 - commit_granule_bytes: 65536.
 - commit_granule_words: 8192.
 - virtual_space_node_default_size: 8388608.
 - enlarge_chunks_in_place: 1.
 - use_allocation_guard: 0.


Internal statistics:

num_allocs_failed_limit: 0.
num_arena_births: 52.
num_arena_deaths: 0.
num_vsnodes_births: 2.
num_vsnodes_deaths: 0.
num_space_committed: 23.
num_space_uncommitted: 0.
num_chunks_returned_to_freelist: 0.
num_chunks_taken_from_freelist: 81.
num_chunk_merges: 0.
num_chunk_splits: 55.
num_chunks_enlarged: 36.
num_inconsistent_stats: 0.

CodeHeap 'non-profiled nmethods': size=259300Kb used=294Kb max_used=294Kb free=259005Kb
 bounds [0x000073f2700c7000, 0x000073f270337000, 0x000073f27fe00000]
CodeHeap 'profiled nmethods': size=259296Kb used=1361Kb max_used=1361Kb free=257934Kb
 bounds [0x000073f25fe00000, 0x000073f260070000, 0x000073f26fb38000]
CodeHeap 'non-nmethods': size=5692Kb used=1394Kb max_used=1410Kb free=4297Kb
 bounds [0x000073f26fb38000, 0x000073f26fda8000, 0x000073f2700c7000]
CodeCache: size=524288Kb, used=3049Kb, max_used=3065Kb, free=521236Kb
 total_blobs=1281, nmethods=859, adapters=328, full_count=0
Compilation: enabled, stopped_count=0, restarted_count=0

Compilation events (20 events):
Event: 0.298 Thread 0x000073f284175ab0  850       3       java.nio.channels.FileChannel::<init> (5 bytes)
Event: 0.298 Thread 0x000073f284175ab0 nmethod 850 0x000073f25ff51090 code [0x000073f25ff51240, 0x000073f25ff51518]
Event: 0.298 Thread 0x000073f284175ab0  851       3       java.nio.channels.spi.AbstractInterruptibleChannel::<init> (16 bytes)
Event: 0.298 Thread 0x000073f284175ab0 nmethod 851 0x000073f25ff51610 code [0x000073f25ff517c0, 0x000073f25ff51a38]
Event: 0.298 Thread 0x000073f284175ab0  852       3       sun.nio.ch.NativeThreadSet::<init> (17 bytes)
Event: 0.298 Thread 0x000073f284175ab0 nmethod 852 0x000073f25ff51b10 code [0x000073f25ff51cc0, 0x000073f25ff51f20]
Event: 0.298 Thread 0x000073f284175ab0  853       3       sun.nio.ch.FileChannelImpl$Closer::<init> (10 bytes)
Event: 0.298 Thread 0x000073f284175ab0 nmethod 853 0x000073f25ff52010 code [0x000073f25ff521a0, 0x000073f25ff52350]
Event: 0.298 Thread 0x000073f284175ab0  854   !   3       sun.nio.ch.FileChannelImpl::size (261 bytes)
Event: 0.299 Thread 0x000073f284175ab0 nmethod 854 0x000073f25ff52410 code [0x000073f25ff52720, 0x000073f25ff536f8]
Event: 0.305 Thread 0x000073f284174400  855       4       java.lang.ThreadLocal::get (35 bytes)
Event: 0.307 Thread 0x000073f284174400 nmethod 855 0x000073f27010fa90 code [0x000073f27010fc20, 0x000073f27010fdb0]
Event: 0.315 Thread 0x000073f284174400  856       4       jdk.internal.misc.Unsafe::checkNativeAddress (28 bytes)
Event: 0.315 Thread 0x000073f284175ab0  857       3       java.lang.ref.Cleaner$1::apply (9 bytes)
Event: 0.316 Thread 0x000073f284175ab0 nmethod 857 0x000073f25ff54010 code [0x000073f25ff541c0, 0x000073f25ff54428]
Event: 0.316 Thread 0x000073f284174400 nmethod 856 0x000073f27010ff90 code [0x000073f270110100, 0x000073f270110188]
Event: 0.318 Thread 0x000073f284175ab0  858       1       java.util.concurrent.locks.AbstractOwnableSynchronizer::getExclusiveOwnerThread (5 bytes)
Event: 0.318 Thread 0x000073f284175ab0 nmethod 858 0x000073f270110290 code [0x000073f270110420, 0x000073f2701104e0]
Event: 0.318 Thread 0x000073f284175ab0  859       1       java.util.concurrent.locks.AbstractQueuedSynchronizer::setState (6 bytes)
Event: 0.318 Thread 0x000073f284175ab0 nmethod 859 0x000073f270110590 code [0x000073f270110720, 0x000073f2701107e8]

GC Heap History (14 events):
Event: 0.134 GC heap before
{Heap before GC invocations=0 (full 0):
 garbage-first heap   total 134144K, used 29888K [0x0000000080000000, 0x0000000100000000)
  region size 1024K, 23 young (23552K), 0 survivors (0K)
 Metaspace       used 1090K, committed 1216K, reserved 1114112K
  class space    used 73K, committed 128K, reserved 1048576K
}
Event: 0.138 GC heap after
{Heap after GC invocations=1 (full 0):
 garbage-first heap   total 134144K, used 12105K [0x0000000080000000, 0x0000000100000000)
  region size 1024K, 3 young (3072K), 3 survivors (3072K)
 Metaspace       used 1090K, committed 1216K, reserved 1114112K
  class space    used 73K, committed 128K, reserved 1048576K
}
Event: 0.157 GC heap before
{Heap before GC invocations=1 (full 0):
 garbage-first heap   total 134144K, used 39753K [0x0000000080000000, 0x0000000100000000)
  region size 1024K, 31 young (31744K), 3 survivors (3072K)
 Metaspace       used 1152K, committed 1280K, reserved 1114112K
  class space    used 73K, committed 128K, reserved 1048576K
}
Event: 0.159 GC heap after
{Heap after GC invocations=2 (full 0):
 garbage-first heap   total 134144K, used 14241K [0x0000000080000000, 0x0000000100000000)
  region size 1024K, 3 young (3072K), 3 survivors (3072K)
 Metaspace       used 1152K, committed 1280K, reserved 1114112K
  class space    used 73K, committed 128K, reserved 1048576K
}
Event: 0.196 GC heap before
{Heap before GC invocations=2 (full 0):
 garbage-first heap   total 134144K, used 93089K [0x0000000080000000, 0x0000000100000000)
  region size 1024K, 76 young (77824K), 3 survivors (3072K)
 Metaspace       used 1208K, committed 1344K, reserved 1114112K
  class space    used 73K, committed 128K, reserved 1048576K
}
Event: 0.199 GC heap after
{Heap after GC invocations=3 (full 0):
 garbage-first heap   total 134144K, used 23012K [0x0000000080000000, 0x0000000100000000)
  region size 1024K, 7 young (7168K), 7 survivors (7168K)
 Metaspace       used 1208K, committed 1344K, reserved 1114112K
  class space    used 73K, committed 128K, reserved 1048576K
}
Event: 0.217 GC heap before
{Heap before GC invocations=3 (full 0):
 garbage-first heap   total 134144K, used 92644K [0x0000000080000000, 0x0000000100000000)
  region size 1024K, 76 young (77824K), 7 survivors (7168K)
 Metaspace       used 1299K, committed 1472K, reserved 1114112K
  class space    used 73K, committed 128K, reserved 1048576K
}
Event: 0.219 GC heap after
{Heap after GC invocations=4 (full 0):
 garbage-first heap   total 134144K, used 26863K [0x0000000080000000, 0x0000000100000000)
  region size 1024K, 9 young (9216K), 9 survivors (9216K)
 Metaspace       used 1299K, committed 1472K, reserved 1114112K
  class space    used 73K, committed 128K, reserved 1048576K
}
Event: 0.234 GC heap before
{Heap before GC invocations=4 (full 0):
 garbage-first heap   total 134144K, used 94447K [0x0000000080000000, 0x0000000100000000)
  region size 1024K, 76 young (77824K), 9 survivors (9216K)
 Metaspace       used 1317K, committed 1472K, reserved 1114112K
  class space    used 73K, committed 128K, reserved 1048576K
}
Event: 0.236 GC heap after
{Heap after GC invocations=5 (full 0):
 garbage-first heap   total 232448K, used 29944K [0x0000000080000000, 0x0000000100000000)
  region size 1024K, 8 young (8192K), 8 survivors (8192K)
 Metaspace       used 1317K, committed 1472K, reserved 1114112K
  class space    used 73K, committed 128K, reserved 1048576K
}
Event: 0.285 GC heap before
{Heap before GC invocations=5 (full 0):
 garbage-first heap   total 232448K, used 170232K [0x0000000080000000, 0x0000000100000000)
  region size 1024K, 68 young (69632K), 8 survivors (8192K)
 Metaspace       used 1332K, committed 1472K, reserved 1114112K
  class space    used 73K, committed 128K, reserved 1048576K
}
Event: 0.289 GC heap after
{Heap after GC invocations=6 (full 0):
 garbage-first heap   total 232448K, used 34876K [0x0000000080000000, 0x0000000100000000)
  region size 1024K, 10 young (10240K), 10 survivors (10240K)
 Metaspace       used 1332K, committed 1472K, reserved 1114112K
  class space    used 73K, committed 128K, reserved 1048576K
}
Event: 0.308 GC heap before
{Heap before GC invocations=6 (full 0):
 garbage-first heap   total 232448K, used 151612K [0x0000000080000000, 0x0000000100000000)
  region size 1024K, 50 young (51200K), 10 survivors (10240K)
 Metaspace       used 1335K, committed 1472K, reserved 1114112K
  class space    used 73K, committed 128K, reserved 1048576K
}
Event: 0.310 GC heap after
{Heap after GC invocations=7 (full 0):
 garbage-first heap   total 232448K, used 36287K [0x0000000080000000, 0x0000000100000000)
  region size 1024K, 11 young (11264K), 11 survivors (11264K)
 Metaspace       used 1335K, committed 1472K, reserved 1114112K
  class space    used 73K, committed 128K, reserved 1048576K
}

Dll operation events (6 events):
Event: 0.002 Loaded shared library /home/ubuntu/.gradle/caches/8.10.2/transforms/81e4360543fbb01d4f7fb470fa49803d/transformed/ideaIU-2025.3/jbr/lib/libjava.so
Event: 0.002 Loaded shared library /home/ubuntu/.gradle/caches/8.10.2/transforms/81e4360543fbb01d4f7fb470fa49803d/transformed/ideaIU-2025.3/jbr/lib/libzip.so
Event: 0.069 Loaded shared library /home/ubuntu/.gradle/caches/8.10.2/transforms/81e4360543fbb01d4f7fb470fa49803d/transformed/ideaIU-2025.3/jbr/lib/libnio.so
Event: 0.070 Loaded shared library /home/ubuntu/.gradle/caches/8.10.2/transforms/81e4360543fbb01d4f7fb470fa49803d/transformed/ideaIU-2025.3/jbr/lib/libzip.so
Event: 0.087 Loaded shared library /home/ubuntu/.gradle/caches/8.10.2/transforms/81e4360543fbb01d4f7fb470fa49803d/transformed/ideaIU-2025.3/jbr/lib/libinstrument.so
Event: 0.090 Loaded shared library /home/ubuntu/.gradle/caches/8.10.2/transforms/81e4360543fbb01d4f7fb470fa49803d/transformed/ideaIU-2025.3/jbr/lib/libnet.so

Deoptimization events (20 events):
Event: 0.207 Thread 0x000073f2840378a0 Uncommon trap: trap_request=0xffffff45 fr.pc=0x000073f270103d50 relative=0x00000000000001b0
Event: 0.207 Thread 0x000073f2840378a0 Uncommon trap: reason=unstable_if action=reinterpret pc=0x000073f270103d50 method=java.net.URI.match(CJJ)Z @ 19 c2
Event: 0.207 Thread 0x000073f2840378a0 DEOPT PACKING pc=0x000073f270103d50 sp=0x000073f289f16b70
Event: 0.207 Thread 0x000073f2840378a0 DEOPT UNPACKING pc=0x000073f26fb8f619 sp=0x000073f289f16a80 mode 2
Event: 0.207 Thread 0x000073f2840378a0 Uncommon trap: trap_request=0xffffff45 fr.pc=0x000073f2700f4c78 relative=0x0000000000000058
Event: 0.207 Thread 0x000073f2840378a0 Uncommon trap: reason=unstable_if action=reinterpret pc=0x000073f2700f4c78 method=java.net.URI.match(CJJ)Z @ 19 c2
Event: 0.207 Thread 0x000073f2840378a0 DEOPT PACKING pc=0x000073f2700f4c78 sp=0x000073f289f16b70
Event: 0.207 Thread 0x000073f2840378a0 DEOPT UNPACKING pc=0x000073f26fb8f619 sp=0x000073f289f16b20 mode 2
Event: 0.212 Thread 0x000073f2840378a0 DEOPT PACKING pc=0x000073f25ff231db sp=0x000073f289f16b10
Event: 0.212 Thread 0x000073f2840378a0 DEOPT UNPACKING pc=0x000073f26fb9014f sp=0x000073f289f16090 mode 0
Event: 0.220 Thread 0x000073f2840378a0 DEOPT PACKING pc=0x000073f25ff231db sp=0x000073f289f16b10
Event: 0.220 Thread 0x000073f2840378a0 DEOPT UNPACKING pc=0x000073f26fb9014f sp=0x000073f289f16090 mode 0
Event: 0.226 Thread 0x000073f2840378a0 DEOPT PACKING pc=0x000073f25ff231db sp=0x000073f289f16a90
Event: 0.226 Thread 0x000073f2840378a0 DEOPT UNPACKING pc=0x000073f26fb9014f sp=0x000073f289f16010 mode 0
Event: 0.231 Thread 0x000073f2840378a0 DEOPT PACKING pc=0x000073f25ff231db sp=0x000073f289f16a90
Event: 0.231 Thread 0x000073f2840378a0 DEOPT UNPACKING pc=0x000073f26fb9014f sp=0x000073f289f16010 mode 0
Event: 0.243 Thread 0x000073f2840378a0 DEOPT PACKING pc=0x000073f25ff231db sp=0x000073f289f16a90
Event: 0.243 Thread 0x000073f2840378a0 DEOPT UNPACKING pc=0x000073f26fb9014f sp=0x000073f289f16010 mode 0
Event: 0.264 Thread 0x000073f2840378a0 DEOPT PACKING pc=0x000073f25ff231db sp=0x000073f289f16a90
Event: 0.264 Thread 0x000073f2840378a0 DEOPT UNPACKING pc=0x000073f26fb9014f sp=0x000073f289f16010 mode 0

Classes loaded (20 events):
Event: 0.106 Loading class com/intellij/util/lang/FileLoader$LoaderData
Event: 0.106 Loading class com/intellij/util/lang/FileLoader$LoaderData done
Event: 0.106 Loading class com/intellij/util/lang/StrippedLongSet$SetIterator
Event: 0.106 Loading class com/intellij/util/lang/StrippedLongSet$SetIterator done
Event: 0.106 Loading class com/intellij/util/lang/FileLoader$NameFilter
Event: 0.106 Loading class com/intellij/util/lang/FileLoader$NameFilter done
Event: 0.107 Loading class com/intellij/util/lang/Xor16
Event: 0.107 Loading class com/intellij/util/lang/Xor16 done
Event: 0.108 Loading class com/intellij/util/lang/Ikv
Event: 0.108 Loading class com/intellij/util/lang/Ikv done
Event: 0.109 Loading class com/intellij/util/lang/Ikv$SizeAwareIkv
Event: 0.109 Loading class com/intellij/util/lang/Ikv$SizeAwareIkv done
Event: 0.109 Loading class com/intellij/util/lang/StrippedLongToLongMap
Event: 0.109 Loading class com/intellij/util/lang/StrippedLongToLongMap done
Event: 0.109 Loading class com/intellij/util/lang/ZipResourceFile$1
Event: 0.109 Loading class com/intellij/util/lang/ZipResourceFile$1 done
Event: 0.317 Loading class java/lang/Throwable$WrappedPrintStream
Event: 0.317 Loading class java/lang/Throwable$PrintStreamOrWriter
Event: 0.317 Loading class java/lang/Throwable$PrintStreamOrWriter done
Event: 0.318 Loading class java/lang/Throwable$WrappedPrintStream done

Classes unloaded (0 events):
No events

Classes redefined (0 events):
No events

Internal exceptions (8 events):
Event: 0.073 Thread 0x000073f2840378a0 Implicit null exception at 0x000073f2700d73e9 to 0x000073f2700d753c
Event: 0.074 Thread 0x000073f2840378a0 Exception <a 'java/lang/NoSuchMethodError'{0x0000000087c382c8}: 'java.lang.Object java.lang.invoke.DirectMethodHandle$Holder.invokeStaticInit(java.lang.Object, int, java.lang.Object, java.lang.Object)'> (0x0000000087c382c8) 
thrown [src/hotspot/share/interpreter/linkResolver.cpp, line 783]
Event: 0.075 Thread 0x000073f2840378a0 Exception <a 'java/lang/NoSuchMethodError'{0x0000000087c3e878}: 'java.lang.Object java.lang.invoke.DirectMethodHandle$Holder.newInvokeSpecial(java.lang.Object, int, java.lang.Object)'> (0x0000000087c3e878) 
thrown [src/hotspot/share/interpreter/linkResolver.cpp, line 783]
Event: 0.082 Thread 0x000073f2840378a0 Exception <a 'java/lang/NoSuchMethodError'{0x0000000087cb48c0}: 'java.lang.Object java.lang.invoke.DirectMethodHandle$Holder.invokeStaticInit(java.lang.Object, long)'> (0x0000000087cb48c0) 
thrown [src/hotspot/share/interpreter/linkResolver.cpp, line 783]
Event: 0.092 Thread 0x000073f2840378a0 Exception <a 'java/lang/NoSuchMethodError'{0x0000000087b04868}: 'int java.lang.invoke.DirectMethodHandle$Holder.invokeSpecial(java.lang.Object, java.lang.Object, java.lang.Object, int)'> (0x0000000087b04868) 
thrown [src/hotspot/share/interpreter/linkResolver.cpp, line 783]
Event: 0.093 Thread 0x000073f2840378a0 Exception <a 'java/lang/NoSuchMethodError'{0x0000000087b17000}: 'java.lang.Object java.lang.invoke.DirectMethodHandle$Holder.invokeStatic(java.lang.Object, java.lang.Object, java.lang.Object, java.lang.Object, int)'> (0x0000000087b17000) 
thrown [src/hotspot/share/interpreter/linkResolver.cpp, line 783]
Event: 0.093 Thread 0x000073f2840378a0 Exception <a 'java/lang/NoSuchMethodError'{0x0000000087b1ee90}: 'long java.lang.invoke.DirectMethodHandle$Holder.invokeStatic(java.lang.Object, java.lang.Object, int)'> (0x0000000087b1ee90) 
thrown [src/hotspot/share/interpreter/linkResolver.cpp, line 783]
Event: 0.094 Thread 0x000073f2840378a0 Exception <a 'java/lang/NoSuchMethodError'{0x0000000087b2a3d0}: 'java.lang.Object java.lang.invoke.DelegatingMethodHandle$Holder.reinvoke_L(java.lang.Object, int, long, java.lang.Object, java.lang.Object, int, java.lang.Object)'> (0x0000000087b2a3d0) 
thrown [src/hotspot/share/interpreter/linkResolver.cpp, line 783]

ZGC Phase Switch (0 events):
No events

VM Operations (20 events):
Event: 0.060 Executing VM operation: HandshakeAllThreads (Deoptimize)
Event: 0.060 Executing VM operation: HandshakeAllThreads (Deoptimize) done
Event: 0.067 Executing VM operation: HandshakeAllThreads (Deoptimize)
Event: 0.068 Executing VM operation: HandshakeAllThreads (Deoptimize) done
Event: 0.084 Executing VM operation: HandshakeAllThreads (Deoptimize)
Event: 0.084 Executing VM operation: HandshakeAllThreads (Deoptimize) done
Event: 0.134 Executing VM operation: G1CollectForAllocation (G1 Evacuation Pause)
Event: 0.138 Executing VM operation: G1CollectForAllocation (G1 Evacuation Pause) done
Event: 0.157 Executing VM operation: G1CollectForAllocation (G1 Evacuation Pause)
Event: 0.159 Executing VM operation: G1CollectForAllocation (G1 Evacuation Pause) done
Event: 0.196 Executing VM operation: G1CollectForAllocation (G1 Evacuation Pause)
Event: 0.199 Executing VM operation: G1CollectForAllocation (G1 Evacuation Pause) done
Event: 0.217 Executing VM operation: G1CollectForAllocation (G1 Evacuation Pause)
Event: 0.219 Executing VM operation: G1CollectForAllocation (G1 Evacuation Pause) done
Event: 0.234 Executing VM operation: G1CollectForAllocation (G1 Evacuation Pause)
Event: 0.236 Executing VM operation: G1CollectForAllocation (G1 Evacuation Pause) done
Event: 0.285 Executing VM operation: G1TryInitiateConcMark (G1 Humongous Allocation)
Event: 0.289 Executing VM operation: G1TryInitiateConcMark (G1 Humongous Allocation) done
Event: 0.308 Executing VM operation: G1TryInitiateConcMark (G1 Humongous Allocation)
Event: 0.310 Executing VM operation: G1TryInitiateConcMark (G1 Humongous Allocation) done

Memory protections (9 events):
Event: 0.002 Protecting memory [0x000073f289e19000,0x000073f289e1d000] with protection modes 0
Event: 0.025 Protecting memory [0x000073f25d300000,0x000073f25d304000] with protection modes 0
Event: 0.026 Protecting memory [0x000073f25d200000,0x000073f25d204000] with protection modes 0
Event: 0.026 Protecting memory [0x000073f25d100000,0x000073f25d104000] with protection modes 0
Event: 0.026 Protecting memory [0x000073f25d000000,0x000073f25d004000] with protection modes 0
Event: 0.026 Protecting memory [0x000073f25cf00000,0x000073f25cf04000] with protection modes 0
Event: 0.026 Protecting memory [0x000073f25ce00000,0x000073f25ce04000] with protection modes 0
Event: 0.026 Protecting memory [0x000073f25cd00000,0x000073f25cd04000] with protection modes 0
Event: 0.026 Protecting memory [0x000073f25cc00000,0x000073f25cc04000] with protection modes 0

Nmethod flushes (0 events):
No events

Events (9 events):
Event: 0.019 Thread 0x000073f2840378a0 Thread added: 0x000073f2840378a0
Event: 0.025 Thread 0x000073f2840378a0 Thread added: 0x000073f284169cb0
Event: 0.026 Thread 0x000073f2840378a0 Thread added: 0x000073f28416cef0
Event: 0.026 Thread 0x000073f2840378a0 Thread added: 0x000073f28416e460
Event: 0.026 Thread 0x000073f2840378a0 Thread added: 0x000073f28416fd00
Event: 0.026 Thread 0x000073f2840378a0 Thread added: 0x000073f284171340
Event: 0.026 Thread 0x000073f2840378a0 Thread added: 0x000073f2841728d0
Event: 0.026 Thread 0x000073f2840378a0 Thread added: 0x000073f284174400
Event: 0.026 Thread 0x000073f2840378a0 Thread added: 0x000073f284175ab0


Dynamic libraries:
80000000-8e000000 rw-p 00000000 00:00 0 
8e000000-ffd00000 ---p 00000000 00:00 0 
ffd00000-fff31000 rw-p 01d0a000 fd:01 4393180                            /home/ubuntu/.gradle/caches/8.10.2/transforms/81e4360543fbb01d4f7fb470fa49803d/transformed/ideaIU-2025.3/jbr/lib/server/classes.jsa
fff31000-100000000 rw-p 00000000 00:00 0 
58805481e000-58805481f000 r--p 00000000 fd:01 4393007                    /home/ubuntu/.gradle/caches/8.10.2/transforms/81e4360543fbb01d4f7fb470fa49803d/transformed/ideaIU-2025.3/jbr/bin/java
58805481f000-588054820000 r-xp 00001000 fd:01 4393007                    /home/ubuntu/.gradle/caches/8.10.2/transforms/81e4360543fbb01d4f7fb470fa49803d/transformed/ideaIU-2025.3/jbr/bin/java
588054820000-588054821000 r--p 00002000 fd:01 4393007                    /home/ubuntu/.gradle/caches/8.10.2/transforms/81e4360543fbb01d4f7fb470fa49803d/transformed/ideaIU-2025.3/jbr/bin/java
588054821000-588054822000 r--p 00002000 fd:01 4393007                    /home/ubuntu/.gradle/caches/8.10.2/transforms/81e4360543fbb01d4f7fb470fa49803d/transformed/ideaIU-2025.3/jbr/bin/java
588054822000-588054823000 rw-p 00003000 fd:01 4393007                    /home/ubuntu/.gradle/caches/8.10.2/transforms/81e4360543fbb01d4f7fb470fa49803d/transformed/ideaIU-2025.3/jbr/bin/java
588065337000-588065379000 rw-p 00000000 00:00 0                          [heap]
73f114f14000-73f115200000 rw-p 00000000 00:00 0 
73f115200000-73f1155d9000 r--s 00000000 fd:01 4391396                    /home/ubuntu/.gradle/caches/8.10.2/transforms/81e4360543fbb01d4f7fb470fa49803d/transformed/ideaIU-2025.3/plugins/featuresTrainer/lib/featuresTrainer.jar
73f115600000-73f1159c0000 r--s 00000000 fd:01 4391398                    /home/ubuntu/.gradle/caches/8.10.2/transforms/81e4360543fbb01d4f7fb470fa49803d/transformed/ideaIU-2025.3/plugins/featuresTrainer/lib/assertj.jar
73f115a00000-73f116623000 r--s 00000000 fd:01 4389168                    /home/ubuntu/.gradle/caches/8.10.2/transforms/81e4360543fbb01d4f7fb470fa49803d/transformed/ideaIU-2025.3/plugins/grazie/lib/grazie-frontend.jar
73f116800000-73f116b4f000 r--s 00000000 fd:01 4389172                    /home/ubuntu/.gradle/caches/8.10.2/transforms/81e4360543fbb01d4f7fb470fa49803d/transformed/ideaIU-2025.3/plugins/grazie/lib/grazie.jar
73f116c00000-73f117e79000 r--s 00000000 fd:01 4389173                    /home/ubuntu/.gradle/caches/8.10.2/transforms/81e4360543fbb01d4f7fb470fa49803d/transformed/ideaIU-2025.3/plugins/grazie/lib/org.jetbrains.intellij.deps.languagetool-language-en.jar
73f118000000-73f1190fb000 r--s 00000000 fd:01 4389165                    /home/ubuntu/.gradle/caches/8.10.2/transforms/81e4360543fbb01d4f7fb470fa49803d/transformed/ideaIU-2025.3/plugins/grazie/lib/ai.grazie.api.gateway.client.jvm.jar
73f119200000-73f119904000 r--s 00000000 fd:01 4389155                    /home/ubuntu/.gradle/caches/8.10.2/transforms/81e4360543fbb01d4f7fb470fa49803d/transformed/ideaIU-2025.3/plugins/grazie/lib/ai.grazie.rule.engine.jar
73f119a00000-73f119c76000 r--s 00000000 fd:01 4389164                    /home/ubuntu/.gradle/caches/8.10.2/transforms/81e4360543fbb01d4f7fb470fa49803d/transformed/ideaIU-2025.3/plugins/grazie/lib/ai.grazie.tasks.library.api.jvm.jar
73f119e00000-73f11a2c2000 r--s 00000000 fd:01 4389154                    /home/ubuntu/.gradle/caches/8.10.2/transforms/81e4360543fbb01d4f7fb470fa49803d/transformed/ideaIU-2025.3/plugins/grazie/lib/com.carrotsearch-hppc.jar
73f11a400000-73f11a91c000 r--s 00000000 fd:01 4389161                    /home/ubuntu/.gradle/caches/8.10.2/transforms/81e4360543fbb01d4f7fb470fa49803d/transformed/ideaIU-2025.3/plugins/grazie/lib/org.jetbrains.intellij.deps.languagetool-languagetool-core.jar
73f11aa00000-73f11ac71000 r--s 00000000 fd:01 4391478                    /home/ubuntu/.gradle/caches/8.10.2/transforms/81e4360543fbb01d4f7fb470fa49803d/transformed/ideaIU-2025.3/plugins/packageChecker/lib/packageChecker.jar
73f11ae00000-73f11b390000 r--s 00000000 fd:01 4390720                    /home/ubuntu/.gradle/caches/8.10.2/transforms/81e4360543fbb01d4f7fb470fa49803d/transformed/ideaIU-2025.3/plugins/vuejs-plugin/lib/modules/intellij.vuejs.backend.jar
73f11b400000-73f11b821000 r--s 00000000 fd:01 4391376                    /home/ubuntu/.gradle/caches/8.10.2/transforms/81e4360543fbb01d4f7fb470fa49803d/transformed/ideaIU-2025.3/plugins/textmate-plugin/lib/modules/intellij.textmate.joni.jar
73f11ba00000-73f11c219000 r--s 00000000 fd:01 4389068                    /home/ubuntu/.gradle/caches/8.10.2/transforms/81e4360543fbb01d4f7fb470fa49803d/transformed/ideaIU-2025.3/plugins/terminal/lib/terminal.jar
73f11c400000-73f11f615000 r--s 00000000 fd:01 4389064                    /home/ubuntu/.gradle/caches/8.10.2/transforms/81e4360543fbb01d4f7fb470fa49803d/transformed/ideaIU-2025.3/plugins/terminal/lib/terminal-completion-db-with-extensions.jar
73f11f800000-73f11fc32000 r--s 00000000 fd:01 4390493                    /home/ubuntu/.gradle/caches/8.10.2/transforms/81e4360543fbb01d4f7fb470fa49803d/transformed/ideaIU-2025.3/plugins/sass-plugin/lib/modules/intellij.sass.backend.jar
73f11fe00000-73f12072f000 r--s 00000000 fd:01 4390766                    /home/ubuntu/.gradle/caches/8.10.2/transforms/81e4360543fbb01d4f7fb470fa49803d/transformed/ideaIU-2025.3/plugins/kotlin-jupyter-plugin/lib/modules/intellij.kotlin.jupyter.core.jar
73f120800000-73f120fda000 r--s 00000000 fd:01 4390759                    /home/ubuntu/.gradle/caches/8.10.2/transforms/81e4360543fbb01d4f7fb470fa49803d/transformed/ideaIU-2025.3/plugins/kotlin-jupyter-plugin/lib/batik-transcoder.jar
73f121000000-73f1214c1000 r--s 00000000 fd:01 4389126                    /home/ubuntu/.gradle/caches/8.10.2/transforms/81e4360543fbb01d4f7fb470fa49803d/transformed/ideaIU-2025.3/plugins/gradle-java/lib/gradle-jps.jar
73f121600000-73f1221e4000 r--s 00000000 fd:01 4390835                    /home/ubuntu/.gradle/caches/8.10.2/transforms/81e4360543fbb01d4f7fb470fa49803d/transformed/ideaIU-2025.3/plugins/vcs-gitlab/lib/vcs-gitlab.jar
73f122200000-73f122d6b000 r--s 00000000 fd:01 4389465                    /home/ubuntu/.gradle/caches/8.10.2/transforms/81e4360543fbb01d4f7fb470fa49803d/transformed/ideaIU-2025.3/plugins/vcs-github/lib/vcs-github.jar
73f122e00000-73f123e07000 r--s 00000000 fd:01 4389693                    /home/ubuntu/.gradle/caches/8.10.2/transforms/81e4360543fbb01d4f7fb470fa49803d/transformed/ideaIU-2025.3/plugins/Kotlin/lib/kotlinc.kotlin-compiler-ir.jar
73f124000000-73f124021000 rw-p 00000000 00:00 0 
73f124021000-73f128000000 ---p 00000000 00:00 0 
73f128200000-73f128411000 r--s 00000000 fd:01 4390762                    /home/ubuntu/.gradle/caches/8.10.2/transforms/81e4360543fbb01d4f7fb470fa49803d/transformed/ideaIU-2025.3/plugins/kotlin-jupyter-plugin/lib/modules/intellij.kotlin.jupyter.plots.jar
73f128600000-73f1288cc000 r--s 00000000 fd:01 4389120                    /home/ubuntu/.gradle/caches/8.10.2/transforms/81e4360543fbb01d4f7fb470fa49803d/transformed/ideaIU-2025.3/plugins/gradle-java/lib/gradle-java.jar
73f128a00000-73f128ca0000 r--s 00000000 fd:01 4389103                    /home/ubuntu/.gradle/caches/8.10.2/transforms/81e4360543fbb01d4f7fb470fa49803d/transformed/ideaIU-2025.3/plugins/clouds-docker-gateway/lib/clouds-docker-gateway.jar
73f128e00000-73f1290d0000 r--s 00000000 fd:01 4389710                    /home/ubuntu/.gradle/caches/8.10.2/transforms/81e4360543fbb01d4f7fb470fa49803d/transformed/ideaIU-2025.3/plugins/Kotlin/lib/vavr.jar
73f129200000-73f129460000 r--s 00000000 fd:01 4389707                    /home/ubuntu/.gradle/caches/8.10.2/transforms/81e4360543fbb01d4f7fb470fa49803d/transformed/ideaIU-2025.3/plugins/Kotlin/lib/kotlinc.compose-compiler-plugin.jar
73f129479000-73f129600000 rw-p 00000000 00:00 0 
73f129600000-73f12bee0000 r--s 00000000 fd:01 4389711                    /home/ubuntu/.gradle/caches/8.10.2/transforms/81e4360543fbb01d4f7fb470fa49803d/transformed/ideaIU-2025.3/plugins/Kotlin/lib/kotlinc.kotlin-compiler-fe10.jar
73f12c000000-73f12c021000 rw-p 00000000 00:00 0 
73f12c021000-73f130000000 ---p 00000000 00:00 0 
73f130007000-73f1300a0000 r--s 00000000 fd:01 4389424                    /home/ubuntu/.gradle/caches/8.10.2/transforms/81e4360543fbb01d4f7fb470fa49803d/transformed/ideaIU-2025.3/plugins/tslint/lib/tslint.jar
73f1300a0000-73f130141000 r--s 00000000 fd:01 4391399                    /home/ubuntu/.gradle/caches/8.10.2/transforms/81e4360543fbb01d4f7fb470fa49803d/transformed/ideaIU-2025.3/plugins/featuresTrainer/lib/git-learning-project.jar
73f130141000-73f1302f6000 r--s 00000000 fd:01 4391397                    /home/ubuntu/.gradle/caches/8.10.2/transforms/81e4360543fbb01d4f7fb470fa49803d/transformed/ideaIU-2025.3/plugins/featuresTrainer/lib/assertj-swing.jar
73f1302f6000-73f130400000 r--s 00000000 fd:01 4390263                    /home/ubuntu/.gradle/caches/8.10.2/transforms/81e4360543fbb01d4f7fb470fa49803d/transformed/ideaIU-2025.3/plugins/yaml/lib/modules/intellij.yaml.backend.jar
73f130400000-73f131c70000 r--s 00000000 fd:01 4389684                    /home/ubuntu/.gradle/caches/8.10.2/transforms/81e4360543fbb01d4f7fb470fa49803d/transformed/ideaIU-2025.3/plugins/Kotlin/lib/kotlinc.kotlin-compiler-common.jar
73f131cbc000-73f131d17000 r--s 00000000 fd:01 4389157                    /home/ubuntu/.gradle/caches/8.10.2/transforms/81e4360543fbb01d4f7fb470fa49803d/transformed/ideaIU-2025.3/plugins/grazie/lib/com.vdurmont-emoji-java.jar
73f131d17000-73f131e00000 r--s 00000000 fd:01 4391374                    /home/ubuntu/.gradle/caches/8.10.2/transforms/81e4360543fbb01d4f7fb470fa49803d/transformed/ideaIU-2025.3/plugins/textmate-plugin/lib/modules/intellij.textmate.core.jar
73f131e00000-73f13298f000 r--s 00000000 fd:01 4389709                    /home/ubuntu/.gradle/caches/8.10.2/transforms/81e4360543fbb01d4f7fb470fa49803d/transformed/ideaIU-2025.3/plugins/Kotlin/lib/kotlinc.kotlin-dataframe-compiler-plugin.jar
73f13299a000-73f1329c2000 r--s 00000000 fd:01 4389153                    /home/ubuntu/.gradle/caches/8.10.2/transforms/81e4360543fbb01d4f7fb470fa49803d/transformed/ideaIU-2025.3/plugins/grazie/lib/org.json-json.jar
73f1329c2000-73f132a00000 r--s 00000000 fd:01 4389152                    /home/ubuntu/.gradle/caches/8.10.2/transforms/81e4360543fbb01d4f7fb470fa49803d/transformed/ideaIU-2025.3/plugins/grazie/lib/ai.grazie.client.ktor.jvm.jar
73f132a00000-73f133564000 r--s 00000000 fd:01 4389704                    /home/ubuntu/.gradle/caches/8.10.2/transforms/81e4360543fbb01d4f7fb470fa49803d/transformed/ideaIU-2025.3/plugins/Kotlin/lib/kotlin-gradle-tooling.jar
73f133572000-73f133600000 r--s 00000000 fd:01 4389167                    /home/ubuntu/.gradle/caches/8.10.2/transforms/81e4360543fbb01d4f7fb470fa49803d/transformed/ideaIU-2025.3/plugins/grazie/lib/tech.units-indriya.jar
73f133600000-73f13da73000 r--s 00000000 fd:01 4389708                    /home/ubuntu/.gradle/caches/8.10.2/transforms/81e4360543fbb01d4f7fb470fa49803d/transformed/ideaIU-2025.3/plugins/Kotlin/lib/kotlin-plugin.jar
73f13da7e000-73f13dc00000 r--s 00000000 fd:01 4390501                    /home/ubuntu/.gradle/caches/8.10.2/transforms/81e4360543fbb01d4f7fb470fa49803d/transformed/ideaIU-2025.3/plugins/remoteRun/lib/remoteRun.jar
73f13dc00000-73f13de3e000 r--s 00000000 fd:01 4390641                    /home/ubuntu/.gradle/caches/8.10.2/transforms/81e4360543fbb01d4f7fb470fa49803d/transformed/ideaIU-2025.3/plugins/java-decompiler/lib/java-decompiler.jar
73f13de4b000-73f13dee0000 r--s 00000000 fd:01 4390259                    /home/ubuntu/.gradle/caches/8.10.2/transforms/81e4360543fbb01d4f7fb470fa49803d/transformed/ideaIU-2025.3/plugins/yaml/lib/yaml.jar
73f13dee0000-73f13e000000 r--s 00000000 fd:01 4389257                    /home/ubuntu/.gradle/caches/8.10.2/transforms/81e4360543fbb01d4f7fb470fa49803d/transformed/ideaIU-2025.3/plugins/javaFX/lib/modules/intellij.javaFX.jar
73f13e000000-73f13e78f000 r--s 00000000 fd:01 4390338                    /home/ubuntu/.gradle/caches/8.10.2/transforms/81e4360543fbb01d4f7fb470fa49803d/transformed/ideaIU-2025.3/plugins/maven/lib/jetbrains.idea.maven.indexer.api.rt.jar
73f13e79a000-73f13e7b4000 r--s 00000000 fd:01 4389174                    /home/ubuntu/.gradle/caches/8.10.2/transforms/81e4360543fbb01d4f7fb470fa49803d/transformed/ideaIU-2025.3/plugins/grazie/lib/org.carrot2-morfologik-stemming.jar
73f13e7b4000-73f13e7d3000 r--s 00000000 fd:01 4389160                    /home/ubuntu/.gradle/caches/8.10.2/transforms/81e4360543fbb01d4f7fb470fa49803d/transformed/ideaIU-2025.3/plugins/grazie/lib/ai.grazie.tasks.library.model.jvm.jar
73f13e7d3000-73f13e800000 r--s 00000000 fd:01 4389159                    /home/ubuntu/.gradle/caches/8.10.2/transforms/81e4360543fbb01d4f7fb470fa49803d/transformed/ideaIU-2025.3/plugins/grazie/lib/net.loomchild-segment.jar
73f13e800000-73f13f33b000 r--s 00000000 fd:01 4390466                    /home/ubuntu/.gradle/caches/8.10.2/transforms/81e4360543fbb01d4f7fb470fa49803d/transformed/ideaIU-2025.3/plugins/maven/lib/maven.jar
73f13f33d000-73f13f394000 r--s 00000000 fd:01 4389717                    /home/ubuntu/.gradle/caches/8.10.2/transforms/81e4360543fbb01d4f7fb470fa49803d/transformed/ideaIU-2025.3/plugins/toml/lib/toml.jar
73f13f394000-73f13f400000 r--s 00000000 fd:01 4391377                    /home/ubuntu/.gradle/caches/8.10.2/transforms/81e4360543fbb01d4f7fb470fa49803d/transformed/ideaIU-2025.3/plugins/textmate-plugin/lib/modules/intellij.textmate.jar
73f13f400000-73f13f730000 r--s 00000000 fd:01 4389538                    /home/ubuntu/.gradle/caches/8.10.2/transforms/81e4360543fbb01d4f7fb470fa49803d/transformed/ideaIU-2025.3/plugins/android-gradle-dsl/lib/android-gradle-dsl.jar
73f13f73a000-73f13f74a000 r--s 00000000 fd:01 4389171                    /home/ubuntu/.gradle/caches/8.10.2/transforms/81e4360543fbb01d4f7fb470fa49803d/transformed/ideaIU-2025.3/plugins/grazie/lib/javax.measure-unit-api.jar
73f13f74a000-73f13f76c000 r--s 00000000 fd:01 4389162                    /home/ubuntu/.gradle/caches/8.10.2/transforms/81e4360543fbb01d4f7fb470fa49803d/transformed/ideaIU-2025.3/plugins/grazie/lib/ai.grazie.model.tree.jvm.jar
73f13f76c000-73f13f800000 r--s 00000000 fd:01 4389067                    /home/ubuntu/.gradle/caches/8.10.2/transforms/81e4360543fbb01d4f7fb470fa49803d/transformed/ideaIU-2025.3/plugins/terminal/lib/completion-ranking-sh.jar
73f13f800000-73f13fc2a000 r--s 00000000 fd:01 4389335                    /home/ubuntu/.gradle/caches/8.10.2/transforms/81e4360543fbb01d4f7fb470fa49803d/transformed/ideaIU-2025.3/plugins/fullLine/lib/modules/intellij.fullLine.local.jar
73f13fc2b000-73f13fc44000 r--s 00000000 fd:01 4389156                    /home/ubuntu/.gradle/caches/8.10.2/transforms/81e4360543fbb01d4f7fb470fa49803d/transformed/ideaIU-2025.3/plugins/grazie/lib/ai.grazie.model.ner.jvm.jar
73f13fc44000-73f13fe00000 r--s 00000000 fd:01 4389694                    /home/ubuntu/.gradle/caches/8.10.2/transforms/81e4360543fbb01d4f7fb470fa49803d/transformed/ideaIU-2025.3/plugins/Kotlin/lib/kotlin-plugin-shared.jar
73f13fe00000-73f1401bd000 r--s 00000000 fd:01 4389359                    /home/ubuntu/.gradle/caches/8.10.2/transforms/81e4360543fbb01d4f7fb470fa49803d/transformed/ideaIU-2025.3/plugins/fullLine/lib/modules/intellij.fullLine.go.local.jar
73f1401c6000-73f1401d4000 r--s 00000000 fd:01 4389163                    /home/ubuntu/.gradle/caches/8.10.2/transforms/81e4360543fbb01d4f7fb470fa49803d/transformed/ideaIU-2025.3/plugins/grazie/lib/org.carrot2-morfologik-fsa-builders.jar
73f1401d4000-73f140200000 r--s 00000000 fd:01 4390722                    /home/ubuntu/.gradle/caches/8.10.2/transforms/81e4360543fbb01d4f7fb470fa49803d/transformed/ideaIU-2025.3/plugins/vuejs-plugin/lib/modules/intellij.vuejs.common.jar
73f140200000-73f14056b000 r--s 00000000 fd:01 4389343                    /home/ubuntu/.gradle/caches/8.10.2/transforms/81e4360543fbb01d4f7fb470fa49803d/transformed/ideaIU-2025.3/plugins/fullLine/lib/modules/intellij.ml.llm.java.completion.jar
73f140574000-73f140583000 r--s 00000000 fd:01 4389720                    /home/ubuntu/.gradle/caches/8.10.2/transforms/81e4360543fbb01d4f7fb470fa49803d/transformed/ideaIU-2025.3/plugins/toml/lib/modules/intellij.toml.backend.jar
73f140583000-73f1405a5000 r--s 00000000 fd:01 4389066                    /home/ubuntu/.gradle/caches/8.10.2/transforms/81e4360543fbb01d4f7fb470fa49803d/transformed/ideaIU-2025.3/plugins/terminal/lib/modules/intellij.terminal.frontend.split.jar
73f1405a5000-73f1405c6000 r--s 00000000 fd:01 4389063                    /home/ubuntu/.gradle/caches/8.10.2/transforms/81e4360543fbb01d4f7fb470fa49803d/transformed/ideaIU-2025.3/plugins/terminal/lib/terminal-completion-spec.jar
73f1405c6000-73f140600000 r--s 00000000 fd:01 4390489                    /home/ubuntu/.gradle/caches/8.10.2/transforms/81e4360543fbb01d4f7fb470fa49803d/transformed/ideaIU-2025.3/plugins/sass-plugin/lib/modules/intellij.sass.common.jar
73f140600000-73f140a4d000 r--s 00000000 fd:01 4389341                    /home/ubuntu/.gradle/caches/8.10.2/transforms/81e4360543fbb01d4f7fb470fa49803d/transformed/ideaIU-2025.3/plugins/fullLine/lib/modules/intellij.fullLine.rider.cpp.local.jar
73f140a54000-73f140c00000 r--s 00000000 fd:01 4389473                    /home/ubuntu/.gradle/caches/8.10.2/transforms/81e4360543fbb01d4f7fb470fa49803d/transformed/ideaIU-2025.3/plugins/vcs-github/lib/modules/intellij.vcs.github.ultimate.features.jar
73f140c00000-73f141004000 r--s 00000000 fd:01 4389348                    /home/ubuntu/.gradle/caches/8.10.2/transforms/81e4360543fbb01d4f7fb470fa49803d/transformed/ideaIU-2025.3/plugins/fullLine/lib/modules/intellij.fullLine.rider.csharp.local.jar
73f141006000-73f141200000 r--s 00000000 fd:01 4389358                    /home/ubuntu/.gradle/caches/8.10.2/transforms/81e4360543fbb01d4f7fb470fa49803d/transformed/ideaIU-2025.3/plugins/fullLine/lib/modules/intellij.fullLine.html.local.jar
73f141200000-73f1416e5000 r--s 00000000 fd:01 4389338                    /home/ubuntu/.gradle/caches/8.10.2/transforms/81e4360543fbb01d4f7fb470fa49803d/transformed/ideaIU-2025.3/plugins/fullLine/lib/modules/intellij.ml.llm.kotlin.completion.jar
73f1416ef000-73f141785000 r--s 00000000 fd:01 4389456                    /home/ubuntu/.gradle/caches/8.10.2/transforms/81e4360543fbb01d4f7fb470fa49803d/transformed/ideaIU-2025.3/plugins/less/lib/less.jar
73f141785000-73f141800000 r--s 00000000 fd:01 4389260                    /home/ubuntu/.gradle/caches/8.10.2/transforms/81e4360543fbb01d4f7fb470fa49803d/transformed/ideaIU-2025.3/plugins/javaFX/lib/javaFX.jar
73f141800000-73f141bc2000 r--s 00000000 fd:01 4389370                    /home/ubuntu/.gradle/caches/8.10.2/transforms/81e4360543fbb01d4f7fb470fa49803d/transformed/ideaIU-2025.3/plugins/fullLine/lib/modules/intellij.fullLine.python.local.jar
73f141bc7000-73f141c00000 r--s 00000000 fd:01 4389549                    /home/ubuntu/.gradle/caches/8.10.2/transforms/81e4360543fbb01d4f7fb470fa49803d/transformed/ideaIU-2025.3/plugins/nodeJS-remoteInterpreter/lib/nodeJS-remoteInterpreter.jar
73f141c00000-73f141e26000 r--s 00000000 fd:01 4389351                    /home/ubuntu/.gradle/caches/8.10.2/transforms/81e4360543fbb01d4f7fb470fa49803d/transformed/ideaIU-2025.3/plugins/fullLine/lib/modules/intellij.ml.llm.rider.cpp.completion.jar
73f141e32000-73f141f06000 r--s 00000000 fd:01 4389687                    /home/ubuntu/.gradle/caches/8.10.2/transforms/81e4360543fbb01d4f7fb470fa49803d/transformed/ideaIU-2025.3/plugins/Kotlin/lib/kotlinc.lombok-compiler-plugin.jar
73f141f06000-73f142000000 r--s 00000000 fd:01 4389701                    /home/ubuntu/.gradle/caches/8.10.2/transforms/81e4360543fbb01d4f7fb470fa49803d/transformed/ideaIU-2025.3/plugins/Kotlin/lib/kotlinc.parcelize-compiler-plugin.jar
73f142000000-73f142223000 r--s 00000000 fd:01 4389331                    /home/ubuntu/.gradle/caches/8.10.2/transforms/81e4360543fbb01d4f7fb470fa49803d/transformed/ideaIU-2025.3/plugins/fullLine/lib/modules/intellij.ml.llm.rust.completion.jar
73f142226000-73f142257000 r--s 00000000 fd:01 4390491                    /home/ubuntu/.gradle/caches/8.10.2/transforms/81e4360543fbb01d4f7fb470fa49803d/transformed/ideaIU-2025.3/plugins/sass-plugin/lib/modules/intellij.sass.jar
73f142257000-73f14227a000 r--s 00000000 fd:01 4390764                    /home/ubuntu/.gradle/caches/8.10.2/transforms/81e4360543fbb01d4f7fb470fa49803d/transformed/ideaIU-2025.3/plugins/kotlin-jupyter-plugin/lib/modules/intellij.kotlin.jupyter.tables.jar
73f14227a000-73f142400000 r--s 00000000 fd:01 4389688                    /home/ubuntu/.gradle/caches/8.10.2/transforms/81e4360543fbb01d4f7fb470fa49803d/transformed/ideaIU-2025.3/plugins/Kotlin/lib/kotlinc.kotlinx-serialization-compiler-plugin.jar
73f142400000-73f1426a1000 r--s 00000000 fd:01 4389373                    /home/ubuntu/.gradle/caches/8.10.2/transforms/81e4360543fbb01d4f7fb470fa49803d/transformed/ideaIU-2025.3/plugins/fullLine/lib/modules/intellij.fullLine.ruby.local.jar
73f1426a7000-73f1426ff000 r--s 00000000 fd:01 4390768                    /home/ubuntu/.gradle/caches/8.10.2/transforms/81e4360543fbb01d4f7fb470fa49803d/transformed/ideaIU-2025.3/plugins/kotlin-jupyter-plugin/lib/modules/intellij.kotlin.jupyter.k2.jar
73f1426ff000-73f142700000 ---p 00000000 00:00 0 
73f142700000-73f142800000 rw-p 00000000 00:00 0 
73f142800000-73f142a0e000 r--s 00000000 fd:01 4389371                    /home/ubuntu/.gradle/caches/8.10.2/transforms/81e4360543fbb01d4f7fb470fa49803d/transformed/ideaIU-2025.3/plugins/fullLine/lib/modules/intellij.ml.llm.python.completion.jar
73f142a19000-73f142a53000 r--s 00000000 fd:01 4390767                    /home/ubuntu/.gradle/caches/8.10.2/transforms/81e4360543fbb01d4f7fb470fa49803d/transformed/ideaIU-2025.3/plugins/kotlin-jupyter-plugin/lib/modules/intellij.kotlin.jupyter.k1.jar
73f142a53000-73f142a71000 r--s 00000000 fd:01 4390769                    /home/ubuntu/.gradle/caches/8.10.2/transforms/81e4360543fbb01d4f7fb470fa49803d/transformed/ideaIU-2025.3/plugins/kotlin-jupyter-plugin/lib/xml-apis-ext.jar
73f142a71000-73f142c00000 r--s 00000000 fd:01 4389703                    /home/ubuntu/.gradle/caches/8.10.2/transforms/81e4360543fbb01d4f7fb470fa49803d/transformed/ideaIU-2025.3/plugins/Kotlin/lib/kotlinc.scripting-compiler-plugin.jar
73f142c00000-73f142e72000 r--s 00000000 fd:01 4389372                    /home/ubuntu/.gradle/caches/8.10.2/transforms/81e4360543fbb01d4f7fb470fa49803d/transformed/ideaIU-2025.3/plugins/fullLine/lib/modules/intellij.fullLine.kotlin.local.jar
73f142e7e000-73f143000000 r--s 00000000 fd:01 4389448                    /home/ubuntu/.gradle/caches/8.10.2/transforms/81e4360543fbb01d4f7fb470fa49803d/transformed/ideaIU-2025.3/plugins/repository-search/lib/package-search-api-client.jar
73f143000000-73f143450000 r--s 00000000 fd:01 4389369                    /home/ubuntu/.gradle/caches/8.10.2/transforms/81e4360543fbb01d4f7fb470fa49803d/transformed/ideaIU-2025.3/plugins/fullLine/lib/modules/intellij.fullLine.js.local.jar
73f143452000-73f14345c000 r--s 00000000 fd:01 4389170                    /home/ubuntu/.gradle/caches/8.10.2/transforms/81e4360543fbb01d4f7fb470fa49803d/transformed/ideaIU-2025.3/plugins/grazie/lib/com.hankcs-aho-corasick-double-array-trie.jar
73f14345c000-73f14346a000 r--s 00000000 fd:01 4390262                    /home/ubuntu/.gradle/caches/8.10.2/transforms/81e4360543fbb01d4f7fb470fa49803d/transformed/ideaIU-2025.3/plugins/yaml/lib/modules/intellij.yaml.helm.jar
73f14346a000-73f143600000 r--s 00000000 fd:01 4390325                    /home/ubuntu/.gradle/caches/8.10.2/transforms/81e4360543fbb01d4f7fb470fa49803d/transformed/ideaIU-2025.3/plugins/eclipse/lib/eclipse.jar
73f143600000-73f143886000 r--s 00000000 fd:01 4389329                    /home/ubuntu/.gradle/caches/8.10.2/transforms/81e4360543fbb01d4f7fb470fa49803d/transformed/ideaIU-2025.3/plugins/fullLine/lib/modules/intellij.fullLine.php.local.jar
73f143886000-73f14388f000 r--s 00000000 fd:01 4389158                    /home/ubuntu/.gradle/caches/8.10.2/transforms/81e4360543fbb01d4f7fb470fa49803d/transformed/ideaIU-2025.3/plugins/grazie/lib/org.carrot2-morfologik-fsa.jar
73f14388f000-73f1438ff000 r--s 00000000 fd:01 4390840                    /home/ubuntu/.gradle/caches/8.10.2/transforms/81e4360543fbb01d4f7fb470fa49803d/transformed/ideaIU-2025.3/plugins/vcs-gitlab/lib/modules/intellij.vcs.gitlab.ultimate.features.jar
73f1438ff000-73f143900000 ---p 00000000 00:00 0 
73f143900000-73f143a00000 rw-p 00000000 00:00 0 
73f143a00000-73f143c27000 r--s 00000000 fd:01 4389334                    /home/ubuntu/.gradle/caches/8.10.2/transforms/81e4360543fbb01d4f7fb470fa49803d/transformed/ideaIU-2025.3/plugins/fullLine/lib/modules/intellij.ml.llm.php.completion.jar
73f143c27000-73f143c2e000 r--s 00000000 fd:01 4389169                    /home/ubuntu/.gradle/caches/8.10.2/transforms/81e4360543fbb01d4f7fb470fa49803d/transformed/ideaIU-2025.3/plugins/grazie/lib/org.carrot2-morfologik-speller.jar
73f143c2e000-73f143c52000 r--s 00000000 fd:01 4389123                    /home/ubuntu/.gradle/caches/8.10.2/transforms/81e4360543fbb01d4f7fb470fa49803d/transformed/ideaIU-2025.3/plugins/gradle-java/lib/modules/intellij.gradle.java.maven.jar
73f143c52000-73f143c90000 r--s 00000000 fd:01 4389102                    /home/ubuntu/.gradle/caches/8.10.2/transforms/81e4360543fbb01d4f7fb470fa49803d/transformed/ideaIU-2025.3/plugins/clouds-docker-gateway/lib/clouds-docker-gateway-frontend.jar
73f143c90000-73f143e00000 r--s 00000000 fd:01 4389336                    /home/ubuntu/.gradle/caches/8.10.2/transforms/81e4360543fbb01d4f7fb470fa49803d/transformed/ideaIU-2025.3/plugins/fullLine/lib/modules/intellij.ml.llm.javascript.completion.jar
73f143e00000-73f144024000 r--s 00000000 fd:01 4389363                    /home/ubuntu/.gradle/caches/8.10.2/transforms/81e4360543fbb01d4f7fb470fa49803d/transformed/ideaIU-2025.3/plugins/fullLine/lib/modules/intellij.ml.llm.cpp.completion.jar
73f14402a000-73f144035000 r--s 00000000 fd:01 4391378                    /home/ubuntu/.gradle/caches/8.10.2/transforms/81e4360543fbb01d4f7fb470fa49803d/transformed/ideaIU-2025.3/plugins/textmate-plugin/lib/modules/intellij.textmate.backend.jar
73f144035000-73f14403f000 r--s 00000000 fd:01 4390760                    /home/ubuntu/.gradle/caches/8.10.2/transforms/81e4360543fbb01d4f7fb470fa49803d/transformed/ideaIU-2025.3/plugins/kotlin-jupyter-plugin/lib/kotlin-jupyter-plugin.jar
73f14403f000-73f1440e2000 r--s 00000000 fd:01 4389695                    /home/ubuntu/.gradle/caches/8.10.2/transforms/81e4360543fbb01d4f7fb470fa49803d/transformed/ideaIU-2025.3/plugins/Kotlin/lib/completion-ranking-kotlin.jar
73f1440e2000-73f144200000 r--s 00000000 fd:01 4389349                    /home/ubuntu/.gradle/caches/8.10.2/transforms/81e4360543fbb01d4f7fb470fa49803d/transformed/ideaIU-2025.3/plugins/fullLine/lib/modules/intellij.ml.llm.ruby.completion.jar
73f144200000-73f14463c000 r--s 00000000 fd:01 4389332                    /home/ubuntu/.gradle/caches/8.10.2/transforms/81e4360543fbb01d4f7fb470fa49803d/transformed/ideaIU-2025.3/plugins/fullLine/lib/modules/intellij.fullLine.java.local.jar
73f144642000-73f14466f000 r--s 00000000 fd:01 4390838                    /home/ubuntu/.gradle/caches/8.10.2/transforms/81e4360543fbb01d4f7fb470fa49803d/transformed/ideaIU-2025.3/plugins/vcs-gitlab/lib/modules/intellij.vcs.gitlab.git.jar
73f14466f000-73f144800000 r--s 00000000 fd:01 4389356                    /home/ubuntu/.gradle/caches/8.10.2/transforms/81e4360543fbb01d4f7fb470fa49803d/transformed/ideaIU-2025.3/plugins/fullLine/lib/modules/intellij.ml.llm.rider.csharp.completion.jar
73f144800000-73f14889e000 r--s 00000000 fd:01 4389347                    /home/ubuntu/.gradle/caches/8.10.2/transforms/81e4360543fbb01d4f7fb470fa49803d/transformed/ideaIU-2025.3/plugins/fullLine/lib/modules/intellij.ml.llm.completion.trigger.model.jar
73f14889f000-73f148a00000 r--s 00000000 fd:01 4389374                    /home/ubuntu/.gradle/caches/8.10.2/transforms/81e4360543fbb01d4f7fb470fa49803d/transformed/ideaIU-2025.3/plugins/fullLine/lib/modules/intellij.fullLine.css.local.jar
73f148a00000-73f149433000 r--s 00000000 fd:01 4389375                    /home/ubuntu/.gradle/caches/8.10.2/transforms/81e4360543fbb01d4f7fb470fa49803d/transformed/ideaIU-2025.3/plugins/fullLine/lib/jetbrains.ai.completion.trigger.model.polyglot.cloud.jar
73f149439000-73f14944d000 r--s 00000000 fd:01 4389259                    /home/ubuntu/.gradle/caches/8.10.2/transforms/81e4360543fbb01d4f7fb470fa49803d/transformed/ideaIU-2025.3/plugins/javaFX/lib/javaFX-jps.jar
73f14944d000-73f149600000 r--s 00000000 fd:01 4389365                    /home/ubuntu/.gradle/caches/8.10.2/transforms/81e4360543fbb01d4f7fb470fa49803d/transformed/ideaIU-2025.3/plugins/fullLine/lib/modules/intellij.fullLine.rust.local.jar
73f149600000-73f149906000 r--s 00000000 fd:01 4389327                    /home/ubuntu/.gradle/caches/8.10.2/transforms/81e4360543fbb01d4f7fb470fa49803d/transformed/ideaIU-2025.3/plugins/fullLine/lib/jgrapht.core.jar
73f149909000-73f149960000 r--s 00000000 fd:01 4389696                    /home/ubuntu/.gradle/caches/8.10.2/transforms/81e4360543fbb01d4f7fb470fa49803d/transformed/ideaIU-2025.3/plugins/Kotlin/lib/kotlinc.kotlin-jps-common.jar
73f149960000-73f149a00000 r--s 00000000 fd:01 4389449                    /home/ubuntu/.gradle/caches/8.10.2/transforms/81e4360543fbb01d4f7fb470fa49803d/transformed/ideaIU-2025.3/plugins/repository-search/lib/kotlinx-document-store-mvstore.jar
73f149a00000-73f14a8bf000 r--s 00000000 fd:01 4389325                    /home/ubuntu/.gradle/caches/8.10.2/transforms/81e4360543fbb01d4f7fb470fa49803d/transformed/ideaIU-2025.3/plugins/fullLine/lib/fullLine.jar
73f14a8c0000-73f14a8c8000 r--s 00000000 fd:01 4389719                    /home/ubuntu/.gradle/caches/8.10.2/transforms/81e4360543fbb01d4f7fb470fa49803d/transformed/ideaIU-2025.3/plugins/toml/lib/modules/intellij.toml.frontend.jar
73f14a8c8000-73f14a8ea000 r--s 00000000 fd:01 4389472                    /home/ubuntu/.gradle/caches/8.10.2/transforms/81e4360543fbb01d4f7fb470fa49803d/transformed/ideaIU-2025.3/plugins/vcs-github/lib/modules/intellij.vcs.github.json.jar
73f14a8ea000-73f14a95d000 r--s 00000000 fd:01 4390455                    /home/ubuntu/.gradle/caches/8.10.2/transforms/81e4360543fbb01d4f7fb470fa49803d/transformed/ideaIU-2025.3/plugins/maven/lib/plexus-archiver.jar
73f14a95d000-73f14aa00000 r--s 00000000 fd:01 4389360                    /home/ubuntu/.gradle/caches/8.10.2/transforms/81e4360543fbb01d4f7fb470fa49803d/transformed/ideaIU-2025.3/plugins/fullLine/lib/modules/intellij.fullLine.terraform.local.jar
73f14aa00000-73f14bbed000 r--s 00000000 fd:01 4391419                    /home/ubuntu/.gradle/caches/8.10.2/transforms/81e4360543fbb01d4f7fb470fa49803d/transformed/ideaIU-2025.3/plugins/qodana/lib/flexmark.jar
73f14bbf2000-73f14bc00000 r--s 00000000 fd:01 4389253                    /home/ubuntu/.gradle/caches/8.10.2/transforms/81e4360543fbb01d4f7fb470fa49803d/transformed/ideaIU-2025.3/plugins/javaFX/lib/javaFX-common.jar
73f14bc00000-73f14be54000 r--s 00000000 fd:01 4391426                    /home/ubuntu/.gradle/caches/8.10.2/transforms/81e4360543fbb01d4f7fb470fa49803d/transformed/ideaIU-2025.3/plugins/qodana/lib/jline.jar
73f14be54000-73f14be5c000 r--s 00000000 fd:01 4390715                    /home/ubuntu/.gradle/caches/8.10.2/transforms/81e4360543fbb01d4f7fb470fa49803d/transformed/ideaIU-2025.3/plugins/vuejs-plugin/lib/vuejs-plugin.jar
73f14be5c000-73f14be66000 r--s 00000000 fd:01 4389122                    /home/ubuntu/.gradle/caches/8.10.2/transforms/81e4360543fbb01d4f7fb470fa49803d/transformed/ideaIU-2025.3/plugins/gradle-java/lib/modules/intellij.gradle.dependencyUpdater.jar
73f14be66000-73f14be74000 r--s 00000000 fd:01 4389124                    /home/ubuntu/.gradle/caches/8.10.2/transforms/81e4360543fbb01d4f7fb470fa49803d/transformed/ideaIU-2025.3/plugins/gradle-java/lib/modules/intellij.gradle.profiler.jar
73f14be74000-73f14c000000 r--s 00000000 fd:01 4389333                    /home/ubuntu/.gradle/caches/8.10.2/transforms/81e4360543fbb01d4f7fb470fa49803d/transformed/ideaIU-2025.3/plugins/fullLine/lib/modules/intellij.ml.llm.go.completion.jar
73f14c000000-73f14c3fc000 r--s 00000000 fd:01 4391420                    /home/ubuntu/.gradle/caches/8.10.2/transforms/81e4360543fbb01d4f7fb470fa49803d/transformed/ideaIU-2025.3/plugins/qodana/lib/jetbrains.qodana.web.ui.jar
73f14c400000-73f14d3a1000 r--s 00000000 fd:01 4391422                    /home/ubuntu/.gradle/caches/8.10.2/transforms/81e4360543fbb01d4f7fb470fa49803d/transformed/ideaIU-2025.3/plugins/qodana/lib/qodana.jar
73f14d3a2000-73f14d3c0000 r--s 00000000 fd:01 4389685                    /home/ubuntu/.gradle/caches/8.10.2/transforms/81e4360543fbb01d4f7fb470fa49803d/transformed/ideaIU-2025.3/plugins/Kotlin/lib/jackson-dataformat-toml.jar
73f14d3c0000-73f14d400000 r--s 00000000 fd:01 4389450                    /home/ubuntu/.gradle/caches/8.10.2/transforms/81e4360543fbb01d4f7fb470fa49803d/transformed/ideaIU-2025.3/plugins/repository-search/lib/repository-search.jar
73f14d400000-73f14da8f000 r--s 00000000 fd:01 4389409                    /home/ubuntu/.gradle/caches/8.10.2/transforms/81e4360543fbb01d4f7fb470fa49803d/transformed/ideaIU-2025.3/plugins/markdown/lib/markdown.jar
73f14da8f000-73f14da96000 r--s 00000000 fd:01 4390763                    /home/ubuntu/.gradle/caches/8.10.2/transforms/81e4360543fbb01d4f7fb470fa49803d/transformed/ideaIU-2025.3/plugins/kotlin-jupyter-plugin/lib/modules/intellij.kotlin.jupyter.liveTemplates.jar
73f14da96000-73f14dabc000 r--s 00000000 fd:01 4389690                    /home/ubuntu/.gradle/caches/8.10.2/transforms/81e4360543fbb01d4f7fb470fa49803d/transformed/ideaIU-2025.3/plugins/Kotlin/lib/ehcache.sizeof.jar
73f14dabc000-73f14daf6000 r--s 00000000 fd:01 4390339                    /home/ubuntu/.gradle/caches/8.10.2/transforms/81e4360543fbb01d4f7fb470fa49803d/transformed/ideaIU-2025.3/plugins/maven/lib/maven3-server.jar
73f14daf6000-73f14dc00000 r--s 00000000 fd:01 4389362                    /home/ubuntu/.gradle/caches/8.10.2/transforms/81e4360543fbb01d4f7fb470fa49803d/transformed/ideaIU-2025.3/plugins/fullLine/lib/modules/intellij.ml.llm.html.completion.jar
73f14dc00000-73f14ef19000 r--s 00000000 fd:01 4390620                    /home/ubuntu/.gradle/caches/8.10.2/transforms/81e4360543fbb01d4f7fb470fa49803d/transformed/ideaIU-2025.3/plugins/Groovy/lib/Groovy.jar
73f14ef1b000-73f14f000000 r--s 00000000 fd:01 4389352                    /home/ubuntu/.gradle/caches/8.10.2/transforms/81e4360543fbb01d4f7fb470fa49803d/transformed/ideaIU-2025.3/plugins/fullLine/lib/modules/intellij.ml.llm.css.completion.jar
73f14f000000-73f14f291000 r--s 00000000 fd:01 4389753                    /home/ubuntu/.gradle/caches/8.10.2/transforms/81e4360543fbb01d4f7fb470fa49803d/transformed/ideaIU-2025.3/plugins/editorconfig-plugin/lib/modules/intellij.editorconfig.backend.jar
73f14f293000-73f14f2a3000 r--s 00000000 fd:01 4389125                    /home/ubuntu/.gradle/caches/8.10.2/transforms/81e4360543fbb01d4f7fb470fa49803d/transformed/ideaIU-2025.3/plugins/gradle-java/lib/modules/intellij.gradle.analysis.jar
73f14f2a3000-73f14f400000 r--s 00000000 fd:01 4389324                    /home/ubuntu/.gradle/caches/8.10.2/transforms/81e4360543fbb01d4f7fb470fa49803d/transformed/ideaIU-2025.3/plugins/fullLine/lib/clikt.jar
73f14f400000-73f14faec000 r--s 00000000 fd:01 4390315                    /home/ubuntu/.gradle/caches/8.10.2/transforms/81e4360543fbb01d4f7fb470fa49803d/transformed/ideaIU-2025.3/plugins/platform-ijent-impl/lib/platform-ijent-impl.jar
73f14faf2000-73f14fb01000 r--s 00000000 fd:01 4389469                    /home/ubuntu/.gradle/caches/8.10.2/transforms/81e4360543fbb01d4f7fb470fa49803d/transformed/ideaIU-2025.3/plugins/vcs-github/lib/modules/intellij.vcs.github.tracker.jar
73f14fb01000-73f14fc00000 r--s 00000000 fd:01 4389326                    /home/ubuntu/.gradle/caches/8.10.2/transforms/81e4360543fbb01d4f7fb470fa49803d/transformed/ideaIU-2025.3/plugins/fullLine/lib/jetbrains.mlapi.core.jar
73f14fc00000-73f14ff02000 r--s 00000000 fd:01 4390498                    /home/ubuntu/.gradle/caches/8.10.2/transforms/81e4360543fbb01d4f7fb470fa49803d/transformed/ideaIU-2025.3/plugins/ktor/lib/ktor.jar
73f14ff05000-73f14ff14000 r--s 00000000 fd:01 4389471                    /home/ubuntu/.gradle/caches/8.10.2/transforms/81e4360543fbb01d4f7fb470fa49803d/transformed/ideaIU-2025.3/plugins/vcs-github/lib/modules/intellij.vcs.github.git.jar
73f14ff14000-73f14ff65000 r--s 00000000 fd:01 4390344                    /home/ubuntu/.gradle/caches/8.10.2/transforms/81e4360543fbb01d4f7fb470fa49803d/transformed/ideaIU-2025.3/plugins/maven/lib/maven-server.jar
73f14ff65000-73f150000000 r--s 00000000 fd:01 4391423                    /home/ubuntu/.gradle/caches/8.10.2/transforms/81e4360543fbb01d4f7fb470fa49803d/transformed/ideaIU-2025.3/plugins/qodana/lib/qodana-sarif.jar
73f150000000-73f150460000 r--s 00000000 fd:01 4391547                    /home/ubuntu/.gradle/caches/8.10.2/transforms/81e4360543fbb01d4f7fb470fa49803d/transformed/ideaIU-2025.3/plugins/jupyter-plugin/lib/modules/intellij.jupyter.execution.jar
73f150460000-73f150469000 r--s 00000000 fd:01 4390837                    /home/ubuntu/.gradle/caches/8.10.2/transforms/81e4360543fbb01d4f7fb470fa49803d/transformed/ideaIU-2025.3/plugins/vcs-gitlab/lib/modules/intellij.vcs.gitlab.ultimate.ci.sh.jar
73f150469000-73f15048e000 r--s 00000000 fd:01 4389705                    /home/ubuntu/.gradle/caches/8.10.2/transforms/81e4360543fbb01d4f7fb470fa49803d/transformed/ideaIU-2025.3/plugins/Kotlin/lib/kotlinc.noarg-compiler-plugin.jar
73f15048e000-73f15052e000 r--s 00000000 fd:01 4391418                    /home/ubuntu/.gradle/caches/8.10.2/transforms/81e4360543fbb01d4f7fb470fa49803d/transformed/ideaIU-2025.3/plugins/qodana/lib/jetbrains.qodana.sarif.converter.jar
73f15052e000-73f150600000 r--s 00000000 fd:01 4391421                    /home/ubuntu/.gradle/caches/8.10.2/transforms/81e4360543fbb01d4f7fb470fa49803d/transformed/ideaIU-2025.3/plugins/qodana/lib/jetbrains.qodana.configuration.jar
73f150600000-73f1508fe000 r--s 00000000 fd:01 4391548                    /home/ubuntu/.gradle/caches/8.10.2/transforms/81e4360543fbb01d4f7fb470fa49803d/transformed/ideaIU-2025.3/plugins/jupyter-plugin/lib/modules/intellij.jupyter.py.jar
73f150903000-73f150a00000 r--s 00000000 fd:01 4391424                    /home/ubuntu/.gradle/caches/8.10.2/transforms/81e4360543fbb01d4f7fb470fa49803d/transformed/ideaIU-2025.3/plugins/qodana/lib/jetbrains.qodana.cloud.kotlin.client.jar
73f150a00000-73f151569000 r--s 00000000 fd:01 4391552                    /home/ubuntu/.gradle/caches/8.10.2/transforms/81e4360543fbb01d4f7fb470fa49803d/transformed/ideaIU-2025.3/plugins/jupyter-plugin/lib/modules/intellij.jupyter.core.jar
73f151569000-73f1515b1000 r--s 00000000 fd:01 4390456                    /home/ubuntu/.gradle/caches/8.10.2/transforms/81e4360543fbb01d4f7fb470fa49803d/transformed/ideaIU-2025.3/plugins/maven/lib/maven40-server.jar
73f1515b1000-73f151600000 r--s 00000000 fd:01 4389441                    /home/ubuntu/.gradle/caches/8.10.2/transforms/81e4360543fbb01d4f7fb470fa49803d/transformed/ideaIU-2025.3/plugins/java-debugger-streams/lib/java-debugger-streams.jar
73f151600000-73f151816000 r--s 00000000 fd:01 4390235                    /home/ubuntu/.gradle/caches/8.10.2/transforms/81e4360543fbb01d4f7fb470fa49803d/transformed/ideaIU-2025.3/plugins/indexing-shared/lib/indexing-shared.jar
73f151817000-73f151824000 r--s 00000000 fd:01 4389706                    /home/ubuntu/.gradle/caches/8.10.2/transforms/81e4360543fbb01d4f7fb470fa49803d/transformed/ideaIU-2025.3/plugins/Kotlin/lib/kotlinc.allopen-compiler-plugin.jar
73f151824000-73f15184e000 r--s 00000000 fd:01 4389702                    /home/ubuntu/.gradle/caches/8.10.2/transforms/81e4360543fbb01d4f7fb470fa49803d/transformed/ideaIU-2025.3/plugins/Kotlin/lib/kotlinc.js-plain-objects-compiler-plugin.jar
73f15184e000-73f151a00000 r--s 00000000 fd:01 4391544                    /home/ubuntu/.gradle/caches/8.10.2/transforms/81e4360543fbb01d4f7fb470fa49803d/transformed/ideaIU-2025.3/plugins/jupyter-plugin/lib/jupyter-plugin.jar
73f151a00000-73f151c56000 r--s 00000000 fd:01 4389177                    /home/ubuntu/.gradle/caches/8.10.2/transforms/81e4360543fbb01d4f7fb470fa49803d/transformed/ideaIU-2025.3/plugins/protoeditor/lib/protoeditor.jar
73f151c5a000-73f151cdd000 r--s 00000000 fd:01 4389350                    /home/ubuntu/.gradle/caches/8.10.2/transforms/81e4360543fbb01d4f7fb470fa49803d/transformed/ideaIU-2025.3/plugins/fullLine/lib/modules/intellij.ml.llm.chat.completion.jar
73f151cdd000-73f151e00000 r--s 00000000 fd:01 4390314                    /home/ubuntu/.gradle/caches/8.10.2/transforms/81e4360543fbb01d4f7fb470fa49803d/transformed/ideaIU-2025.3/plugins/platform-ijent-impl/lib/google.protobuf.kotlin.jar
73f151e00000-73f152106000 r--s 00000000 fd:01 4389136                    /home/ubuntu/.gradle/caches/8.10.2/transforms/81e4360543fbb01d4f7fb470fa49803d/transformed/ideaIU-2025.3/plugins/restClient/lib/modules/intellij.httpClient.grpc.jar
73f152106000-73f152110000 r--s 00000000 fd:01 4389699                    /home/ubuntu/.gradle/caches/8.10.2/transforms/81e4360543fbb01d4f7fb470fa49803d/transformed/ideaIU-2025.3/plugins/Kotlin/lib/kotlinc.sam-with-receiver-compiler-plugin.jar
73f152110000-73f15214a000 r--s 00000000 fd:01 4390341                    /home/ubuntu/.gradle/caches/8.10.2/transforms/81e4360543fbb01d4f7fb470fa49803d/transformed/ideaIU-2025.3/plugins/maven/lib/maven-jps.jar
73f15214a000-73f152184000 r--s 00000000 fd:01 4391425                    /home/ubuntu/.gradle/caches/8.10.2/transforms/81e4360543fbb01d4f7fb470fa49803d/transformed/ideaIU-2025.3/plugins/qodana/lib/jetbrains.qodana.publisher.jar
73f152184000-73f152200000 r--s 00000000 fd:01 4390611                    /home/ubuntu/.gradle/caches/8.10.2/transforms/81e4360543fbb01d4f7fb470fa49803d/transformed/ideaIU-2025.3/plugins/postcss/lib/postcss.jar
73f152200000-73f15782b000 r--s 00000000 fd:01 4389132                    /home/ubuntu/.gradle/caches/8.10.2/transforms/81e4360543fbb01d4f7fb470fa49803d/transformed/ideaIU-2025.3/plugins/restClient/lib/graalvm.js.jar
73f15782b000-73f157831000 r--s 00000000 fd:01 4389166                    /home/ubuntu/.gradle/caches/8.10.2/transforms/81e4360543fbb01d4f7fb470fa49803d/transformed/ideaIU-2025.3/plugins/grazie/lib/tech.uom.lib-uom-lib-common.jar
73f157831000-73f15785c000 r--s 00000000 fd:01 4390457                    /home/ubuntu/.gradle/caches/8.10.2/transforms/81e4360543fbb01d4f7fb470fa49803d/transformed/ideaIU-2025.3/plugins/maven/lib/maven3-server-common.jar
73f15785c000-73f157a00000 r--s 00000000 fd:01 4389727                    /home/ubuntu/.gradle/caches/8.10.2/transforms/81e4360543fbb01d4f7fb470fa49803d/transformed/ideaIU-2025.3/plugins/vcs-hg/lib/vcs-hg.jar
73f157a00000-73f15823c000 r--s 00000000 fd:01 4389138                    /home/ubuntu/.gradle/caches/8.10.2/transforms/81e4360543fbb01d4f7fb470fa49803d/transformed/ideaIU-2025.3/plugins/restClient/lib/reactor-netty-http.jar
73f15823e000-73f15825d000 r--s 00000000 fd:01 4389700                    /home/ubuntu/.gradle/caches/8.10.2/transforms/81e4360543fbb01d4f7fb470fa49803d/transformed/ideaIU-2025.3/plugins/Kotlin/lib/kotlinc.assignment-compiler-plugin.jar
73f15825d000-73f158400000 r--s 00000000 fd:01 4389522                    /home/ubuntu/.gradle/caches/8.10.2/transforms/81e4360543fbb01d4f7fb470fa49803d/transformed/ideaIU-2025.3/plugins/station-plugin/lib/station-plugin.jar
73f158400000-73f159118000 r--s 00000000 fd:01 4389133                    /home/ubuntu/.gradle/caches/8.10.2/transforms/81e4360543fbb01d4f7fb470fa49803d/transformed/ideaIU-2025.3/plugins/restClient/lib/restClient.jar
73f15911d000-73f159137000 r--s 00000000 fd:01 4390469                    /home/ubuntu/.gradle/caches/8.10.2/transforms/81e4360543fbb01d4f7fb470fa49803d/transformed/ideaIU-2025.3/plugins/maven/lib/modules/intellij.maven.profiler.jar
73f159137000-73f15915f000 r--s 00000000 fd:01 4390627                    /home/ubuntu/.gradle/caches/8.10.2/transforms/81e4360543fbb01d4f7fb470fa49803d/transformed/ideaIU-2025.3/plugins/Groovy/lib/groovy-rt-class-loader.jar
73f15915f000-73f159200000 r--s 00000000 fd:01 4390099                    /home/ubuntu/.gradle/caches/8.10.2/transforms/81e4360543fbb01d4f7fb470fa49803d/transformed/ideaIU-2025.3/plugins/prettierJS/lib/prettierJS.jar
73f159200000-73f159695000 r--s 00000000 fd:01 4389131                    /home/ubuntu/.gradle/caches/8.10.2/transforms/81e4360543fbb01d4f7fb470fa49803d/transformed/ideaIU-2025.3/plugins/restClient/lib/github.javafaker.jar
73f159696000-73f1596a6000 r--s 00000000 fd:01 4390471                    /home/ubuntu/.gradle/caches/8.10.2/transforms/81e4360543fbb01d4f7fb470fa49803d/transformed/ideaIU-2025.3/plugins/maven/lib/maven36-server.jar
73f1596a6000-73f1596b9000 r--s 00000000 fd:01 4389411                    /home/ubuntu/.gradle/caches/8.10.2/transforms/81e4360543fbb01d4f7fb470fa49803d/transformed/ideaIU-2025.3/plugins/markdown/lib/modules/intellij.markdown.frontend.jar
73f1596b9000-73f1596fd000 r--s 00000000 fd:01 4389755                    /home/ubuntu/.gradle/caches/8.10.2/transforms/81e4360543fbb01d4f7fb470fa49803d/transformed/ideaIU-2025.3/plugins/editorconfig-plugin/lib/modules/intellij.editorconfig.common.jar
73f1596fd000-73f159780000 r--s 00000000 fd:01 4390240                    /home/ubuntu/.gradle/caches/8.10.2/transforms/81e4360543fbb01d4f7fb470fa49803d/transformed/ideaIU-2025.3/plugins/indexing-shared-ultimate-plugin-bundled/lib/modules/intellij.indexing.shared.generator.jar
73f159780000-73f159800000 r--s 00000000 fd:01 4389288                    /home/ubuntu/.gradle/caches/8.10.2/transforms/81e4360543fbb01d4f7fb470fa49803d/transformed/ideaIU-2025.3/plugins/grid-plugin/lib/grid-plugin.jar
73f159800000-73f159b8e000 r--s 00000000 fd:01 4390249                    /home/ubuntu/.gradle/caches/8.10.2/transforms/81e4360543fbb01d4f7fb470fa49803d/transformed/ideaIU-2025.3/plugins/webDeployment/lib/webDeployment.jar
73f159b92000-73f159ba6000 r--s 00000000 fd:01 4390621                    /home/ubuntu/.gradle/caches/8.10.2/transforms/81e4360543fbb01d4f7fb470fa49803d/transformed/ideaIU-2025.3/plugins/Groovy/lib/groovy-rt.jar
73f159ba6000-73f159c00000 r--s 00000000 fd:01 4391472                    /home/ubuntu/.gradle/caches/8.10.2/transforms/81e4360543fbb01d4f7fb470fa49803d/transformed/ideaIU-2025.3/plugins/webpack/lib/webpack.jar
73f159c00000-73f159fc0000 r--s 00000000 fd:01 4390094                    /home/ubuntu/.gradle/caches/8.10.2/transforms/81e4360543fbb01d4f7fb470fa49803d/transformed/ideaIU-2025.3/plugins/performanceTesting/lib/assertj.jar
73f159fc2000-73f15a000000 r--s 00000000 fd:01 4390626                    /home/ubuntu/.gradle/caches/8.10.2/transforms/81e4360543fbb01d4f7fb470fa49803d/transformed/ideaIU-2025.3/plugins/Groovy/lib/groovy-jps.jar
73f15a000000-73f15a201000 r--s 00000000 fd:01 4390093                    /home/ubuntu/.gradle/caches/8.10.2/transforms/81e4360543fbb01d4f7fb470fa49803d/transformed/ideaIU-2025.3/plugins/performanceTesting/lib/github.oshi.core.jar
73f15a206000-73f15a25d000 r--s 00000000 fd:01 4391546                    /home/ubuntu/.gradle/caches/8.10.2/transforms/81e4360543fbb01d4f7fb470fa49803d/transformed/ideaIU-2025.3/plugins/jupyter-plugin/lib/modules/intellij.jupyter.split.frontend.jar
73f15a25d000-73f15a35c000 r--s 00000000 fd:01 4389111                    /home/ubuntu/.gradle/caches/8.10.2/transforms/81e4360543fbb01d4f7fb470fa49803d/transformed/ideaIU-2025.3/plugins/sh-plugin/lib/sh-plugin.jar
73f15a35c000-73f15a400000 r--s 00000000 fd:01 4390607                    /home/ubuntu/.gradle/caches/8.10.2/transforms/81e4360543fbb01d4f7fb470fa49803d/transformed/ideaIU-2025.3/plugins/javaee-jax-rs/lib/javaee-jax-rs.jar
73f15a400000-73f15a73e000 r--s 00000000 fd:01 4390091                    /home/ubuntu/.gradle/caches/8.10.2/transforms/81e4360543fbb01d4f7fb470fa49803d/transformed/ideaIU-2025.3/plugins/performanceTesting/lib/performanceTesting.jar
73f15a73e000-73f15a747000 r--s 00000000 fd:01 4389467                    /home/ubuntu/.gradle/caches/8.10.2/transforms/81e4360543fbb01d4f7fb470fa49803d/transformed/ideaIU-2025.3/plugins/vcs-github/lib/modules/intellij.vcs.github.ultimate.docker.jar
73f15a747000-73f15a7a2000 r--s 00000000 fd:01 4389525                    /home/ubuntu/.gradle/caches/8.10.2/transforms/81e4360543fbb01d4f7fb470fa49803d/transformed/ideaIU-2025.3/plugins/station-plugin/lib/modules/intellij.station.frontend.split.jar
73f15a7a2000-73f15a84b000 r--s 00000000 fd:01 4389129                    /home/ubuntu/.gradle/caches/8.10.2/transforms/81e4360543fbb01d4f7fb470fa49803d/transformed/ideaIU-2025.3/plugins/restClient/lib/jooq.joox.jar
73f15a84b000-73f15aa00000 r--s 00000000 fd:01 4390092                    /home/ubuntu/.gradle/caches/8.10.2/transforms/81e4360543fbb01d4f7fb470fa49803d/transformed/ideaIU-2025.3/plugins/performanceTesting/lib/assertj-swing.jar
73f15aa00000-73f15af00000 r--s 00000000 fd:01 4389307                    /home/ubuntu/.gradle/caches/8.10.2/transforms/81e4360543fbb01d4f7fb470fa49803d/transformed/ideaIU-2025.3/plugins/gateway-plugin/lib/gateway-plugin.jar
73f15af01000-73f15af06000 r--s 00000000 fd:01 4390494                    /home/ubuntu/.gradle/caches/8.10.2/transforms/81e4360543fbb01d4f7fb470fa49803d/transformed/ideaIU-2025.3/plugins/sass-plugin/lib/sass-plugin.jar
73f15af06000-73f15af2c000 r--s 00000000 fd:01 4390243                    /home/ubuntu/.gradle/caches/8.10.2/transforms/81e4360543fbb01d4f7fb470fa49803d/transformed/ideaIU-2025.3/plugins/indexing-shared-ultimate-plugin-bundled/lib/modules/intellij.indexing.shared.ultimate.git.jar
73f15af2c000-73f15b000000 r--s 00000000 fd:01 4390252                    /home/ubuntu/.gradle/caches/8.10.2/transforms/81e4360543fbb01d4f7fb470fa49803d/transformed/ideaIU-2025.3/plugins/webDeployment/lib/commons vfs.jar
73f15b000000-73f15b276000 r--s 00000000 fd:01 4389187                    /home/ubuntu/.gradle/caches/8.10.2/transforms/81e4360543fbb01d4f7fb470fa49803d/transformed/ideaIU-2025.3/plugins/cwm-plugin/lib/intellij.cwm.plugin.jar
73f15b278000-73f15b280000 r--s 00000000 fd:01 4389686                    /home/ubuntu/.gradle/caches/8.10.2/transforms/81e4360543fbb01d4f7fb470fa49803d/transformed/ideaIU-2025.3/plugins/Kotlin/lib/kotlin-base-jps.jar
73f15b280000-73f15b2a5000 r--s 00000000 fd:01 4390242                    /home/ubuntu/.gradle/caches/8.10.2/transforms/81e4360543fbb01d4f7fb470fa49803d/transformed/ideaIU-2025.3/plugins/indexing-shared-ultimate-plugin-bundled/lib/modules/intellij.indexing.shared.ultimate.java.jar
73f15b2a5000-73f15b344000 r--s 00000000 fd:01 4390253                    /home/ubuntu/.gradle/caches/8.10.2/transforms/81e4360543fbb01d4f7fb470fa49803d/transformed/ideaIU-2025.3/plugins/webDeployment/lib/commons-net.jar
73f15b344000-73f15b400000 r--s 00000000 fd:01 4390251                    /home/ubuntu/.gradle/caches/8.10.2/transforms/81e4360543fbb01d4f7fb470fa49803d/transformed/ideaIU-2025.3/plugins/webDeployment/lib/jackrabbit2.jar
73f15b400000-73f15b624000 r--s 00000000 fd:01 4389201                    /home/ubuntu/.gradle/caches/8.10.2/transforms/81e4360543fbb01d4f7fb470fa49803d/transformed/ideaIU-2025.3/plugins/cwm-plugin/lib/intellij.platform.split.jar
73f15b627000-73f15b77d000 r--s 00000000 fd:01 4389231                    /home/ubuntu/.gradle/caches/8.10.2/transforms/81e4360543fbb01d4f7fb470fa49803d/transformed/ideaIU-2025.3/plugins/cwm-plugin/lib/modules/intellij.platform.plugins.frontend.split.jar
73f15b77d000-73f15b800000 r--s 00000000 fd:01 4389211                    /home/ubuntu/.gradle/caches/8.10.2/transforms/81e4360543fbb01d4f7fb470fa49803d/transformed/ideaIU-2025.3/plugins/cwm-plugin/lib/modules/intellij.platform.rpc.split.jar
73f15b800000-73f15c813000 r--s 00000000 fd:01 4389199                    /home/ubuntu/.gradle/caches/8.10.2/transforms/81e4360543fbb01d4f7fb470fa49803d/transformed/ideaIU-2025.3/plugins/cwm-plugin/lib/intellij.platform.backend.split.jar
73f15c817000-73f15c881000 r--s 00000000 fd:01 4389113                    /home/ubuntu/.gradle/caches/8.10.2/transforms/81e4360543fbb01d4f7fb470fa49803d/transformed/ideaIU-2025.3/plugins/sh-plugin/lib/modules/intellij.sh.backend.jar
73f15c881000-73f15ca00000 r--s 00000000 fd:01 4389235                    /home/ubuntu/.gradle/caches/8.10.2/transforms/81e4360543fbb01d4f7fb470fa49803d/transformed/ideaIU-2025.3/plugins/cwm-plugin/lib/modules/intellij.platform.execution.frontend.split.jar
73f15ca00000-73f15cc88000 r--s 00000000 fd:01 4389186                    /home/ubuntu/.gradle/caches/8.10.2/transforms/81e4360543fbb01d4f7fb470fa49803d/transformed/ideaIU-2025.3/plugins/cwm-plugin/lib/intellij.platform.remoteController.backend.jar
73f15cc88000-73f15cc8e000 r--s 00000000 fd:01 4389470                    /home/ubuntu/.gradle/caches/8.10.2/transforms/81e4360543fbb01d4f7fb470fa49803d/transformed/ideaIU-2025.3/plugins/vcs-github/lib/modules/intellij.vcs.github.ultimate.cron.jar
73f15cc8e000-73f15cca6000 r--s 00000000 fd:01 4389453                    /home/ubuntu/.gradle/caches/8.10.2/transforms/81e4360543fbb01d4f7fb470fa49803d/transformed/ideaIU-2025.3/plugins/vitejs/lib/vitejs.jar
73f15cca6000-73f15cccf000 r--s 00000000 fd:01 4389178                    /home/ubuntu/.gradle/caches/8.10.2/transforms/81e4360543fbb01d4f7fb470fa49803d/transformed/ideaIU-2025.3/plugins/protoeditor/lib/google.protobuf.java.util.jar
73f15cccf000-73f15cd7a000 r--s 00000000 fd:01 4389224                    /home/ubuntu/.gradle/caches/8.10.2/transforms/81e4360543fbb01d4f7fb470fa49803d/transformed/ideaIU-2025.3/plugins/cwm-plugin/lib/modules/intellij.platform.inline.completion.split.jar
73f15cd7a000-73f15ce00000 r--s 00000000 fd:01 4389232                    /home/ubuntu/.gradle/caches/8.10.2/transforms/81e4360543fbb01d4f7fb470fa49803d/transformed/ideaIU-2025.3/plugins/cwm-plugin/lib/modules/intellij.platform.vcs.backend.split.jar
73f15ce00000-73f15d1df000 r--s 00000000 fd:01 4389183                    /home/ubuntu/.gradle/caches/8.10.2/transforms/81e4360543fbb01d4f7fb470fa49803d/transformed/ideaIU-2025.3/plugins/cwm-plugin/lib/split-connection.jar
73f15d1e0000-73f15d200000 r--s 00000000 fd:01 4390241                    /home/ubuntu/.gradle/caches/8.10.2/transforms/81e4360543fbb01d4f7fb470fa49803d/transformed/ideaIU-2025.3/plugins/indexing-shared-ultimate-plugin-bundled/lib/modules/intellij.indexing.shared.ultimate.jar
73f15d200000-73f15d84b000 r--s 00000000 fd:01 4389204                    /home/ubuntu/.gradle/caches/8.10.2/transforms/81e4360543fbb01d4f7fb470fa49803d/transformed/ideaIU-2025.3/plugins/cwm-plugin/lib/split-protocol.jar
73f15d84b000-73f15d85c000 r--s 00000000 fd:01 4390337                    /home/ubuntu/.gradle/caches/8.10.2/transforms/81e4360543fbb01d4f7fb470fa49803d/transformed/ideaIU-2025.3/plugins/maven/lib/maven-server-indexer.jar
73f15d85c000-73f15d880000 r--s 00000000 fd:01 4389524                    /home/ubuntu/.gradle/caches/8.10.2/transforms/81e4360543fbb01d4f7fb470fa49803d/transformed/ideaIU-2025.3/plugins/station-plugin/lib/modules/intellij.station.frontend.jar
73f15d880000-73f15d8bb000 r--s 00000000 fd:01 4389137                    /home/ubuntu/.gradle/caches/8.10.2/transforms/81e4360543fbb01d4f7fb470fa49803d/transformed/ideaIU-2025.3/plugins/restClient/lib/kotlinx-coroutines-reactor.jar
73f15d8bb000-73f15d939000 r--s 00000000 fd:01 4389216                    /home/ubuntu/.gradle/caches/8.10.2/transforms/81e4360543fbb01d4f7fb470fa49803d/transformed/ideaIU-2025.3/plugins/cwm-plugin/lib/modules/intellij.platform.vcs.frontend.split.jar
73f15d939000-73f15da00000 r--s 00000000 fd:01 4389182                    /home/ubuntu/.gradle/caches/8.10.2/transforms/81e4360543fbb01d4f7fb470fa49803d/transformed/ideaIU-2025.3/plugins/cwm-plugin/lib/cwm-connection-common.jar
73f15da00000-73f15e67b000 r--s 00000000 fd:01 4390729                    /home/ubuntu/.gradle/caches/8.10.2/transforms/81e4360543fbb01d4f7fb470fa49803d/transformed/ideaIU-2025.3/plugins/localization-zh/lib/localization-zh.jar
73f15e67b000-73f15e67f000 r--s 00000000 fd:01 4389721                    /home/ubuntu/.gradle/caches/8.10.2/transforms/81e4360543fbb01d4f7fb470fa49803d/transformed/ideaIU-2025.3/plugins/toml/lib/modules/intellij.toml.frontend.split.jar
73f15e67f000-73f15e692000 r--s 00000000 fd:01 4389379                    /home/ubuntu/.gradle/caches/8.10.2/transforms/81e4360543fbb01d4f7fb470fa49803d/transformed/ideaIU-2025.3/plugins/nextjs/lib/nextjs.jar
73f15e692000-73f15e800000 r--s 00000000 fd:01 4389243                    /home/ubuntu/.gradle/caches/8.10.2/transforms/81e4360543fbb01d4f7fb470fa49803d/transformed/ideaIU-2025.3/plugins/cwm-plugin/lib/intellij.cwm.plugin.common.jar
73f15e800000-73f15eb9a000 r--s 00000000 fd:01 4389743                    /home/ubuntu/.gradle/caches/8.10.2/transforms/81e4360543fbb01d4f7fb470fa49803d/transformed/ideaIU-2025.3/plugins/tasks/lib/axis.jar
73f15eb9b000-73f15eba0000 r--s 00000000 fd:01 4390340                    /home/ubuntu/.gradle/caches/8.10.2/transforms/81e4360543fbb01d4f7fb470fa49803d/transformed/ideaIU-2025.3/plugins/maven/lib/maven-event-listener.jar
73f15eba0000-73f15ebab000 r--s 00000000 fd:01 4390324                    /home/ubuntu/.gradle/caches/8.10.2/transforms/81e4360543fbb01d4f7fb470fa49803d/transformed/ideaIU-2025.3/plugins/eclipse/lib/eclipse-common.jar
73f15ebab000-73f15ec00000 r--s 00000000 fd:01 4390250                    /home/ubuntu/.gradle/caches/8.10.2/transforms/81e4360543fbb01d4f7fb470fa49803d/transformed/ideaIU-2025.3/plugins/webDeployment/lib/commons-pool2.jar
73f15ec00000-73f15f799000 r--s 00000000 fd:01 4391460                    /home/ubuntu/.gradle/caches/8.10.2/transforms/81e4360543fbb01d4f7fb470fa49803d/transformed/ideaIU-2025.3/plugins/swagger/lib/org.webjars-swagger-ui.jar
73f15f799000-73f15f79c000 r--s 00000000 fd:01 4390261                    /home/ubuntu/.gradle/caches/8.10.2/transforms/81e4360543fbb01d4f7fb470fa49803d/transformed/ideaIU-2025.3/plugins/yaml/lib/modules/intellij.yaml.frontend.split.jar
73f15f79c000-73f15f7b5000 r--s 00000000 fd:01 4389526                    /home/ubuntu/.gradle/caches/8.10.2/transforms/81e4360543fbb01d4f7fb470fa49803d/transformed/ideaIU-2025.3/plugins/station-plugin/lib/modules/intellij.station.aia.jar
73f15f7b5000-73f15f800000 r--s 00000000 fd:01 4389210                    /home/ubuntu/.gradle/caches/8.10.2/transforms/81e4360543fbb01d4f7fb470fa49803d/transformed/ideaIU-2025.3/plugins/cwm-plugin/lib/modules/intellij.platform.completion.common.split.jar
73f15f800000-73f15fa17000 r--s 00000000 fd:01 4391461                    /home/ubuntu/.gradle/caches/8.10.2/transforms/81e4360543fbb01d4f7fb470fa49803d/transformed/ideaIU-2025.3/plugins/swagger/lib/intellij.swagger.redoc.jar
73f15fa17000-73f15fa19000 r--s 00000000 fd:01 4390719                    /home/ubuntu/.gradle/caches/8.10.2/transforms/81e4360543fbb01d4f7fb470fa49803d/transformed/ideaIU-2025.3/plugins/vuejs-plugin/lib/modules/intellij.vuejs.prettier.jar
73f15fa19000-73f15fa23000 r--s 00000000 fd:01 4390323                    /home/ubuntu/.gradle/caches/8.10.2/transforms/81e4360543fbb01d4f7fb470fa49803d/transformed/ideaIU-2025.3/plugins/eclipse/lib/eclipse-jps.jar
73f15fa23000-73f15fa7f000 r--s 00000000 fd:01 4389239                    /home/ubuntu/.gradle/caches/8.10.2/transforms/81e4360543fbb01d4f7fb470fa49803d/transformed/ideaIU-2025.3/plugins/cwm-plugin/lib/modules/intellij.station.backend.split.jar
73f15fa7f000-73f15fc00000 r--s 00000000 fd:01 4389244                    /home/ubuntu/.gradle/caches/8.10.2/transforms/81e4360543fbb01d4f7fb470fa49803d/transformed/ideaIU-2025.3/plugins/cwm-plugin/lib/bouncy-castle-pgp.jar
73f15fc00000-73f1602e5000 r--s 00000000 fd:01 4391462                    /home/ubuntu/.gradle/caches/8.10.2/transforms/81e4360543fbb01d4f7fb470fa49803d/transformed/ideaIU-2025.3/plugins/swagger/lib/swagger.jar
73f1602e5000-73f1602f7000 r--s 00000000 fd:01 4389754                    /home/ubuntu/.gradle/caches/8.10.2/transforms/81e4360543fbb01d4f7fb470fa49803d/transformed/ideaIU-2025.3/plugins/editorconfig-plugin/lib/modules/intellij.editorconfig.frontend.jar
73f1602f7000-73f160400000 r--s 00000000 fd:01 4389200                    /home/ubuntu/.gradle/caches/8.10.2/transforms/81e4360543fbb01d4f7fb470fa49803d/transformed/ideaIU-2025.3/plugins/cwm-plugin/lib/ice4j.jar
73f160400000-73f160dd3000 r--s 00000000 fd:01 4391463                    /home/ubuntu/.gradle/caches/8.10.2/transforms/81e4360543fbb01d4f7fb470fa49803d/transformed/ideaIU-2025.3/plugins/swagger/lib/org.webjars.npm-asyncapi__react-component.jar
73f160dd4000-73f160dd7000 r--s 00000000 fd:01 4390492                    /home/ubuntu/.gradle/caches/8.10.2/transforms/81e4360543fbb01d4f7fb470fa49803d/transformed/ideaIU-2025.3/plugins/sass-plugin/lib/modules/intellij.sass.copyright.jar
73f160dd7000-73f160e00000 r--s 00000000 fd:01 4389134                    /home/ubuntu/.gradle/caches/8.10.2/transforms/81e4360543fbb01d4f7fb470fa49803d/transformed/ideaIU-2025.3/plugins/restClient/lib/grpc.jar
73f160e00000-73f1610bf000 r--s 00000000 fd:01 4390232                    /home/ubuntu/.gradle/caches/8.10.2/transforms/81e4360543fbb01d4f7fb470fa49803d/transformed/ideaIU-2025.3/plugins/spring-mvc-impl/lib/spring-mvc-impl.jar
73f1610c0000-73f1610c3000 r--s 00000000 fd:01 4390488                    /home/ubuntu/.gradle/caches/8.10.2/transforms/81e4360543fbb01d4f7fb470fa49803d/transformed/ideaIU-2025.3/plugins/sass-plugin/lib/modules/intellij.sass.watcher.jar
73f1610c3000-73f1610cc000 r--s 00000000 fd:01 4389412                    /home/ubuntu/.gradle/caches/8.10.2/transforms/81e4360543fbb01d4f7fb470fa49803d/transformed/ideaIU-2025.3/plugins/markdown/lib/modules/intellij.markdown.backend.jar
73f1610cc000-73f161100000 r--s 00000000 fd:01 4389130                    /home/ubuntu/.gradle/caches/8.10.2/transforms/81e4360543fbb01d4f7fb470fa49803d/transformed/ideaIU-2025.3/plugins/restClient/lib/brotli.dec.jar
73f161100000-73f161200000 r--s 00000000 fd:01 4389184                    /home/ubuntu/.gradle/caches/8.10.2/transforms/81e4360543fbb01d4f7fb470fa49803d/transformed/ideaIU-2025.3/plugins/cwm-plugin/lib/cwm-connection-backend.jar
73f161200000-73f16172c000 r--s 00000000 fd:01 4390644                    /home/ubuntu/.gradle/caches/8.10.2/transforms/81e4360543fbb01d4f7fb470fa49803d/transformed/ideaIU-2025.3/plugins/spring-boot-core/lib/spring-boot-core.jar
73f16172c000-73f161731000 r--s 00000000 fd:01 4389344                    /home/ubuntu/.gradle/caches/8.10.2/transforms/81e4360543fbb01d4f7fb470fa49803d/transformed/ideaIU-2025.3/plugins/fullLine/lib/modules/intellij.ml.llm.rider.godot.completion.jar
73f161731000-73f16175b000 r--s 00000000 fd:01 4389229                    /home/ubuntu/.gradle/caches/8.10.2/transforms/81e4360543fbb01d4f7fb470fa49803d/transformed/ideaIU-2025.3/plugins/cwm-plugin/lib/modules/intellij.platform.inline.completion.backend.split.jar
73f16175b000-73f161800000 r--s 00000000 fd:01 4389206                    /home/ubuntu/.gradle/caches/8.10.2/transforms/81e4360543fbb01d4f7fb470fa49803d/transformed/ideaIU-2025.3/plugins/cwm-plugin/lib/vcs-protocol.jar
73f161800000-73f161e77000 r--s 00000000 fd:01 4390303                    /home/ubuntu/.gradle/caches/8.10.2/transforms/81e4360543fbb01d4f7fb470fa49803d/transformed/ideaIU-2025.3/plugins/Spring/lib/modules/intellij.spring.core.jar
73f161e78000-73f161e7b000 r--s 00000000 fd:01 4390503                    /home/ubuntu/.gradle/caches/8.10.2/transforms/81e4360543fbb01d4f7fb470fa49803d/transformed/ideaIU-2025.3/plugins/remoteRun/lib/modules/intellij.remoteRun.gradle.docker.jar
73f161e7b000-73f161e9e000 r--s 00000000 fd:01 4390507                    /home/ubuntu/.gradle/caches/8.10.2/transforms/81e4360543fbb01d4f7fb470fa49803d/transformed/ideaIU-2025.3/plugins/performanceTesting-async/lib/performanceTesting-async.jar
73f161e9e000-73f161ec3000 r--s 00000000 fd:01 4389217                    /home/ubuntu/.gradle/caches/8.10.2/transforms/81e4360543fbb01d4f7fb470fa49803d/transformed/ideaIU-2025.3/plugins/cwm-plugin/lib/modules/intellij.platform.plugins.backend.split.jar
73f161ec3000-73f161f13000 r--s 00000000 fd:01 4389205                    /home/ubuntu/.gradle/caches/8.10.2/transforms/81e4360543fbb01d4f7fb470fa49803d/transformed/ideaIU-2025.3/plugins/cwm-plugin/lib/jitsi-utils.jar
73f161f13000-73f162000000 r--s 00000000 fd:01 4389546                    /home/ubuntu/.gradle/caches/8.10.2/transforms/81e4360543fbb01d4f7fb470fa49803d/transformed/ideaIU-2025.3/plugins/velocity/lib/velocity.jar
73f162000000-73f162265000 r--s 00000000 fd:01 4390302                    /home/ubuntu/.gradle/caches/8.10.2/transforms/81e4360543fbb01d4f7fb470fa49803d/transformed/ideaIU-2025.3/plugins/Spring/lib/modules/intellij.spring.jar
73f162265000-73f162269000 r--s 00000000 fd:01 4389468                    /home/ubuntu/.gradle/caches/8.10.2/transforms/81e4360543fbb01d4f7fb470fa49803d/transformed/ideaIU-2025.3/plugins/vcs-github/lib/modules/intellij.vcs.github.ultimatePromo.jar
73f162269000-73f162316000 r--s 00000000 fd:01 4389208                    /home/ubuntu/.gradle/caches/8.10.2/transforms/81e4360543fbb01d4f7fb470fa49803d/transformed/ideaIU-2025.3/plugins/cwm-plugin/lib/cwm-plugin.jar
73f162316000-73f162429000 r--s 00000000 fd:01 4390084                    /home/ubuntu/.gradle/caches/8.10.2/transforms/81e4360543fbb01d4f7fb470fa49803d/transformed/ideaIU-2025.3/plugins/thymeleaf-plugin/lib/modules/intellij.thymeleaf.paid.jar
73f162429000-73f162600000 r--s 00000000 fd:01 4389141                    /home/ubuntu/.gradle/caches/8.10.2/transforms/81e4360543fbb01d4f7fb470fa49803d/transformed/ideaIU-2025.3/plugins/settingsSync/lib/settingsSync.jar
73f162600000-73f162c4f000 r--s 00000000 fd:01 4389143                    /home/ubuntu/.gradle/caches/8.10.2/transforms/81e4360543fbb01d4f7fb470fa49803d/transformed/ideaIU-2025.3/plugins/settingsSync/lib/jetbrains.intellij.deps.eclipse.jgit.jar
73f162c50000-73f162c54000 r--s 00000000 fd:01 4389355                    /home/ubuntu/.gradle/caches/8.10.2/transforms/81e4360543fbb01d4f7fb470fa49803d/transformed/ideaIU-2025.3/plugins/fullLine/lib/modules/intellij.ml.llm.rider.fsharp.completion.jar
73f162c54000-73f162c61000 r--s 00000000 fd:01 4391550                    /home/ubuntu/.gradle/caches/8.10.2/transforms/81e4360543fbb01d4f7fb470fa49803d/transformed/ideaIU-2025.3/plugins/jupyter-plugin/lib/modules/intellij.jupyter.split.frontend.py.jar
73f162c61000-73f162c76000 r--s 00000000 fd:01 4389223                    /home/ubuntu/.gradle/caches/8.10.2/transforms/81e4360543fbb01d4f7fb470fa49803d/transformed/ideaIU-2025.3/plugins/cwm-plugin/lib/modules/intellij.platform.completion.frontend.split.jar
73f162c76000-73f162e00000 r--s 00000000 fd:01 4389744                    /home/ubuntu/.gradle/caches/8.10.2/transforms/81e4360543fbb01d4f7fb470fa49803d/transformed/ideaIU-2025.3/plugins/tasks/lib/tasks-core.jar
73f162e00000-73f163519000 r--s 00000000 fd:01 4390783                    /home/ubuntu/.gradle/caches/8.10.2/transforms/81e4360543fbb01d4f7fb470fa49803d/transformed/ideaIU-2025.3/plugins/searchEverywhereMl/lib/modules/intellij.searchEverywhereMl.ranking.core.jar
73f163519000-73f16351c000 r--s 00000000 fd:01 4390504                    /home/ubuntu/.gradle/caches/8.10.2/transforms/81e4360543fbb01d4f7fb470fa49803d/transformed/ideaIU-2025.3/plugins/remoteRun/lib/modules/intellij.remoteRun.gradle.jar
73f16351c000-73f16352c000 r--s 00000000 fd:01 4389313                    /home/ubuntu/.gradle/caches/8.10.2/transforms/81e4360543fbb01d4f7fb470fa49803d/transformed/ideaIU-2025.3/plugins/gateway-plugin/lib/modules/intellij.gateway.station.jar
73f16352c000-73f16355d000 r--s 00000000 fd:01 4389234                    /home/ubuntu/.gradle/caches/8.10.2/transforms/81e4360543fbb01d4f7fb470fa49803d/transformed/ideaIU-2025.3/plugins/cwm-plugin/lib/modules/intellij.platform.plugins.shared.split.jar
73f16355d000-73f163600000 r--s 00000000 fd:01 4389741                    /home/ubuntu/.gradle/caches/8.10.2/transforms/81e4360543fbb01d4f7fb470fa49803d/transformed/ideaIU-2025.3/plugins/tasks/lib/http-client.jar
73f163600000-73f163873000 r--s 00000000 fd:01 4389444                    /home/ubuntu/.gradle/caches/8.10.2/transforms/81e4360543fbb01d4f7fb470fa49803d/transformed/ideaIU-2025.3/plugins/quarkus/lib/quarkus.jar
73f163873000-73f163881000 r--s 00000000 fd:01 4389290                    /home/ubuntu/.gradle/caches/8.10.2/transforms/81e4360543fbb01d4f7fb470fa49803d/transformed/ideaIU-2025.3/plugins/grid-plugin/lib/modules/intellij.grid.scripting.rt.jar
73f163881000-73f1638a0000 r--s 00000000 fd:01 4389222                    /home/ubuntu/.gradle/caches/8.10.2/transforms/81e4360543fbb01d4f7fb470fa49803d/transformed/ideaIU-2025.3/plugins/cwm-plugin/lib/modules/intellij.platform.inline.completion.frontend.split.jar
73f1638a0000-73f16390d000 r--s 00000000 fd:01 4389188                    /home/ubuntu/.gradle/caches/8.10.2/transforms/81e4360543fbb01d4f7fb470fa49803d/transformed/ideaIU-2025.3/plugins/cwm-plugin/lib/intellij.platform.remoteController.jar
73f16390d000-73f163a00000 r--s 00000000 fd:01 4390285                    /home/ubuntu/.gradle/caches/8.10.2/transforms/81e4360543fbb01d4f7fb470fa49803d/transformed/ideaIU-2025.3/plugins/spring-security/lib/spring-security.jar
73f163a00000-73f163d29000 r--s 00000000 fd:01 4389382                    /home/ubuntu/.gradle/caches/8.10.2/transforms/81e4360543fbb01d4f7fb470fa49803d/transformed/ideaIU-2025.3/plugins/notebooks-plugin/lib/notebooks-plugin.jar
73f163d2a000-73f163d38000 r--s 00000000 fd:01 4389240                    /home/ubuntu/.gradle/caches/8.10.2/transforms/81e4360543fbb01d4f7fb470fa49803d/transformed/ideaIU-2025.3/plugins/cwm-plugin/lib/modules/intellij.platform.kernel.backend.split.jar
73f163d38000-73f163d47000 r--s 00000000 fd:01 4389212                    /home/ubuntu/.gradle/caches/8.10.2/transforms/81e4360543fbb01d4f7fb470fa49803d/transformed/ideaIU-2025.3/plugins/cwm-plugin/lib/modules/intellij.vcs.git.backend.split.jar
73f163d47000-73f163d71000 r--s 00000000 fd:01 4389218                    /home/ubuntu/.gradle/caches/8.10.2/transforms/81e4360543fbb01d4f7fb470fa49803d/transformed/ideaIU-2025.3/plugins/cwm-plugin/lib/modules/intellij.platform.completion.backend.split.jar
73f163d71000-73f163e00000 r--s 00000000 fd:01 4389438                    /home/ubuntu/.gradle/caches/8.10.2/transforms/81e4360543fbb01d4f7fb470fa49803d/transformed/ideaIU-2025.3/plugins/spring-modulith/lib/spring-modulith.jar
73f163e00000-73f1640dc000 r--s 00000000 fd:01 4390226                    /home/ubuntu/.gradle/caches/8.10.2/transforms/81e4360543fbb01d4f7fb470fa49803d/transformed/ideaIU-2025.3/plugins/json/lib/modules/intellij.json.backend.jar
73f1640dc000-73f1640df000 r--s 00000000 fd:01 4390470                    /home/ubuntu/.gradle/caches/8.10.2/transforms/81e4360543fbb01d4f7fb470fa49803d/transformed/ideaIU-2025.3/plugins/maven/lib/maven-server-telemetry.jar
73f1640df000-73f164127000 r--s 00000000 fd:01 4389202                    /home/ubuntu/.gradle/caches/8.10.2/transforms/81e4360543fbb01d4f7fb470fa49803d/transformed/ideaIU-2025.3/plugins/cwm-plugin/lib/java-websocket.jar
73f164127000-73f164200000 r--s 00000000 fd:01 4389759                    /home/ubuntu/.gradle/caches/8.10.2/transforms/81e4360543fbb01d4f7fb470fa49803d/transformed/ideaIU-2025.3/plugins/spring-messaging/lib/spring-messaging.jar
73f164200000-73f164463000 r--s 00000000 fd:01 4390272                    /home/ubuntu/.gradle/caches/8.10.2/transforms/81e4360543fbb01d4f7fb470fa49803d/transformed/ideaIU-2025.3/plugins/microservices-jvm/lib/microservices-jvm.jar
73f164463000-73f164486000 r--s 00000000 fd:01 4389237                    /home/ubuntu/.gradle/caches/8.10.2/transforms/81e4360543fbb01d4f7fb470fa49803d/transformed/ideaIU-2025.3/plugins/cwm-plugin/lib/modules/intellij.terminal.backend.split.jar
73f164486000-73f1644aa000 r--s 00000000 fd:01 4389242                    /home/ubuntu/.gradle/caches/8.10.2/transforms/81e4360543fbb01d4f7fb470fa49803d/transformed/ideaIU-2025.3/plugins/cwm-plugin/lib/tls-channel.jar
73f1644aa000-73f164600000 r--s 00000000 fd:01 4389285                    /home/ubuntu/.gradle/caches/8.10.2/transforms/81e4360543fbb01d4f7fb470fa49803d/transformed/ideaIU-2025.3/plugins/spring-integration-core/lib/spring-integration-core.jar
73f164600000-73f1648d9000 r--s 00000000 fd:01 4390320                    /home/ubuntu/.gradle/caches/8.10.2/transforms/81e4360543fbb01d4f7fb470fa49803d/transformed/ideaIU-2025.3/plugins/micronaut/lib/micronaut.jar
73f1648da000-73f1648de000 r--s 00000000 fd:01 4389346                    /home/ubuntu/.gradle/caches/8.10.2/transforms/81e4360543fbb01d4f7fb470fa49803d/transformed/ideaIU-2025.3/plugins/fullLine/lib/modules/intellij.ml.llm.rider.shaderlab.completion.jar
73f1648de000-73f1648e5000 r--s 00000000 fd:01 4389751                    /home/ubuntu/.gradle/caches/8.10.2/transforms/81e4360543fbb01d4f7fb470fa49803d/transformed/ideaIU-2025.3/plugins/editorconfig-plugin/lib/editorconfig-plugin.jar
73f1648e5000-73f16493a000 r--s 00000000 fd:01 4389746                    /home/ubuntu/.gradle/caches/8.10.2/transforms/81e4360543fbb01d4f7fb470fa49803d/transformed/ideaIU-2025.3/plugins/tasks/lib/modules/intellij.tasks.jira.jar
73f16493a000-73f164a00000 r--s 00000000 fd:01 4389534                    /home/ubuntu/.gradle/caches/8.10.2/transforms/81e4360543fbb01d4f7fb470fa49803d/transformed/ideaIU-2025.3/plugins/spring-data/lib/modules/intellij.spring.data.jpa.jar
73f164a00000-73f164caa000 r--s 00000000 fd:01 4391381                    /home/ubuntu/.gradle/caches/8.10.2/transforms/81e4360543fbb01d4f7fb470fa49803d/transformed/ideaIU-2025.3/plugins/mcpserver/lib/ktor-server-cio-internal.jar
73f164cab000-73f164cae000 r--s 00000000 fd:01 4390623                    /home/ubuntu/.gradle/caches/8.10.2/transforms/81e4360543fbb01d4f7fb470fa49803d/transformed/ideaIU-2025.3/plugins/Groovy/lib/groovy-constants-rt.jar
73f164cae000-73f164cd3000 r--s 00000000 fd:01 4389241                    /home/ubuntu/.gradle/caches/8.10.2/transforms/81e4360543fbb01d4f7fb470fa49803d/transformed/ideaIU-2025.3/plugins/cwm-plugin/lib/jstun.jar
73f164cd3000-73f164cf6000 r--s 00000000 fd:01 4389299                    /home/ubuntu/.gradle/caches/8.10.2/transforms/81e4360543fbb01d4f7fb470fa49803d/transformed/ideaIU-2025.3/plugins/tasks-timeTracking/lib/tasks-timeTracking.jar
73f164cf6000-73f164d48000 r--s 00000000 fd:01 4389530                    /home/ubuntu/.gradle/caches/8.10.2/transforms/81e4360543fbb01d4f7fb470fa49803d/transformed/ideaIU-2025.3/plugins/spring-data/lib/modules/intellij.spring.data.mongodb.jar
73f164d48000-73f164e00000 r--s 00000000 fd:01 4389535                    /home/ubuntu/.gradle/caches/8.10.2/transforms/81e4360543fbb01d4f7fb470fa49803d/transformed/ideaIU-2025.3/plugins/spring-data/lib/spring-data.jar
73f164e00000-73f1650cb000 r--s 00000000 fd:01 4391383                    /home/ubuntu/.gradle/caches/8.10.2/transforms/81e4360543fbb01d4f7fb470fa49803d/transformed/ideaIU-2025.3/plugins/mcpserver/lib/mcpserver-frontend.jar
73f1650cb000-73f1650ce000 r--s 00000000 fd:01 4389756                    /home/ubuntu/.gradle/caches/8.10.2/transforms/81e4360543fbb01d4f7fb470fa49803d/transformed/ideaIU-2025.3/plugins/editorconfig-plugin/lib/modules/intellij.editorconfig.frontend.split.jar
73f1650ce000-73f165125000 r--s 00000000 fd:01 4390269                    /home/ubuntu/.gradle/caches/8.10.2/transforms/81e4360543fbb01d4f7fb470fa49803d/transformed/ideaIU-2025.3/plugins/spring-boot-cloud/lib/spring-boot-cloud.jar
73f165125000-73f165192000 r--s 00000000 fd:01 4390300                    /home/ubuntu/.gradle/caches/8.10.2/transforms/81e4360543fbb01d4f7fb470fa49803d/transformed/ideaIU-2025.3/plugins/Spring/lib/modules/intellij.spring.graph.jar
73f165192000-73f165200000 r--s 00000000 fd:01 4390297                    /home/ubuntu/.gradle/caches/8.10.2/transforms/81e4360543fbb01d4f7fb470fa49803d/transformed/ideaIU-2025.3/plugins/Spring/lib/modules/intellij.spring.el.jar
73f165200000-73f1656c3000 r--s 00000000 fd:01 4390776                    /home/ubuntu/.gradle/caches/8.10.2/transforms/81e4360543fbb01d4f7fb470fa49803d/transformed/ideaIU-2025.3/plugins/liquibase/lib/liquibase.jar
73f1656c4000-73f1656ca000 r--s 00000000 fd:01 4391549                    /home/ubuntu/.gradle/caches/8.10.2/transforms/81e4360543fbb01d4f7fb470fa49803d/transformed/ideaIU-2025.3/plugins/jupyter-plugin/lib/modules/intellij.jupyter.py.psi.jar
73f1656ca000-73f1656cd000 r--s 00000000 fd:01 4391551                    /home/ubuntu/.gradle/caches/8.10.2/transforms/81e4360543fbb01d4f7fb470fa49803d/transformed/ideaIU-2025.3/plugins/jupyter-plugin/lib/modules/intellij.jupyter.py.completion.ml.ranking.jar
73f1656cd000-73f1656dc000 r--s 00000000 fd:01 4389214                    /home/ubuntu/.gradle/caches/8.10.2/transforms/81e4360543fbb01d4f7fb470fa49803d/transformed/ideaIU-2025.3/plugins/cwm-plugin/lib/modules/intellij.vcs.git.frontend.split.jar
73f1656dc000-73f165701000 r--s 00000000 fd:01 4389742                    /home/ubuntu/.gradle/caches/8.10.2/transforms/81e4360543fbb01d4f7fb470fa49803d/transformed/ideaIU-2025.3/plugins/tasks/lib/commons-discovery.jar
73f165701000-73f165800000 r--s 00000000 fd:01 4390780                    /home/ubuntu/.gradle/caches/8.10.2/transforms/81e4360543fbb01d4f7fb470fa49803d/transformed/ideaIU-2025.3/plugins/searchEverywhereMl/lib/jetbrains.mlapi.core.jar
73f165800000-73f165fc2000 r--s 00000000 fd:01 4390775                    /home/ubuntu/.gradle/caches/8.10.2/transforms/81e4360543fbb01d4f7fb470fa49803d/transformed/ideaIU-2025.3/plugins/liquibase/lib/liquibase-core.jar
73f165fc2000-73f165fc3000 r--s 00000000 fd:01 3358059                    /home/ubuntu/repos/minecraft-lua-map-maker/ide-plugin/build/coroutines-javaagent.jar
73f165fc3000-73f165fcd000 r--s 00000000 fd:01 4389219                    /home/ubuntu/.gradle/caches/8.10.2/transforms/81e4360543fbb01d4f7fb470fa49803d/transformed/ideaIU-2025.3/plugins/cwm-plugin/lib/modules/intellij.java.backend.split.jar
73f165fcd000-73f165fde000 r--s 00000000 fd:01 4389225                    /home/ubuntu/.gradle/caches/8.10.2/transforms/81e4360543fbb01d4f7fb470fa49803d/transformed/ideaIU-2025.3/plugins/cwm-plugin/lib/modules/intellij.platform.navbar.backend.split.jar
73f165fde000-73f166000000 r--s 00000000 fd:01 4391402                    /home/ubuntu/.gradle/caches/8.10.2/transforms/81e4360543fbb01d4f7fb470fa49803d/transformed/ideaIU-2025.3/plugins/tailwindcss/lib/tailwindcss.jar
73f166000000-73f16672c000 r--s 00000000 fd:01 4389403                    /home/ubuntu/.gradle/caches/8.10.2/transforms/81e4360543fbb01d4f7fb470fa49803d/transformed/ideaIU-2025.3/plugins/clouds-kubernetes/lib/modules/intellij.clouds.kubernetes.backend.jar
73f16672c000-73f166733000 r--s 00000000 fd:01 4390238                    /home/ubuntu/.gradle/caches/8.10.2/transforms/81e4360543fbb01d4f7fb470fa49803d/transformed/ideaIU-2025.3/plugins/indexing-shared-ultimate-plugin-bundled/lib/indexing-shared-ultimate-plugin-bundled.jar
73f166733000-73f166776000 r--s 00000000 fd:01 4390298                    /home/ubuntu/.gradle/caches/8.10.2/transforms/81e4360543fbb01d4f7fb470fa49803d/transformed/ideaIU-2025.3/plugins/Spring/lib/modules/intellij.spring.aop.jar
73f166776000-73f166800000 r--s 00000000 fd:01 4390784                    /home/ubuntu/.gradle/caches/8.10.2/transforms/81e4360543fbb01d4f7fb470fa49803d/transformed/ideaIU-2025.3/plugins/searchEverywhereMl/lib/modules/intellij.searchEverywhereMl.typos.jar
73f166800000-73f167031000 r--s 00000000 fd:01 4389397                    /home/ubuntu/.gradle/caches/8.10.2/transforms/81e4360543fbb01d4f7fb470fa49803d/transformed/ideaIU-2025.3/plugins/clouds-kubernetes/lib/clouds-kubernetes.jar
73f167031000-73f167032000 r--s 00000000 fd:01 4390717                    /home/ubuntu/.gradle/caches/8.10.2/transforms/81e4360543fbb01d4f7fb470fa49803d/transformed/ideaIU-2025.3/plugins/vuejs-plugin/lib/modules/intellij.vuejs.copyright.jar
73f167032000-73f167033000 r--s 00000000 fd:01 4390721                    /home/ubuntu/.gradle/caches/8.10.2/transforms/81e4360543fbb01d4f7fb470fa49803d/transformed/ideaIU-2025.3/plugins/vuejs-plugin/lib/modules/intellij.vuejs.markdown.jar
73f167033000-73f16703a000 r--s 00000000 fd:01 4389312                    /home/ubuntu/.gradle/caches/8.10.2/transforms/81e4360543fbb01d4f7fb470fa49803d/transformed/ideaIU-2025.3/plugins/gateway-plugin/lib/modules/intellij.gateway.terminal.jar
73f16703a000-73f167051000 r--s 00000000 fd:01 4389197                    /home/ubuntu/.gradle/caches/8.10.2/transforms/81e4360543fbb01d4f7fb470fa49803d/transformed/ideaIU-2025.3/plugins/cwm-plugin/lib/jnaerator-runtime.jar
73f167051000-73f1671b3000 r--s 00000000 fd:01 4390785                    /home/ubuntu/.gradle/caches/8.10.2/transforms/81e4360543fbb01d4f7fb470fa49803d/transformed/ideaIU-2025.3/plugins/searchEverywhereMl/lib/ai.grazie.emb.jar
73f1671b3000-73f167200000 r--s 00000000 fd:01 4390779                    /home/ubuntu/.gradle/caches/8.10.2/transforms/81e4360543fbb01d4f7fb470fa49803d/transformed/ideaIU-2025.3/plugins/searchEverywhereMl/lib/searchEverywhereMl.jar
73f167200000-73f167a6d000 r--s 00000000 fd:01 4389398                    /home/ubuntu/.gradle/caches/8.10.2/transforms/81e4360543fbb01d4f7fb470fa49803d/transformed/ideaIU-2025.3/plugins/clouds-kubernetes/lib/kubernetes-client-java.jar
73f167a6d000-73f167a6f000 r--s 00000000 fd:01 4390843                    /home/ubuntu/.gradle/caches/8.10.2/transforms/81e4360543fbb01d4f7fb470fa49803d/transformed/ideaIU-2025.3/plugins/textmate-plugin/lib/textmate-plugin.jar
73f167a6f000-73f167a7f000 r--s 00000000 fd:01 4389207                    /home/ubuntu/.gradle/caches/8.10.2/transforms/81e4360543fbb01d4f7fb470fa49803d/transformed/ideaIU-2025.3/plugins/cwm-plugin/lib/git-protocol.jar
73f167a7f000-73f167aa8000 r--s 00000000 fd:01 4390557                    /home/ubuntu/.gradle/caches/8.10.2/transforms/81e4360543fbb01d4f7fb470fa49803d/transformed/ideaIU-2025.3/plugins/stylelint/lib/stylelint.jar
73f167aa8000-73f167b72000 r--s 00000000 fd:01 4391469                    /home/ubuntu/.gradle/caches/8.10.2/transforms/81e4360543fbb01d4f7fb470fa49803d/transformed/ideaIU-2025.3/plugins/react/lib/react.jar
73f167b72000-73f167c00000 r--s 00000000 fd:01 4389098                    /home/ubuntu/.gradle/caches/8.10.2/transforms/81e4360543fbb01d4f7fb470fa49803d/transformed/ideaIU-2025.3/plugins/properties/lib/modules/intellij.properties.backend.psi.jar
73f167c00000-73f169cfc000 r--s 00000000 fd:01 4389399                    /home/ubuntu/.gradle/caches/8.10.2/transforms/81e4360543fbb01d4f7fb470fa49803d/transformed/ideaIU-2025.3/plugins/clouds-kubernetes/lib/intellij.kubernetes.k8s.api.spec.jar
73f169cfc000-73f169d01000 r--s 00000000 fd:01 4389114                    /home/ubuntu/.gradle/caches/8.10.2/transforms/81e4360543fbb01d4f7fb470fa49803d/transformed/ideaIU-2025.3/plugins/sh-plugin/lib/modules/intellij.sh.frontend.split.jar
73f169d01000-73f169d09000 r--s 00000000 fd:01 4389220                    /home/ubuntu/.gradle/caches/8.10.2/transforms/81e4360543fbb01d4f7fb470fa49803d/transformed/ideaIU-2025.3/plugins/cwm-plugin/lib/modules/intellij.xml.frontend.split.jar
73f169d09000-73f169d29000 r--s 00000000 fd:01 4390328                    /home/ubuntu/.gradle/caches/8.10.2/transforms/81e4360543fbb01d4f7fb470fa49803d/transformed/ideaIU-2025.3/plugins/spring-boot-initializr/lib/spring-boot-initializr.jar
73f169d29000-73f169e00000 r--s 00000000 fd:01 4390480                    /home/ubuntu/.gradle/caches/8.10.2/transforms/81e4360543fbb01d4f7fb470fa49803d/transformed/ideaIU-2025.3/plugins/platform-images/lib/platform-images.jar
73f169e00000-73f16ac2c000 r--s 00000000 fd:01 4389513                    /home/ubuntu/.gradle/caches/8.10.2/transforms/81e4360543fbb01d4f7fb470fa49803d/transformed/ideaIU-2025.3/plugins/localization-ko/lib/localization-ko.jar
73f16ac2c000-73f16ac3b000 r--s 00000000 fd:01 4389198                    /home/ubuntu/.gradle/caches/8.10.2/transforms/81e4360543fbb01d4f7fb470fa49803d/transformed/ideaIU-2025.3/plugins/cwm-plugin/lib/quiche-jna-stubs.jar
73f16ac3b000-73f16acb5000 r--s 00000000 fd:01 4389099                    /home/ubuntu/.gradle/caches/8.10.2/transforms/81e4360543fbb01d4f7fb470fa49803d/transformed/ideaIU-2025.3/plugins/properties/lib/modules/intellij.properties.backend.jar
73f16acb5000-73f16ae00000 r--s 00000000 fd:01 4389293                    /home/ubuntu/.gradle/caches/8.10.2/transforms/81e4360543fbb01d4f7fb470fa49803d/transformed/ideaIU-2025.3/plugins/javaee-persistence-impl/lib/javaee-persistence-impl.jar
73f16ae00000-73f16b049000 r--s 00000000 fd:01 4390637                    /home/ubuntu/.gradle/caches/8.10.2/transforms/81e4360543fbb01d4f7fb470fa49803d/transformed/ideaIU-2025.3/plugins/javaee-jsp-base-impl/lib/javaee-jsp-base-impl.jar
73f16b049000-73f16b04d000 r--s 00000000 fd:01 4390266                    /home/ubuntu/.gradle/caches/8.10.2/transforms/81e4360543fbb01d4f7fb470fa49803d/transformed/ideaIU-2025.3/plugins/vcs-git-commit-modal/lib/vcs-git-commit-modal.jar
73f16b04d000-73f16b059000 r--s 00000000 fd:01 4389748                    /home/ubuntu/.gradle/caches/8.10.2/transforms/81e4360543fbb01d4f7fb470fa49803d/transformed/ideaIU-2025.3/plugins/tasks/lib/modules/intellij.tasks.bugzilla.jar
73f16b059000-73f16b071000 r--s 00000000 fd:01 4390648                    /home/ubuntu/.gradle/caches/8.10.2/transforms/81e4360543fbb01d4f7fb470fa49803d/transformed/ideaIU-2025.3/plugins/spring-boot-core/lib/modules/intellij.spring.boot.gradle.shared.jar
73f16b071000-73f16b200000 r--s 00000000 fd:01 4391382                    /home/ubuntu/.gradle/caches/8.10.2/transforms/81e4360543fbb01d4f7fb470fa49803d/transformed/ideaIU-2025.3/plugins/mcpserver/lib/mcpserver.jar
73f16b200000-73f16b9c1000 r--s 00000000 fd:01 4390725                    /home/ubuntu/.gradle/caches/8.10.2/transforms/81e4360543fbb01d4f7fb470fa49803d/transformed/ideaIU-2025.3/plugins/JPA Model/lib/jpa-model.jar
73f16b9c1000-73f16b9c3000 r--s 00000000 fd:01 4390765                    /home/ubuntu/.gradle/caches/8.10.2/transforms/81e4360543fbb01d4f7fb470fa49803d/transformed/ideaIU-2025.3/plugins/kotlin-jupyter-plugin/lib/modules/intellij.kotlin.jupyter.buildSystems.gradle.jar
73f16b9c3000-73f16b9ca000 r--s 00000000 fd:01 4389238                    /home/ubuntu/.gradle/caches/8.10.2/transforms/81e4360543fbb01d4f7fb470fa49803d/transformed/ideaIU-2025.3/plugins/cwm-plugin/lib/modules/intellij.driver.backend.split.jar
73f16b9ca000-73f16b9eb000 r--s 00000000 fd:01 4390308                    /home/ubuntu/.gradle/caches/8.10.2/transforms/81e4360543fbb01d4f7fb470fa49803d/transformed/ideaIU-2025.3/plugins/Spring/lib/modules/intellij.spring.kotlin.jar
73f16b9eb000-73f16ba7b000 r--s 00000000 fd:01 4390222                    /home/ubuntu/.gradle/caches/8.10.2/transforms/81e4360543fbb01d4f7fb470fa49803d/transformed/ideaIU-2025.3/plugins/json/lib/json.jar
73f16ba7b000-73f16bc00000 r--s 00000000 fd:01 4389516                    /home/ubuntu/.gradle/caches/8.10.2/transforms/81e4360543fbb01d4f7fb470fa49803d/transformed/ideaIU-2025.3/plugins/javaee-reverseEngineering/lib/javaee-reverseEngineering.jar
73f16bc00000-73f16bf97000 r--s 00000000 fd:01 4391391                    /home/ubuntu/.gradle/caches/8.10.2/transforms/81e4360543fbb01d4f7fb470fa49803d/transformed/ideaIU-2025.3/plugins/JPA/lib/jpa-support.jar
73f16bf97000-73f16bf98000 r--s 00000000 fd:01 4390718                    /home/ubuntu/.gradle/caches/8.10.2/transforms/81e4360543fbb01d4f7fb470fa49803d/transformed/ideaIU-2025.3/plugins/vuejs-plugin/lib/modules/intellij.vuejs.debugger.jar
73f16bf98000-73f16bf9c000 r--s 00000000 fd:01 4390096                    /home/ubuntu/.gradle/caches/8.10.2/transforms/81e4360543fbb01d4f7fb470fa49803d/transformed/ideaIU-2025.3/plugins/performanceTesting/lib/modules/intellij.performanceTesting.frontend.jar
73f16bf9c000-73f16bfd4000 r--s 00000000 fd:01 4390293                    /home/ubuntu/.gradle/caches/8.10.2/transforms/81e4360543fbb01d4f7fb470fa49803d/transformed/ideaIU-2025.3/plugins/Spring/lib/modules/intellij.spring.boot.run.shared.jar
73f16bfd4000-73f16c01a000 r--s 00000000 fd:01 4389096                    /home/ubuntu/.gradle/caches/8.10.2/transforms/81e4360543fbb01d4f7fb470fa49803d/transformed/ideaIU-2025.3/plugins/properties/lib/properties.jar
73f16c01a000-73f16c200000 r--s 00000000 fd:01 4390281                    /home/ubuntu/.gradle/caches/8.10.2/transforms/81e4360543fbb01d4f7fb470fa49803d/transformed/ideaIU-2025.3/plugins/javaee-app-servers-impl/lib/javaee-app-servers-impl.jar
73f16c200000-73f16c6c3000 r--s 00000000 fd:01 4389274                    /home/ubuntu/.gradle/caches/8.10.2/transforms/81e4360543fbb01d4f7fb470fa49803d/transformed/ideaIU-2025.3/plugins/JavaEE/lib/modules/intellij.javaee.platform.impl.jar
73f16c6c3000-73f16c6c4000 r--s 00000000 fd:01 4391375                    /home/ubuntu/.gradle/caches/8.10.2/transforms/81e4360543fbb01d4f7fb470fa49803d/transformed/ideaIU-2025.3/plugins/textmate-plugin/lib/modules/intellij.textmate.frontend.split.jar
73f16c6c4000-73f16c6cd000 r--s 00000000 fd:01 4389227                    /home/ubuntu/.gradle/caches/8.10.2/transforms/81e4360543fbb01d4f7fb470fa49803d/transformed/ideaIU-2025.3/plugins/cwm-plugin/lib/modules/intellij.platform.identifiers.highlighting.frontend.split.jar
73f16c6cd000-73f16c6ea000 r--s 00000000 fd:01 4390305                    /home/ubuntu/.gradle/caches/8.10.2/transforms/81e4360543fbb01d4f7fb470fa49803d/transformed/ideaIU-2025.3/plugins/Spring/lib/modules/intellij.spring.persistence.hibernate.jar
73f16c6ea000-73f16c741000 r--s 00000000 fd:01 4389478                    /home/ubuntu/.gradle/caches/8.10.2/transforms/81e4360543fbb01d4f7fb470fa49803d/transformed/ideaIU-2025.3/plugins/microservices-plugin/lib/modules/intellij.microservices.diagrams.jar
73f16c741000-73f16c800000 r--s 00000000 fd:01 4389476                    /home/ubuntu/.gradle/caches/8.10.2/transforms/81e4360543fbb01d4f7fb470fa49803d/transformed/ideaIU-2025.3/plugins/microservices-plugin/lib/microservices-plugin.jar
73f16c800000-73f16cdd3000 r--s 00000000 fd:01 4390818                    /home/ubuntu/.gradle/caches/8.10.2/transforms/81e4360543fbb01d4f7fb470fa49803d/transformed/ideaIU-2025.3/plugins/java/lib/modules/intellij.profiler.ultimate.jar
73f16cdd3000-73f16cdde000 r--s 00000000 fd:01 4389185                    /home/ubuntu/.gradle/caches/8.10.2/transforms/81e4360543fbb01d4f7fb470fa49803d/transformed/ideaIU-2025.3/plugins/cwm-plugin/lib/intellij.community.wintools.jar
73f16cdde000-73f16cde7000 r--s 00000000 fd:01 4389533                    /home/ubuntu/.gradle/caches/8.10.2/transforms/81e4360543fbb01d4f7fb470fa49803d/transformed/ideaIU-2025.3/plugins/spring-data/lib/modules/intellij.spring.data.liquibase.jar
73f16cde7000-73f16ce00000 r--s 00000000 fd:01 4390295                    /home/ubuntu/.gradle/caches/8.10.2/transforms/81e4360543fbb01d4f7fb470fa49803d/transformed/ideaIU-2025.3/plugins/Spring/lib/modules/intellij.spring.boot.shared.jar
73f16ce00000-73f16d2eb000 r--s 00000000 fd:01 4390812                    /home/ubuntu/.gradle/caches/8.10.2/transforms/81e4360543fbb01d4f7fb470fa49803d/transformed/ideaIU-2025.3/plugins/java/lib/debugger-memory-agent.jar
73f16d2eb000-73f16d2ed000 r--s 00000000 fd:01 4389447                    /home/ubuntu/.gradle/caches/8.10.2/transforms/81e4360543fbb01d4f7fb470fa49803d/transformed/ideaIU-2025.3/plugins/repository-search/lib/maven-model.jar
73f16d2ed000-73f16d2f0000 r--s 00000000 fd:01 4389230                    /home/ubuntu/.gradle/caches/8.10.2/transforms/81e4360543fbb01d4f7fb470fa49803d/transformed/ideaIU-2025.3/plugins/cwm-plugin/lib/modules/intellij.platform.vcs.common.split.jar
73f16d2f0000-73f16d301000 r--s 00000000 fd:01 4390651                    /home/ubuntu/.gradle/caches/8.10.2/transforms/81e4360543fbb01d4f7fb470fa49803d/transformed/ideaIU-2025.3/plugins/spring-boot-core/lib/modules/intellij.spring.boot.maven.shared.jar
73f16d301000-73f16d31e000 r--s 00000000 fd:01 4390288                    /home/ubuntu/.gradle/caches/8.10.2/transforms/81e4360543fbb01d4f7fb470fa49803d/transformed/ideaIU-2025.3/plugins/Spring/lib/spring.jar
73f16d31e000-73f16d337000 r--s 00000000 fd:01 4389302                    /home/ubuntu/.gradle/caches/8.10.2/transforms/81e4360543fbb01d4f7fb470fa49803d/transformed/ideaIU-2025.3/plugins/webComponents/lib/webComponents.jar
73f16d337000-73f16d37e000 r--s 00000000 fd:01 4390273                    /home/ubuntu/.gradle/caches/8.10.2/transforms/81e4360543fbb01d4f7fb470fa49803d/transformed/ideaIU-2025.3/plugins/microservices-jvm/lib/jetbrains.intellij.deps.scheduled.debugger.agent.jar
73f16d37e000-73f16d3ce000 r--s 00000000 fd:01 4391384                    /home/ubuntu/.gradle/caches/8.10.2/transforms/81e4360543fbb01d4f7fb470fa49803d/transformed/ideaIU-2025.3/plugins/mcpserver/lib/io.github.smiley4.schema.kenerator.jsonschema.jar
73f16d3ce000-73f16d400000 r--s 00000000 fd:01 4389405                    /home/ubuntu/.gradle/caches/8.10.2/transforms/81e4360543fbb01d4f7fb470fa49803d/transformed/ideaIU-2025.3/plugins/clouds-kubernetes/lib/modules/intellij.clouds.kubernetes.frontend.jar
73f16d400000-73f16d6aa000 r--s 00000000 fd:01 4390832                    /home/ubuntu/.gradle/caches/8.10.2/transforms/81e4360543fbb01d4f7fb470fa49803d/transformed/ideaIU-2025.3/plugins/java/lib/kotlin-metadata.jar
73f16d6aa000-73f16d6ae000 r--s 00000000 fd:01 4389215                    /home/ubuntu/.gradle/caches/8.10.2/transforms/81e4360543fbb01d4f7fb470fa49803d/transformed/ideaIU-2025.3/plugins/cwm-plugin/lib/modules/intellij.docker.backend.split.jar
73f16d6ae000-73f16d6b7000 r--s 00000000 fd:01 4390309                    /home/ubuntu/.gradle/caches/8.10.2/transforms/81e4360543fbb01d4f7fb470fa49803d/transformed/ideaIU-2025.3/plugins/Spring/lib/modules/intellij.spring.persistence.jar
73f16d6b7000-73f16d727000 r--s 00000000 fd:01 4389296                    /home/ubuntu/.gradle/caches/8.10.2/transforms/81e4360543fbb01d4f7fb470fa49803d/transformed/ideaIU-2025.3/plugins/jsonpath/lib/jsonpath.jar
73f16d727000-73f16d800000 r--s 00000000 fd:01 4390106                    /home/ubuntu/.gradle/caches/8.10.2/transforms/81e4360543fbb01d4f7fb470fa49803d/transformed/ideaIU-2025.3/plugins/JavaeeWeb/lib/javaee-web.jar
73f16d800000-73f172843000 r--s 00000000 fd:01 4390811                    /home/ubuntu/.gradle/caches/8.10.2/transforms/81e4360543fbb01d4f7fb470fa49803d/transformed/ideaIU-2025.3/plugins/java/lib/java-impl.jar
73f172843000-73f172887000 r--s 00000000 fd:01 4389406                    /home/ubuntu/.gradle/caches/8.10.2/transforms/81e4360543fbb01d4f7fb470fa49803d/transformed/ideaIU-2025.3/plugins/clouds-kubernetes/lib/modules/intellij.clouds.kubernetes.charts.gotpl.jar
73f172887000-73f172a00000 r--s 00000000 fd:01 4390827                    /home/ubuntu/.gradle/caches/8.10.2/transforms/81e4360543fbb01d4f7fb470fa49803d/transformed/ideaIU-2025.3/plugins/java/lib/modules/intellij.jvm.analysis.impl.jar
73f172a00000-73f1734b8000 r--s 00000000 fd:01 4390800                    /home/ubuntu/.gradle/caches/8.10.2/transforms/81e4360543fbb01d4f7fb470fa49803d/transformed/ideaIU-2025.3/plugins/java/lib/java-impl-frontend.jar
73f1734b8000-73f1734bb000 r--s 00000000 fd:01 4389226                    /home/ubuntu/.gradle/caches/8.10.2/transforms/81e4360543fbb01d4f7fb470fa49803d/transformed/ideaIU-2025.3/plugins/cwm-plugin/lib/modules/intellij.cwm.vcs.jar
73f1734bb000-73f1734c4000 r--s 00000000 fd:01 4390294                    /home/ubuntu/.gradle/caches/8.10.2/transforms/81e4360543fbb01d4f7fb470fa49803d/transformed/ideaIU-2025.3/plugins/Spring/lib/modules/intellij.spring.persistence.jpa.jar
73f1734c4000-73f1734ce000 r--s 00000000 fd:01 4390301                    /home/ubuntu/.gradle/caches/8.10.2/transforms/81e4360543fbb01d4f7fb470fa49803d/transformed/ideaIU-2025.3/plugins/Spring/lib/modules/intellij.spring.core.injections.jar
73f1734ce000-73f17353b000 r--s 00000000 fd:01 4390726                    /home/ubuntu/.gradle/caches/8.10.2/transforms/81e4360543fbb01d4f7fb470fa49803d/transformed/ideaIU-2025.3/plugins/JPA Model/lib/jgoodies.binding.jar
73f17353b000-73f1735a0000 r--s 00000000 fd:01 4390331                    /home/ubuntu/.gradle/caches/8.10.2/transforms/81e4360543fbb01d4f7fb470fa49803d/transformed/ideaIU-2025.3/plugins/javaee-el-core/lib/javaee-el-core.jar
73f1735a0000-73f173600000 r--s 00000000 fd:01 4389272                    /home/ubuntu/.gradle/caches/8.10.2/transforms/81e4360543fbb01d4f7fb470fa49803d/transformed/ideaIU-2025.3/plugins/JavaEE/lib/modules/intellij.javaee.ejb.jar
73f173600000-73f173b62000 r--s 00000000 fd:01 4390801                    /home/ubuntu/.gradle/caches/8.10.2/transforms/81e4360543fbb01d4f7fb470fa49803d/transformed/ideaIU-2025.3/plugins/java/lib/jps-builders.jar
73f173b62000-73f173b69000 r--s 00000000 fd:01 4390088                    /home/ubuntu/.gradle/caches/8.10.2/transforms/81e4360543fbb01d4f7fb470fa49803d/transformed/ideaIU-2025.3/plugins/thymeleaf-plugin/lib/modules/intellij.thymeleaf.free.jar
73f173b69000-73f173b77000 r--s 00000000 fd:01 4390296                    /home/ubuntu/.gradle/caches/8.10.2/transforms/81e4360543fbb01d4f7fb470fa49803d/transformed/ideaIU-2025.3/plugins/Spring/lib/modules/intellij.spring.core.shared.jar
73f173b77000-73f173b8a000 r--s 00000000 fd:01 4391475                    /home/ubuntu/.gradle/caches/8.10.2/transforms/81e4360543fbb01d4f7fb470fa49803d/transformed/ideaIU-2025.3/plugins/ultimate-plugin/lib/ultimate-plugin.jar
73f173b8a000-73f173c92000 r--s 00000000 fd:01 4389276                    /home/ubuntu/.gradle/caches/8.10.2/transforms/81e4360543fbb01d4f7fb470fa49803d/transformed/ideaIU-2025.3/plugins/JavaEE/lib/modules/intellij.javaee.jpa.ql.jar
73f173c92000-73f173e00000 r--s 00000000 fd:01 4390792                    /home/ubuntu/.gradle/caches/8.10.2/transforms/81e4360543fbb01d4f7fb470fa49803d/transformed/ideaIU-2025.3/plugins/java/lib/jb-jdi.jar
73f173e00000-73f174d56000 r--s 00000000 fd:01 4389247                    /home/ubuntu/.gradle/caches/8.10.2/transforms/81e4360543fbb01d4f7fb470fa49803d/transformed/ideaIU-2025.3/plugins/localization-ja/lib/localization-ja.jar
73f174d56000-73f174d7b000 r--s 00000000 fd:01 4391386                    /home/ubuntu/.gradle/caches/8.10.2/transforms/81e4360543fbb01d4f7fb470fa49803d/transformed/ideaIU-2025.3/plugins/mcpserver/lib/io.github.smiley4.schema.kenerator.core.jar
73f174d7b000-73f174df3000 r--s 00000000 fd:01 4389280                    /home/ubuntu/.gradle/caches/8.10.2/transforms/81e4360543fbb01d4f7fb470fa49803d/transformed/ideaIU-2025.3/plugins/JavaEE/lib/modules/intellij.javaee.platform.jar
73f174df3000-73f174eb6000 r--s 00000000 fd:01 4391429                    /home/ubuntu/.gradle/caches/8.10.2/transforms/81e4360543fbb01d4f7fb470fa49803d/transformed/ideaIU-2025.3/plugins/java-i18n/lib/java-i18n.jar
73f174eb6000-73f175000000 r--s 00000000 fd:01 4391454                    /home/ubuntu/.gradle/caches/8.10.2/transforms/81e4360543fbb01d4f7fb470fa49803d/transformed/ideaIU-2025.3/plugins/hibernate/lib/hibernate.jar
73f175000000-73f17556f000 r--s 00000000 fd:01 4390525                    /home/ubuntu/.gradle/caches/8.10.2/transforms/81e4360543fbb01d4f7fb470fa49803d/transformed/ideaIU-2025.3/plugins/gradle/lib/gradle.jar
73f17556f000-73f175570000 r--s 00000000 fd:01 4391373                    /home/ubuntu/.gradle/caches/8.10.2/transforms/81e4360543fbb01d4f7fb470fa49803d/transformed/ideaIU-2025.3/plugins/textmate-plugin/lib/modules/intellij.textmate.common.jar
73f175570000-73f17557f000 r--s 00000000 fd:01 4389142                    /home/ubuntu/.gradle/caches/8.10.2/transforms/81e4360543fbb01d4f7fb470fa49803d/transformed/ideaIU-2025.3/plugins/settingsSync/lib/cloud-config-client.jar
73f17557f000-73f1755fe000 r--s 00000000 fd:01 4389281                    /home/ubuntu/.gradle/caches/8.10.2/transforms/81e4360543fbb01d4f7fb470fa49803d/transformed/ideaIU-2025.3/plugins/JavaEE/lib/javaee-platform.jar
73f1755fe000-73f17567b000 r--s 00000000 fd:01 4390822                    /home/ubuntu/.gradle/caches/8.10.2/transforms/81e4360543fbb01d4f7fb470fa49803d/transformed/ideaIU-2025.3/plugins/java/lib/modules/intellij.java.featuresTrainer.jar
73f17567b000-73f175800000 r--s 00000000 fd:01 4390524                    /home/ubuntu/.gradle/caches/8.10.2/transforms/81e4360543fbb01d4f7fb470fa49803d/transformed/ideaIU-2025.3/plugins/gradle/lib/gradle-tooling-extension-impl.jar
73f175800000-73f17fd58000 r--s 00000000 fd:01 4390554                    /home/ubuntu/.gradle/caches/8.10.2/transforms/81e4360543fbb01d4f7fb470fa49803d/transformed/ideaIU-2025.3/plugins/gradle/lib/gradle-api-9.0.0.jar
73f17fd58000-73f17fd75000 r--s 00000000 fd:01 4391385                    /home/ubuntu/.gradle/caches/8.10.2/transforms/81e4360543fbb01d4f7fb470fa49803d/transformed/ideaIU-2025.3/plugins/mcpserver/lib/io.github.smiley4.schema.kenerator.serialization.jar
73f17fd75000-73f17fdaf000 r--s 00000000 fd:01 4389404                    /home/ubuntu/.gradle/caches/8.10.2/transforms/81e4360543fbb01d4f7fb470fa49803d/transformed/ideaIU-2025.3/plugins/clouds-kubernetes/lib/modules/intellij.clouds.kubernetes.db.jar
73f17fdaf000-73f17fe14000 r--s 00000000 fd:01 4390824                    /home/ubuntu/.gradle/caches/8.10.2/transforms/81e4360543fbb01d4f7fb470fa49803d/transformed/ideaIU-2025.3/plugins/java/lib/modules/intellij.java.langInjection.jar
73f17fe14000-73f17fe67000 r--s 00000000 fd:01 4390828                    /home/ubuntu/.gradle/caches/8.10.2/transforms/81e4360543fbb01d4f7fb470fa49803d/transformed/ideaIU-2025.3/plugins/java/lib/modules/intellij.java.structuralSearch.jar
73f17fe67000-73f180000000 r--s 00000000 fd:01 4390614                    /home/ubuntu/.gradle/caches/8.10.2/transforms/81e4360543fbb01d4f7fb470fa49803d/transformed/ideaIU-2025.3/plugins/freemarker/lib/freemarker.jar
73f180000000-73f180382000 r--s 00000000 fd:01 4389385                    /home/ubuntu/.gradle/caches/8.10.2/transforms/81e4360543fbb01d4f7fb470fa49803d/transformed/ideaIU-2025.3/plugins/uml/lib/uml-support.jar
73f180382000-73f180387000 r--s 00000000 fd:01 4389203                    /home/ubuntu/.gradle/caches/8.10.2/transforms/81e4360543fbb01d4f7fb470fa49803d/transformed/ideaIU-2025.3/plugins/cwm-plugin/lib/cwm-plugin-android.jar
73f180387000-73f180396000 r--s 00000000 fd:01 4389400                    /home/ubuntu/.gradle/caches/8.10.2/transforms/81e4360543fbb01d4f7fb470fa49803d/transformed/ideaIU-2025.3/plugins/clouds-kubernetes/lib/semver4j.jar
73f180396000-73f1803c2000 r--s 00000000 fd:01 4390636                    /home/ubuntu/.gradle/caches/8.10.2/transforms/81e4360543fbb01d4f7fb470fa49803d/transformed/ideaIU-2025.3/plugins/javaee-jsp-base-impl/lib/servlets.jar
73f1803c2000-73f1804aa000 r--s 00000000 fd:01 4390830                    /home/ubuntu/.gradle/caches/8.10.2/transforms/81e4360543fbb01d4f7fb470fa49803d/transformed/ideaIU-2025.3/plugins/java/lib/jps-builders-6.jar
73f1804aa000-73f180600000 r--s 00000000 fd:01 4390334                    /home/ubuntu/.gradle/caches/8.10.2/transforms/81e4360543fbb01d4f7fb470fa49803d/transformed/ideaIU-2025.3/plugins/dev/lib/dev.jar
73f180600000-73f180b42000 r--s 00000000 fd:01 4391497                    /home/ubuntu/.gradle/caches/8.10.2/transforms/81e4360543fbb01d4f7fb470fa49803d/transformed/ideaIU-2025.3/plugins/DatabaseTools/lib/modules/intellij.database.sql.impl.jar
73f180b42000-73f180b43000 r--s 00000000 fd:01 4390490                    /home/ubuntu/.gradle/caches/8.10.2/transforms/81e4360543fbb01d4f7fb470fa49803d/transformed/ideaIU-2025.3/plugins/sass-plugin/lib/modules/intellij.sass.frontend.split.jar
73f180b43000-73f180b5f000 r--s 00000000 fd:01 4390638                    /home/ubuntu/.gradle/caches/8.10.2/transforms/81e4360543fbb01d4f7fb470fa49803d/transformed/ideaIU-2025.3/plugins/javaee-jsp-base-impl/lib/jsp.jar
73f180b5f000-73f180c00000 r--s 00000000 fd:01 4390806                    /home/ubuntu/.gradle/caches/8.10.2/transforms/81e4360543fbb01d4f7fb470fa49803d/transformed/ideaIU-2025.3/plugins/java/lib/completion-ranking-java.jar
73f180c00000-73f180e38000 r--s 00000000 fd:01 4391508                    /home/ubuntu/.gradle/caches/8.10.2/transforms/81e4360543fbb01d4f7fb470fa49803d/transformed/ideaIU-2025.3/plugins/DatabaseTools/lib/modules/intellij.database.dialects.sybase.jar
73f180e38000-73f180e3f000 r--s 00000000 fd:01 4390085                    /home/ubuntu/.gradle/caches/8.10.2/transforms/81e4360543fbb01d4f7fb470fa49803d/transformed/ideaIU-2025.3/plugins/thymeleaf-plugin/lib/modules/intellij.thymeleaf.spring.security.jar
73f180e3f000-73f180e65000 r--s 00000000 fd:01 4390246                    /home/ubuntu/.gradle/caches/8.10.2/transforms/81e4360543fbb01d4f7fb470fa49803d/transformed/ideaIU-2025.3/plugins/javaee-jakarta-data/lib/javaee-jakarta-data.jar
73f180e65000-73f180e7d000 r--s 00000000 fd:01 4391466                    /home/ubuntu/.gradle/caches/8.10.2/transforms/81e4360543fbb01d4f7fb470fa49803d/transformed/ideaIU-2025.3/plugins/javaee-extensions/lib/javaee-extensions.jar
73f180e7d000-73f18102c000 r--s 00000000 fd:01 4391527                    /home/ubuntu/.gradle/caches/8.10.2/transforms/81e4360543fbb01d4f7fb470fa49803d/transformed/ideaIU-2025.3/plugins/DatabaseTools/lib/modules/intellij.database.dialects.sqlite.jar
73f18102c000-73f181200000 r--s 00000000 fd:01 4391536                    /home/ubuntu/.gradle/caches/8.10.2/transforms/81e4360543fbb01d4f7fb470fa49803d/transformed/ideaIU-2025.3/plugins/DatabaseTools/lib/modules/intellij.database.dialects.postgresgreenplumbase.jar
73f181200000-73f1814ff000 r--s 00000000 fd:01 4391504                    /home/ubuntu/.gradle/caches/8.10.2/transforms/81e4360543fbb01d4f7fb470fa49803d/transformed/ideaIU-2025.3/plugins/DatabaseTools/lib/modules/intellij.database.dialects.postgres.jar
73f1814ff000-73f181500000 r--s 00000000 fd:01 4389258                    /home/ubuntu/.gradle/caches/8.10.2/transforms/81e4360543fbb01d4f7fb470fa49803d/transformed/ideaIU-2025.3/plugins/javaFX/lib/modules/intellij.javaFX.css.intellilang.jar
73f181500000-73f181510000 r--s 00000000 fd:01 4390280                    /home/ubuntu/.gradle/caches/8.10.2/transforms/81e4360543fbb01d4f7fb470fa49803d/transformed/ideaIU-2025.3/plugins/javaee-app-servers-impl/lib/javaee-appServers-rt.jar
73f181510000-73f181581000 r--s 00000000 fd:01 4390791                    /home/ubuntu/.gradle/caches/8.10.2/transforms/81e4360543fbb01d4f7fb470fa49803d/transformed/ideaIU-2025.3/plugins/java/lib/javac2.jar
73f181581000-73f181600000 r--s 00000000 fd:01 4390831                    /home/ubuntu/.gradle/caches/8.10.2/transforms/81e4360543fbb01d4f7fb470fa49803d/transformed/ideaIU-2025.3/plugins/java/lib/sa-jdwp.jar
73f181600000-73f181b4a000 r--s 00000000 fd:01 4391530                    /home/ubuntu/.gradle/caches/8.10.2/transforms/81e4360543fbb01d4f7fb470fa49803d/transformed/ideaIU-2025.3/plugins/DatabaseTools/lib/modules/intellij.database.dialects.mssql.jar
73f181b4a000-73f181b4b000 r--s 00000000 fd:01 4390839                    /home/ubuntu/.gradle/caches/8.10.2/transforms/81e4360543fbb01d4f7fb470fa49803d/transformed/ideaIU-2025.3/plugins/vcs-gitlab/lib/modules/intellij.vcs.gitlab.yaml.jar
73f181b4b000-73f181b50000 r--s 00000000 fd:01 4390087                    /home/ubuntu/.gradle/caches/8.10.2/transforms/81e4360543fbb01d4f7fb470fa49803d/transformed/ideaIU-2025.3/plugins/thymeleaf-plugin/lib/modules/intellij.thymeleaf.spring.el.jar
73f181b50000-73f181b70000 r--s 00000000 fd:01 4390282                    /home/ubuntu/.gradle/caches/8.10.2/transforms/81e4360543fbb01d4f7fb470fa49803d/transformed/ideaIU-2025.3/plugins/javaee-app-servers-impl/lib/AppServersView.jar
73f181b70000-73f181c00000 r--s 00000000 fd:01 4389543                    /home/ubuntu/.gradle/caches/8.10.2/transforms/81e4360543fbb01d4f7fb470fa49803d/transformed/ideaIU-2025.3/plugins/flyway/lib/flyway.jar
73f181c00000-73f181e9b000 r--s 00000000 fd:01 4391512                    /home/ubuntu/.gradle/caches/8.10.2/transforms/81e4360543fbb01d4f7fb470fa49803d/transformed/ideaIU-2025.3/plugins/DatabaseTools/lib/modules/intellij.database.dialects.postgresbase.jar
73f181e9b000-73f181e9f000 r--s 00000000 fd:01 4390082                    /home/ubuntu/.gradle/caches/8.10.2/transforms/81e4360543fbb01d4f7fb470fa49803d/transformed/ideaIU-2025.3/plugins/thymeleaf-plugin/lib/thymeleaf-plugin.jar
73f181e9f000-73f181eea000 r--s 00000000 fd:01 4389277                    /home/ubuntu/.gradle/caches/8.10.2/transforms/81e4360543fbb01d4f7fb470fa49803d/transformed/ideaIU-2025.3/plugins/JavaEE/lib/modules/intellij.javaee.web.jar
73f181eea000-73f182000000 r--s 00000000 fd:01 4391494                    /home/ubuntu/.gradle/caches/8.10.2/transforms/81e4360543fbb01d4f7fb470fa49803d/transformed/ideaIU-2025.3/plugins/DatabaseTools/lib/modules/intellij.database.dialects.generic.jar
73f182000000-73f183388000 r--s 00000000 fd:01 4391505                    /home/ubuntu/.gradle/caches/8.10.2/transforms/81e4360543fbb01d4f7fb470fa49803d/transformed/ideaIU-2025.3/plugins/DatabaseTools/lib/modules/intellij.database.impl.jar
73f183388000-73f18338e000 r--s 00000000 fd:01 4389747                    /home/ubuntu/.gradle/caches/8.10.2/transforms/81e4360543fbb01d4f7fb470fa49803d/transformed/ideaIU-2025.3/plugins/tasks/lib/modules/intellij.tasks.trac.jar
73f18338e000-73f183466000 r--s 00000000 fd:01 4389391                    /home/ubuntu/.gradle/caches/8.10.2/transforms/81e4360543fbb01d4f7fb470fa49803d/transformed/ideaIU-2025.3/plugins/uml/lib/modules/intellij.diagram.java.jar
73f183466000-73f183600000 r--s 00000000 fd:01 4391515                    /home/ubuntu/.gradle/caches/8.10.2/transforms/81e4360543fbb01d4f7fb470fa49803d/transformed/ideaIU-2025.3/plugins/DatabaseTools/lib/modules/intellij.database.jdbcConsole.jar
73f183600000-73f18386e000 r--s 00000000 fd:01 4391540                    /home/ubuntu/.gradle/caches/8.10.2/transforms/81e4360543fbb01d4f7fb470fa49803d/transformed/ideaIU-2025.3/plugins/DatabaseTools/lib/modules/intellij.database.dialects.mysqlbase.jar
73f18386e000-73f183878000 r--s 00000000 fd:01 4390299                    /home/ubuntu/.gradle/caches/8.10.2/transforms/81e4360543fbb01d4f7fb470fa49803d/transformed/ideaIU-2025.3/plugins/Spring/lib/modules/intellij.spring.web.jar
73f183878000-73f1838ab000 r--s 00000000 fd:01 4389275                    /home/ubuntu/.gradle/caches/8.10.2/transforms/81e4360543fbb01d4f7fb470fa49803d/transformed/ideaIU-2025.3/plugins/JavaEE/lib/modules/intellij.javaee.app.servers.jar
73f1838ab000-73f18398e000 r--s 00000000 fd:01 4391520                    /home/ubuntu/.gradle/caches/8.10.2/transforms/81e4360543fbb01d4f7fb470fa49803d/transformed/ideaIU-2025.3/plugins/DatabaseTools/lib/modules/intellij.database.dialects.oracle.ex.jar
73f18398e000-73f183a00000 r--s 00000000 fd:01 4391519                    /home/ubuntu/.gradle/caches/8.10.2/transforms/81e4360543fbb01d4f7fb470fa49803d/transformed/ideaIU-2025.3/plugins/DatabaseTools/lib/modules/intellij.database.dialects.mssql.ex.jar
73f183a00000-73f1840b2000 r--s 00000000 fd:01 4391517                    /home/ubuntu/.gradle/caches/8.10.2/transforms/81e4360543fbb01d4f7fb470fa49803d/transformed/ideaIU-2025.3/plugins/DatabaseTools/lib/modules/intellij.database.sql.core.impl.jar
73f1840b2000-73f1840b4000 r--s 00000000 fd:01 4390467                    /home/ubuntu/.gradle/caches/8.10.2/transforms/81e4360543fbb01d4f7fb470fa49803d/transformed/ideaIU-2025.3/plugins/maven/lib/artifact-resolver-m31.jar
73f1840b4000-73f1840c0000 r--s 00000000 fd:01 4390256                    /home/ubuntu/.gradle/caches/8.10.2/transforms/81e4360543fbb01d4f7fb470fa49803d/transformed/ideaIU-2025.3/plugins/keymap-visualStudio/lib/keymap-visualStudio.jar
73f1840c0000-73f1840d7000 r--s 00000000 fd:01 4389263                    /home/ubuntu/.gradle/caches/8.10.2/transforms/81e4360543fbb01d4f7fb470fa49803d/transformed/ideaIU-2025.3/plugins/JavaEE/lib/javaee-rt.jar
73f1840d7000-73f1840f6000 r--s 00000000 fd:01 4390817                    /home/ubuntu/.gradle/caches/8.10.2/transforms/81e4360543fbb01d4f7fb470fa49803d/transformed/ideaIU-2025.3/plugins/java/lib/modules/intellij.java.jam.impl.jar
73f1840f6000-73f184113000 r--s 00000000 fd:01 4390796                    /home/ubuntu/.gradle/caches/8.10.2/transforms/81e4360543fbb01d4f7fb470fa49803d/transformed/ideaIU-2025.3/plugins/java/lib/maven-resolver-transport-http.jar
73f184113000-73f184200000 r--s 00000000 fd:01 4391498                    /home/ubuntu/.gradle/caches/8.10.2/transforms/81e4360543fbb01d4f7fb470fa49803d/transformed/ideaIU-2025.3/plugins/DatabaseTools/lib/modules/intellij.database.dialects.mysql.jar
73f184200000-73f184427000 r--s 00000000 fd:01 4391510                    /home/ubuntu/.gradle/caches/8.10.2/transforms/81e4360543fbb01d4f7fb470fa49803d/transformed/ideaIU-2025.3/plugins/DatabaseTools/lib/modules/intellij.database.dialects.mongo.jar
73f184427000-73f184429000 r--s 00000000 fd:01 4389540                    /home/ubuntu/.gradle/caches/8.10.2/transforms/81e4360543fbb01d4f7fb470fa49803d/transformed/ideaIU-2025.3/plugins/android-gradle-dsl/lib/modules/intellij.android.gradle.dsl.flags.jar
73f184429000-73f18442d000 r--s 00000000 fd:01 4389532                    /home/ubuntu/.gradle/caches/8.10.2/transforms/81e4360543fbb01d4f7fb470fa49803d/transformed/ideaIU-2025.3/plugins/spring-data/lib/modules/intellij.spring.data.el.jar
73f18442d000-73f184442000 r--s 00000000 fd:01 4390821                    /home/ubuntu/.gradle/caches/8.10.2/transforms/81e4360543fbb01d4f7fb470fa49803d/transformed/ideaIU-2025.3/plugins/java/lib/modules/intellij.java.duplicatesDetection.jar
73f184442000-73f184463000 r--s 00000000 fd:01 4390795                    /home/ubuntu/.gradle/caches/8.10.2/transforms/81e4360543fbb01d4f7fb470fa49803d/transformed/ideaIU-2025.3/plugins/java/lib/jps-javac-extension.jar
73f184463000-73f1844f0000 r--s 00000000 fd:01 4391537                    /home/ubuntu/.gradle/caches/8.10.2/transforms/81e4360543fbb01d4f7fb470fa49803d/transformed/ideaIU-2025.3/plugins/DatabaseTools/lib/modules/intellij.database.sql.common.impl.jar
73f1844f0000-73f184600000 r--s 00000000 fd:01 4391526                    /home/ubuntu/.gradle/caches/8.10.2/transforms/81e4360543fbb01d4f7fb470fa49803d/transformed/ideaIU-2025.3/plugins/DatabaseTools/lib/modules/intellij.database.dialects.redis.jar
73f184600000-73f1849f1000 r--s 00000000 fd:01 4391524                    /home/ubuntu/.gradle/caches/8.10.2/transforms/81e4360543fbb01d4f7fb470fa49803d/transformed/ideaIU-2025.3/plugins/DatabaseTools/lib/modules/intellij.database.connectivity.jar
73f1849f1000-73f1849f2000 r--s 00000000 fd:01 4389689                    /home/ubuntu/.gradle/caches/8.10.2/transforms/81e4360543fbb01d4f7fb470fa49803d/transformed/ideaIU-2025.3/plugins/Kotlin/lib/javax-inject.jar
73f1849f2000-73f1849f3000 r--s 00000000 fd:01 4389342                    /home/ubuntu/.gradle/caches/8.10.2/transforms/81e4360543fbb01d4f7fb470fa49803d/transformed/ideaIU-2025.3/plugins/fullLine/lib/modules/intellij.fullLine.markdown.jar
73f1849f3000-73f184a00000 r--s 00000000 fd:01 4391393                    /home/ubuntu/.gradle/caches/8.10.2/transforms/81e4360543fbb01d4f7fb470fa49803d/transformed/ideaIU-2025.3/plugins/JPA/lib/modules/intellij.javaee.jpa.kotlin.jar
73f184a00000-73f185074000 r--s 00000000 fd:01 4391534                    /home/ubuntu/.gradle/caches/8.10.2/transforms/81e4360543fbb01d4f7fb470fa49803d/transformed/ideaIU-2025.3/plugins/DatabaseTools/lib/modules/intellij.database.dialects.oracle.jar
73f185074000-73f185075000 r--s 00000000 fd:01 4389337                    /home/ubuntu/.gradle/caches/8.10.2/transforms/81e4360543fbb01d4f7fb470fa49803d/transformed/ideaIU-2025.3/plugins/fullLine/lib/modules/intellij.fullLine.fake.frontend.jar
73f185075000-73f18507c000 r--s 00000000 fd:01 4390649                    /home/ubuntu/.gradle/caches/8.10.2/transforms/81e4360543fbb01d4f7fb470fa49803d/transformed/ideaIU-2025.3/plugins/spring-boot-core/lib/modules/intellij.spring.boot.cron.jar
73f18507c000-73f185087000 r--s 00000000 fd:01 4390816                    /home/ubuntu/.gradle/caches/8.10.2/transforms/81e4360543fbb01d4f7fb470fa49803d/transformed/ideaIU-2025.3/plugins/java/lib/modules/intellij.java.execution.impl.backend.jar
73f185087000-73f1850df000 r--s 00000000 fd:01 4390553                    /home/ubuntu/.gradle/caches/8.10.2/transforms/81e4360543fbb01d4f7fb470fa49803d/transformed/ideaIU-2025.3/plugins/gradle/lib/gradle-tooling-extension-api.jar
73f1850df000-73f185200000 r--s 00000000 fd:01 4391500                    /home/ubuntu/.gradle/caches/8.10.2/transforms/81e4360543fbb01d4f7fb470fa49803d/transformed/ideaIU-2025.3/plugins/DatabaseTools/lib/modules/intellij.database.dialects.maria.jar
73f185200000-73f1855e0000 r--s 00000000 fd:01 4391493                    /home/ubuntu/.gradle/caches/8.10.2/transforms/81e4360543fbb01d4f7fb470fa49803d/transformed/ideaIU-2025.3/plugins/DatabaseTools/lib/modules/intellij.database.dialects.base.jar
73f1855e0000-73f1855e2000 r--s 00000000 fd:01 4390497                    /home/ubuntu/.gradle/caches/8.10.2/transforms/81e4360543fbb01d4f7fb470fa49803d/transformed/ideaIU-2025.3/plugins/ktor/lib/ktor-gradle-tooling.jar
73f1855e2000-73f1855e7000 r--s 00000000 fd:01 4390292                    /home/ubuntu/.gradle/caches/8.10.2/transforms/81e4360543fbb01d4f7fb470fa49803d/transformed/ideaIU-2025.3/plugins/Spring/lib/modules/intellij.spring.jsf.jar
73f1855e7000-73f185600000 r--s 00000000 fd:01 4390797                    /home/ubuntu/.gradle/caches/8.10.2/transforms/81e4360543fbb01d4f7fb470fa49803d/transformed/ideaIU-2025.3/plugins/java/lib/aether-dependency-resolver.jar
73f185600000-73f1869bf000 r--s 00000000 fd:01 4391514                    /home/ubuntu/.gradle/caches/8.10.2/transforms/81e4360543fbb01d4f7fb470fa49803d/transformed/ideaIU-2025.3/plugins/DatabaseTools/lib/modules/intellij.database.core.impl.jar
73f1869bf000-73f1869c0000 r--s 00000000 fd:01 4389345                    /home/ubuntu/.gradle/caches/8.10.2/transforms/81e4360543fbb01d4f7fb470fa49803d/transformed/ideaIU-2025.3/plugins/fullLine/lib/modules/intellij.fullLine.rider.fsharp.jar
73f1869c0000-73f1869d7000 r--s 00000000 fd:01 4390813                    /home/ubuntu/.gradle/caches/8.10.2/transforms/81e4360543fbb01d4f7fb470fa49803d/transformed/ideaIU-2025.3/plugins/java/lib/maven-resolver-connector-basic.jar
73f1869d7000-73f186a56000 r--s 00000000 fd:01 4391532                    /home/ubuntu/.gradle/caches/8.10.2/transforms/81e4360543fbb01d4f7fb470fa49803d/transformed/ideaIU-2025.3/plugins/DatabaseTools/lib/modules/intellij.database.completionMlRanking.jar
73f186a56000-73f186c00000 r--s 00000000 fd:01 4391541                    /home/ubuntu/.gradle/caches/8.10.2/transforms/81e4360543fbb01d4f7fb470fa49803d/transformed/ideaIU-2025.3/plugins/DatabaseTools/lib/database-plugin-frontend.jar
73f186c00000-73f18956b000 r--s 00000000 fd:01 4391481                    /home/ubuntu/.gradle/caches/8.10.2/transforms/81e4360543fbb01d4f7fb470fa49803d/transformed/ideaIU-2025.3/plugins/DatabaseTools/lib/database-plugin.jar
73f18956b000-73f189572000 r--s 00000000 fd:01 4390307                    /home/ubuntu/.gradle/caches/8.10.2/transforms/81e4360543fbb01d4f7fb470fa49803d/transformed/ideaIU-2025.3/plugins/Spring/lib/modules/intellij.spring.eclipse.jar
73f189572000-73f189600000 r--s 00000000 fd:01 4391495                    /home/ubuntu/.gradle/caches/8.10.2/transforms/81e4360543fbb01d4f7fb470fa49803d/transformed/ideaIU-2025.3/plugins/DatabaseTools/lib/modules/intellij.database.sql.jar
73f189600000-73f1899f7000 r--s 00000000 fd:01 4391486                    /home/ubuntu/.gradle/caches/8.10.2/transforms/81e4360543fbb01d4f7fb470fa49803d/transformed/ideaIU-2025.3/plugins/DatabaseTools/lib/maven-resolver-provider.jar
73f1899f7000-73f1899f8000 r--s 00000000 fd:01 4389357                    /home/ubuntu/.gradle/caches/8.10.2/transforms/81e4360543fbb01d4f7fb470fa49803d/transformed/ideaIU-2025.3/plugins/fullLine/lib/modules/intellij.fullLine.chat.jar
73f1899f8000-73f189a00000 r--s 00000000 fd:01 4390521                    /home/ubuntu/.gradle/caches/8.10.2/transforms/81e4360543fbb01d4f7fb470fa49803d/transformed/ideaIU-2025.3/plugins/keymap-eclipse/lib/keymap-eclipse.jar
73f189a00000-73f189d29000 r--s 00000000 fd:01 4391441                    /home/ubuntu/.gradle/caches/8.10.2/transforms/81e4360543fbb01d4f7fb470fa49803d/transformed/ideaIU-2025.3/plugins/css-plugin/lib/modules/intellij.css.psi.jar
73f189d29000-73f189d32000 r--s 00000000 fd:01 4389282                    /home/ubuntu/.gradle/caches/8.10.2/transforms/81e4360543fbb01d4f7fb470fa49803d/transformed/ideaIU-2025.3/plugins/JavaEE/lib/jasper-v2-rt.jar
73f189d32000-73f189d4e000 r--s 00000000 fd:01 4389388                    /home/ubuntu/.gradle/caches/8.10.2/transforms/81e4360543fbb01d4f7fb470fa49803d/transformed/ideaIU-2025.3/plugins/uml/lib/modules/intellij.diagram.maven.jar
73f189d4e000-73f189d7d000 r--s 00000000 fd:01 4389738                    /home/ubuntu/.gradle/caches/8.10.2/transforms/81e4360543fbb01d4f7fb470fa49803d/transformed/ideaIU-2025.3/plugins/debugger-collections-visualizer/lib/modules/intellij.debugger.collections.visualizer.core.frontend.jar
73f189d7d000-73f189e00000 r--s 00000000 fd:01 4391489                    /home/ubuntu/.gradle/caches/8.10.2/transforms/81e4360543fbb01d4f7fb470fa49803d/transformed/ideaIU-2025.3/plugins/DatabaseTools/lib/plexus-utils.jar
73f189e00000-73f18a349000 r--s 00000000 fd:01 4391439                    /home/ubuntu/.gradle/caches/8.10.2/transforms/81e4360543fbb01d4f7fb470fa49803d/transformed/ideaIU-2025.3/plugins/css-plugin/lib/modules/intellij.css.backend.jar
73f18a349000-73f18a34a000 r--s 00000000 fd:01 4389339                    /home/ubuntu/.gradle/caches/8.10.2/transforms/81e4360543fbb01d4f7fb470fa49803d/transformed/ideaIU-2025.3/plugins/fullLine/lib/modules/intellij.fullLine.sql.jar
73f18a34a000-73f18a34f000 r--s 00000000 fd:01 4390310                    /home/ubuntu/.gradle/caches/8.10.2/transforms/81e4360543fbb01d4f7fb470fa49803d/transformed/ideaIU-2025.3/plugins/Spring/lib/modules/intellij.spring.boot.run.free.jar
73f18a34f000-73f18a36b000 r--s 00000000 fd:01 4389390                    /home/ubuntu/.gradle/caches/8.10.2/transforms/81e4360543fbb01d4f7fb470fa49803d/transformed/ideaIU-2025.3/plugins/uml/lib/modules/intellij.diagram.gradle.jar
73f18a36b000-73f18a400000 r--s 00000000 fd:01 4391487                    /home/ubuntu/.gradle/caches/8.10.2/transforms/81e4360543fbb01d4f7fb470fa49803d/transformed/ideaIU-2025.3/plugins/DatabaseTools/lib/tips-database-plugin.jar
73f18a400000-73f18aa0d000 r--s 00000000 fd:01 4391436                    /home/ubuntu/.gradle/caches/8.10.2/transforms/81e4360543fbb01d4f7fb470fa49803d/transformed/ideaIU-2025.3/plugins/css-plugin/lib/modules/intellij.css.xmlSchemeGenerator.jar
73f18aa0d000-73f18aa0e000 r--s 00000000 fd:01 4389340                    /home/ubuntu/.gradle/caches/8.10.2/transforms/81e4360543fbb01d4f7fb470fa49803d/transformed/ideaIU-2025.3/plugins/fullLine/lib/modules/intellij.fullLine.erb.jar
73f18aa0e000-73f18aa27000 r--s 00000000 fd:01 4389389                    /home/ubuntu/.gradle/caches/8.10.2/transforms/81e4360543fbb01d4f7fb470fa49803d/transformed/ideaIU-2025.3/plugins/uml/lib/modules/intellij.diagram.vcs.jar
73f18aa27000-73f18aa4e000 r--s 00000000 fd:01 4389736                    /home/ubuntu/.gradle/caches/8.10.2/transforms/81e4360543fbb01d4f7fb470fa49803d/transformed/ideaIU-2025.3/plugins/debugger-collections-visualizer/lib/modules/intellij.debugger.collections.visualizer.jvm.jar
73f18aa4e000-73f18aa66000 r--s 00000000 fd:01 4389734                    /home/ubuntu/.gradle/caches/8.10.2/transforms/81e4360543fbb01d4f7fb470fa49803d/transformed/ideaIU-2025.3/plugins/debugger-collections-visualizer/lib/debugger-collections-visualizer.jar
73f18aa66000-73f18aae5000 r--s 00000000 fd:01 4391438                    /home/ubuntu/.gradle/caches/8.10.2/transforms/81e4360543fbb01d4f7fb470fa49803d/transformed/ideaIU-2025.3/plugins/css-plugin/lib/modules/intellij.css.analysis.jar
73f18aae5000-73f18ac00000 r--s 00000000 fd:01 4389519                    /home/ubuntu/.gradle/caches/8.10.2/transforms/81e4360543fbb01d4f7fb470fa49803d/transformed/ideaIU-2025.3/plugins/completionMlRanking/lib/completionMlRanking.jar
73f18ac00000-73f18ae75000 r--s 00000000 fd:01 4390512                    /home/ubuntu/.gradle/caches/8.10.2/transforms/81e4360543fbb01d4f7fb470fa49803d/transformed/ideaIU-2025.3/plugins/xpath/lib/xpath.jar
73f18ae75000-73f18ae77000 r--s 00000000 fd:01 4389250                    /home/ubuntu/.gradle/caches/8.10.2/transforms/81e4360543fbb01d4f7fb470fa49803d/transformed/ideaIU-2025.3/plugins/remote-dev-server/lib/remote-dev-server.jar
73f18ae77000-73f18ae87000 r--s 00000000 fd:01 4390829                    /home/ubuntu/.gradle/caches/8.10.2/transforms/81e4360543fbb01d4f7fb470fa49803d/transformed/ideaIU-2025.3/plugins/java/lib/modules/intellij.java.langInjection.jps.jar
73f18ae87000-73f18aef3000 r--s 00000000 fd:01 4391518                    /home/ubuntu/.gradle/caches/8.10.2/transforms/81e4360543fbb01d4f7fb470fa49803d/transformed/ideaIU-2025.3/plugins/DatabaseTools/lib/modules/intellij.database.dialects.sql92.jar
73f18aef3000-73f18b000000 r--s 00000000 fd:01 4389415                    /home/ubuntu/.gradle/caches/8.10.2/transforms/81e4360543fbb01d4f7fb470fa49803d/transformed/ideaIU-2025.3/plugins/javaee-cdi/lib/javaee-cdi.jar
73f18b000000-73f18b349000 r--s 00000000 fd:01 4389106                    /home/ubuntu/.gradle/caches/8.10.2/transforms/81e4360543fbb01d4f7fb470fa49803d/transformed/ideaIU-2025.3/plugins/testng/lib/testng.jar
73f18b349000-73f18b34b000 r--s 00000000 fd:01 4389221                    /home/ubuntu/.gradle/caches/8.10.2/transforms/81e4360543fbb01d4f7fb470fa49803d/transformed/ideaIU-2025.3/plugins/cwm-plugin/lib/modules/intellij.platform.progress.frontend.split.jar
73f18b34b000-73f18b368000 r--s 00000000 fd:01 4391533                    /home/ubuntu/.gradle/caches/8.10.2/transforms/81e4360543fbb01d4f7fb470fa49803d/transformed/ideaIU-2025.3/plugins/DatabaseTools/lib/modules/intellij.database.dialects.base.ex.jar
73f18b368000-73f18b3a0000 r--s 00000000 fd:01 4391502                    /home/ubuntu/.gradle/caches/8.10.2/transforms/81e4360543fbb01d4f7fb470fa49803d/transformed/ideaIU-2025.3/plugins/DatabaseTools/lib/modules/intellij.database.util.jar
73f18b3a0000-73f18b400000 r--s 00000000 fd:01 4391444                    /home/ubuntu/.gradle/caches/8.10.2/transforms/81e4360543fbb01d4f7fb470fa49803d/transformed/ideaIU-2025.3/plugins/css-plugin/lib/modules/intellij.css.common.jar
73f18b400000-73f18ccf8000 r--s 00000000 fd:01 4389552                    /home/ubuntu/.gradle/caches/8.10.2/transforms/81e4360543fbb01d4f7fb470fa49803d/transformed/ideaIU-2025.3/plugins/vcs-svn/lib/sqlite.jar
73f18ccf8000-73f18ccfa000 r--s 00000000 fd:01 4389233                    /home/ubuntu/.gradle/caches/8.10.2/transforms/81e4360543fbb01d4f7fb470fa49803d/transformed/ideaIU-2025.3/plugins/cwm-plugin/lib/modules/intellij.performanceTesting.backend.split.jar
73f18ccfa000-73f18ccff000 r--s 00000000 fd:01 4390788                    /home/ubuntu/.gradle/caches/8.10.2/transforms/81e4360543fbb01d4f7fb470fa49803d/transformed/ideaIU-2025.3/plugins/keymap-netbeans/lib/keymap-netbeans.jar
73f18ccff000-73f18cd0e000 r--s 00000000 fd:01 4390820                    /home/ubuntu/.gradle/caches/8.10.2/transforms/81e4360543fbb01d4f7fb470fa49803d/transformed/ideaIU-2025.3/plugins/java/lib/modules/intellij.java.duplicates.analysis.jar
73f18cd0e000-73f18ce00000 r--s 00000000 fd:01 4391443                    /home/ubuntu/.gradle/caches/8.10.2/transforms/81e4360543fbb01d4f7fb470fa49803d/transformed/ideaIU-2025.3/plugins/css-plugin/lib/modules/intellij.css.common.psi.jar
73f18ce00000-73f18d266000 r--s 00000000 fd:01 4389553                    /home/ubuntu/.gradle/caches/8.10.2/transforms/81e4360543fbb01d4f7fb470fa49803d/transformed/ideaIU-2025.3/plugins/vcs-svn/lib/vcs-svn.jar
73f18d266000-73f18d267000 r--s 00000000 fd:01 4389330                    /home/ubuntu/.gradle/caches/8.10.2/transforms/81e4360543fbb01d4f7fb470fa49803d/transformed/ideaIU-2025.3/plugins/fullLine/lib/modules/intellij.fullLine.rider.shaderlab.jar
73f18d267000-73f18d269000 r--s 00000000 fd:01 4390086                    /home/ubuntu/.gradle/caches/8.10.2/transforms/81e4360543fbb01d4f7fb470fa49803d/transformed/ideaIU-2025.3/plugins/thymeleaf-plugin/lib/modules/intellij.thymeleaf.vue.jar
73f18d269000-73f18d287000 r--s 00000000 fd:01 4391501                    /home/ubuntu/.gradle/caches/8.10.2/transforms/81e4360543fbb01d4f7fb470fa49803d/transformed/ideaIU-2025.3/plugins/DatabaseTools/lib/modules/intellij.database.sql.intelliLang.jar
73f18d287000-73f18d2c8000 r--s 00000000 fd:01 4391437                    /home/ubuntu/.gradle/caches/8.10.2/transforms/81e4360543fbb01d4f7fb470fa49803d/transformed/ideaIU-2025.3/plugins/css-plugin/lib/modules/intellij.css.jar
73f18d2c8000-73f18d32c000 r--s 00000000 fd:01 4389731                    /home/ubuntu/.gradle/caches/8.10.2/transforms/81e4360543fbb01d4f7fb470fa49803d/transformed/ideaIU-2025.3/plugins/cron/lib/cronutils.cron.utils.jar
73f18d32c000-73f18d400000 r--s 00000000 fd:01 4390276                    /home/ubuntu/.gradle/caches/8.10.2/transforms/81e4360543fbb01d4f7fb470fa49803d/transformed/ideaIU-2025.3/plugins/aopCommon/lib/aopCommon.jar
73f18d400000-73f18d664000 r--s 00000000 fd:01 4390756                    /home/ubuntu/.gradle/caches/8.10.2/transforms/81e4360543fbb01d4f7fb470fa49803d/transformed/ideaIU-2025.3/plugins/vcs-perforce/lib/vcs-perforce.jar
73f18d664000-73f18d665000 r--s 00000000 fd:01 4389367                    /home/ubuntu/.gradle/caches/8.10.2/transforms/81e4360543fbb01d4f7fb470fa49803d/transformed/ideaIU-2025.3/plugins/fullLine/lib/modules/intellij.fullLine.yaml.jar
73f18d665000-73f18d66f000 r--s 00000000 fd:01 4390823                    /home/ubuntu/.gradle/caches/8.10.2/transforms/81e4360543fbb01d4f7fb470fa49803d/transformed/ideaIU-2025.3/plugins/java/lib/modules/intellij.java.vcs.jar
73f18d66f000-73f18d690000 r--s 00000000 fd:01 4391521                    /home/ubuntu/.gradle/caches/8.10.2/transforms/81e4360543fbb01d4f7fb470fa49803d/transformed/ideaIU-2025.3/plugins/DatabaseTools/lib/modules/intellij.database.dialects.mongo.js.external.jar
73f18d690000-73f18d703000 r--s 00000000 fd:01 4391415                    /home/ubuntu/.gradle/caches/8.10.2/transforms/81e4360543fbb01d4f7fb470fa49803d/transformed/ideaIU-2025.3/plugins/copyright/lib/copyright.jar
73f18d703000-73f18d800000 r--s 00000000 fd:01 4390218                    /home/ubuntu/.gradle/caches/8.10.2/transforms/81e4360543fbb01d4f7fb470fa49803d/transformed/ideaIU-2025.3/plugins/android-gradle-declarative-lang-ide/lib/android-gradle-declarative-lang-ide.jar
73f18d800000-73f18db50000 r--s 00000000 fd:01 4390215                    /home/ubuntu/.gradle/caches/8.10.2/transforms/81e4360543fbb01d4f7fb470fa49803d/transformed/ideaIU-2025.3/plugins/nodeJS/lib/nodeJS.jar
73f18db50000-73f18db51000 r--s 00000000 fd:01 4389366                    /home/ubuntu/.gradle/caches/8.10.2/transforms/81e4360543fbb01d4f7fb470fa49803d/transformed/ideaIU-2025.3/plugins/fullLine/lib/modules/intellij.fullLine.json.jar
73f18db51000-73f18db56000 r--s 00000000 fd:01 4389278                    /home/ubuntu/.gradle/caches/8.10.2/transforms/81e4360543fbb01d4f7fb470fa49803d/transformed/ideaIU-2025.3/plugins/JavaEE/lib/modules/intellij.javaee.application.jar
73f18db56000-73f18db61000 r--s 00000000 fd:01 4390826                    /home/ubuntu/.gradle/caches/8.10.2/transforms/81e4360543fbb01d4f7fb470fa49803d/transformed/ideaIU-2025.3/plugins/java/lib/modules/intellij.java.unscramble.jar
73f18db61000-73f18db7c000 r--s 00000000 fd:01 4391513                    /home/ubuntu/.gradle/caches/8.10.2/transforms/81e4360543fbb01d4f7fb470fa49803d/transformed/ideaIU-2025.3/plugins/DatabaseTools/lib/modules/intellij.database.dialects.mysqlbase.ex.jar
73f18db7c000-73f18dc19000 r--s 00000000 fd:01 4390573                    /home/ubuntu/.gradle/caches/8.10.2/transforms/81e4360543fbb01d4f7fb470fa49803d/transformed/ideaIU-2025.3/plugins/compose-ide-plugin/lib/compose-ide-plugin.jar
73f18dc19000-73f18de00000 r--s 00000000 fd:01 4391457                    /home/ubuntu/.gradle/caches/8.10.2/transforms/81e4360543fbb01d4f7fb470fa49803d/transformed/ideaIU-2025.3/plugins/lombok/lib/lombok.jar
73f18de00000-73f18e049000 r--s 00000000 fd:01 4389489                    /home/ubuntu/.gradle/caches/8.10.2/transforms/81e4360543fbb01d4f7fb470fa49803d/transformed/ideaIU-2025.3/plugins/javascript-debugger/lib/modules/intellij.javascript.wip.backend.jar
73f18e049000-73f18e04a000 r--s 00000000 fd:01 4389368                    /home/ubuntu/.gradle/caches/8.10.2/transforms/81e4360543fbb01d4f7fb470fa49803d/transformed/ideaIU-2025.3/plugins/fullLine/lib/modules/intellij.fullLine.rider.godot.jar
73f18e04a000-73f18e063000 r--s 00000000 fd:01 4391516                    /home/ubuntu/.gradle/caches/8.10.2/transforms/81e4360543fbb01d4f7fb470fa49803d/transformed/ideaIU-2025.3/plugins/DatabaseTools/lib/modules/intellij.database.pro.jar
73f18e063000-73f18e200000 r--s 00000000 fd:01 4389491                    /home/ubuntu/.gradle/caches/8.10.2/transforms/81e4360543fbb01d4f7fb470fa49803d/transformed/ideaIU-2025.3/plugins/javascript-debugger/lib/modules/intellij.javascript.wip.protocol.jar
73f18e200000-73f18e588000 r--s 00000000 fd:01 4389492                    /home/ubuntu/.gradle/caches/8.10.2/transforms/81e4360543fbb01d4f7fb470fa49803d/transformed/ideaIU-2025.3/plugins/javascript-debugger/lib/modules/intellij.javascript.debugger.backend.jar
73f18e588000-73f18e58c000 r--s 00000000 fd:01 4390306                    /home/ubuntu/.gradle/caches/8.10.2/transforms/81e4360543fbb01d4f7fb470fa49803d/transformed/ideaIU-2025.3/plugins/Spring/lib/modules/intellij.spring.data.jpa.ql.jar
73f18e58c000-73f18e597000 r--s 00000000 fd:01 4390825                    /home/ubuntu/.gradle/caches/8.10.2/transforms/81e4360543fbb01d4f7fb470fa49803d/transformed/ideaIU-2025.3/plugins/java/lib/modules/intellij.java.execution.impl.frontend.jar
73f18e597000-73f18e5c1000 r--s 00000000 fd:01 4391539                    /home/ubuntu/.gradle/caches/8.10.2/transforms/81e4360543fbb01d4f7fb470fa49803d/transformed/ideaIU-2025.3/plugins/DatabaseTools/lib/modules/intellij.database.sql.backend.core.jar
73f18e5c1000-73f18e660000 r--s 00000000 fd:01 4390518                    /home/ubuntu/.gradle/caches/8.10.2/transforms/81e4360543fbb01d4f7fb470fa49803d/transformed/ideaIU-2025.3/plugins/javaee-appServers-tomcat/lib/intellij.tomcat.inspector.jar
73f18e660000-73f18e704000 r--s 00000000 fd:01 4389107                    /home/ubuntu/.gradle/caches/8.10.2/transforms/81e4360543fbb01d4f7fb470fa49803d/transformed/ideaIU-2025.3/plugins/testng/lib/testng-plugin.jar
73f18e704000-73f18e800000 r--s 00000000 fd:01 4389486                    /home/ubuntu/.gradle/caches/8.10.2/transforms/81e4360543fbb01d4f7fb470fa49803d/transformed/ideaIU-2025.3/plugins/javascript-debugger/lib/javascript-debugger.jar
73f18e800000-73f1911ec000 r--s 00000000 fd:01 4389835                    /home/ubuntu/.gradle/caches/8.10.2/transforms/81e4360543fbb01d4f7fb470fa49803d/transformed/ideaIU-2025.3/plugins/javascript-plugin/lib/javascript-plugin.jar
73f1911ec000-73f1911f0000 r--s 00000000 fd:01 4390225                    /home/ubuntu/.gradle/caches/8.10.2/transforms/81e4360543fbb01d4f7fb470fa49803d/transformed/ideaIU-2025.3/plugins/json/lib/modules/intellij.json.frontend.split.jar
73f1911f0000-73f191200000 r--s 00000000 fd:01 4390807                    /home/ubuntu/.gradle/caches/8.10.2/transforms/81e4360543fbb01d4f7fb470fa49803d/transformed/ideaIU-2025.3/plugins/java/lib/jgoodies-common.jar
73f191200000-73f1920b1000 r--s 00000000 fd:01 4389839                    /home/ubuntu/.gradle/caches/8.10.2/transforms/81e4360543fbb01d4f7fb470fa49803d/transformed/ideaIU-2025.3/plugins/javascript-plugin/lib/javascript-plugin-frontend.jar
73f1920b1000-73f1920b2000 r--s 00000000 fd:01 4389354                    /home/ubuntu/.gradle/caches/8.10.2/transforms/81e4360543fbb01d4f7fb470fa49803d/transformed/ideaIU-2025.3/plugins/fullLine/lib/modules/intellij.fullLine.rbs.jar
73f1920b2000-73f1920c6000 r--s 00000000 fd:01 4389714                    /home/ubuntu/.gradle/caches/8.10.2/transforms/81e4360543fbb01d4f7fb470fa49803d/transformed/ideaIU-2025.3/plugins/findUsagesMl/lib/findUsagesMl.jar
73f1920c6000-73f192137000 r--s 00000000 fd:01 4389394                    /home/ubuntu/.gradle/caches/8.10.2/transforms/81e4360543fbb01d4f7fb470fa49803d/transformed/ideaIU-2025.3/plugins/profiler-lineProfiler/lib/profiler-lineProfiler.jar
73f192137000-73f19228c000 r--s 00000000 fd:01 4389459                    /home/ubuntu/.gradle/caches/8.10.2/transforms/81e4360543fbb01d4f7fb470fa49803d/transformed/ideaIU-2025.3/plugins/junit/lib/junit.jar
73f19228c000-73f192400000 r--s 00000000 fd:01 4389427                    /home/ubuntu/.gradle/caches/8.10.2/transforms/81e4360543fbb01d4f7fb470fa49803d/transformed/ideaIU-2025.3/plugins/javaee-appServers-jboss/lib/javaee-appServers-jboss.jar
73f192400000-73f193129000 r--s 00000000 fd:01 4391408                    /home/ubuntu/.gradle/caches/8.10.2/transforms/81e4360543fbb01d4f7fb470fa49803d/transformed/ideaIU-2025.3/plugins/vcs-git/lib/vcs-git.jar
73f193129000-73f193137000 r--s 00000000 fd:01 4389737                    /home/ubuntu/.gradle/caches/8.10.2/transforms/81e4360543fbb01d4f7fb470fa49803d/transformed/ideaIU-2025.3/plugins/debugger-collections-visualizer/lib/modules/intellij.debugger.collections.visualizer.core.backend.jar
73f193137000-73f193169000 r--s 00000000 fd:01 4391440                    /home/ubuntu/.gradle/caches/8.10.2/transforms/81e4360543fbb01d4f7fb470fa49803d/transformed/ideaIU-2025.3/plugins/css-plugin/lib/modules/intellij.css.schemeGenerator.jar
73f193169000-73f193200000 r--s 00000000 fd:01 4390604                    /home/ubuntu/.gradle/caches/8.10.2/transforms/81e4360543fbb01d4f7fb470fa49803d/transformed/ideaIU-2025.3/plugins/karma/lib/karma.jar
73f193200000-73f193491000 r--s 00000000 fd:01 4390567                    /home/ubuntu/.gradle/caches/8.10.2/transforms/81e4360543fbb01d4f7fb470fa49803d/transformed/ideaIU-2025.3/plugins/clouds-docker-impl/lib/modules/intellij.clouds.docker.shared.jar
73f193491000-73f193494000 r--s 00000000 fd:01 4389531                    /home/ubuntu/.gradle/caches/8.10.2/transforms/81e4360543fbb01d4f7fb470fa49803d/transformed/ideaIU-2025.3/plugins/spring-data/lib/modules/intellij.spring.data.ql.jar
73f193494000-73f1934a5000 r--s 00000000 fd:01 4391496                    /home/ubuntu/.gradle/caches/8.10.2/transforms/81e4360543fbb01d4f7fb470fa49803d/transformed/ideaIU-2025.3/plugins/DatabaseTools/lib/modules/intellij.database.dialects.mongo.ex.jar
73f1934a5000-73f193600000 r--s 00000000 fd:01 4391410                    /home/ubuntu/.gradle/caches/8.10.2/transforms/81e4360543fbb01d4f7fb470fa49803d/transformed/ideaIU-2025.3/plugins/vcs-git/lib/vcs-git-frontend.jar
73f193600000-73f193d01000 r--s 00000000 fd:01 4390569                    /home/ubuntu/.gradle/caches/8.10.2/transforms/81e4360543fbb01d4f7fb470fa49803d/transformed/ideaIU-2025.3/plugins/clouds-docker-impl/lib/modules/intellij.clouds.docker.jar
73f193d01000-73f193d02000 r--s 00000000 fd:01 4389361                    /home/ubuntu/.gradle/caches/8.10.2/transforms/81e4360543fbb01d4f7fb470fa49803d/transformed/ideaIU-2025.3/plugins/fullLine/lib/modules/intellij.fullLine.properties.jar
73f193d02000-73f193d09000 r--s 00000000 fd:01 4390810                    /home/ubuntu/.gradle/caches/8.10.2/transforms/81e4360543fbb01d4f7fb470fa49803d/transformed/ideaIU-2025.3/plugins/java/lib/netty-codec-protobuf.jar
73f193d09000-73f193d6a000 r--s 00000000 fd:01 4390515                    /home/ubuntu/.gradle/caches/8.10.2/transforms/81e4360543fbb01d4f7fb470fa49803d/transformed/ideaIU-2025.3/plugins/javaee-appServers-tomcat/lib/javaee-appServers-tomcat.jar
73f193d6a000-73f193e00000 r--s 00000000 fd:01 4389836                    /home/ubuntu/.gradle/caches/8.10.2/transforms/81e4360543fbb01d4f7fb470fa49803d/transformed/ideaIU-2025.3/plugins/javascript-plugin/lib/completion-ranking-js.jar
73f193e00000-73f1941a6000 r--s 00000000 fd:01 4390561                    /home/ubuntu/.gradle/caches/8.10.2/transforms/81e4360543fbb01d4f7fb470fa49803d/transformed/ideaIU-2025.3/plugins/clouds-docker-impl/lib/com.github.docker-java-docker-java-transport-httpclient5.jar
73f1941a6000-73f1941a7000 r--s 00000000 fd:01 4389364                    /home/ubuntu/.gradle/caches/8.10.2/transforms/81e4360543fbb01d4f7fb470fa49803d/transformed/ideaIU-2025.3/plugins/fullLine/lib/modules/intellij.fullLine.text.jar
73f1941a7000-73f1941ac000 r--s 00000000 fd:01 4389271                    /home/ubuntu/.gradle/caches/8.10.2/transforms/81e4360543fbb01d4f7fb470fa49803d/transformed/ideaIU-2025.3/plugins/JavaEE/lib/modules/intellij.javaee.platform.free.jar
73f1941ac000-73f194200000 r--s 00000000 fd:01 4390109                    /home/ubuntu/.gradle/caches/8.10.2/transforms/81e4360543fbb01d4f7fb470fa49803d/transformed/ideaIU-2025.3/plugins/javaee-beanValidation/lib/javaee-beanValidation.jar
73f194200000-73f194d56000 r--s 00000000 fd:01 4390563                    /home/ubuntu/.gradle/caches/8.10.2/transforms/81e4360543fbb01d4f7fb470fa49803d/transformed/ideaIU-2025.3/plugins/clouds-docker-impl/lib/clouds-docker-impl.jar
73f194d56000-73f194d59000 r--s 00000000 fd:01 4390647                    /home/ubuntu/.gradle/caches/8.10.2/transforms/81e4360543fbb01d4f7fb470fa49803d/transformed/ideaIU-2025.3/plugins/spring-boot-core/lib/modules/intellij.spring.boot.jpa.jar
73f194d59000-73f194d6d000 r--s 00000000 fd:01 4391507                    /home/ubuntu/.gradle/caches/8.10.2/transforms/81e4360543fbb01d4f7fb470fa49803d/transformed/ideaIU-2025.3/plugins/DatabaseTools/lib/modules/intellij.database.dialects.sqlite.ex.jar
73f194d6d000-73f194e00000 r--s 00000000 fd:01 4389834                    /home/ubuntu/.gradle/caches/8.10.2/transforms/81e4360543fbb01d4f7fb470fa49803d/transformed/ideaIU-2025.3/plugins/javascript-plugin/lib/completion-ranking-typescript.jar
73f194e00000-73f1951d3000 r--s 00000000 fd:01 4389148                    /home/ubuntu/.gradle/caches/8.10.2/transforms/81e4360543fbb01d4f7fb470fa49803d/transformed/ideaIU-2025.3/plugins/java-coverage/lib/coverage-report.jar
73f1951d3000-73f1951d6000 r--s 00000000 fd:01 4390304                    /home/ubuntu/.gradle/caches/8.10.2/transforms/81e4360543fbb01d4f7fb470fa49803d/transformed/ideaIU-2025.3/plugins/Spring/lib/modules/intellij.spring.core.free.jar
73f1951d6000-73f1951f2000 r--s 00000000 fd:01 4391506                    /home/ubuntu/.gradle/caches/8.10.2/transforms/81e4360543fbb01d4f7fb470fa49803d/transformed/ideaIU-2025.3/plugins/DatabaseTools/lib/modules/intellij.database.dialects.mongo.sql.jar
73f1951f2000-73f195264000 r--s 00000000 fd:01 4390772                    /home/ubuntu/.gradle/caches/8.10.2/transforms/81e4360543fbb01d4f7fb470fa49803d/transformed/ideaIU-2025.3/plugins/xml-refactoring/lib/xml-refactoring.jar
73f195264000-73f195400000 r--s 00000000 fd:01 4389146                    /home/ubuntu/.gradle/caches/8.10.2/transforms/81e4360543fbb01d4f7fb470fa49803d/transformed/ideaIU-2025.3/plugins/java-coverage/lib/jacoco.jar
73f195400000-73f195bfa000 r--s 00000000 fd:01 4390737                    /home/ubuntu/.gradle/caches/8.10.2/transforms/81e4360543fbb01d4f7fb470fa49803d/transformed/ideaIU-2025.3/plugins/angular/lib/angular.jar
73f195bfa000-73f195c00000 r--s 00000000 fd:01 4390805                    /home/ubuntu/.gradle/caches/8.10.2/transforms/81e4360543fbb01d4f7fb470fa49803d/transformed/ideaIU-2025.3/plugins/java/lib/maven-resolver-transport-file.jar
73f195c00000-73f1961b3000 r--s 00000000 fd:01 4392148                    /home/ubuntu/.gradle/caches/8.10.2/transforms/81e4360543fbb01d4f7fb470fa49803d/transformed/ideaIU-2025.3/lib/modules/intellij.xml.xmlbeans.jar
73f1961b3000-73f1961b5000 r--s 00000000 fd:01 4390650                    /home/ubuntu/.gradle/caches/8.10.2/transforms/81e4360543fbb01d4f7fb470fa49803d/transformed/ideaIU-2025.3/plugins/spring-boot-core/lib/modules/intellij.spring.boot.gradle.kts.shared.jar
73f1961b5000-73f1961c6000 r--s 00000000 fd:01 4391525                    /home/ubuntu/.gradle/caches/8.10.2/transforms/81e4360543fbb01d4f7fb470fa49803d/transformed/ideaIU-2025.3/plugins/DatabaseTools/lib/modules/intellij.database.dialects.oracle.ex.coverage.jar
73f1961c6000-73f196200000 r--s 00000000 fd:01 4389117                    /home/ubuntu/.gradle/caches/8.10.2/transforms/81e4360543fbb01d4f7fb470fa49803d/transformed/ideaIU-2025.3/plugins/configurationScript/lib/configurationScript.jar
73f196200000-73f1969d6000 r--s 00000000 fd:01 4392031                    /home/ubuntu/.gradle/caches/8.10.2/transforms/81e4360543fbb01d4f7fb470fa49803d/transformed/ideaIU-2025.3/lib/modules/intellij.settingsSync.core.jar
73f1969d6000-73f1969da000 r--s 00000000 fd:01 4389279                    /home/ubuntu/.gradle/caches/8.10.2/transforms/81e4360543fbb01d4f7fb470fa49803d/transformed/ideaIU-2025.3/plugins/JavaEE/lib/modules/intellij.javaee.platform.impl.database.jar
73f1969da000-73f1969df000 r--s 00000000 fd:01 4391453                    /home/ubuntu/.gradle/caches/8.10.2/transforms/81e4360543fbb01d4f7fb470fa49803d/transformed/ideaIU-2025.3/plugins/hibernate/lib/hibernate3-console.jar
73f1969df000-73f1969e3000 r--s 00000000 fd:01 4391451                    /home/ubuntu/.gradle/caches/8.10.2/transforms/81e4360543fbb01d4f7fb470fa49803d/transformed/ideaIU-2025.3/plugins/hibernate/lib/hibernate4-console.jar
73f1969e3000-73f196a00000 r--s 00000000 fd:01 4391482                    /home/ubuntu/.gradle/caches/8.10.2/transforms/81e4360543fbb01d4f7fb470fa49803d/transformed/ideaIU-2025.3/plugins/DatabaseTools/lib/maven-resolver-transport-http.jar
73f196a00000-73f196ce8000 r--s 00000000 fd:01 4392095                    /home/ubuntu/.gradle/caches/8.10.2/transforms/81e4360543fbb01d4f7fb470fa49803d/transformed/ideaIU-2025.3/lib/modules/intellij.rml.dfa.impl.jar
73f196ce8000-73f196d01000 r--s 00000000 fd:01 4391483                    /home/ubuntu/.gradle/caches/8.10.2/transforms/81e4360543fbb01d4f7fb470fa49803d/transformed/ideaIU-2025.3/plugins/DatabaseTools/lib/aether-dependency-resolver.jar
73f196d01000-73f196d18000 r--s 00000000 fd:01 4391490                    /home/ubuntu/.gradle/caches/8.10.2/transforms/81e4360543fbb01d4f7fb470fa49803d/transformed/ideaIU-2025.3/plugins/DatabaseTools/lib/maven-resolver-connector-basic.jar
73f196d18000-73f196d6b000 r--s 00000000 fd:01 4389488                    /home/ubuntu/.gradle/caches/8.10.2/transforms/81e4360543fbb01d4f7fb470fa49803d/transformed/ideaIU-2025.3/plugins/javascript-debugger/lib/modules/intellij.javascript.debugger.ui.jar
73f196d6b000-73f196e00000 r--s 00000000 fd:01 4389724                    /home/ubuntu/.gradle/caches/8.10.2/transforms/81e4360543fbb01d4f7fb470fa49803d/transformed/ideaIU-2025.3/plugins/javascript-intentions/lib/javascript-intentions.jar
73f196e00000-73f197271000 r--s 00000000 fd:01 4392135                    /home/ubuntu/.gradle/caches/8.10.2/transforms/81e4360543fbb01d4f7fb470fa49803d/transformed/ideaIU-2025.3/lib/modules/intellij.relaxng.jar
73f197271000-73f19727e000 r--s 00000000 fd:01 4391522                    /home/ubuntu/.gradle/caches/8.10.2/transforms/81e4360543fbb01d4f7fb470fa49803d/transformed/ideaIU-2025.3/plugins/DatabaseTools/lib/modules/intellij.database.sql.frontend.impl.jar
73f19727e000-73f19728b000 r--s 00000000 fd:01 4391434                    /home/ubuntu/.gradle/caches/8.10.2/transforms/81e4360543fbb01d4f7fb470fa49803d/transformed/ideaIU-2025.3/plugins/css-plugin/lib/css-plugin.jar
73f19728b000-73f1972f1000 r--s 00000000 fd:01 4390079                    /home/ubuntu/.gradle/caches/8.10.2/transforms/81e4360543fbb01d4f7fb470fa49803d/transformed/ideaIU-2025.3/plugins/html-tools/lib/html-tools.jar
73f1972f1000-73f197400000 r--s 00000000 fd:01 4390560                    /home/ubuntu/.gradle/caches/8.10.2/transforms/81e4360543fbb01d4f7fb470fa49803d/transformed/ideaIU-2025.3/plugins/clouds-docker-impl/lib/com.github.docker-java-docker-java-api.jar
73f197400000-73f1976f4000 r--s 00000000 fd:01 4392098                    /home/ubuntu/.gradle/caches/8.10.2/transforms/81e4360543fbb01d4f7fb470fa49803d/transformed/ideaIU-2025.3/lib/modules/intellij.rd.ui.jar
73f1976f4000-73f1976f5000 r--s 00000000 fd:01 4389353                    /home/ubuntu/.gradle/caches/8.10.2/transforms/81e4360543fbb01d4f7fb470fa49803d/transformed/ideaIU-2025.3/plugins/fullLine/lib/modules/intellij.fullLine.xml.jar
73f1976f5000-73f1976fc000 r--s 00000000 fd:01 4391452                    /home/ubuntu/.gradle/caches/8.10.2/transforms/81e4360543fbb01d4f7fb470fa49803d/transformed/ideaIU-2025.3/plugins/hibernate/lib/hibernate-console.jar
73f1976fc000-73f197721000 r--s 00000000 fd:01 4389730                    /home/ubuntu/.gradle/caches/8.10.2/transforms/81e4360543fbb01d4f7fb470fa49803d/transformed/ideaIU-2025.3/plugins/cron/lib/cron.jar
73f197721000-73f197800000 r--s 00000000 fd:01 4390564                    /home/ubuntu/.gradle/caches/8.10.2/transforms/81e4360543fbb01d4f7fb470fa49803d/transformed/ideaIU-2025.3/plugins/clouds-docker-impl/lib/com.github.docker-java-docker-java-core.jar
73f197800000-73f198ac0000 r--s 00000000 fd:01 4392101                    /home/ubuntu/.gradle/caches/8.10.2/transforms/81e4360543fbb01d4f7fb470fa49803d/transformed/ideaIU-2025.3/lib/modules/intellij.rd.ide.model.generated.jar
73f198ac0000-73f198ac1000 r--s 00000000 fd:01 4390622                    /home/ubuntu/.gradle/caches/8.10.2/transforms/81e4360543fbb01d4f7fb470fa49803d/transformed/ideaIU-2025.3/plugins/Groovy/lib/groovy-spock-rt.jar
73f198ac1000-73f198ac6000 r--s 00000000 fd:01 4391450                    /home/ubuntu/.gradle/caches/8.10.2/transforms/81e4360543fbb01d4f7fb470fa49803d/transformed/ideaIU-2025.3/plugins/hibernate/lib/hibernate52-console.jar
73f198ac6000-73f198aef000 r--s 00000000 fd:01 4389510                    /home/ubuntu/.gradle/caches/8.10.2/transforms/81e4360543fbb01d4f7fb470fa49803d/transformed/ideaIU-2025.3/plugins/styled-components/lib/styled-components.jar
73f198aef000-73f198b7e000 r--s 00000000 fd:01 4389147                    /home/ubuntu/.gradle/caches/8.10.2/transforms/81e4360543fbb01d4f7fb470fa49803d/transformed/ideaIU-2025.3/plugins/java-coverage/lib/java-coverage.jar
73f198b7e000-73f198c00000 r--s 00000000 fd:01 4392096                    /home/ubuntu/.gradle/caches/8.10.2/transforms/81e4360543fbb01d4f7fb470fa49803d/transformed/ideaIU-2025.3/lib/modules/intellij.spellchecker.jar
73f198c00000-73f199075000 r--s 00000000 fd:01 4392085                    /home/ubuntu/.gradle/caches/8.10.2/transforms/81e4360543fbb01d4f7fb470fa49803d/transformed/ideaIU-2025.3/lib/modules/intellij.profiler.common.jar
73f199075000-73f19907a000 r--s 00000000 fd:01 4391449                    /home/ubuntu/.gradle/caches/8.10.2/transforms/81e4360543fbb01d4f7fb470fa49803d/transformed/ideaIU-2025.3/plugins/hibernate/lib/hibernate5-console.jar
73f19907a000-73f199081000 r--s 00000000 fd:01 4391511                    /home/ubuntu/.gradle/caches/8.10.2/transforms/81e4360543fbb01d4f7fb470fa49803d/transformed/ideaIU-2025.3/plugins/DatabaseTools/lib/modules/intellij.database.frontend.split.jar
73f199081000-73f199200000 r--s 00000000 fd:01 4392054                    /home/ubuntu/.gradle/caches/8.10.2/transforms/81e4360543fbb01d4f7fb470fa49803d/transformed/ideaIU-2025.3/lib/modules/intellij.rd.platform.jar
73f199200000-73f199771000 r--s 00000000 fd:01 4392158                    /home/ubuntu/.gradle/caches/8.10.2/transforms/81e4360543fbb01d4f7fb470fa49803d/transformed/ideaIU-2025.3/lib/modules/intellij.platform.vcs.log.impl.jar
73f199771000-73f199772000 r--s 00000000 fd:01 4390608                    /home/ubuntu/.gradle/caches/8.10.2/transforms/81e4360543fbb01d4f7fb470fa49803d/transformed/ideaIU-2025.3/plugins/javaee-jax-rs/lib/javaee-jax-ws-rt.jar
73f199772000-73f19977b000 r--s 00000000 fd:01 4391523                    /home/ubuntu/.gradle/caches/8.10.2/transforms/81e4360543fbb01d4f7fb470fa49803d/transformed/ideaIU-2025.3/plugins/DatabaseTools/lib/modules/intellij.database.sql.common.core.jar
73f19977b000-73f199782000 r--s 00000000 fd:01 4390575                    /home/ubuntu/.gradle/caches/8.10.2/transforms/81e4360543fbb01d4f7fb470fa49803d/transformed/ideaIU-2025.3/plugins/compose-ide-plugin/lib/modules/intellij.compose.ide.plugin.gradleTooling.rt.jar
73f199782000-73f19979a000 r--s 00000000 fd:01 4389493                    /home/ubuntu/.gradle/caches/8.10.2/transforms/81e4360543fbb01d4f7fb470fa49803d/transformed/ideaIU-2025.3/plugins/javascript-debugger/lib/modules/intellij.javascript.debugger.backend.rpc.jar
73f19979a000-73f1997cf000 r--s 00000000 fd:01 4389496                    /home/ubuntu/.gradle/caches/8.10.2/transforms/81e4360543fbb01d4f7fb470fa49803d/transformed/ideaIU-2025.3/plugins/javascript-debugger/lib/modules/intellij.javascript.reactNativeDebugger.jar
73f1997cf000-73f199883000 r--s 00000000 fd:01 4392049                    /home/ubuntu/.gradle/caches/8.10.2/transforms/81e4360543fbb01d4f7fb470fa49803d/transformed/ideaIU-2025.3/lib/modules/intellij.platform.vcs.log.graph.impl.jar
73f199883000-73f199a00000 r--s 00000000 fd:01 4392066                    /home/ubuntu/.gradle/caches/8.10.2/transforms/81e4360543fbb01d4f7fb470fa49803d/transformed/ideaIU-2025.3/lib/modules/intellij.platform.vcs.impl.shared.jar
73f199a00000-73f19a763000 r--s 00000000 fd:01 4392108                    /home/ubuntu/.gradle/caches/8.10.2/transforms/81e4360543fbb01d4f7fb470fa49803d/transformed/ideaIU-2025.3/lib/modules/intellij.platform.vcs.impl.jar
73f19a763000-73f19a764000 r--s 00000000 fd:01 4389236                    /home/ubuntu/.gradle/caches/8.10.2/transforms/81e4360543fbb01d4f7fb470fa49803d/transformed/ideaIU-2025.3/plugins/cwm-plugin/lib/modules/intellij.platform.buildView.split.jar
73f19a764000-73f19a7cb000 r--s 00000000 fd:01 4390568                    /home/ubuntu/.gradle/caches/8.10.2/transforms/81e4360543fbb01d4f7fb470fa49803d/transformed/ideaIU-2025.3/plugins/clouds-docker-impl/lib/modules/intellij.clouds.docker.file.backend.jar
73f19a7cb000-73f19a854000 r--s 00000000 fd:01 4392060                    /home/ubuntu/.gradle/caches/8.10.2/transforms/81e4360543fbb01d4f7fb470fa49803d/transformed/ideaIU-2025.3/lib/modules/intellij.platform.vcs.impl.lang.jar
73f19a854000-73f19aa00000 r--s 00000000 fd:01 4392029                    /home/ubuntu/.gradle/caches/8.10.2/transforms/81e4360543fbb01d4f7fb470fa49803d/transformed/ideaIU-2025.3/lib/modules/intellij.platform.searchEverywhere.frontend.jar
73f19aa00000-73f19af7f000 r--s 00000000 fd:01 4392124                    /home/ubuntu/.gradle/caches/8.10.2/transforms/81e4360543fbb01d4f7fb470fa49803d/transformed/ideaIU-2025.3/lib/modules/intellij.platform.jewel.ui.jar
73f19af7f000-73f19af8d000 r--s 00000000 fd:01 4389108                    /home/ubuntu/.gradle/caches/8.10.2/transforms/81e4360543fbb01d4f7fb470fa49803d/transformed/ideaIU-2025.3/plugins/testng/lib/testng-rt.jar
73f19af8d000-73f19af9c000 r--s 00000000 fd:01 4389840                    /home/ubuntu/.gradle/caches/8.10.2/transforms/81e4360543fbb01d4f7fb470fa49803d/transformed/ideaIU-2025.3/plugins/javascript-plugin/lib/semver4j.jar
73f19af9c000-73f19afaa000 r--s 00000000 fd:01 4389461                    /home/ubuntu/.gradle/caches/8.10.2/transforms/81e4360543fbb01d4f7fb470fa49803d/transformed/ideaIU-2025.3/plugins/junit/lib/junit6-rt.jar
73f19afaa000-73f19afd0000 r--s 00000000 fd:01 4389462                    /home/ubuntu/.gradle/caches/8.10.2/transforms/81e4360543fbb01d4f7fb470fa49803d/transformed/ideaIU-2025.3/plugins/junit/lib/junit-rt.jar
73f19afd0000-73f19afe1000 r--s 00000000 fd:01 4391412                    /home/ubuntu/.gradle/caches/8.10.2/transforms/81e4360543fbb01d4f7fb470fa49803d/transformed/ideaIU-2025.3/plugins/vcs-git/lib/modules/intellij.vcs.git.frontend.jar
73f19afe1000-73f19b000000 r--s 00000000 fd:01 4389435                    /home/ubuntu/.gradle/caches/8.10.2/transforms/81e4360543fbb01d4f7fb470fa49803d/transformed/ideaIU-2025.3/plugins/java-byteCodeViewer/lib/java-byteCodeViewer.jar
73f19b000000-73f19b2d2000 r--s 00000000 fd:01 4392155                    /home/ubuntu/.gradle/caches/8.10.2/transforms/81e4360543fbb01d4f7fb470fa49803d/transformed/ideaIU-2025.3/lib/modules/intellij.platform.ide.newUiOnboarding.jar
73f19b2d2000-73f19b2d5000 r--s 00000000 fd:01 4390781                    /home/ubuntu/.gradle/caches/8.10.2/transforms/81e4360543fbb01d4f7fb470fa49803d/transformed/ideaIU-2025.3/plugins/searchEverywhereMl/lib/ai.grazie.model.swagger.annotations.jvm.jar
73f19b2d5000-73f19b2dc000 r--s 00000000 fd:01 4389490                    /home/ubuntu/.gradle/caches/8.10.2/transforms/81e4360543fbb01d4f7fb470fa49803d/transformed/ideaIU-2025.3/plugins/javascript-debugger/lib/modules/intellij.javascript.debugger.webstorm.specific.jar
73f19b2dc000-73f19b2f9000 r--s 00000000 fd:01 4392122                    /home/ubuntu/.gradle/caches/8.10.2/transforms/81e4360543fbb01d4f7fb470fa49803d/transformed/ideaIU-2025.3/lib/modules/intellij.xml.langInjection.jar
73f19b2f9000-73f19b400000 r--s 00000000 fd:01 4392040                    /home/ubuntu/.gradle/caches/8.10.2/transforms/81e4360543fbb01d4f7fb470fa49803d/transformed/ideaIU-2025.3/lib/modules/intellij.platform.vcs.dvcs.impl.jar
73f19b400000-73f19b9af000 r--s 00000000 fd:01 4392116                    /home/ubuntu/.gradle/caches/8.10.2/transforms/81e4360543fbb01d4f7fb470fa49803d/transformed/ideaIU-2025.3/lib/modules/intellij.platform.collaborationTools.jar
73f19b9af000-73f19b9b2000 r--s 00000000 fd:01 4389402                    /home/ubuntu/.gradle/caches/8.10.2/transforms/81e4360543fbb01d4f7fb470fa49803d/transformed/ideaIU-2025.3/plugins/clouds-kubernetes/lib/modules/intellij.clouds.kubernetes.cron.jar
73f19b9b2000-73f19b9c5000 r--s 00000000 fd:01 4390562                    /home/ubuntu/.gradle/caches/8.10.2/transforms/81e4360543fbb01d4f7fb470fa49803d/transformed/ideaIU-2025.3/plugins/clouds-docker-impl/lib/com.github.docker-java-docker-java-transport.jar
73f19b9c5000-73f19ba00000 r--s 00000000 fd:01 4392034                    /home/ubuntu/.gradle/caches/8.10.2/transforms/81e4360543fbb01d4f7fb470fa49803d/transformed/ideaIU-2025.3/lib/modules/intellij.profiler.asyncOne.jar
73f19ba00000-73f19c741000 r--s 00000000 fd:01 4392139                    /home/ubuntu/.gradle/caches/8.10.2/transforms/81e4360543fbb01d4f7fb470fa49803d/transformed/ideaIU-2025.3/lib/modules/intellij.libraries.lucene.common.jar
73f19c741000-73f19c743000 r--s 00000000 fd:01 4390646                    /home/ubuntu/.gradle/caches/8.10.2/transforms/81e4360543fbb01d4f7fb470fa49803d/transformed/ideaIU-2025.3/plugins/spring-boot-core/lib/modules/intellij.spring.boot.rewrite.jar
73f19c743000-73f19c750000 r--s 00000000 fd:01 4389460                    /home/ubuntu/.gradle/caches/8.10.2/transforms/81e4360543fbb01d4f7fb470fa49803d/transformed/ideaIU-2025.3/plugins/junit/lib/junit5-rt.jar
73f19c750000-73f19c762000 r--s 00000000 fd:01 4392129                    /home/ubuntu/.gradle/caches/8.10.2/transforms/81e4360543fbb01d4f7fb470fa49803d/transformed/ideaIU-2025.3/lib/modules/intellij.profiler.ultimate.ideaAsyncProfiler.jar
73f19c762000-73f19c800000 r--s 00000000 fd:01 4392053                    /home/ubuntu/.gradle/caches/8.10.2/transforms/81e4360543fbb01d4f7fb470fa49803d/transformed/ideaIU-2025.3/lib/modules/intellij.platform.vcs.impl.frontend.jar
73f19c800000-73f19e06e000 r--s 00000000 fd:01 4392105                    /home/ubuntu/.gradle/caches/8.10.2/transforms/81e4360543fbb01d4f7fb470fa49803d/transformed/ideaIU-2025.3/lib/modules/intellij.libraries.grpc.netty.shaded.jar
73f19e06e000-73f19e06f000 r--s 00000000 fd:01 4389213                    /home/ubuntu/.gradle/caches/8.10.2/transforms/81e4360543fbb01d4f7fb470fa49803d/transformed/ideaIU-2025.3/plugins/cwm-plugin/lib/modules/intellij.platform.project.frontend.split.jar
73f19e06f000-73f19e07f000 r--s 00000000 fd:01 4392163                    /home/ubuntu/.gradle/caches/8.10.2/transforms/81e4360543fbb01d4f7fb470fa49803d/transformed/ideaIU-2025.3/lib/modules/intellij.spellchecker.xml.jar
73f19e07f000-73f19e0d0000 r--s 00000000 fd:01 4392164                    /home/ubuntu/.gradle/caches/8.10.2/transforms/81e4360543fbb01d4f7fb470fa49803d/transformed/ideaIU-2025.3/lib/modules/intellij.platform.warmup.jar
73f19e0d0000-73f19e0ec000 r--s 00000000 fd:01 4392073                    /home/ubuntu/.gradle/caches/8.10.2/transforms/81e4360543fbb01d4f7fb470fa49803d/transformed/ideaIU-2025.3/lib/modules/intellij.platform.vcs.log.jar
73f19e0ec000-73f19e104000 r--s 00000000 fd:01 4392068                    /home/ubuntu/.gradle/caches/8.10.2/transforms/81e4360543fbb01d4f7fb470fa49803d/transformed/ideaIU-2025.3/lib/modules/intellij.platform.vcs.dvcs.impl.shared.jar
73f19e104000-73f19e163000 r--s 00000000 fd:01 4392150                    /home/ubuntu/.gradle/caches/8.10.2/transforms/81e4360543fbb01d4f7fb470fa49803d/transformed/ideaIU-2025.3/lib/modules/intellij.platform.trialPromotion.idesWithFreeTier.jar
73f19e163000-73f19e1a3000 r--s 00000000 fd:01 4392052                    /home/ubuntu/.gradle/caches/8.10.2/transforms/81e4360543fbb01d4f7fb470fa49803d/transformed/ideaIU-2025.3/lib/modules/intellij.platform.trialPromotion.common.jar
73f19e1a3000-73f19e200000 r--s 00000000 fd:01 4392107                    /home/ubuntu/.gradle/caches/8.10.2/transforms/81e4360543fbb01d4f7fb470fa49803d/transformed/ideaIU-2025.3/lib/modules/intellij.platform.tips.jar
73f19e200000-73f19ec34000 r--s 00000000 fd:01 4392051                    /home/ubuntu/.gradle/caches/8.10.2/transforms/81e4360543fbb01d4f7fb470fa49803d/transformed/ideaIU-2025.3/lib/modules/intellij.libraries.grpc.jar
73f19ec34000-73f19ec36000 r--s 00000000 fd:01 4390224                    /home/ubuntu/.gradle/caches/8.10.2/transforms/81e4360543fbb01d4f7fb470fa49803d/transformed/ideaIU-2025.3/plugins/json/lib/modules/intellij.json.backend.regexp.jar
73f19ec36000-73f19ec6e000 r--s 00000000 fd:01 4392123                    /home/ubuntu/.gradle/caches/8.10.2/transforms/81e4360543fbb01d4f7fb470fa49803d/transformed/ideaIU-2025.3/lib/modules/intellij.platform.tasks.impl.jar
73f19ec6e000-73f19ec8e000 r--s 00000000 fd:01 4392172                    /home/ubuntu/.gradle/caches/8.10.2/transforms/81e4360543fbb01d4f7fb470fa49803d/transformed/ideaIU-2025.3/lib/modules/intellij.platform.smRunner.vcs.jar
73f19ec8e000-73f19ecfb000 r--s 00000000 fd:01 4392093                    /home/ubuntu/.gradle/caches/8.10.2/transforms/81e4360543fbb01d4f7fb470fa49803d/transformed/ideaIU-2025.3/lib/modules/intellij.platform.searchEverywhere.backend.jar
73f19ecfb000-73f19ee00000 r--s 00000000 fd:01 4392133                    /home/ubuntu/.gradle/caches/8.10.2/transforms/81e4360543fbb01d4f7fb470fa49803d/transformed/ideaIU-2025.3/lib/modules/intellij.platform.searchEverywhere.jar
73f19ee00000-73f19f4a3000 r--s 00000000 fd:01 4392166                    /home/ubuntu/.gradle/caches/8.10.2/transforms/81e4360543fbb01d4f7fb470fa49803d/transformed/ideaIU-2025.3/lib/modules/intellij.libraries.compose.runtime.desktop.jar
73f19f4a3000-73f19f600000 r--s 00000000 fd:01 4392117                    /home/ubuntu/.gradle/caches/8.10.2/transforms/81e4360543fbb01d4f7fb470fa49803d/transformed/ideaIU-2025.3/lib/modules/intellij.platform.lvcs.impl.jar
73f19f600000-73f1a0f18000 r--s 00000000 fd:01 4392151                    /home/ubuntu/.gradle/caches/8.10.2/transforms/81e4360543fbb01d4f7fb470fa49803d/transformed/ideaIU-2025.3/lib/modules/intellij.libraries.compose.foundation.desktop.jar
73f1a0f18000-73f1a0f1e000 r--s 00000000 fd:01 4391488                    /home/ubuntu/.gradle/caches/8.10.2/transforms/81e4360543fbb01d4f7fb470fa49803d/transformed/ideaIU-2025.3/plugins/DatabaseTools/lib/maven-resolver-transport-file.jar
73f1a0f1e000-73f1a0f2d000 r--s 00000000 fd:01 4392138                    /home/ubuntu/.gradle/caches/8.10.2/transforms/81e4360543fbb01d4f7fb470fa49803d/transformed/ideaIU-2025.3/lib/modules/intellij.platform.vcs.dvcs.jar
73f1a0f2d000-73f1a0f74000 r--s 00000000 fd:01 4392064                    /home/ubuntu/.gradle/caches/8.10.2/transforms/81e4360543fbb01d4f7fb470fa49803d/transformed/ideaIU-2025.3/lib/modules/intellij.platform.settings.local.jar
73f1a0f74000-73f1a0f8f000 r--s 00000000 fd:01 4392072                    /home/ubuntu/.gradle/caches/8.10.2/transforms/81e4360543fbb01d4f7fb470fa49803d/transformed/ideaIU-2025.3/lib/modules/intellij.platform.scriptDebugger.ui.jar
73f1a0f8f000-73f1a1000000 r--s 00000000 fd:01 4392083                    /home/ubuntu/.gradle/caches/8.10.2/transforms/81e4360543fbb01d4f7fb470fa49803d/transformed/ideaIU-2025.3/lib/modules/intellij.platform.scriptDebugger.backend.jar
73f1a1000000-73f1a4022000 r--s 00000000 fd:01 4392067                    /home/ubuntu/.gradle/caches/8.10.2/transforms/81e4360543fbb01d4f7fb470fa49803d/transformed/ideaIU-2025.3/lib/modules/intellij.idea.ultimate.customizationTrial.jar
73f1a4022000-73f1a4025000 r--s 00000000 fd:01 4389387                    /home/ubuntu/.gradle/caches/8.10.2/transforms/81e4360543fbb01d4f7fb470fa49803d/transformed/ideaIU-2025.3/plugins/uml/lib/modules/intellij.diagram.properties.jar
73f1a4025000-73f1a402a000 r--s 00000000 fd:01 4391409                    /home/ubuntu/.gradle/caches/8.10.2/transforms/81e4360543fbb01d4f7fb470fa49803d/transformed/ideaIU-2025.3/plugins/vcs-git/lib/git4idea-rt.jar
73f1a402a000-73f1a403a000 r--s 00000000 fd:01 4392103                    /home/ubuntu/.gradle/caches/8.10.2/transforms/81e4360543fbb01d4f7fb470fa49803d/transformed/ideaIU-2025.3/lib/modules/intellij.platform.tasks.jar
73f1a403a000-73f1a40b8000 r--s 00000000 fd:01 4392119                    /home/ubuntu/.gradle/caches/8.10.2/transforms/81e4360543fbb01d4f7fb470fa49803d/transformed/ideaIU-2025.3/lib/modules/intellij.platform.registry.cloud.jar
73f1a40b8000-73f1a4200000 r--s 00000000 fd:01 4392120                    /home/ubuntu/.gradle/caches/8.10.2/transforms/81e4360543fbb01d4f7fb470fa49803d/transformed/ideaIU-2025.3/lib/modules/intellij.platform.jewel.markdown.core.jar
73f1a4200000-73f1a5ed3000 r--s 00000000 fd:01 4392126                    /home/ubuntu/.gradle/caches/8.10.2/transforms/81e4360543fbb01d4f7fb470fa49803d/transformed/ideaIU-2025.3/lib/modules/intellij.ide.startup.importSettings.jar
73f1a5ed3000-73f1a5ed4000 r--s 00000000 fd:01 4389228                    /home/ubuntu/.gradle/caches/8.10.2/transforms/81e4360543fbb01d4f7fb470fa49803d/transformed/ideaIU-2025.3/plugins/cwm-plugin/lib/modules/intellij.platform.searchEverywhere.frontend.split.jar
73f1a5ed4000-73f1a5ed7000 r--s 00000000 fd:01 4391535                    /home/ubuntu/.gradle/caches/8.10.2/transforms/81e4360543fbb01d4f7fb470fa49803d/transformed/ideaIU-2025.3/plugins/DatabaseTools/lib/modules/intellij.database.sql.copyright.jar
73f1a5ed7000-73f1a5ee0000 r--s 00000000 fd:01 4390570                    /home/ubuntu/.gradle/caches/8.10.2/transforms/81e4360543fbb01d4f7fb470fa49803d/transformed/ideaIU-2025.3/plugins/clouds-docker-impl/lib/modules/intellij.clouds.docker.frontend.jar
73f1a5ee0000-73f1a5f40000 r--s 00000000 fd:01 4392145                    /home/ubuntu/.gradle/caches/8.10.2/transforms/81e4360543fbb01d4f7fb470fa49803d/transformed/ideaIU-2025.3/lib/modules/intellij.platform.rpc.backend.jar
73f1a5f40000-73f1a5fbd000 r--s 00000000 fd:01 4392050                    /home/ubuntu/.gradle/caches/8.10.2/transforms/81e4360543fbb01d4f7fb470fa49803d/transformed/ideaIU-2025.3/lib/modules/intellij.platform.recentFiles.frontend.jar
73f1a5fbd000-73f1a6000000 r--s 00000000 fd:01 4392076                    /home/ubuntu/.gradle/caches/8.10.2/transforms/81e4360543fbb01d4f7fb470fa49803d/transformed/ideaIU-2025.3/lib/modules/intellij.platform.recentFiles.backend.jar
73f1a6000000-73f1a7f27000 r--s 00000000 fd:01 4392062                    /home/ubuntu/.gradle/caches/8.10.2/transforms/81e4360543fbb01d4f7fb470fa49803d/transformed/ideaIU-2025.3/lib/modules/intellij.charts.jar
73f1a7f27000-73f1a7f37000 r--s 00000000 fd:01 4392176                    /home/ubuntu/.gradle/caches/8.10.2/transforms/81e4360543fbb01d4f7fb470fa49803d/transformed/ideaIU-2025.3/lib/modules/intellij.platform.scriptDebugger.protocolReaderRuntime.jar
73f1a7f37000-73f1a8000000 r--s 00000000 fd:01 4392099                    /home/ubuntu/.gradle/caches/8.10.2/transforms/81e4360543fbb01d4f7fb470fa49803d/transformed/ideaIU-2025.3/lib/modules/intellij.platform.ml.impl.jar
73f1a8000000-73f1a8021000 rw-p 00000000 00:00 0 
73f1a8021000-73f1ac000000 ---p 00000000 00:00 0 
73f1ac000000-73f1ac002000 r--s 00000000 fd:01 4390319                    /home/ubuntu/.gradle/caches/8.10.2/transforms/81e4360543fbb01d4f7fb470fa49803d/transformed/ideaIU-2025.3/plugins/micronaut/lib/micronaut-gradle-tooling.jar
73f1ac002000-73f1ac00d000 r--s 00000000 fd:01 4392143                    /home/ubuntu/.gradle/caches/8.10.2/transforms/81e4360543fbb01d4f7fb470fa49803d/transformed/ideaIU-2025.3/lib/modules/intellij.platform.vcs.log.graph.jar
73f1ac00d000-73f1ac044000 r--s 00000000 fd:01 4392137                    /home/ubuntu/.gradle/caches/8.10.2/transforms/81e4360543fbb01d4f7fb470fa49803d/transformed/ideaIU-2025.3/lib/modules/intellij.platform.recentFiles.jar
73f1ac044000-73f1ac0f6000 r--s 00000000 fd:01 4392159                    /home/ubuntu/.gradle/caches/8.10.2/transforms/81e4360543fbb01d4f7fb470fa49803d/transformed/ideaIU-2025.3/lib/modules/intellij.platform.langInjection.jar
73f1ac0f6000-73f1ac1e5000 r--s 00000000 fd:01 4392071                    /home/ubuntu/.gradle/caches/8.10.2/transforms/81e4360543fbb01d4f7fb470fa49803d/transformed/ideaIU-2025.3/lib/modules/intellij.platform.jewel.foundation.jar
73f1ac1e5000-73f1ac329000 r--s 00000000 fd:01 4392100                    /home/ubuntu/.gradle/caches/8.10.2/transforms/81e4360543fbb01d4f7fb470fa49803d/transformed/ideaIU-2025.3/lib/modules/intellij.platform.ide.newUsersOnboarding.jar
73f1ac329000-73f1ac400000 r--s 00000000 fd:01 4392132                    /home/ubuntu/.gradle/caches/8.10.2/transforms/81e4360543fbb01d4f7fb470fa49803d/transformed/ideaIU-2025.3/lib/modules/intellij.platform.execution.serviceView.jar
73f1ac400000-73f1ac6a7000 r--s 00000000 fd:01 4392044                    /home/ubuntu/.gradle/caches/8.10.2/transforms/81e4360543fbb01d4f7fb470fa49803d/transformed/ideaIU-2025.3/lib/modules/intellij.libraries.skiko.jar
73f1ac6a7000-73f1ac6a9000 r--s 00000000 fd:01 4390229                    /home/ubuntu/.gradle/caches/8.10.2/transforms/81e4360543fbb01d4f7fb470fa49803d/transformed/ideaIU-2025.3/plugins/java-ide-customization/lib/java-ide-customization.jar
73f1ac6a9000-73f1ac6ae000 r--s 00000000 fd:01 4390566                    /home/ubuntu/.gradle/caches/8.10.2/transforms/81e4360543fbb01d4f7fb470fa49803d/transformed/ideaIU-2025.3/plugins/clouds-docker-impl/lib/modules/intellij.clouds.docker.file.frontend.split.jar
73f1ac6ae000-73f1ac6bd000 r--s 00000000 fd:01 4392038                    /home/ubuntu/.gradle/caches/8.10.2/transforms/81e4360543fbb01d4f7fb470fa49803d/transformed/ideaIU-2025.3/lib/modules/intellij.platform.scopes.backend.jar
73f1ac6bd000-73f1ac6fa000 r--s 00000000 fd:01 4392162                    /home/ubuntu/.gradle/caches/8.10.2/transforms/81e4360543fbb01d4f7fb470fa49803d/transformed/ideaIU-2025.3/lib/modules/intellij.platform.pluginManager.frontend.jar
73f1ac6fa000-73f1ac800000 r--s 00000000 fd:01 4392153                    /home/ubuntu/.gradle/caches/8.10.2/transforms/81e4360543fbb01d4f7fb470fa49803d/transformed/ideaIU-2025.3/lib/modules/intellij.platform.execution.dashboard.jar
73f1ac800000-73f1aca10000 r--s 00000000 fd:01 4392175                    /home/ubuntu/.gradle/caches/8.10.2/transforms/81e4360543fbb01d4f7fb470fa49803d/transformed/ideaIU-2025.3/lib/modules/intellij.libraries.coil.jar
73f1aca10000-73f1aca12000 r--s 00000000 fd:01 4390819                    /home/ubuntu/.gradle/caches/8.10.2/transforms/81e4360543fbb01d4f7fb470fa49803d/transformed/ideaIU-2025.3/plugins/java/lib/modules/intellij.java.debugger.impl.frontend.jar
73f1aca12000-73f1aca21000 r--s 00000000 fd:01 4392088                    /home/ubuntu/.gradle/caches/8.10.2/transforms/81e4360543fbb01d4f7fb470fa49803d/transformed/ideaIU-2025.3/lib/modules/intellij.platform.rpc.topics.frontend.jar
73f1aca21000-73f1aca33000 r--s 00000000 fd:01 4392056                    /home/ubuntu/.gradle/caches/8.10.2/transforms/81e4360543fbb01d4f7fb470fa49803d/transformed/ideaIU-2025.3/lib/modules/intellij.platform.project.backend.jar
73f1aca33000-73f1acc00000 r--s 00000000 fd:01 4392142                    /home/ubuntu/.gradle/caches/8.10.2/transforms/81e4360543fbb01d4f7fb470fa49803d/transformed/ideaIU-2025.3/lib/modules/intellij.platform.debugger.impl.frontend.jar
73f1acc00000-73f1ad075000 r--s 00000000 fd:01 4392106                    /home/ubuntu/.gradle/caches/8.10.2/transforms/81e4360543fbb01d4f7fb470fa49803d/transformed/ideaIU-2025.3/lib/modules/intellij.grid.impl.jar
73f1ad075000-73f1ad078000 r--s 00000000 fd:01 4391492                    /home/ubuntu/.gradle/caches/8.10.2/transforms/81e4360543fbb01d4f7fb470fa49803d/transformed/ideaIU-2025.3/plugins/DatabaseTools/lib/modules/intellij.database.trialPromotion.idesWithFreeTier.jar
73f1ad078000-73f1ad102000 r--s 00000000 fd:01 4392042                    /home/ubuntu/.gradle/caches/8.10.2/transforms/81e4360543fbb01d4f7fb470fa49803d/transformed/ideaIU-2025.3/lib/modules/intellij.platform.navbar.frontend.jar
73f1ad102000-73f1ad200000 r--s 00000000 fd:01 4392125                    /home/ubuntu/.gradle/caches/8.10.2/transforms/81e4360543fbb01d4f7fb470fa49803d/transformed/ideaIU-2025.3/lib/modules/intellij.platform.debugger.impl.backend.jar
73f1ad200000-73f1adc0c000 r--s 00000000 fd:01 4392045                    /home/ubuntu/.gradle/caches/8.10.2/transforms/81e4360543fbb01d4f7fb470fa49803d/transformed/ideaIU-2025.3/lib/modules/intellij.emojipicker.jar
73f1adc0c000-73f1adc0f000 r--s 00000000 fd:01 4391503                    /home/ubuntu/.gradle/caches/8.10.2/transforms/81e4360543fbb01d4f7fb470fa49803d/transformed/ideaIU-2025.3/plugins/DatabaseTools/lib/modules/intellij.database.dialects.redis.backend.jar
73f1adc0f000-73f1adc35000 r--s 00000000 fd:01 4392087                    /home/ubuntu/.gradle/caches/8.10.2/transforms/81e4360543fbb01d4f7fb470fa49803d/transformed/ideaIU-2025.3/lib/modules/intellij.platform.pluginManager.backend.jar
73f1adc35000-73f1adcd3000 r--s 00000000 fd:01 4392131                    /home/ubuntu/.gradle/caches/8.10.2/transforms/81e4360543fbb01d4f7fb470fa49803d/transformed/ideaIU-2025.3/lib/modules/intellij.platform.jewel.ideLafBridge.jar
73f1adcd3000-73f1ade00000 r--s 00000000 fd:01 4392146                    /home/ubuntu/.gradle/caches/8.10.2/transforms/81e4360543fbb01d4f7fb470fa49803d/transformed/ideaIU-2025.3/lib/modules/intellij.platform.dap.jar
73f1ade00000-73f1ae057000 r--s 00000000 fd:01 4392017                    /home/ubuntu/.gradle/caches/8.10.2/transforms/81e4360543fbb01d4f7fb470fa49803d/transformed/ideaIU-2025.3/lib/stats.jar
73f1ae057000-73f1ae071000 r--s 00000000 fd:01 4392091                    /home/ubuntu/.gradle/caches/8.10.2/transforms/81e4360543fbb01d4f7fb470fa49803d/transformed/ideaIU-2025.3/lib/modules/intellij.platform.pluginManager.shared.jar
73f1ae071000-73f1ae076000 r--s 00000000 fd:01 4392147                    /home/ubuntu/.gradle/caches/8.10.2/transforms/81e4360543fbb01d4f7fb470fa49803d/transformed/ideaIU-2025.3/lib/modules/intellij.platform.navbar.monolith.jar
73f1ae076000-73f1ae09b000 r--s 00000000 fd:01 4392074                    /home/ubuntu/.gradle/caches/8.10.2/transforms/81e4360543fbb01d4f7fb470fa49803d/transformed/ideaIU-2025.3/lib/modules/intellij.platform.navbar.backend.jar
73f1ae09b000-73f1ae0a2000 r--s 00000000 fd:01 4392113                    /home/ubuntu/.gradle/caches/8.10.2/transforms/81e4360543fbb01d4f7fb470fa49803d/transformed/ideaIU-2025.3/lib/modules/intellij.platform.navbar.jar
73f1ae0a2000-73f1ae0bb000 r--s 00000000 fd:01 4392179                    /home/ubuntu/.gradle/caches/8.10.2/transforms/81e4360543fbb01d4f7fb470fa49803d/transformed/ideaIU-2025.3/lib/modules/intellij.platform.langInjection.backend.jar
73f1ae0bb000-73f1ae0d0000 r--s 00000000 fd:01 4392171                    /home/ubuntu/.gradle/caches/8.10.2/transforms/81e4360543fbb01d4f7fb470fa49803d/transformed/ideaIU-2025.3/lib/modules/intellij.platform.kernel.backend.jar
73f1ae0d0000-73f1ae0f4000 r--s 00000000 fd:01 4392168                    /home/ubuntu/.gradle/caches/8.10.2/transforms/81e4360543fbb01d4f7fb470fa49803d/transformed/ideaIU-2025.3/lib/modules/intellij.platform.jewel.markdown.ideLafBridgeStyling.jar
73f1ae0f4000-73f1ae200000 r--s 00000000 fd:01 4392033                    /home/ubuntu/.gradle/caches/8.10.2/transforms/81e4360543fbb01d4f7fb470fa49803d/transformed/ideaIU-2025.3/lib/modules/intellij.platform.coverage.agent.jar
73f1ae200000-73f1ae486000 r--s 00000000 fd:01 4392187                    /home/ubuntu/.gradle/caches/8.10.2/transforms/81e4360543fbb01d4f7fb470fa49803d/transformed/ideaIU-2025.3/lib/rhino.jar
73f1ae486000-73f1ae489000 r--s 00000000 fd:01 4391528                    /home/ubuntu/.gradle/caches/8.10.2/transforms/81e4360543fbb01d4f7fb470fa49803d/transformed/ideaIU-2025.3/plugins/DatabaseTools/lib/modules/intellij.database.jdbcConsole.shim.jar
73f1ae489000-73f1ae493000 r--s 00000000 fd:01 4392035                    /home/ubuntu/.gradle/caches/8.10.2/transforms/81e4360543fbb01d4f7fb470fa49803d/transformed/ideaIU-2025.3/lib/modules/intellij.platform.managed.cache.backend.jar
73f1ae493000-73f1ae4bc000 r--s 00000000 fd:01 4392154                    /home/ubuntu/.gradle/caches/8.10.2/transforms/81e4360543fbb01d4f7fb470fa49803d/transformed/ideaIU-2025.3/lib/modules/intellij.platform.jewel.markdown.extensions.gfmTables.jar
73f1ae4bc000-73f1ae4e3000 r--s 00000000 fd:01 4392048                    /home/ubuntu/.gradle/caches/8.10.2/transforms/81e4360543fbb01d4f7fb470fa49803d/transformed/ideaIU-2025.3/lib/modules/intellij.platform.jewel.markdown.extensions.gfmAlerts.jar
73f1ae4e3000-73f1ae541000 r--s 00000000 fd:01 4392030                    /home/ubuntu/.gradle/caches/8.10.2/transforms/81e4360543fbb01d4f7fb470fa49803d/transformed/ideaIU-2025.3/lib/modules/intellij.platform.inspect.jar
73f1ae541000-73f1ae600000 r--s 00000000 fd:01 4392075                    /home/ubuntu/.gradle/caches/8.10.2/transforms/81e4360543fbb01d4f7fb470fa49803d/transformed/ideaIU-2025.3/lib/modules/intellij.platform.coverage.jar
73f1ae600000-73f1aeb46000 r--s 00000000 fd:01 4391908                    /home/ubuntu/.gradle/caches/8.10.2/transforms/81e4360543fbb01d4f7fb470fa49803d/transformed/ideaIU-2025.3/lib/rd.jar
73f1aeb46000-73f1aeb47000 r--s 00000000 fd:01 4390482                    /home/ubuntu/.gradle/caches/8.10.2/transforms/81e4360543fbb01d4f7fb470fa49803d/transformed/ideaIU-2025.3/plugins/platform-images/lib/modules/intellij.platform.images.xdebugger.jar
73f1aeb47000-73f1aeb4e000 r--s 00000000 fd:01 4392043                    /home/ubuntu/.gradle/caches/8.10.2/transforms/81e4360543fbb01d4f7fb470fa49803d/transformed/ideaIU-2025.3/lib/modules/intellij.platform.jewel.markdown.extensions.images.jar
73f1aeb4e000-73f1aeb7f000 r--s 00000000 fd:01 4392167                    /home/ubuntu/.gradle/caches/8.10.2/transforms/81e4360543fbb01d4f7fb470fa49803d/transformed/ideaIU-2025.3/lib/modules/intellij.platform.inline.completion.jar
73f1aeb7f000-73f1aeba8000 r--s 00000000 fd:01 4392174                    /home/ubuntu/.gradle/caches/8.10.2/transforms/81e4360543fbb01d4f7fb470fa49803d/transformed/ideaIU-2025.3/lib/modules/intellij.platform.ide.impl.wsl.jar
73f1aeba8000-73f1aebc4000 r--s 00000000 fd:01 4392080                    /home/ubuntu/.gradle/caches/8.10.2/transforms/81e4360543fbb01d4f7fb470fa49803d/transformed/ideaIU-2025.3/lib/modules/intellij.platform.execution.impl.frontend.jar
73f1aebc4000-73f1aebe4000 r--s 00000000 fd:01 4392058                    /home/ubuntu/.gradle/caches/8.10.2/transforms/81e4360543fbb01d4f7fb470fa49803d/transformed/ideaIU-2025.3/lib/modules/intellij.platform.execution.dashboard.backend.jar
73f1aebe4000-73f1aec00000 r--s 00000000 fd:01 4392169                    /home/ubuntu/.gradle/caches/8.10.2/transforms/81e4360543fbb01d4f7fb470fa49803d/transformed/ideaIU-2025.3/lib/modules/intellij.platform.diagnostic.freezes.jar
73f1aec00000-73f1affdf000 r--s 00000000 fd:01 4391943                    /home/ubuntu/.gradle/caches/8.10.2/transforms/81e4360543fbb01d4f7fb470fa49803d/transformed/ideaIU-2025.3/lib/module-intellij.xml.psi.impl.jar
73f1affdf000-73f1affe1000 r--s 00000000 fd:01 4390616                    /home/ubuntu/.gradle/caches/8.10.2/transforms/81e4360543fbb01d4f7fb470fa49803d/transformed/ideaIU-2025.3/plugins/freemarker/lib/modules/intellij.freemarker.spring.jar
73f1affe1000-73f1b0000000 r--s 00000000 fd:01 4392069                    /home/ubuntu/.gradle/caches/8.10.2/transforms/81e4360543fbb01d4f7fb470fa49803d/transformed/ideaIU-2025.3/lib/modules/intellij.platform.buildView.frontend.jar
73f1b0000000-73f1b0021000 rw-p 00000000 00:00 0 
73f1b0021000-73f1b4000000 ---p 00000000 00:00 0 
73f1b4000000-73f1b4001000 r--s 00000000 fd:01 4390279                    /home/ubuntu/.gradle/caches/8.10.2/transforms/81e4360543fbb01d4f7fb470fa49803d/transformed/ideaIU-2025.3/plugins/javaee-app-servers-impl/lib/javaee-appServers-cloud-rt.jar
73f1b4001000-73f1b4017000 r--s 00000000 fd:01 4392157                    /home/ubuntu/.gradle/caches/8.10.2/transforms/81e4360543fbb01d4f7fb470fa49803d/transformed/ideaIU-2025.3/lib/modules/intellij.platform.identifiers.highlighting.shared.jar
73f1b4017000-73f1b404d000 r--s 00000000 fd:01 4392104                    /home/ubuntu/.gradle/caches/8.10.2/transforms/81e4360543fbb01d4f7fb470fa49803d/transformed/ideaIU-2025.3/lib/modules/intellij.libraries.xml.rpc.jar
73f1b404d000-73f1b40ed000 r--s 00000000 fd:01 4392086                    /home/ubuntu/.gradle/caches/8.10.2/transforms/81e4360543fbb01d4f7fb470fa49803d/transformed/ideaIU-2025.3/lib/modules/intellij.libraries.kotlinx.document.store.mvstore.jar
73f1b40ed000-73f1b4174000 r--s 00000000 fd:01 4392037                    /home/ubuntu/.gradle/caches/8.10.2/transforms/81e4360543fbb01d4f7fb470fa49803d/transformed/ideaIU-2025.3/lib/modules/intellij.libraries.commons.text.jar
73f1b4174000-73f1b432e000 r--s 00000000 fd:01 4392057                    /home/ubuntu/.gradle/caches/8.10.2/transforms/81e4360543fbb01d4f7fb470fa49803d/transformed/ideaIU-2025.3/lib/modules/intellij.grid.core.impl.jar
73f1b432e000-73f1b4400000 r--s 00000000 fd:01 4392170                    /home/ubuntu/.gradle/caches/8.10.2/transforms/81e4360543fbb01d4f7fb470fa49803d/transformed/ideaIU-2025.3/lib/modules/intellij.execution.process.mediator.common.jar
73f1b4400000-73f1b48cb000 r--s 00000000 fd:01 4392183                    /home/ubuntu/.gradle/caches/8.10.2/transforms/81e4360543fbb01d4f7fb470fa49803d/transformed/ideaIU-2025.3/lib/protobuf.jar
73f1b48cb000-73f1b48cc000 r--s 00000000 fd:01 4389273                    /home/ubuntu/.gradle/caches/8.10.2/transforms/81e4360543fbb01d4f7fb470fa49803d/transformed/ideaIU-2025.3/plugins/JavaEE/lib/modules/intellij.javaee.langInjection.jar
73f1b48cc000-73f1b48f4000 r--s 00000000 fd:01 4392084                    /home/ubuntu/.gradle/caches/8.10.2/transforms/81e4360543fbb01d4f7fb470fa49803d/transformed/ideaIU-2025.3/lib/modules/intellij.libraries.microba.jar
73f1b48f4000-73f1b492c000 r--s 00000000 fd:01 4392165                    /home/ubuntu/.gradle/caches/8.10.2/transforms/81e4360543fbb01d4f7fb470fa49803d/transformed/ideaIU-2025.3/lib/modules/intellij.grid.csv.core.impl.jar
73f1b492c000-73f1b4977000 r--s 00000000 fd:01 4392077                    /home/ubuntu/.gradle/caches/8.10.2/transforms/81e4360543fbb01d4f7fb470fa49803d/transformed/ideaIU-2025.3/lib/modules/intellij.execution.process.mediator.daemon.jar
73f1b4977000-73f1b4a00000 r--s 00000000 fd:01 4392161                    /home/ubuntu/.gradle/caches/8.10.2/transforms/81e4360543fbb01d4f7fb470fa49803d/transformed/ideaIU-2025.3/lib/modules/intellij.execution.process.mediator.client.jar
73f1b4a00000-73f1b4c97000 r--s 00000000 fd:01 4392010                    /home/ubuntu/.gradle/caches/8.10.2/transforms/81e4360543fbb01d4f7fb470fa49803d/transformed/ideaIU-2025.3/lib/product.jar
73f1b4c97000-73f1b4c9a000 r--s 00000000 fd:01 4391499                    /home/ubuntu/.gradle/caches/8.10.2/transforms/81e4360543fbb01d4f7fb470fa49803d/transformed/ideaIU-2025.3/plugins/DatabaseTools/lib/modules/intellij.database.dialects.sybase.ex.jar
73f1b4c9a000-73f1b4da0000 r--s 00000000 fd:01 4392177                    /home/ubuntu/.gradle/caches/8.10.2/transforms/81e4360543fbb01d4f7fb470fa49803d/transformed/ideaIU-2025.3/lib/modules/intellij.debugger.streams.core.jar
73f1b4da0000-73f1b4dd3000 r--s 00000000 fd:01 2850864                    /home/ubuntu/.gradle/caches/modules-2/files-2.1/org.junit.platform/junit-platform-engine/1.10.2/d53bb4e0ce7f211a498705783440614bfaf0df2e/junit-platform-engine-1.10.2.jar
73f1b4dd3000-73f1b4e00000 r--s 00000000 fd:01 2850863                    /home/ubuntu/.gradle/caches/modules-2/files-2.1/org.junit.platform/junit-platform-launcher/1.10.2/8125dd29e847ca274dd1a7a9ca54859acc284cb3/junit-platform-launcher-1.10.2.jar
73f1b4e00000-73f1b508c000 r--s 00000000 fd:01 4392192                    /home/ubuntu/.gradle/caches/8.10.2/transforms/81e4360543fbb01d4f7fb470fa49803d/transformed/ideaIU-2025.3/lib/opentelemetry.jar
73f1b508c000-73f1b5091000 r--s 00000000 fd:01 4392046                    /home/ubuntu/.gradle/caches/8.10.2/transforms/81e4360543fbb01d4f7fb470fa49803d/transformed/ideaIU-2025.3/lib/modules/intellij.platform.lang.impl.backend.jar
73f1b5091000-73f1b50a0000 r--s 00000000 fd:01 4392065                    /home/ubuntu/.gradle/caches/8.10.2/transforms/81e4360543fbb01d4f7fb470fa49803d/transformed/ideaIU-2025.3/lib/modules/intellij.platform.jewel.markdown.extensions.gfmStrikethrough.jar
73f1b50a0000-73f1b50b7000 r--s 00000000 fd:01 4392144                    /home/ubuntu/.gradle/caches/8.10.2/transforms/81e4360543fbb01d4f7fb470fa49803d/transformed/ideaIU-2025.3/lib/modules/intellij.execution.process.elevation.jar
73f1b50b7000-73f1b50eb000 r--s 00000000 fd:01 2850838                    /home/ubuntu/.gradle/caches/modules-2/files-2.1/org.junit.jupiter/junit-jupiter-api/5.10.2/fb55d6e2bce173f35fd28422e7975539621055ef/junit-jupiter-api-5.10.2.jar
73f1b50eb000-73f1b5127000 r--s 00000000 fd:01 2850866                    /home/ubuntu/.gradle/caches/modules-2/files-2.1/org.junit.jupiter/junit-jupiter-engine/5.10.2/f1f8fe97bd58e85569205f071274d459c2c4f8cd/junit-jupiter-engine-5.10.2.jar
73f1b5127000-73f1b51b7000 r--s 00000000 fd:01 2850839                    /home/ubuntu/.gradle/caches/modules-2/files-2.1/org.junit.jupiter/junit-jupiter-params/5.10.2/359132c82a9d3fa87a325db6edd33b5fdc67a3d8/junit-jupiter-params-5.10.2.jar
73f1b51b7000-73f1b5200000 r--s 00000000 fd:01 2850740                    /home/ubuntu/.gradle/caches/modules-2/files-2.1/com.google.code.gson/gson/2.11.0/527175ca6d81050b53bdd4c457a6d6e017626b0e/gson-2.11.0.jar
73f1b5200000-73f1b5487000 r--s 00000000 fd:01 4391964                    /home/ubuntu/.gradle/caches/8.10.2/transforms/81e4360543fbb01d4f7fb470fa49803d/transformed/ideaIU-2025.3/lib/module-intellij.xml.impl.jar
73f1b5487000-73f1b5488000 r--s 00000000 fd:01 4390814                    /home/ubuntu/.gradle/caches/8.10.2/transforms/81e4360543fbb01d4f7fb470fa49803d/transformed/ideaIU-2025.3/plugins/java/lib/jps-launcher.jar
73f1b5488000-73f1b548a000 r--s 00000000 fd:01 4391445                    /home/ubuntu/.gradle/caches/8.10.2/transforms/81e4360543fbb01d4f7fb470fa49803d/transformed/ideaIU-2025.3/plugins/css-plugin/lib/modules/intellij.css.copyright.jar
73f1b548a000-73f1b5498000 r--s 00000000 fd:01 4392173                    /home/ubuntu/.gradle/caches/8.10.2/transforms/81e4360543fbb01d4f7fb470fa49803d/transformed/ideaIU-2025.3/lib/modules/intellij.platform.jewel.markdown.extensions.autolink.jar
73f1b5498000-73f1b54b2000 r--s 00000000 fd:01 2850843                    /home/ubuntu/.gradle/caches/modules-2/files-2.1/org.junit.platform/junit-platform-commons/1.10.2/3197154a1f0c88da46c47a9ca27611ac7ec5d797/junit-platform-commons-1.10.2.jar
73f1b54b2000-73f1b5505000 r--s 00000000 fd:01 4391906                    /home/ubuntu/.gradle/caches/8.10.2/transforms/81e4360543fbb01d4f7fb470fa49803d/transformed/ideaIU-2025.3/lib/util_rt.jar
73f1b5505000-73f1b5543000 r--s 00000000 fd:01 4391956                    /home/ubuntu/.gradle/caches/8.10.2/transforms/81e4360543fbb01d4f7fb470fa49803d/transformed/ideaIU-2025.3/lib/trove.jar
73f1b5543000-73f1b55c1000 r--s 00000000 fd:01 4392020                    /home/ubuntu/.gradle/caches/8.10.2/transforms/81e4360543fbb01d4f7fb470fa49803d/transformed/ideaIU-2025.3/lib/module-intellij.xml.ui.common.jar
73f1b55c1000-73f1b55f0000 r--s 00000000 fd:01 4392200                    /home/ubuntu/.gradle/caches/8.10.2/transforms/81e4360543fbb01d4f7fb470fa49803d/transformed/ideaIU-2025.3/lib/module-intellij.xml.psi.jar
73f1b55f0000-73f1b5655000 r--s 00000000 fd:01 4391978                    /home/ubuntu/.gradle/caches/8.10.2/transforms/81e4360543fbb01d4f7fb470fa49803d/transformed/ideaIU-2025.3/lib/module-intellij.xml.parser.jar
73f1b5655000-73f1b5722000 r--s 00000000 fd:01 4391989                    /home/ubuntu/.gradle/caches/8.10.2/transforms/81e4360543fbb01d4f7fb470fa49803d/transformed/ideaIU-2025.3/lib/module-intellij.xml.dom.jar
73f1b5722000-73f1b5820000 r--s 00000000 fd:01 4392196                    /home/ubuntu/.gradle/caches/8.10.2/transforms/81e4360543fbb01d4f7fb470fa49803d/transformed/ideaIU-2025.3/lib/module-intellij.xml.dom.impl.jar
73f1b5820000-73f1b5915000 r--s 00000000 fd:01 4392005                    /home/ubuntu/.gradle/caches/8.10.2/transforms/81e4360543fbb01d4f7fb470fa49803d/transformed/ideaIU-2025.3/lib/module-intellij.xml.analysis.impl.jar
73f1b5915000-73f1b59e2000 r--s 00000000 fd:01 4391993                    /home/ubuntu/.gradle/caches/8.10.2/transforms/81e4360543fbb01d4f7fb470fa49803d/transformed/ideaIU-2025.3/lib/module-intellij.regexp.jar
73f1b59e2000-73f1b5a00000 r--s 00000000 fd:01 4391973                    /home/ubuntu/.gradle/caches/8.10.2/transforms/81e4360543fbb01d4f7fb470fa49803d/transformed/ideaIU-2025.3/lib/module-intellij.platform.vcs.shared.jar
73f1b5a00000-73f1b5cfa000 r--s 00000000 fd:01 4391974                    /home/ubuntu/.gradle/caches/8.10.2/transforms/81e4360543fbb01d4f7fb470fa49803d/transformed/ideaIU-2025.3/lib/module-intellij.platform.polySymbols.jar
73f1b5cfa000-73f1b5cfc000 r--s 00000000 fd:01 4391442                    /home/ubuntu/.gradle/caches/8.10.2/transforms/81e4360543fbb01d4f7fb470fa49803d/transformed/ideaIU-2025.3/plugins/css-plugin/lib/modules/intellij.css.watcher.jar
73f1b5cfc000-73f1b5d13000 r--s 00000000 fd:01 4391915                    /home/ubuntu/.gradle/caches/8.10.2/transforms/81e4360543fbb01d4f7fb470fa49803d/transformed/ideaIU-2025.3/lib/module-intellij.xml.syntax.jar
73f1b5d13000-73f1b5e00000 r--s 00000000 fd:01 4392003                    /home/ubuntu/.gradle/caches/8.10.2/transforms/81e4360543fbb01d4f7fb470fa49803d/transformed/ideaIU-2025.3/lib/module-intellij.platform.vcs.jar
73f1b5e00000-73f1b6013000 r--s 00000000 fd:01 4391922                    /home/ubuntu/.gradle/caches/8.10.2/transforms/81e4360543fbb01d4f7fb470fa49803d/transformed/ideaIU-2025.3/lib/module-intellij.platform.debugger.impl.rpc.jar
73f1b6013000-73f1b6017000 r--s 00000000 fd:01 4389842                    /home/ubuntu/.gradle/caches/8.10.2/transforms/81e4360543fbb01d4f7fb470fa49803d/transformed/ideaIU-2025.3/plugins/javascript-plugin/lib/modules/intellij.javascript.frontend.jar
73f1b6017000-73f1b602e000 r--s 00000000 fd:01 4392024                    /home/ubuntu/.gradle/caches/8.10.2/transforms/81e4360543fbb01d4f7fb470fa49803d/transformed/ideaIU-2025.3/lib/module-intellij.xml.structureView.impl.jar
73f1b602e000-73f1b6089000 r--s 00000000 fd:01 4391913                    /home/ubuntu/.gradle/caches/8.10.2/transforms/81e4360543fbb01d4f7fb470fa49803d/transformed/ideaIU-2025.3/lib/module-intellij.platform.polySymbols.backend.jar
73f1b6089000-73f1b6190000 r--s 00000000 fd:01 4391961                    /home/ubuntu/.gradle/caches/8.10.2/transforms/81e4360543fbb01d4f7fb470fa49803d/transformed/ideaIU-2025.3/lib/module-intellij.platform.eel.impl.jar
73f1b6190000-73f1b6191000 ---p 00000000 00:00 0 
73f1b6191000-73f1b6291000 rw-p 00000000 00:00 0 
73f1b6291000-73f1b6400000 r--s 00000000 fd:01 4391945                    /home/ubuntu/.gradle/caches/8.10.2/transforms/81e4360543fbb01d4f7fb470fa49803d/transformed/ideaIU-2025.3/lib/module-intellij.libraries.xstream.jar
73f1b6400000-73f1b6718000 r--s 00000000 fd:01 4392197                    /home/ubuntu/.gradle/caches/8.10.2/transforms/81e4360543fbb01d4f7fb470fa49803d/transformed/ideaIU-2025.3/lib/module-intellij.libraries.xerces.jar
73f1b6718000-73f1b6719000 r--s 00000000 fd:01 4391531                    /home/ubuntu/.gradle/caches/8.10.2/transforms/81e4360543fbb01d4f7fb470fa49803d/transformed/ideaIU-2025.3/plugins/DatabaseTools/lib/modules/intellij.database.dialects.mssql.impl.jar
73f1b6719000-73f1b671c000 r--s 00000000 fd:01 4392047                    /home/ubuntu/.gradle/caches/8.10.2/transforms/81e4360543fbb01d4f7fb470fa49803d/transformed/ideaIU-2025.3/lib/modules/intellij.xml.langInjection.xpath.jar
73f1b671c000-73f1b6727000 r--s 00000000 fd:01 4392032                    /home/ubuntu/.gradle/caches/8.10.2/transforms/81e4360543fbb01d4f7fb470fa49803d/transformed/ideaIU-2025.3/lib/modules/intellij.platform.find.backend.jar
73f1b6727000-73f1b6728000 ---p 00000000 00:00 0 
73f1b6728000-73f1b6828000 rw-p 00000000 00:00 0 
73f1b6828000-73f1b68d0000 r--s 00000000 fd:01 4391934                    /home/ubuntu/.gradle/caches/8.10.2/transforms/81e4360543fbb01d4f7fb470fa49803d/transformed/ideaIU-2025.3/lib/module-intellij.libraries.winp.jar
73f1b68d0000-73f1b69fd000 r--s 00000000 fd:01 4391940                    /home/ubuntu/.gradle/caches/8.10.2/transforms/81e4360543fbb01d4f7fb470fa49803d/transformed/ideaIU-2025.3/lib/module-intellij.libraries.velocity.jar
73f1b69fd000-73f1b6ad3000 r--s 00000000 fd:01 4391924                    /home/ubuntu/.gradle/caches/8.10.2/transforms/81e4360543fbb01d4f7fb470fa49803d/transformed/ideaIU-2025.3/lib/module-intellij.libraries.stream.jar
73f1b6ad3000-73f1b6c26000 r--s 00000000 fd:01 4391981                    /home/ubuntu/.gradle/caches/8.10.2/transforms/81e4360543fbb01d4f7fb470fa49803d/transformed/ideaIU-2025.3/lib/module-intellij.libraries.sshj.jar
73f1b6c26000-73f1b6cda000 r--s 00000000 fd:01 4392191                    /home/ubuntu/.gradle/caches/8.10.2/transforms/81e4360543fbb01d4f7fb470fa49803d/transformed/ideaIU-2025.3/lib/module-intellij.libraries.snakeyaml.jar
73f1b6cda000-73f1b6d7d000 r--s 00000000 fd:01 4391953                    /home/ubuntu/.gradle/caches/8.10.2/transforms/81e4360543fbb01d4f7fb470fa49803d/transformed/ideaIU-2025.3/lib/module-intellij.libraries.snakeyaml.engine.jar
73f1b6d7d000-73f1b6ebc000 r--s 00000000 fd:01 4391933                    /home/ubuntu/.gradle/caches/8.10.2/transforms/81e4360543fbb01d4f7fb470fa49803d/transformed/ideaIU-2025.3/lib/module-intellij.libraries.markdown.jar
73f1b6ebc000-73f1b7072000 r--s 00000000 fd:01 4392202                    /home/ubuntu/.gradle/caches/8.10.2/transforms/81e4360543fbb01d4f7fb470fa49803d/transformed/ideaIU-2025.3/lib/module-intellij.libraries.lz4.jar
73f1b7072000-73f1b7200000 r--s 00000000 fd:01 4391988                    /home/ubuntu/.gradle/caches/8.10.2/transforms/81e4360543fbb01d4f7fb470fa49803d/transformed/ideaIU-2025.3/lib/module-intellij.libraries.ktor.utils.jar
73f1b7200000-73f1b7648000 r--s 00000000 fd:01 4392182                    /home/ubuntu/.gradle/caches/8.10.2/transforms/81e4360543fbb01d4f7fb470fa49803d/transformed/ideaIU-2025.3/lib/module-intellij.libraries.ktor.client.jar
73f1b7648000-73f1b765e000 r--s 00000000 fd:01 4392111                    /home/ubuntu/.gradle/caches/8.10.2/transforms/81e4360543fbb01d4f7fb470fa49803d/transformed/ideaIU-2025.3/lib/modules/intellij.platform.execution.impl.backend.jar
73f1b765e000-73f1b768a000 r--s 00000000 fd:01 4391975                    /home/ubuntu/.gradle/caches/8.10.2/transforms/81e4360543fbb01d4f7fb470fa49803d/transformed/ideaIU-2025.3/lib/module-intellij.platform.vcs.core.jar
73f1b768a000-73f1b773d000 r--s 00000000 fd:01 4391937                    /home/ubuntu/.gradle/caches/8.10.2/transforms/81e4360543fbb01d4f7fb470fa49803d/transformed/ideaIU-2025.3/lib/module-intellij.libraries.mvstore.jar
73f1b773d000-73f1b7811000 r--s 00000000 fd:01 4391992                    /home/ubuntu/.gradle/caches/8.10.2/transforms/81e4360543fbb01d4f7fb470fa49803d/transformed/ideaIU-2025.3/lib/module-intellij.libraries.ktor.network.tls.jar
73f1b7811000-73f1b7a00000 r--s 00000000 fd:01 4392185                    /home/ubuntu/.gradle/caches/8.10.2/transforms/81e4360543fbb01d4f7fb470fa49803d/transformed/ideaIU-2025.3/lib/module-intellij.libraries.kotlinx.html.jar
73f1b7a00000-73f1b82d1000 r--s 00000000 fd:01 4391984                    /home/ubuntu/.gradle/caches/8.10.2/transforms/81e4360543fbb01d4f7fb470fa49803d/transformed/ideaIU-2025.3/lib/module-intellij.libraries.kotlin.reflect.jar
73f1b82d1000-73f1b82d2000 r--s 00000000 fd:01 4391538                    /home/ubuntu/.gradle/caches/8.10.2/transforms/81e4360543fbb01d4f7fb470fa49803d/transformed/ideaIU-2025.3/plugins/DatabaseTools/lib/modules/intellij.database.dialects.mysqlbase.impl.jar
73f1b82d2000-73f1b82d8000 r--s 00000000 fd:01 4392141                    /home/ubuntu/.gradle/caches/8.10.2/transforms/81e4360543fbb01d4f7fb470fa49803d/transformed/ideaIU-2025.3/lib/modules/intellij.platform.identifiers.highlighting.backend.jar
73f1b82d8000-73f1b8303000 r--s 00000000 fd:01 4392190                    /home/ubuntu/.gradle/caches/8.10.2/transforms/81e4360543fbb01d4f7fb470fa49803d/transformed/ideaIU-2025.3/lib/module-intellij.platform.find.jar
73f1b8303000-73f1b8328000 r--s 00000000 fd:01 4391972                    /home/ubuntu/.gradle/caches/8.10.2/transforms/81e4360543fbb01d4f7fb470fa49803d/transformed/ideaIU-2025.3/lib/module-intellij.platform.debugger.impl.shared.jar
73f1b8328000-73f1b8372000 r--s 00000000 fd:01 4391954                    /home/ubuntu/.gradle/caches/8.10.2/transforms/81e4360543fbb01d4f7fb470fa49803d/transformed/ideaIU-2025.3/lib/module-intellij.libraries.xz.jar
73f1b8372000-73f1b8400000 r--s 00000000 fd:01 4392018                    /home/ubuntu/.gradle/caches/8.10.2/transforms/81e4360543fbb01d4f7fb470fa49803d/transformed/ideaIU-2025.3/lib/module-intellij.libraries.ktor.io.jar
73f1b8400000-73f1b9208000 r--s 00000000 fd:01 4391985                    /home/ubuntu/.gradle/caches/8.10.2/transforms/81e4360543fbb01d4f7fb470fa49803d/transformed/ideaIU-2025.3/lib/module-intellij.libraries.jcef.jar
73f1b9208000-73f1b9209000 r--s 00000000 fd:01 4391529                    /home/ubuntu/.gradle/caches/8.10.2/transforms/81e4360543fbb01d4f7fb470fa49803d/transformed/ideaIU-2025.3/plugins/DatabaseTools/lib/modules/intellij.database.sql.frontend.core.jar
73f1b9209000-73f1b920e000 r--s 00000000 fd:01 4392140                    /home/ubuntu/.gradle/caches/8.10.2/transforms/81e4360543fbb01d4f7fb470fa49803d/transformed/ideaIU-2025.3/lib/modules/intellij.platform.execution.serviceView.frontend.jar
73f1b920e000-73f1b9226000 r--s 00000000 fd:01 4391914                    /home/ubuntu/.gradle/caches/8.10.2/transforms/81e4360543fbb01d4f7fb470fa49803d/transformed/ideaIU-2025.3/lib/module-intellij.platform.scopes.jar
73f1b9226000-73f1b928f000 r--s 00000000 fd:01 4391910                    /home/ubuntu/.gradle/caches/8.10.2/transforms/81e4360543fbb01d4f7fb470fa49803d/transformed/ideaIU-2025.3/lib/module-intellij.libraries.xtext.xbase.jar
73f1b928f000-73f1b9400000 r--s 00000000 fd:01 4392199                    /home/ubuntu/.gradle/caches/8.10.2/transforms/81e4360543fbb01d4f7fb470fa49803d/transformed/ideaIU-2025.3/lib/module-intellij.libraries.kotlinx.datetime.jar
73f1b9400000-73f1b9897000 r--s 00000000 fd:01 4391996                    /home/ubuntu/.gradle/caches/8.10.2/transforms/81e4360543fbb01d4f7fb470fa49803d/transformed/ideaIU-2025.3/lib/module-intellij.libraries.jackson.databind.jar
73f1b9897000-73f1b989b000 r--s 00000000 fd:01 4392149                    /home/ubuntu/.gradle/caches/8.10.2/transforms/81e4360543fbb01d4f7fb470fa49803d/transformed/ideaIU-2025.3/lib/modules/intellij.platform.rpc.topics.backend.jar
73f1b989b000-73f1b98e4000 r--s 00000000 fd:01 4391916                    /home/ubuntu/.gradle/caches/8.10.2/transforms/81e4360543fbb01d4f7fb470fa49803d/transformed/ideaIU-2025.3/lib/module-intellij.libraries.pty4j.jar
73f1b98e4000-73f1b9a00000 r--s 00000000 fd:01 4391958                    /home/ubuntu/.gradle/caches/8.10.2/transforms/81e4360543fbb01d4f7fb470fa49803d/transformed/ideaIU-2025.3/lib/module-intellij.libraries.kryo5.jar
73f1b9a00000-73f1bbab2000 r--s 00000000 fd:01 4392011                    /home/ubuntu/.gradle/caches/8.10.2/transforms/81e4360543fbb01d4f7fb470fa49803d/transformed/ideaIU-2025.3/lib/module-intellij.libraries.icu4j.jar
73f1bbab2000-73f1bbac4000 r--s 00000000 fd:01 4392090                    /home/ubuntu/.gradle/caches/8.10.2/transforms/81e4360543fbb01d4f7fb470fa49803d/transformed/ideaIU-2025.3/lib/modules/intellij.platform.compose.jar
73f1bbac4000-73f1bbb1e000 r--s 00000000 fd:01 4391986                    /home/ubuntu/.gradle/caches/8.10.2/transforms/81e4360543fbb01d4f7fb470fa49803d/transformed/ideaIU-2025.3/lib/module-intellij.libraries.proxy.vole.jar
73f1bbb1e000-73f1bbc00000 r--s 00000000 fd:01 4391994                    /home/ubuntu/.gradle/caches/8.10.2/transforms/81e4360543fbb01d4f7fb470fa49803d/transformed/ideaIU-2025.3/lib/module-intellij.libraries.kotlinx.serialization.core.jar
73f1bbc00000-73f1bbe67000 r--s 00000000 fd:01 4391995                    /home/ubuntu/.gradle/caches/8.10.2/transforms/81e4360543fbb01d4f7fb470fa49803d/transformed/ideaIU-2025.3/lib/module-intellij.libraries.http.client.jar
73f1bbe67000-73f1bbe6a000 r--s 00000000 fd:01 4392041                    /home/ubuntu/.gradle/caches/8.10.2/transforms/81e4360543fbb01d4f7fb470fa49803d/transformed/ideaIU-2025.3/lib/modules/intellij.platform.progress.backend.jar
73f1bbe6a000-73f1bbe70000 r--s 00000000 fd:01 4392070                    /home/ubuntu/.gradle/caches/8.10.2/transforms/81e4360543fbb01d4f7fb470fa49803d/transformed/ideaIU-2025.3/lib/modules/intellij.platform.execution.serviceView.backend.jar
73f1bbe70000-73f1bbe78000 r--s 00000000 fd:01 4392082                    /home/ubuntu/.gradle/caches/8.10.2/transforms/81e4360543fbb01d4f7fb470fa49803d/transformed/ideaIU-2025.3/lib/modules/intellij.platform.editor.backend.jar
73f1bbe78000-73f1bbf16000 r--s 00000000 fd:01 4392025                    /home/ubuntu/.gradle/caches/8.10.2/transforms/81e4360543fbb01d4f7fb470fa49803d/transformed/ideaIU-2025.3/lib/module-intellij.libraries.kotlinx.serialization.json.jar
73f1bbf16000-73f1bbf70000 r--s 00000000 fd:01 4392203                    /home/ubuntu/.gradle/caches/8.10.2/transforms/81e4360543fbb01d4f7fb470fa49803d/transformed/ideaIU-2025.3/lib/module-intellij.libraries.kotlinx.io.jar
73f1bbf70000-73f1bc000000 r--s 00000000 fd:01 4392002                    /home/ubuntu/.gradle/caches/8.10.2/transforms/81e4360543fbb01d4f7fb470fa49803d/transformed/ideaIU-2025.3/lib/module-intellij.libraries.kotlinx.collections.immutable.jar
73f1bc000000-73f1bc6ea000 r--s 00000000 fd:01 4391907                    /home/ubuntu/.gradle/caches/8.10.2/transforms/81e4360543fbb01d4f7fb470fa49803d/transformed/ideaIU-2025.3/lib/module-intellij.libraries.guava.jar
73f1bc6ea000-73f1bc733000 r--s 00000000 fd:01 4391959                    /home/ubuntu/.gradle/caches/8.10.2/transforms/81e4360543fbb01d4f7fb470fa49803d/transformed/ideaIU-2025.3/lib/module-intellij.libraries.miglayout.swing.jar
73f1bc733000-73f1bc800000 r--s 00000000 fd:01 4392194                    /home/ubuntu/.gradle/caches/8.10.2/transforms/81e4360543fbb01d4f7fb470fa49803d/transformed/ideaIU-2025.3/lib/module-intellij.libraries.jsvg.jar
73f1bc800000-73f1bd0c0000 r--s 00000000 fd:01 4391976                    /home/ubuntu/.gradle/caches/8.10.2/transforms/81e4360543fbb01d4f7fb470fa49803d/transformed/ideaIU-2025.3/lib/module-intellij.libraries.fastutil.jar
73f1bd0c0000-73f1bd0c1000 r--s 00000000 fd:01 4391509                    /home/ubuntu/.gradle/caches/8.10.2/transforms/81e4360543fbb01d4f7fb470fa49803d/transformed/ideaIU-2025.3/plugins/DatabaseTools/lib/modules/intellij.database.backend.split.jar
73f1bd0c1000-73f1bd0c4000 r--s 00000000 fd:01 4392039                    /home/ubuntu/.gradle/caches/8.10.2/transforms/81e4360543fbb01d4f7fb470fa49803d/transformed/ideaIU-2025.3/lib/modules/intellij.platform.kernel.impl.jar
73f1bd0c4000-73f1bd0dc000 r--s 00000000 fd:01 4391932                    /home/ubuntu/.gradle/caches/8.10.2/transforms/81e4360543fbb01d4f7fb470fa49803d/transformed/ideaIU-2025.3/lib/module-intellij.platform.rpc.topics.jar
73f1bd0dc000-73f1bd101000 r--s 00000000 fd:01 4391926                    /home/ubuntu/.gradle/caches/8.10.2/transforms/81e4360543fbb01d4f7fb470fa49803d/transformed/ideaIU-2025.3/lib/module-intellij.libraries.rd.text.jar
73f1bd101000-73f1bd200000 r--s 00000000 fd:01 4391905                    /home/ubuntu/.gradle/caches/8.10.2/transforms/81e4360543fbb01d4f7fb470fa49803d/transformed/ideaIU-2025.3/lib/module-intellij.libraries.jsoup.jar
73f1bd200000-73f1be1af000 r--s 00000000 fd:01 4391904                    /home/ubuntu/.gradle/caches/8.10.2/transforms/81e4360543fbb01d4f7fb470fa49803d/transformed/ideaIU-2025.3/lib/module-intellij.libraries.bouncy.castle.provider.jar
73f1be1af000-73f1be1b0000 r--s 00000000 fd:01 4391446                    /home/ubuntu/.gradle/caches/8.10.2/transforms/81e4360543fbb01d4f7fb470fa49803d/transformed/ideaIU-2025.3/plugins/css-plugin/lib/modules/intellij.css.frontend.split.jar
73f1be1b0000-73f1be1b7000 r--s 00000000 fd:01 4392092                    /home/ubuntu/.gradle/caches/8.10.2/transforms/81e4360543fbb01d4f7fb470fa49803d/transformed/ideaIU-2025.3/lib/modules/intellij.platform.diagnostic.telemetry.agent.extension.jar
73f1be1b7000-73f1be1bf000 r--s 00000000 fd:01 4392152                    /home/ubuntu/.gradle/caches/8.10.2/transforms/81e4360543fbb01d4f7fb470fa49803d/transformed/ideaIU-2025.3/lib/modules/intellij.platform.diagnostic.freezeAnalyzer.jar
73f1be1bf000-73f1be200000 r--s 00000000 fd:01 4391917                    /home/ubuntu/.gradle/caches/8.10.2/transforms/81e4360543fbb01d4f7fb470fa49803d/transformed/ideaIU-2025.3/lib/module-intellij.libraries.ktor.client.cio.jar
73f1be200000-73f1bf3ac000 r--s 00000000 fd:01 4391912                    /home/ubuntu/.gradle/caches/8.10.2/transforms/81e4360543fbb01d4f7fb470fa49803d/transformed/ideaIU-2025.3/lib/lib.jar
73f1bf3ac000-73f1bf3ad000 r--s 00000000 fd:01 4390219                    /home/ubuntu/.gradle/caches/8.10.2/transforms/81e4360543fbb01d4f7fb470fa49803d/transformed/ideaIU-2025.3/plugins/android-gradle-declarative-lang-ide/lib/android-gradle-declarative-lang-ide-frontend.jar
73f1bf3ad000-73f1bf3ae000 r--s 00000000 fd:01 4389494                    /home/ubuntu/.gradle/caches/8.10.2/transforms/81e4360543fbb01d4f7fb470fa49803d/transformed/ideaIU-2025.3/plugins/javascript-debugger/lib/modules/intellij.javascript.debugger.coverage.jar
73f1bf3ae000-73f1bf3bf000 r--s 00000000 fd:01 4392109                    /home/ubuntu/.gradle/caches/8.10.2/transforms/81e4360543fbb01d4f7fb470fa49803d/transformed/ideaIU-2025.3/lib/modules/intellij.platform.collaborationTools.auth.base.jar
73f1bf3bf000-73f1bf400000 r--s 00000000 fd:01 4391939                    /home/ubuntu/.gradle/caches/8.10.2/transforms/81e4360543fbb01d4f7fb470fa49803d/transformed/ideaIU-2025.3/lib/module-intellij.libraries.kotlinx.serialization.protobuf.jar
73f1bf400000-73f1c28c3000 r--s 00000000 fd:01 4392204                    /home/ubuntu/.gradle/caches/8.10.2/transforms/81e4360543fbb01d4f7fb470fa49803d/transformed/ideaIU-2025.3/lib/product-backend.jar
73f1c28c3000-73f1c28c4000 r--s 00000000 fd:01 4389495                    /home/ubuntu/.gradle/caches/8.10.2/transforms/81e4360543fbb01d4f7fb470fa49803d/transformed/ideaIU-2025.3/plugins/javascript-debugger/lib/modules/intellij.javascript.debugger.webDeployment.jar
73f1c28c4000-73f1c28c9000 r--s 00000000 fd:01 4392094                    /home/ubuntu/.gradle/caches/8.10.2/transforms/81e4360543fbb01d4f7fb470fa49803d/transformed/ideaIU-2025.3/lib/modules/intellij.platform.editor.jar
73f1c28c9000-73f1c28d9000 r--s 00000000 fd:01 4392078                    /home/ubuntu/.gradle/caches/8.10.2/transforms/81e4360543fbb01d4f7fb470fa49803d/transformed/ideaIU-2025.3/lib/modules/intellij.platform.collaborationTools.auth.jar
73f1c28d9000-73f1c28f7000 r--s 00000000 fd:01 4391902                    /home/ubuntu/.gradle/caches/8.10.2/transforms/81e4360543fbb01d4f7fb470fa49803d/transformed/ideaIU-2025.3/lib/module-intellij.libraries.oro.matcher.jar
73f1c28f7000-73f1c291a000 r--s 00000000 fd:01 4392016                    /home/ubuntu/.gradle/caches/8.10.2/transforms/81e4360543fbb01d4f7fb470fa49803d/transformed/ideaIU-2025.3/lib/module-intellij.libraries.jzlib.jar
73f1c291a000-73f1c2a00000 r--s 00000000 fd:01 4391999                    /home/ubuntu/.gradle/caches/8.10.2/transforms/81e4360543fbb01d4f7fb470fa49803d/transformed/ideaIU-2025.3/lib/module-intellij.libraries.jsonpath.jar
73f1c2a00000-73f1d16a0000 r--s 00000000 fd:01 4391980                    /home/ubuntu/.gradle/caches/8.10.2/transforms/81e4360543fbb01d4f7fb470fa49803d/transformed/ideaIU-2025.3/lib/app.jar
73f1d16a0000-73f1d16a2000 r--s 00000000 fd:01 4389149                    /home/ubuntu/.gradle/caches/8.10.2/transforms/81e4360543fbb01d4f7fb470fa49803d/transformed/ideaIU-2025.3/plugins/java-coverage/lib/java-coverage-rt.jar
73f1d16a2000-73f1d16b3000 r--s 00000000 fd:01 4392112                    /home/ubuntu/.gradle/caches/8.10.2/transforms/81e4360543fbb01d4f7fb470fa49803d/transformed/ideaIU-2025.3/lib/modules/intellij.platform.clouds.jar
73f1d16b3000-73f1d1727000 r--s 00000000 fd:01 4392023                    /home/ubuntu/.gradle/caches/8.10.2/transforms/81e4360543fbb01d4f7fb470fa49803d/transformed/ideaIU-2025.3/lib/module-intellij.libraries.jediterm.core.jar
73f1d1727000-73f1d1797000 r--s 00000000 fd:01 4391990                    /home/ubuntu/.gradle/caches/8.10.2/transforms/81e4360543fbb01d4f7fb470fa49803d/transformed/ideaIU-2025.3/lib/module-intellij.libraries.jaxen.jar
73f1d1797000-73f1d1800000 r--s 00000000 fd:01 4391936                    /home/ubuntu/.gradle/caches/8.10.2/transforms/81e4360543fbb01d4f7fb470fa49803d/transformed/ideaIU-2025.3/lib/module-intellij.libraries.jackson.module.kotlin.jar
73f1d1800000-73f1d3e87000 r--s 00000000 fd:01 4391952                    /home/ubuntu/.gradle/caches/8.10.2/transforms/81e4360543fbb01d4f7fb470fa49803d/transformed/ideaIU-2025.3/lib/util-8.jar
73f1d3e87000-73f1d3e88000 r--s 00000000 fd:01 4392097                    /home/ubuntu/.gradle/caches/8.10.2/transforms/81e4360543fbb01d4f7fb470fa49803d/transformed/ideaIU-2025.3/lib/modules/intellij.platform.vcs.impl.lang.actions.jar
73f1d3e88000-73f1d3e89000 r--s 00000000 fd:01 4392115                    /home/ubuntu/.gradle/caches/8.10.2/transforms/81e4360543fbb01d4f7fb470fa49803d/transformed/ideaIU-2025.3/lib/modules/intellij.platform.vcs.impl.exec.jar
73f1d3e89000-73f1d3ed1000 r--s 00000000 fd:01 4391903                    /home/ubuntu/.gradle/caches/8.10.2/transforms/81e4360543fbb01d4f7fb470fa49803d/transformed/ideaIU-2025.3/lib/module-intellij.libraries.java.websocket.jar
73f1d3ed1000-73f1d4000000 r--s 00000000 fd:01 4392186                    /home/ubuntu/.gradle/caches/8.10.2/transforms/81e4360543fbb01d4f7fb470fa49803d/transformed/ideaIU-2025.3/lib/module-intellij.libraries.jackson.jar
73f1d4000000-73f1d422c000 rw-p 00000000 00:00 0 
73f1d422c000-73f1d8000000 ---p 00000000 00:00 0 
73f1d8000000-73f1d8167000 rw-p 00000000 00:00 0 
73f1d8167000-73f1dc000000 ---p 00000000 00:00 0 
73f1dc000000-73f1dc021000 rw-p 00000000 00:00 0 
73f1dc021000-73f1e0000000 ---p 00000000 00:00 0 
73f1e0000000-73f1e0021000 rw-p 00000000 00:00 0 
73f1e0021000-73f1e4000000 ---p 00000000 00:00 0 
73f1e4000000-73f1e4021000 rw-p 00000000 00:00 0 
73f1e4021000-73f1e8000000 ---p 00000000 00:00 0 
73f1e8000000-73f1e8021000 rw-p 00000000 00:00 0 
73f1e8021000-73f1ec000000 ---p 00000000 00:00 0 
73f1ec000000-73f1ec021000 rw-p 00000000 00:00 0 
73f1ec021000-73f1f0000000 ---p 00000000 00:00 0 
73f1f0000000-73f1f0021000 rw-p 00000000 00:00 0 
73f1f0021000-73f1f4000000 ---p 00000000 00:00 0 
73f1f4000000-73f1f4070000 rw-p 00000000 00:00 0 
73f1f4070000-73f1f8000000 ---p 00000000 00:00 0 
73f1f8000000-73f1f8001000 r--s 00000000 fd:01 4392156                    /home/ubuntu/.gradle/caches/8.10.2/transforms/81e4360543fbb01d4f7fb470fa49803d/transformed/ideaIU-2025.3/lib/modules/intellij.platform.monolith.jar
73f1f8001000-73f1f8002000 r--s 00000000 fd:01 4392134                    /home/ubuntu/.gradle/caches/8.10.2/transforms/81e4360543fbb01d4f7fb470fa49803d/transformed/ideaIU-2025.3/lib/modules/intellij.platform.frontend.jar
73f1f8002000-73f1f8003000 r--s 00000000 fd:01 4392110                    /home/ubuntu/.gradle/caches/8.10.2/transforms/81e4360543fbb01d4f7fb470fa49803d/transformed/ideaIU-2025.3/lib/modules/intellij.platform.execution.dashboard.frontend.jar
73f1f8003000-73f1f8009000 r--s 00000000 fd:01 4392055                    /home/ubuntu/.gradle/caches/8.10.2/transforms/81e4360543fbb01d4f7fb470fa49803d/transformed/ideaIU-2025.3/lib/modules/intellij.platform.buildView.jar
73f1f8009000-73f1f8010000 r--s 00000000 fd:01 4392180                    /home/ubuntu/.gradle/caches/8.10.2/transforms/81e4360543fbb01d4f7fb470fa49803d/transformed/ideaIU-2025.3/lib/modules/intellij.grid.types.jar
73f1f8010000-73f1f802e000 r--s 00000000 fd:01 4391918                    /home/ubuntu/.gradle/caches/8.10.2/transforms/81e4360543fbb01d4f7fb470fa49803d/transformed/ideaIU-2025.3/lib/module-intellij.libraries.jvm.native.trusted.roots.jar
73f1f802e000-73f1f806d000 r--s 00000000 fd:01 4391946                    /home/ubuntu/.gradle/caches/8.10.2/transforms/81e4360543fbb01d4f7fb470fa49803d/transformed/ideaIU-2025.3/lib/module-intellij.libraries.jackson.jr.objects.jar
73f1f806d000-73f1f813f000 r--s 00000000 fd:01 4391919                    /home/ubuntu/.gradle/caches/8.10.2/transforms/81e4360543fbb01d4f7fb470fa49803d/transformed/ideaIU-2025.3/lib/module-intellij.libraries.hash4j.jar
73f1f813f000-73f1f82d5000 r--s 00000000 fd:01 4392201                    /home/ubuntu/.gradle/caches/8.10.2/transforms/81e4360543fbb01d4f7fb470fa49803d/transformed/ideaIU-2025.3/lib/module-intellij.libraries.commons.lang3.jar
73f1f82d5000-73f1f8400000 r--s 00000000 fd:01 4391963                    /home/ubuntu/.gradle/caches/8.10.2/transforms/81e4360543fbb01d4f7fb470fa49803d/transformed/ideaIU-2025.3/lib/module-intellij.libraries.commons.io.jar
73f1f8400000-73f1f863b000 r--s 00000000 fd:01 4391977                    /home/ubuntu/.gradle/caches/8.10.2/transforms/81e4360543fbb01d4f7fb470fa49803d/transformed/ideaIU-2025.3/lib/module-intellij.libraries.commons.compress.jar
73f1f863b000-73f1f8678000 r--s 00000000 fd:01 4391911                    /home/ubuntu/.gradle/caches/8.10.2/transforms/81e4360543fbb01d4f7fb470fa49803d/transformed/ideaIU-2025.3/lib/module-intellij.libraries.jediterm.ui.jar
73f1f8678000-73f1f8800000 r--s 00000000 fd:01 4392012                    /home/ubuntu/.gradle/caches/8.10.2/transforms/81e4360543fbb01d4f7fb470fa49803d/transformed/ideaIU-2025.3/lib/module-intellij.libraries.commons.imaging.jar
73f1f8800000-73f1f9f1e000 r--s 00000000 fd:01 4391921                    /home/ubuntu/.gradle/caches/8.10.2/transforms/81e4360543fbb01d4f7fb470fa49803d/transformed/ideaIU-2025.3/lib/groovy.jar
73f1f9f1e000-73f1f9f2e000 r--s 00000000 fd:01 4392059                    /home/ubuntu/.gradle/caches/8.10.2/transforms/81e4360543fbb01d4f7fb470fa49803d/transformed/ideaIU-2025.3/lib/modules/intellij.debugger.streams.shared.jar
73f1f9f2e000-73f1f9f6a000 r--s 00000000 fd:01 4392009                    /home/ubuntu/.gradle/caches/8.10.2/transforms/81e4360543fbb01d4f7fb470fa49803d/transformed/ideaIU-2025.3/lib/module-intellij.libraries.ini4j.jar
73f1f9f6a000-73f1fa000000 r--s 00000000 fd:01 4392184                    /home/ubuntu/.gradle/caches/8.10.2/transforms/81e4360543fbb01d4f7fb470fa49803d/transformed/ideaIU-2025.3/lib/module-intellij.libraries.gson.jar
73f1fa000000-73f1fa0e0000 rw-p 00000000 00:00 0 
73f1fa0e0000-73f1fa400000 ---p 00000000 00:00 0 
73f1fa400000-73f1fa470000 rw-p 00000000 00:00 0 
73f1fa470000-73f1fe000000 ---p 00000000 00:00 0 
73f1fe000000-73f1ffc7e000 rw-p 00001000 fd:01 4393180                    /home/ubuntu/.gradle/caches/8.10.2/transforms/81e4360543fbb01d4f7fb470fa49803d/transformed/ideaIU-2025.3/jbr/lib/server/classes.jsa
73f1ffc7e000-73f200000000 ---p 00000000 00:00 0 
73f200000000-73f200010000 rw-p 00000000 00:00 0 
73f200010000-73f200040000 ---p 00000000 00:00 0 
73f200040000-73f200050000 rw-p 00000000 00:00 0 
73f200050000-73f240000000 ---p 00000000 00:00 0 
73f240000000-73f240021000 rw-p 00000000 00:00 0 
73f240021000-73f244000000 ---p 00000000 00:00 0 
73f244000000-73f244021000 rw-p 00000000 00:00 0 
73f244021000-73f248000000 ---p 00000000 00:00 0 
73f248000000-73f248021000 rw-p 00000000 00:00 0 
73f248021000-73f24c000000 ---p 00000000 00:00 0 
73f24c000000-73f24c006000 r--s 00000000 fd:01 4392136                    /home/ubuntu/.gradle/caches/8.10.2/transforms/81e4360543fbb01d4f7fb470fa49803d/transformed/ideaIU-2025.3/lib/modules/intellij.idea.ultimate.feedback.jar
73f24c006000-73f24c00d000 r--s 00000000 fd:01 4392121                    /home/ubuntu/.gradle/caches/8.10.2/transforms/81e4360543fbb01d4f7fb470fa49803d/transformed/ideaIU-2025.3/lib/modules/intellij.debugger.streams.backend.jar
73f24c00d000-73f24c0c6000 r--s 00000000 fd:01 4391967                    /home/ubuntu/.gradle/caches/8.10.2/transforms/81e4360543fbb01d4f7fb470fa49803d/transformed/ideaIU-2025.3/lib/module-intellij.libraries.commons.codec.jar
73f24c0c6000-73f24c200000 r--s 00000000 fd:01 4392014                    /home/ubuntu/.gradle/caches/8.10.2/transforms/81e4360543fbb01d4f7fb470fa49803d/transformed/ideaIU-2025.3/lib/module-intellij.libraries.classgraph.jar
73f24c200000-73f24c421000 r--s 00000000 fd:01 4392015                    /home/ubuntu/.gradle/caches/8.10.2/transforms/81e4360543fbb01d4f7fb470fa49803d/transformed/ideaIU-2025.3/lib/module-intellij.libraries.caffeine.jar
73f24c421000-73f24c424000 r--s 00000000 fd:01 4392160                    /home/ubuntu/.gradle/caches/8.10.2/transforms/81e4360543fbb01d4f7fb470fa49803d/transformed/ideaIU-2025.3/lib/modules/intellij.platform.editor.frontend.jar
73f24c424000-73f24c425000 r--s 00000000 fd:01 4392063                    /home/ubuntu/.gradle/caches/8.10.2/transforms/81e4360543fbb01d4f7fb470fa49803d/transformed/ideaIU-2025.3/lib/modules/intellij.platform.customization.min.jar
73f24c425000-73f24c453000 r--s 00000000 fd:01 4391928                    /home/ubuntu/.gradle/caches/8.10.2/transforms/81e4360543fbb01d4f7fb470fa49803d/transformed/ideaIU-2025.3/lib/module-intellij.libraries.jettison.jar
73f24c453000-73f24c530000 r--s 00000000 fd:01 4391929                    /home/ubuntu/.gradle/caches/8.10.2/transforms/81e4360543fbb01d4f7fb470fa49803d/transformed/ideaIU-2025.3/lib/module-intellij.libraries.cglib.jar
73f24c530000-73f24c6b1000 r--s 00000000 fd:01 4391966                    /home/ubuntu/.gradle/caches/8.10.2/transforms/81e4360543fbb01d4f7fb470fa49803d/transformed/ideaIU-2025.3/lib/module-intellij.libraries.bouncy.castle.pgp.jar
73f24c6b1000-73f24c72b000 r--s 00000000 fd:01 4391947                    /home/ubuntu/.gradle/caches/8.10.2/transforms/81e4360543fbb01d4f7fb470fa49803d/transformed/ideaIU-2025.3/lib/module-intellij.libraries.automaton.jar
73f24c72b000-73f24c800000 r--s 00000000 fd:01 4391927                    /home/ubuntu/.gradle/caches/8.10.2/transforms/81e4360543fbb01d4f7fb470fa49803d/transformed/ideaIU-2025.3/lib/module-intellij.libraries.asm.jar
73f24c800000-73f24d193000 r--s 00000000 fd:01 4391997                    /home/ubuntu/.gradle/caches/8.10.2/transforms/81e4360543fbb01d4f7fb470fa49803d/transformed/ideaIU-2025.3/lib/lib-backend.jar
73f24d193000-73f24d194000 r--s 00000000 fd:01 4392102                    /home/ubuntu/.gradle/caches/8.10.2/transforms/81e4360543fbb01d4f7fb470fa49803d/transformed/ideaIU-2025.3/lib/modules/intellij.platform.compose.markdown.jar
73f24d194000-73f24d197000 r--s 00000000 fd:01 4392130                    /home/ubuntu/.gradle/caches/8.10.2/transforms/81e4360543fbb01d4f7fb470fa49803d/transformed/ideaIU-2025.3/lib/modules/intellij.platform.buildView.backend.jar
73f24d197000-73f24d1a3000 r--s 00000000 fd:01 4392193                    /home/ubuntu/.gradle/caches/8.10.2/transforms/81e4360543fbb01d4f7fb470fa49803d/transformed/ideaIU-2025.3/lib/module-intellij.xml.analysis.jar
73f24d1a3000-73f24d200000 r--s 00000000 fd:01 4391930                    /home/ubuntu/.gradle/caches/8.10.2/transforms/81e4360543fbb01d4f7fb470fa49803d/transformed/ideaIU-2025.3/lib/module-intellij.libraries.hdr.histogram.jar
73f24d200000-73f24df95000 r--s 00000000 fd:01 4391979                    /home/ubuntu/.gradle/caches/8.10.2/transforms/81e4360543fbb01d4f7fb470fa49803d/transformed/ideaIU-2025.3/lib/app-backend.jar
73f24df95000-73f24df99000 r--s 00000000 fd:01 4392178                    /home/ubuntu/.gradle/caches/8.10.2/transforms/81e4360543fbb01d4f7fb470fa49803d/transformed/ideaIU-2025.3/lib/modules/intellij.platform.bookmarks.frontend.jar
73f24df99000-73f24dfa4000 r--s 00000000 fd:01 4391982                    /home/ubuntu/.gradle/caches/8.10.2/transforms/81e4360543fbb01d4f7fb470fa49803d/transformed/ideaIU-2025.3/lib/module-intellij.platform.managed.cache.jar
73f24dfa4000-73f24dfc5000 r--s 00000000 fd:01 4392022                    /home/ubuntu/.gradle/caches/8.10.2/transforms/81e4360543fbb01d4f7fb470fa49803d/transformed/ideaIU-2025.3/lib/module-intellij.libraries.jackson.dataformat.yaml.jar
73f24dfc5000-73f24e000000 r--s 00000000 fd:01 4392195                    /home/ubuntu/.gradle/caches/8.10.2/transforms/81e4360543fbb01d4f7fb470fa49803d/transformed/ideaIU-2025.3/lib/module-intellij.libraries.commons.cli.jar
73f24e000000-73f250000000 rw-p 00000000 00:00 0 
73f250000000-73f250021000 rw-p 00000000 00:00 0 
73f250021000-73f254000000 ---p 00000000 00:00 0 
73f254000000-73f254021000 rw-p 00000000 00:00 0 
73f254021000-73f258000000 ---p 00000000 00:00 0 
73f258000000-73f258021000 rw-p 00000000 00:00 0 
73f258021000-73f25c000000 ---p 00000000 00:00 0 
73f25c000000-73f25c001000 r--s 00000000 fd:01 4392079                    /home/ubuntu/.gradle/caches/8.10.2/transforms/81e4360543fbb01d4f7fb470fa49803d/transformed/ideaIU-2025.3/lib/modules/intellij.platform.completion.frontend.jar
73f25c001000-73f25c004000 r--s 00000000 fd:01 4392081                    /home/ubuntu/.gradle/caches/8.10.2/transforms/81e4360543fbb01d4f7fb470fa49803d/transformed/ideaIU-2025.3/lib/modules/intellij.platform.bookmarks.backend.jar
73f25c004000-73f25c014000 r--s 00000000 fd:01 4391923                    /home/ubuntu/.gradle/caches/8.10.2/transforms/81e4360543fbb01d4f7fb470fa49803d/transformed/ideaIU-2025.3/lib/module-intellij.libraries.imgscalr.jar
73f25c014000-73f25c035000 r--s 00000000 fd:01 4391909                    /home/ubuntu/.gradle/caches/8.10.2/transforms/81e4360543fbb01d4f7fb470fa49803d/transformed/ideaIU-2025.3/lib/module-intellij.libraries.commons.logging.jar
73f25c035000-73f25c03e000 r--s 00000000 fd:01 4391955                    /home/ubuntu/.gradle/caches/8.10.2/transforms/81e4360543fbb01d4f7fb470fa49803d/transformed/ideaIU-2025.3/lib/module-intellij.libraries.cli.parser.jar
73f25c03e000-73f25c048000 r--s 00000000 fd:01 4392198                    /home/ubuntu/.gradle/caches/8.10.2/transforms/81e4360543fbb01d4f7fb470fa49803d/transformed/ideaIU-2025.3/lib/module-intellij.libraries.blockmap.jar
73f25c048000-73f25c0b8000 r--s 00000000 fd:01 4391941                    /home/ubuntu/.gradle/caches/8.10.2/transforms/81e4360543fbb01d4f7fb470fa49803d/transformed/ideaIU-2025.3/lib/module-intellij.libraries.asm.tools.jar
73f25c0b8000-73f25c200000 r--s 00000000 fd:01 4392013                    /home/ubuntu/.gradle/caches/8.10.2/transforms/81e4360543fbb01d4f7fb470fa49803d/transformed/ideaIU-2025.3/lib/jps-model.jar
73f25c200000-73f25c488000 r--s 00000000 fd:01 4392026                    /home/ubuntu/.gradle/caches/8.10.2/transforms/81e4360543fbb01d4f7fb470fa49803d/transformed/ideaIU-2025.3/lib/jaxb-runtime.jar
73f25c488000-73f25c489000 r--s 00000000 fd:01 4392128                    /home/ubuntu/.gradle/caches/8.10.2/transforms/81e4360543fbb01d4f7fb470fa49803d/transformed/ideaIU-2025.3/lib/modules/intellij.platform.completion.common.jar
73f25c489000-73f25c5a5000 r--s 00000000 fd:01 4391983                    /home/ubuntu/.gradle/caches/8.10.2/transforms/81e4360543fbb01d4f7fb470fa49803d/transformed/ideaIU-2025.3/lib/module-intellij.libraries.aalto.xml.jar
73f25c5a5000-73f25c5e1000 r--s 00000000 fd:01 4392006                    /home/ubuntu/.gradle/caches/8.10.2/transforms/81e4360543fbb01d4f7fb470fa49803d/transformed/ideaIU-2025.3/lib/jaxb-api.jar
73f25c5e1000-73f25c600000 r--s 00000000 fd:01 4392189                    /home/ubuntu/.gradle/caches/8.10.2/transforms/81e4360543fbb01d4f7fb470fa49803d/transformed/ideaIU-2025.3/lib/javax.activation.jar
73f25c600000-73f25c8c2000 r--s 00000000 fd:01 4391987                    /home/ubuntu/.gradle/caches/8.10.2/transforms/81e4360543fbb01d4f7fb470fa49803d/transformed/ideaIU-2025.3/lib/eclipse.lsp4j.jar
73f25c8c2000-73f25c8c3000 r--s 00000000 fd:01 4392061                    /home/ubuntu/.gradle/caches/8.10.2/transforms/81e4360543fbb01d4f7fb470fa49803d/transformed/ideaIU-2025.3/lib/modules/intellij.platform.completion.backend.jar
73f25c8c3000-73f25c8c7000 r--s 00000000 fd:01 2850846                    /home/ubuntu/.gradle/caches/modules-2/files-2.1/org.opentest4j/opentest4j/1.3.0/152ea56b3a72f655d4fd677fc0ef2596c3dd5e6e/opentest4j-1.3.0.jar
73f25c8c7000-73f25c961000 r--s 00000000 fd:01 4391962                    /home/ubuntu/.gradle/caches/8.10.2/transforms/81e4360543fbb01d4f7fb470fa49803d/transformed/ideaIU-2025.3/lib/intellij-test-discovery.jar
73f25c961000-73f25c990000 r--s 00000000 fd:01 4391951                    /home/ubuntu/.gradle/caches/8.10.2/transforms/81e4360543fbb01d4f7fb470fa49803d/transformed/ideaIU-2025.3/lib/idea_rt.jar
73f25c990000-73f25c9d8000 r--s 00000000 fd:01 4391931                    /home/ubuntu/.gradle/caches/8.10.2/transforms/81e4360543fbb01d4f7fb470fa49803d/transformed/ideaIU-2025.3/lib/eclipse.lsp4j.jsonrpc.jar
73f25c9d8000-73f25caf5000 r--s 00000000 fd:01 4392008                    /home/ubuntu/.gradle/caches/8.10.2/transforms/81e4360543fbb01d4f7fb470fa49803d/transformed/ideaIU-2025.3/lib/eclipse.lsp4j.debug.jar
73f25caf5000-73f25cc00000 r--s 00000000 fd:01 4391998                    /home/ubuntu/.gradle/caches/8.10.2/transforms/81e4360543fbb01d4f7fb470fa49803d/transformed/ideaIU-2025.3/lib/util.jar
73f25cc00000-73f25cc04000 ---p 00000000 00:00 0 
73f25cc04000-73f25cd00000 rw-p 00000000 00:00 0 
73f25cd00000-73f25cd04000 ---p 00000000 00:00 0 
73f25cd04000-73f25ce00000 rw-p 00000000 00:00 0 
73f25ce00000-73f25ce04000 ---p 00000000 00:00 0 
73f25ce04000-73f25cf00000 rw-p 00000000 00:00 0 
73f25cf00000-73f25cf04000 ---p 00000000 00:00 0 
73f25cf04000-73f25d000000 rw-p 00000000 00:00 0 
73f25d000000-73f25d004000 ---p 00000000 00:00 0 
73f25d004000-73f25d100000 rw-p 00000000 00:00 0 
73f25d100000-73f25d104000 ---p 00000000 00:00 0 
73f25d104000-73f25d200000 rw-p 00000000 00:00 0 
73f25d200000-73f25d204000 ---p 00000000 00:00 0 
73f25d204000-73f25d300000 rw-p 00000000 00:00 0 
73f25d300000-73f25d304000 ---p 00000000 00:00 0 
73f25d304000-73f25d400000 rw-p 00000000 00:00 0 
73f25d400000-73f25d6e9000 r--p 00000000 fd:01 6146                       /usr/lib/locale/locale-archive
73f25d6e9000-73f25d6ea000 r--s 00000000 fd:01 4392036                    /home/ubuntu/.gradle/caches/8.10.2/transforms/81e4360543fbb01d4f7fb470fa49803d/transformed/ideaIU-2025.3/lib/modules/intellij.platform.backend.jar
73f25d6ea000-73f25d6ec000 r--s 00000000 fd:01 4392114                    /home/ubuntu/.gradle/caches/8.10.2/transforms/81e4360543fbb01d4f7fb470fa49803d/transformed/ideaIU-2025.3/lib/modules/intellij.idea.customization.base.jar
73f25d6ec000-73f25d760000 r--s 00000000 fd:01 4392007                    /home/ubuntu/.gradle/caches/8.10.2/transforms/81e4360543fbb01d4f7fb470fa49803d/transformed/ideaIU-2025.3/lib/platform-loader.jar
73f25d760000-73f25d761000 ---p 00000000 00:00 0 
73f25d761000-73f25d861000 rw-p 00000000 00:00 0 
73f25d861000-73f25d862000 ---p 00000000 00:00 0 
73f25d862000-73f25d962000 rw-p 00000000 00:00 0 
73f25da7c000-73f25dafd000 rw-p 00000000 00:00 0 
73f25dafd000-73f25dafe000 ---p 00000000 00:00 0 
73f25dafe000-73f25dbfe000 rw-p 00000000 00:00 0 
73f25dbfe000-73f25dbff000 ---p 00000000 00:00 0 
73f25dbff000-73f25dcff000 rw-p 00000000 00:00 0 
73f25dcff000-73f25e180000 rw-p 00000000 00:00 0 
73f25e180000-73f25fdf4000 ---p 00000000 00:00 0 
73f25fdf4000-73f25fe00000 rw-p 00000000 00:00 0 
73f25fe00000-73f260070000 rwxp 00000000 00:00 0 
73f260070000-73f26fb38000 ---p 00000000 00:00 0 
73f26fb38000-73f26fda8000 rwxp 00000000 00:00 0 
73f26fda8000-73f2700c7000 ---p 00000000 00:00 0 
73f2700c7000-73f270337000 rwxp 00000000 00:00 0 
73f270337000-73f27fe00000 ---p 00000000 00:00 0 
73f283e92000-73f283e93000 r--s 00000000 fd:01 4392127                    /home/ubuntu/.gradle/caches/8.10.2/transforms/81e4360543fbb01d4f7fb470fa49803d/transformed/ideaIU-2025.3/lib/modules/intellij.libraries.javax.activation.jar
73f283e93000-73f283e94000 r--s 00000000 fd:01 4392118                    /home/ubuntu/.gradle/caches/8.10.2/transforms/81e4360543fbb01d4f7fb470fa49803d/transformed/ideaIU-2025.3/lib/modules/intellij.idea.customization.backend.jar
73f283e94000-73f283e99000 r--s 00000000 fd:01 2850741                    /home/ubuntu/.gradle/caches/modules-2/files-2.1/com.google.errorprone/error_prone_annotations/2.27.0/91b2c29d8a6148b5e2e4930f070d4840e2e48e34/error_prone_annotations-2.27.0.jar
73f283e99000-73f283ea8000 r--s 00000000 fd:01 4391960                    /home/ubuntu/.gradle/caches/8.10.2/transforms/81e4360543fbb01d4f7fb470fa49803d/transformed/ideaIU-2025.3/lib/jsch-agent.jar
73f283ea8000-73f283eff000 r--p 00000000 fd:01 6137                       /usr/lib/locale/C.utf8/LC_CTYPE
73f283eff000-73f284000000 rw-p 00000000 00:00 0 
73f284000000-73f2842e1000 rw-p 00000000 00:00 0 
73f2842e1000-73f288000000 ---p 00000000 00:00 0 
73f288000000-73f288002000 r--s 00000000 fd:01 4392089                    /home/ubuntu/.gradle/caches/8.10.2/transforms/81e4360543fbb01d4f7fb470fa49803d/transformed/ideaIU-2025.3/lib/modules/intellij.grid.jar
73f288002000-73f288004000 r--s 00000000 fd:01 2850848                    /home/ubuntu/.gradle/caches/modules-2/files-2.1/org.junit.jupiter/junit-jupiter/5.10.2/831c0b86ddc2ce38391c5b81ea662b0cfdc02cce/junit-jupiter-5.10.2.jar
73f288004000-73f288005000 r--s 00000000 fd:01 4391944                    /home/ubuntu/.gradle/caches/8.10.2/transforms/81e4360543fbb01d4f7fb470fa49803d/transformed/ideaIU-2025.3/lib/module-intellij.xml.structureView.jar
73f288005000-73f288007000 r--s 00000000 fd:01 4391935                    /home/ubuntu/.gradle/caches/8.10.2/transforms/81e4360543fbb01d4f7fb470fa49803d/transformed/ideaIU-2025.3/lib/module-intellij.libraries.kotlinx.coroutines.slf4j.jar
73f288007000-73f288017000 r--s 00000000 fd:01 4392021                    /home/ubuntu/.gradle/caches/8.10.2/transforms/81e4360543fbb01d4f7fb470fa49803d/transformed/ideaIU-2025.3/lib/forms_rt.jar
73f288017000-73f288678000 rw-p 00000000 00:00 0 
73f288678000-73f288679000 ---p 00000000 00:00 0 
73f288679000-73f288779000 rw-p 00000000 00:00 0 
73f288779000-73f28877a000 ---p 00000000 00:00 0 
73f28877a000-73f28887a000 rw-p 00000000 00:00 0 
73f28887a000-73f28887b000 ---p 00000000 00:00 0 
73f28887b000-73f28897b000 rw-p 00000000 00:00 0 
73f28897b000-73f288a70000 rw-p 00000000 00:00 0 
73f288a70000-73f288dfe000 ---p 00000000 00:00 0 
73f288dfe000-73f288e70000 rw-p 00000000 00:00 0 
73f288e70000-73f2891fe000 ---p 00000000 00:00 0 
73f2891fe000-73f289200000 rw-p 00000000 00:00 0 
73f289200000-73f289201000 r--s 00000000 fd:01 4392004                    /home/ubuntu/.gradle/caches/8.10.2/transforms/81e4360543fbb01d4f7fb470fa49803d/transformed/ideaIU-2025.3/lib/module-intellij.libraries.rhino.jar
73f289201000-73f28920f000 r--s 00000000 fd:01 4391920                    /home/ubuntu/.gradle/caches/8.10.2/transforms/81e4360543fbb01d4f7fb470fa49803d/transformed/ideaIU-2025.3/lib/external-system-rt.jar
73f28920f000-73f28921b000 r--s 00000000 fd:01 4392188                    /home/ubuntu/.gradle/caches/8.10.2/transforms/81e4360543fbb01d4f7fb470fa49803d/transformed/ideaIU-2025.3/lib/eclipse.lsp4j.jsonrpc.debug.jar
73f28921b000-73f289a28000 rw-p 00000000 00:00 0 
73f289a28000-73f289c1e000 ---p 00000000 00:00 0 
73f289c1e000-73f289c23000 rw-p 00000000 00:00 0 
73f289c23000-73f289e19000 ---p 00000000 00:00 0 
73f289e19000-73f289e1d000 ---p 00000000 00:00 0 
73f289e1d000-73f289f19000 rw-p 00000000 00:00 0 
73f289f19000-73f289f27000 r--p 00000000 fd:01 4981                       /usr/lib/x86_64-linux-gnu/libm.so.6
73f289f27000-73f289fa3000 r-xp 0000e000 fd:01 4981                       /usr/lib/x86_64-linux-gnu/libm.so.6
73f289fa3000-73f289ffe000 r--p 0008a000 fd:01 4981                       /usr/lib/x86_64-linux-gnu/libm.so.6
73f289ffe000-73f289fff000 r--p 000e4000 fd:01 4981                       /usr/lib/x86_64-linux-gnu/libm.so.6
73f289fff000-73f28a000000 rw-p 000e5000 fd:01 4981                       /usr/lib/x86_64-linux-gnu/libm.so.6
73f28a000000-73f28a2a4000 r--p 00000000 fd:01 4393179                    /home/ubuntu/.gradle/caches/8.10.2/transforms/81e4360543fbb01d4f7fb470fa49803d/transformed/ideaIU-2025.3/jbr/lib/server/libjvm.so
73f28a2a4000-73f28b11e000 r-xp 002a4000 fd:01 4393179                    /home/ubuntu/.gradle/caches/8.10.2/transforms/81e4360543fbb01d4f7fb470fa49803d/transformed/ideaIU-2025.3/jbr/lib/server/libjvm.so
73f28b11e000-73f28b405000 r--p 0111e000 fd:01 4393179                    /home/ubuntu/.gradle/caches/8.10.2/transforms/81e4360543fbb01d4f7fb470fa49803d/transformed/ideaIU-2025.3/jbr/lib/server/libjvm.so
73f28b405000-73f28b4da000 r--p 01404000 fd:01 4393179                    /home/ubuntu/.gradle/caches/8.10.2/transforms/81e4360543fbb01d4f7fb470fa49803d/transformed/ideaIU-2025.3/jbr/lib/server/libjvm.so
73f28b4da000-73f28b50a000 rw-p 014d9000 fd:01 4393179                    /home/ubuntu/.gradle/caches/8.10.2/transforms/81e4360543fbb01d4f7fb470fa49803d/transformed/ideaIU-2025.3/jbr/lib/server/libjvm.so
73f28b50a000-73f28b580000 rw-p 00000000 00:00 0 
73f28b580000-73f28b589000 r--s 00000000 fd:01 4392181                    /home/ubuntu/.gradle/caches/8.10.2/transforms/81e4360543fbb01d4f7fb470fa49803d/transformed/ideaIU-2025.3/lib/javax.annotation-api.jar
73f28b589000-73f28b596000 r--s 00000000 fd:01 4391942                    /home/ubuntu/.gradle/caches/8.10.2/transforms/81e4360543fbb01d4f7fb470fa49803d/transformed/ideaIU-2025.3/lib/annotations.jar
73f28b596000-73f28b5a4000 r--s 00000000 fd:01 4395087                    /home/ubuntu/repos/minecraft-lua-map-maker/ide-plugin/build/idea-sandbox/IU-2025.3/plugins-test/luamap-idea-plugin/lib/luamap-idea-plugin-0.1.2.jar
73f28b5a4000-73f28b5af000 r--s 00000000 fd:01 3097645                    /home/ubuntu/.gradle/caches/8.10.2/workerMain/gradle-worker.jar
73f28b5af000-73f28b5b2000 r--p 00000000 fd:01 4393158                    /home/ubuntu/.gradle/caches/8.10.2/transforms/81e4360543fbb01d4f7fb470fa49803d/transformed/ideaIU-2025.3/jbr/lib/libnet.so
73f28b5b2000-73f28b5ba000 r-xp 00003000 fd:01 4393158                    /home/ubuntu/.gradle/caches/8.10.2/transforms/81e4360543fbb01d4f7fb470fa49803d/transformed/ideaIU-2025.3/jbr/lib/libnet.so
73f28b5ba000-73f28b5bc000 r--p 0000b000 fd:01 4393158                    /home/ubuntu/.gradle/caches/8.10.2/transforms/81e4360543fbb01d4f7fb470fa49803d/transformed/ideaIU-2025.3/jbr/lib/libnet.so
73f28b5bc000-73f28b5bd000 ---p 0000d000 fd:01 4393158                    /home/ubuntu/.gradle/caches/8.10.2/transforms/81e4360543fbb01d4f7fb470fa49803d/transformed/ideaIU-2025.3/jbr/lib/libnet.so
73f28b5bd000-73f28b5be000 r--p 0000d000 fd:01 4393158                    /home/ubuntu/.gradle/caches/8.10.2/transforms/81e4360543fbb01d4f7fb470fa49803d/transformed/ideaIU-2025.3/jbr/lib/libnet.so
73f28b5be000-73f28b600000 rw-p 00000000 00:00 0 
73f28b600000-73f28b628000 r--p 00000000 fd:01 4978                       /usr/lib/x86_64-linux-gnu/libc.so.6
73f28b628000-73f28b7bd000 r-xp 00028000 fd:01 4978                       /usr/lib/x86_64-linux-gnu/libc.so.6
73f28b7bd000-73f28b815000 r--p 001bd000 fd:01 4978                       /usr/lib/x86_64-linux-gnu/libc.so.6
73f28b815000-73f28b816000 ---p 00215000 fd:01 4978                       /usr/lib/x86_64-linux-gnu/libc.so.6
73f28b816000-73f28b81a000 r--p 00215000 fd:01 4978                       /usr/lib/x86_64-linux-gnu/libc.so.6
73f28b81a000-73f28b81c000 rw-p 00219000 fd:01 4978                       /usr/lib/x86_64-linux-gnu/libc.so.6
73f28b81c000-73f28b829000 rw-p 00000000 00:00 0 
73f28b829000-73f28b82a000 r--s 00000000 fd:01 4391957                    /home/ubuntu/.gradle/caches/8.10.2/transforms/81e4360543fbb01d4f7fb470fa49803d/transformed/ideaIU-2025.3/lib/module-intellij.libraries.jcip.jar
73f28b82a000-73f28b82b000 r--s 00000000 fd:01 4391938                    /home/ubuntu/.gradle/caches/8.10.2/transforms/81e4360543fbb01d4f7fb470fa49803d/transformed/ideaIU-2025.3/lib/module-intellij.libraries.jbr.jar
73f28b82b000-73f28b82c000 r--s 00000000 fd:01 4391965                    /home/ubuntu/.gradle/caches/8.10.2/transforms/81e4360543fbb01d4f7fb470fa49803d/transformed/ideaIU-2025.3/lib/module-intellij.libraries.javax.annotation.jar
73f28b82c000-73f28b82d000 r--s 00000000 fd:01 4392019                    /home/ubuntu/.gradle/caches/8.10.2/transforms/81e4360543fbb01d4f7fb470fa49803d/transformed/ideaIU-2025.3/lib/module-intellij.libraries.ion.jar
73f28b82d000-73f28b833000 r--s 00000000 fd:01 4392027                    /home/ubuntu/.gradle/caches/8.10.2/transforms/81e4360543fbb01d4f7fb470fa49803d/transformed/ideaIU-2025.3/lib/externalProcess-rt.jar
73f28b833000-73f28b83a000 r--p 00000000 fd:01 4393099                    /home/ubuntu/.gradle/caches/8.10.2/transforms/81e4360543fbb01d4f7fb470fa49803d/transformed/ideaIU-2025.3/jbr/lib/libnio.so
73f28b83a000-73f28b843000 r-xp 00007000 fd:01 4393099                    /home/ubuntu/.gradle/caches/8.10.2/transforms/81e4360543fbb01d4f7fb470fa49803d/transformed/ideaIU-2025.3/jbr/lib/libnio.so
73f28b843000-73f28b847000 r--p 00010000 fd:01 4393099                    /home/ubuntu/.gradle/caches/8.10.2/transforms/81e4360543fbb01d4f7fb470fa49803d/transformed/ideaIU-2025.3/jbr/lib/libnio.so
73f28b847000-73f28b848000 ---p 00014000 fd:01 4393099                    /home/ubuntu/.gradle/caches/8.10.2/transforms/81e4360543fbb01d4f7fb470fa49803d/transformed/ideaIU-2025.3/jbr/lib/libnio.so
73f28b848000-73f28b849000 r--p 00014000 fd:01 4393099                    /home/ubuntu/.gradle/caches/8.10.2/transforms/81e4360543fbb01d4f7fb470fa49803d/transformed/ideaIU-2025.3/jbr/lib/libnio.so
73f28b849000-73f28b84a000 rw-p 00015000 fd:01 4393099                    /home/ubuntu/.gradle/caches/8.10.2/transforms/81e4360543fbb01d4f7fb470fa49803d/transformed/ideaIU-2025.3/jbr/lib/libnio.so
73f28b84a000-73f28b84b000 r--p 00000000 fd:01 6142                       /usr/lib/locale/C.utf8/LC_NUMERIC
73f28b84b000-73f28b84c000 r--p 00000000 fd:01 6145                       /usr/lib/locale/C.utf8/LC_TIME
73f28b84c000-73f28b84d000 r--p 00000000 fd:01 6136                       /usr/lib/locale/C.utf8/LC_COLLATE
73f28b84d000-73f28b84e000 r--p 00000000 fd:01 6140                       /usr/lib/locale/C.utf8/LC_MONETARY
73f28b84e000-73f28b84f000 r--p 00000000 fd:01 6134                       /usr/lib/locale/C.utf8/LC_MESSAGES/SYS_LC_MESSAGES
73f28b84f000-73f28b850000 r--p 00000000 fd:01 6143                       /usr/lib/locale/C.utf8/LC_PAPER
73f28b850000-73f28b851000 r--p 00000000 fd:01 6141                       /usr/lib/locale/C.utf8/LC_NAME
73f28b851000-73f28b852000 r--p 00000000 fd:01 6135                       /usr/lib/locale/C.utf8/LC_ADDRESS
73f28b852000-73f28b853000 r--p 00000000 fd:01 6144                       /usr/lib/locale/C.utf8/LC_TELEPHONE
73f28b853000-73f28b85a000 r--s 00000000 fd:01 3856                       /usr/lib/x86_64-linux-gnu/gconv/gconv-modules.cache
73f28b85a000-73f28b85f000 rw-p 00000000 00:00 0 
73f28b85f000-73f28b866000 ---p 00000000 00:00 0 
73f28b866000-73f28b869000 r--s 00027000 fd:01 4391991                    /home/ubuntu/.gradle/caches/8.10.2/transforms/81e4360543fbb01d4f7fb470fa49803d/transformed/ideaIU-2025.3/lib/nio-fs.jar
73f28b869000-73f28b86b000 r--p 00000000 fd:01 4393095                    /home/ubuntu/.gradle/caches/8.10.2/transforms/81e4360543fbb01d4f7fb470fa49803d/transformed/ideaIU-2025.3/jbr/lib/libzip.so
73f28b86b000-73f28b86f000 r-xp 00002000 fd:01 4393095                    /home/ubuntu/.gradle/caches/8.10.2/transforms/81e4360543fbb01d4f7fb470fa49803d/transformed/ideaIU-2025.3/jbr/lib/libzip.so
73f28b86f000-73f28b871000 r--p 00006000 fd:01 4393095                    /home/ubuntu/.gradle/caches/8.10.2/transforms/81e4360543fbb01d4f7fb470fa49803d/transformed/ideaIU-2025.3/jbr/lib/libzip.so
73f28b871000-73f28b872000 r--p 00007000 fd:01 4393095                    /home/ubuntu/.gradle/caches/8.10.2/transforms/81e4360543fbb01d4f7fb470fa49803d/transformed/ideaIU-2025.3/jbr/lib/libzip.so
73f28b872000-73f28b873000 rw-p 00000000 00:00 0 
73f28b873000-73f28b87b000 rw-s 00000000 fd:01 2850745                    /tmp/hsperfdata_ubuntu/60592 (deleted)
73f28b87b000-73f28b888000 r--p 00000000 fd:01 4393192                    /home/ubuntu/.gradle/caches/8.10.2/transforms/81e4360543fbb01d4f7fb470fa49803d/transformed/ideaIU-2025.3/jbr/lib/libjava.so
73f28b888000-73f28b896000 r-xp 0000d000 fd:01 4393192                    /home/ubuntu/.gradle/caches/8.10.2/transforms/81e4360543fbb01d4f7fb470fa49803d/transformed/ideaIU-2025.3/jbr/lib/libjava.so
73f28b896000-73f28b89b000 r--p 0001b000 fd:01 4393192                    /home/ubuntu/.gradle/caches/8.10.2/transforms/81e4360543fbb01d4f7fb470fa49803d/transformed/ideaIU-2025.3/jbr/lib/libjava.so
73f28b89b000-73f28b89c000 ---p 00020000 fd:01 4393192                    /home/ubuntu/.gradle/caches/8.10.2/transforms/81e4360543fbb01d4f7fb470fa49803d/transformed/ideaIU-2025.3/jbr/lib/libjava.so
73f28b89c000-73f28b89d000 r--p 00020000 fd:01 4393192                    /home/ubuntu/.gradle/caches/8.10.2/transforms/81e4360543fbb01d4f7fb470fa49803d/transformed/ideaIU-2025.3/jbr/lib/libjava.so
73f28b89d000-73f28b89e000 rw-p 00021000 fd:01 4393192                    /home/ubuntu/.gradle/caches/8.10.2/transforms/81e4360543fbb01d4f7fb470fa49803d/transformed/ideaIU-2025.3/jbr/lib/libjava.so
73f28b89e000-73f28b8c6000 rw-p 00000000 00:00 0 
73f28b8c6000-73f28b8c9000 r--p 00000000 fd:01 4393162                    /home/ubuntu/.gradle/caches/8.10.2/transforms/81e4360543fbb01d4f7fb470fa49803d/transformed/ideaIU-2025.3/jbr/lib/libjimage.so
73f28b8c9000-73f28b8dd000 r-xp 00003000 fd:01 4393162                    /home/ubuntu/.gradle/caches/8.10.2/transforms/81e4360543fbb01d4f7fb470fa49803d/transformed/ideaIU-2025.3/jbr/lib/libjimage.so
73f28b8dd000-73f28b8e3000 r--p 00017000 fd:01 4393162                    /home/ubuntu/.gradle/caches/8.10.2/transforms/81e4360543fbb01d4f7fb470fa49803d/transformed/ideaIU-2025.3/jbr/lib/libjimage.so
73f28b8e3000-73f28b8e4000 ---p 0001d000 fd:01 4393162                    /home/ubuntu/.gradle/caches/8.10.2/transforms/81e4360543fbb01d4f7fb470fa49803d/transformed/ideaIU-2025.3/jbr/lib/libjimage.so
73f28b8e4000-73f28b8e6000 r--p 0001d000 fd:01 4393162                    /home/ubuntu/.gradle/caches/8.10.2/transforms/81e4360543fbb01d4f7fb470fa49803d/transformed/ideaIU-2025.3/jbr/lib/libjimage.so
73f28b8e6000-73f28b8e7000 rw-p 0001f000 fd:01 4393162                    /home/ubuntu/.gradle/caches/8.10.2/transforms/81e4360543fbb01d4f7fb470fa49803d/transformed/ideaIU-2025.3/jbr/lib/libjimage.so
73f28b8e7000-73f28b90e000 rw-p 00000000 00:00 0 
73f28b90e000-73f28b90f000 r--p 00000000 fd:01 4992                       /usr/lib/x86_64-linux-gnu/librt.so.1
73f28b90f000-73f28b910000 r-xp 00001000 fd:01 4992                       /usr/lib/x86_64-linux-gnu/librt.so.1
73f28b910000-73f28b911000 r--p 00002000 fd:01 4992                       /usr/lib/x86_64-linux-gnu/librt.so.1
73f28b911000-73f28b912000 r--p 00002000 fd:01 4992                       /usr/lib/x86_64-linux-gnu/librt.so.1
73f28b912000-73f28b913000 rw-p 00003000 fd:01 4992                       /usr/lib/x86_64-linux-gnu/librt.so.1
73f28b913000-73f28b93f000 rw-p 00000000 00:00 0 
73f28b93f000-73f28b940000 r--p 00000000 fd:01 4980                       /usr/lib/x86_64-linux-gnu/libdl.so.2
73f28b940000-73f28b941000 r-xp 00001000 fd:01 4980                       /usr/lib/x86_64-linux-gnu/libdl.so.2
73f28b941000-73f28b942000 r--p 00002000 fd:01 4980                       /usr/lib/x86_64-linux-gnu/libdl.so.2
73f28b942000-73f28b943000 r--p 00002000 fd:01 4980                       /usr/lib/x86_64-linux-gnu/libdl.so.2
73f28b943000-73f28b944000 rw-p 00003000 fd:01 4980                       /usr/lib/x86_64-linux-gnu/libdl.so.2
73f28b944000-73f28b945000 r--p 00000000 fd:01 4990                       /usr/lib/x86_64-linux-gnu/libpthread.so.0
73f28b945000-73f28b946000 r-xp 00001000 fd:01 4990                       /usr/lib/x86_64-linux-gnu/libpthread.so.0
73f28b946000-73f28b947000 r--p 00002000 fd:01 4990                       /usr/lib/x86_64-linux-gnu/libpthread.so.0
73f28b947000-73f28b948000 r--p 00002000 fd:01 4990                       /usr/lib/x86_64-linux-gnu/libpthread.so.0
73f28b948000-73f28b949000 rw-p 00003000 fd:01 4990                       /usr/lib/x86_64-linux-gnu/libpthread.so.0
73f28b949000-73f28b94b000 r--p 00000000 fd:01 4393092                    /home/ubuntu/.gradle/caches/8.10.2/transforms/81e4360543fbb01d4f7fb470fa49803d/transformed/ideaIU-2025.3/jbr/lib/libjli.so
73f28b94b000-73f28b955000 r-xp 00002000 fd:01 4393092                    /home/ubuntu/.gradle/caches/8.10.2/transforms/81e4360543fbb01d4f7fb470fa49803d/transformed/ideaIU-2025.3/jbr/lib/libjli.so
73f28b955000-73f28b958000 r--p 0000c000 fd:01 4393092                    /home/ubuntu/.gradle/caches/8.10.2/transforms/81e4360543fbb01d4f7fb470fa49803d/transformed/ideaIU-2025.3/jbr/lib/libjli.so
73f28b958000-73f28b959000 ---p 0000f000 fd:01 4393092                    /home/ubuntu/.gradle/caches/8.10.2/transforms/81e4360543fbb01d4f7fb470fa49803d/transformed/ideaIU-2025.3/jbr/lib/libjli.so
73f28b959000-73f28b95a000 r--p 0000f000 fd:01 4393092                    /home/ubuntu/.gradle/caches/8.10.2/transforms/81e4360543fbb01d4f7fb470fa49803d/transformed/ideaIU-2025.3/jbr/lib/libjli.so
73f28b95a000-73f28b95b000 rw-p 00010000 fd:01 4393092                    /home/ubuntu/.gradle/caches/8.10.2/transforms/81e4360543fbb01d4f7fb470fa49803d/transformed/ideaIU-2025.3/jbr/lib/libjli.so
73f28b95b000-73f28b95d000 r--p 00000000 fd:01 3863                       /usr/lib/x86_64-linux-gnu/libz.so.1.2.11
73f28b95d000-73f28b96e000 r-xp 00002000 fd:01 3863                       /usr/lib/x86_64-linux-gnu/libz.so.1.2.11
73f28b96e000-73f28b974000 r--p 00013000 fd:01 3863                       /usr/lib/x86_64-linux-gnu/libz.so.1.2.11
73f28b974000-73f28b975000 ---p 00019000 fd:01 3863                       /usr/lib/x86_64-linux-gnu/libz.so.1.2.11
73f28b975000-73f28b976000 r--p 00019000 fd:01 3863                       /usr/lib/x86_64-linux-gnu/libz.so.1.2.11
73f28b976000-73f28b977000 rw-p 0001a000 fd:01 3863                       /usr/lib/x86_64-linux-gnu/libz.so.1.2.11
73f28b977000-73f28b978000 r--p 00000000 fd:01 6139                       /usr/lib/locale/C.utf8/LC_MEASUREMENT
73f28b978000-73f28b979000 r--p 00000000 fd:01 6138                       /usr/lib/locale/C.utf8/LC_IDENTIFICATION
73f28b979000-73f28b97b000 r--p 00000000 fd:01 4393146                    /home/ubuntu/.gradle/caches/8.10.2/transforms/81e4360543fbb01d4f7fb470fa49803d/transformed/ideaIU-2025.3/jbr/lib/libinstrument.so
73f28b97b000-73f28b981000 r-xp 00002000 fd:01 4393146                    /home/ubuntu/.gradle/caches/8.10.2/transforms/81e4360543fbb01d4f7fb470fa49803d/transformed/ideaIU-2025.3/jbr/lib/libinstrument.so
73f28b981000-73f28b984000 r--p 00008000 fd:01 4393146                    /home/ubuntu/.gradle/caches/8.10.2/transforms/81e4360543fbb01d4f7fb470fa49803d/transformed/ideaIU-2025.3/jbr/lib/libinstrument.so
73f28b984000-73f28b985000 r--p 0000a000 fd:01 4393146                    /home/ubuntu/.gradle/caches/8.10.2/transforms/81e4360543fbb01d4f7fb470fa49803d/transformed/ideaIU-2025.3/jbr/lib/libinstrument.so
73f28b985000-73f28b986000 rw-p 0000b000 fd:01 4393146                    /home/ubuntu/.gradle/caches/8.10.2/transforms/81e4360543fbb01d4f7fb470fa49803d/transformed/ideaIU-2025.3/jbr/lib/libinstrument.so
73f28b986000-73f28b987000 ---p 00000000 00:00 0 
73f28b987000-73f28b988000 r--p 00000000 00:00 0 
73f28b988000-73f28b98a000 rw-p 00000000 00:00 0 
73f28b98a000-73f28b98c000 r--p 00000000 fd:01 4972                       /usr/lib/x86_64-linux-gnu/ld-linux-x86-64.so.2
73f28b98c000-73f28b9b6000 r-xp 00002000 fd:01 4972                       /usr/lib/x86_64-linux-gnu/ld-linux-x86-64.so.2
73f28b9b6000-73f28b9c1000 r--p 0002c000 fd:01 4972                       /usr/lib/x86_64-linux-gnu/ld-linux-x86-64.so.2
73f28b9c1000-73f28b9c2000 ---p 00000000 00:00 0 
73f28b9c2000-73f28b9c4000 r--p 00037000 fd:01 4972                       /usr/lib/x86_64-linux-gnu/ld-linux-x86-64.so.2
73f28b9c4000-73f28b9c6000 rw-p 00039000 fd:01 4972                       /usr/lib/x86_64-linux-gnu/ld-linux-x86-64.so.2
7ffcdc71d000-7ffcdc73f000 rw-p 00000000 00:00 0                          [stack]
7ffcdc7de000-7ffcdc7e2000 r--p 00000000 00:00 0                          [vvar]
7ffcdc7e2000-7ffcdc7e4000 r-xp 00000000 00:00 0                          [vdso]
ffffffffff600000-ffffffffff601000 --xp 00000000 00:00 0                  [vsyscall]
Total number of mappings: 1227

JVMTI agents:
/home/ubuntu/repos/minecraft-lua-map-maker/ide-plugin/build/coroutines-javaagent.jar path:none, loaded, not initialized, instrumentlib options:none


VM Arguments:
jvm_args: -Daether.connector.resumeDownloads=false -Dawt.lock.fair=true -Dcompose.swing.render.on.graphics=true -Didea.classpath.index.enabled=false -Didea.config.path=/home/ubuntu/repos/minecraft-lua-map-maker/ide-plugin/build/idea-sandbox/IU-2025.3/config-test -Didea.force.use.core.classloader=true -Didea.log.path=/home/ubuntu/repos/minecraft-lua-map-maker/ide-plugin/build/idea-sandbox/IU-2025.3/log-test -Didea.paths.selector=IntelliJIdea2025.3 -Didea.plugins.path=/home/ubuntu/repos/minecraft-lua-map-maker/ide-plugin/build/idea-sandbox/IU-2025.3/plugins-test -Didea.system.path=/home/ubuntu/repos/minecraft-lua-map-maker/ide-plugin/build/idea-sandbox/IU-2025.3/system-test -Didea.use.core.classloader.for.plugin.path=true -Didea.vendor.name=JetBrains -Dintellij.platform.runtime.repository.path=/home/ubuntu/.gradle/caches/8.10.2/transforms/81e4360543fbb01d4f7fb470fa49803d/transformed/ideaIU-2025.3/modules/module-descriptors.dat -Dintellij.testFramework.rethrow.logged.errors=true -Dio.netty.allocator.type=pooled -Djava.nio.file.spi.DefaultFileSystemProvider=com.intellij.platform.core.nio.fs.MultiRoutingFileSystemProvider -Djava.system.class.loader=com.intellij.util.lang.PathClassLoader -Djava.util.zip.use.nio.for.zip.file.access=true -Djbr.catch.SIGABRT=true -Djdk.attach.allowAttachSelf=true -Djdk.http.auth.tunneling.disabledSchemes="" -Djdk.module.illegalAccess.silent=true -Djdk.nio.maxCachedBufferSize=2097152 -Djna.boot.library.path=/home/ubuntu/.gradle/caches/8.10.2/transforms/81e4360543fbb01d4f7fb470fa49803d/transformed/ideaIU-2025.3/lib/jna/amd64 -Djna.noclasspath=true -Djna.nosys=true -Dorg.gradle.internal.worker.tmpdir=/home/ubuntu/repos/minecraft-lua-map-maker/ide-plugin/build/tmp/test/work -Dplugin.path=/home/ubuntu/repos/minecraft-lua-map-maker/ide-plugin/build/idea-sandbox/IU-2025.3/plugins-test/luamap-idea-plugin -Dpty4j.preferred.native.folder=/home/ubuntu/.gradle/caches/8.10.2/transforms/81e4360543fbb01d4f7fb470fa49803d/transformed/ideaIU-2025.3/lib/pty4j -Dsplash=true -Dsun.io.useCanonCaches=false -Dsun.java2d.metal=true -Dsun.tools.attach.tmp.only=true -XX:JbrShrinkingGcMaxHeapFreeRatio=40 -XX:ReservedCodeCacheSize=512m -XX:+HeapDumpOnOutOfMemoryError -XX:-OmitStackTraceInFastThrow -XX:CICompilerCount=2 -XX:+IgnoreUnrecognizedVMOptions -XX:+UnlockDiagnosticVMOptions -XX:TieredOldPercentage=100000 -javaagent:/home/ubuntu/repos/minecraft-lua-map-maker/ide-plugin/build/coroutines-javaagent.jar -Xbootclasspath/a:/home/ubuntu/.gradle/caches/8.10.2/transforms/81e4360543fbb01d4f7fb470fa49803d/transformed/ideaIU-2025.3/lib/nio-fs.jar --add-opens=java.base/java.io=ALL-UNNAMED --add-opens=java.base/java.lang=ALL-UNNAMED --add-opens=java.base/java.lang.ref=ALL-UNNAMED --add-opens=java.base/java.lang.reflect=ALL-UNNAMED --add-opens=java.base/java.net=ALL-UNNAMED --add-opens=java.base/java.nio=ALL-UNNAMED --add-opens=java.base/java.nio.charset=ALL-UNNAMED --add-opens=java.base/java.text=ALL-UNNAMED --add-opens=java.base/java.time=ALL-UNNAMED --add-opens=java.base/java.util=ALL-UNNAMED --add-opens=java.base/java.util.concurrent=ALL-UNNAMED --add-opens=java.base/java.util.concurrent.atomic=ALL-UNNAMED --add-opens=java.base/java.util.concurrent.locks=ALL-UNNAMED --add-opens=java.base/jdk.internal.ref=ALL-UNNAMED --add-opens=java.base/jdk.internal.vm=ALL-UNNAMED --add-opens=java.base/sun.net.dns=ALL-UNNAMED --add-opens=java.base/sun.nio=ALL-UNNAMED --add-opens=java.base/sun.nio.ch=ALL-UNNAMED --add-opens=java.base/sun.nio.fs=ALL-UNNAMED --add-opens=java.base/sun.security.ssl=ALL-UNNAMED --add-opens=java.base/sun.security.util=ALL-UNNAMED --add-opens=java.desktop/com.sun.java.swing=ALL-UNNAMED --add-opens=java.desktop/com.sun.java.swing.plaf.gtk=ALL-UNNAMED --add-opens=java.desktop/java.awt=ALL-UNNAMED --add-opens=java.desktop/java.awt.dnd.peer=ALL-UNNAMED --add-opens=java.desktop/java.awt.event=ALL-UNNAMED --add-opens=java.desktop/java.awt.font=ALL-UNNAMED --add-opens=java.desktop/java.awt.image=ALL-UNNAMED --add-opens=java.desktop/java.awt.peer=ALL-UNNAMED --add-opens=java.desktop/javax.swing=ALL-UNNAMED --add-opens=java.desktop/javax.swing.plaf.basic=ALL-UNNAMED --add-opens=java.desktop/javax.swing.text=ALL-UNNAMED --add-opens=java.desktop/javax.swing.text.html=ALL-UNNAMED --add-opens=java.desktop/javax.swing.text.html.parser=ALL-UNNAMED --add-opens=java.desktop/sun.awt=ALL-UNNAMED --add-opens=java.desktop/sun.awt.X11=ALL-UNNAMED --add-opens=java.desktop/sun.awt.datatransfer=ALL-UNNAMED --add-opens=java.desktop/sun.awt.image=ALL-UNNAMED --add-opens=java.desktop/sun.font=ALL-UNNAMED --add-opens=java.desktop/sun.java2d=ALL-UNNAMED --add-opens=java.desktop/sun.swing=ALL-UNNAMED --add-opens=java.management/sun.management=ALL-UNNAMED --add-opens=jdk.attach/sun.tools.attach=ALL-UNNAMED --add-opens=jdk.compiler/com.sun.tools.javac.api=ALL-UNNAMED --add-opens=jdk.internal.jvmstat/sun.jvmstat.monitor=ALL-UNNAMED --add-opens=jdk.jdi/com.sun.tools.jdi=ALL-UNNAMED -Xms128m -Xmx2048m -Dfile.encoding=UTF-8 -Duser.country -Duser.language=en -Duser.variant -ea -Dawt.toolkit.name=XToolkit 
java_command: worker.org.gradle.process.internal.worker.GradleWorkerMain 'Gradle Test Executor 43'
java_class_path (initial): /home/ubuntu/.gradle/caches/8.10.2/workerMain/gradle-worker.jar:/home/ubuntu/repos/minecraft-lua-map-maker/ide-plugin/build/instrumented/instrumentTestCode:/home/ubuntu/repos/minecraft-lua-map-maker/ide-plugin/build/idea-sandbox/IU-2025.3/plugins-test/luamap-idea-plugin/lib/luamap-idea-plugin-0.1.2.jar:/home/ubuntu/repos/minecraft-lua-map-maker/ide-plugin/build/classes/java/test:/home/ubuntu/repos/minecraft-lua-map-maker/ide-plugin/build/resources/test:/home/ubuntu/.gradle/caches/8.10.2/transforms/81e4360543fbb01d4f7fb470fa49803d/transformed/ideaIU-2025.3/lib/platform-loader.jar:/home/ubuntu/.gradle/caches/8.10.2/transforms/81e4360543fbb01d4f7fb470fa49803d/transformed/ideaIU-2025.3/lib/util-8.jar:/home/ubuntu/.gradle/caches/8.10.2/transforms/81e4360543fbb01d4f7fb470fa49803d/transformed/ideaIU-2025.3/lib/app.jar:/home/ubuntu/.gradle/caches/8.10.2/transforms/81e4360543fbb01d4f7fb470fa49803d/transformed/ideaIU-2025.3/lib/util.jar:/home/ubuntu/.gradle/caches/8.10.2/transforms/81e4360543fbb01d4f7fb470fa49803d/transformed/ideaIU-2025.3/lib/product-backend.jar:/home/ubuntu/.gradle/caches/8.10.2/transforms/81e4360543fbb01d4f7fb470fa49803d/transformed/ideaIU-2025.3/lib/app-backend.jar:/home/ubuntu/.gradle/caches/8.10.2/transforms/81e4360543fbb01d4f7fb470fa49803d/transformed/ideaIU-2025.3/lib/annotations.jar:/home/ubuntu/.gradle/caches/8.10.2/transforms/81e4360543fbb01d4f7fb470fa49803d/transformed/ideaIU-2025.3/lib/eclipse.lsp4j.debug.jar:/home/ubuntu/.gradle/caches/8.10.2/transforms/81e4360543fbb01d4f7fb470fa49803d/transformed/ideaIU-2025.3/lib/eclipse.lsp4j.jar:/home/ubuntu/.gradle/caches/8.10.2/transforms/81e4360543fbb01d4f7fb470fa49803d/transformed/ideaIU-2025.3/lib/eclipse.lsp4j.jsonrpc.debug.jar:/home/ubuntu/.gradle/caches/8.10.2/transforms/81e4360543fbb01d4f7fb470fa49803d/transformed/ideaIU-2025.3/lib/eclipse.lsp4j.jsonrpc.jar:/home/ubuntu/.gradle/caches/8.10.2/transforms/81e4360543fbb01d4f7fb470fa49803d/transformed/ideaIU-2025.3/lib/external-system-rt.jar:/home/ubuntu/.gradle/caches/8.10.2/transforms/81e4360543fbb01d4f7fb470fa49803d/transformed/ideaIU-2025.3/lib/externalProcess-rt.jar:/home/ubuntu/.gradle/caches/8.10.2/transforms/81e4360543fbb01d4f7fb470fa49803d/transformed/ideaIU-2025.3/lib/forms_rt.jar:/home/ubuntu/.gradle/caches/8.10.2/transforms/81e4360543fbb01d4f7fb470fa49803d/transformed/ideaIU-2025.3/lib/groovy.jar:/home/ubuntu/.gradle/caches/8.10.2/transforms/81e4360543fbb01d4f7fb470fa49803d/transformed/ideaIU-2025.3/lib/idea_rt.jar:/home/ubuntu/.gradle/caches/8.10.2/transforms/81e4360543fbb01d4f7fb470fa49803d/transformed/ideaIU-2025.3/lib/intellij-test-discovery.jar:/home/ubuntu/.gradle/caches/8.10.2/transforms/81e4360543fbb01d4f7fb470fa49803d/transformed/ideaIU-2025.3/lib/javax.activation.jar:/home/ubuntu/.gradle/caches/8.10.2/transforms/81e4360543fbb01d4f7fb470fa49803d/transformed/ideaIU-2025.3/lib/javax.annotation-api.jar:/home/ubuntu/.gradle/caches/8.10.2/transforms/81e4360543fbb01d4f7fb470fa49803d/transformed/ideaIU-2025.3/lib/jaxb-api.jar:/home/ubuntu/.gradle/caches/8.10.2/transforms/81e4360543fbb01d4f7fb470fa49803d/transformed/ideaIU-2025.3/lib/jaxb-runtime.jar:/home/ubuntu/.gradle/caches/8.10.2/transforms/81e4360543fbb01d4f7fb470fa49803d/transformed/ideaIU-2025.3/lib/jps-model.jar:/home/ubuntu/.gradle/caches/8.10.2/transforms/81e4360543fbb01d4f7fb470fa49803d/transformed/ideaIU-2025.3/lib/jsch-agent.jar:/home/ubuntu/.gradle/caches/8.10.2/transforms/81e4360543fbb01d4f7fb470fa49803d/transformed/ideaIU-2025.3/lib/lib-backend.jar:/home/ubuntu/.gradle/caches/8.10.2/transforms/81e4360543fbb01d4f7fb470fa49803d/transformed/ideaIU-2025.3/lib/lib.jar:/home/ubuntu/.gradle/caches/8.10.2/transforms/81e4360543fbb01d4f7fb470fa49803d/transformed/ideaIU-2025.3/lib/module-intellij.libraries.aalto.xml.jar:/home/ubuntu/.gradle/caches/8.10.2/transforms/81e4360543fbb01d4f7fb470fa49803d/transformed/ideaIU-2025.3/lib/module-intellij.libraries.asm.jar:/home/ubuntu/.gradle/caches/8.10.2/transforms/81e4360543fbb01d4f7fb470fa49803d/transformed/ideaIU-2025.3/lib/module-intellij.libraries.asm.tools.jar:/home/ubuntu/.gradle/caches/8.10.2/transforms/81e4360543fbb01d4f7fb470fa49803d/transformed/ideaIU-2025.3/lib/module-intellij.libraries.automaton.jar:/home/ubuntu/.gradle/caches/8.10.2/transforms/81e4360543fbb01d4f7fb470fa49803d/transformed/ideaIU-2025.3/lib/module-intellij.libraries.blockmap.jar:/home/ubuntu/.gradle/caches/8.10.2/transforms/81e4360543fbb01d4f7fb470fa49803d/transformed/ideaIU-2025.3/lib/module-intellij.libraries.bouncy.castle.pgp.jar:/home/ubuntu/.gradle/caches/8.10.2/transforms/81e4360543fbb01d4f7fb470fa49803d/transformed/ideaIU-2025.3/lib/module-intellij.libraries.bouncy.castle.provider.jar:/home/ubuntu/.gradle/caches/8.10.2/transforms/81e4360543fbb01d4f7fb470fa49803d/transformed/ideaIU-2025.3/lib/module-intellij.libraries.caffeine.jar:/home/ubuntu/.gradle/caches/8.10.2/transforms/81e4360543fbb01d4f7fb470fa49803d/transformed/ideaIU-2025.3/lib/module-intellij.libraries.cglib.jar:/home/ubuntu/.gradle/caches/8.10.2/transforms/81e4360543fbb01d4f7fb470fa49803d/transformed/ideaIU-2025.3/lib/module-intellij.libraries.classgraph.jar:/home/ubuntu/.gradle/caches/8.10.2/transforms/81e4360543fbb01d4f7fb470fa49803d/transformed/ideaIU-2025.3/lib/module-intellij.libraries.cli.parser.jar:/home/ubuntu/.gradle/caches/8.10.2/transforms/81e4360543fbb01d4f7fb470fa49803d/transformed/ideaIU-2025.3/lib/module-intellij.libraries.commons.cli.jar:/home/ubuntu/.gradle/caches/8.10.2/transforms/81e4360543fbb01d4f7fb470fa49803d/transformed/ideaIU-2025.3/lib/module-intellij.libraries.commons.codec.jar:/home/ubuntu/.gradle/caches/8.10.2/transforms/81e4360543fbb01d4f7fb470fa49803d/transformed/ideaIU-2025.3/lib/module-intellij.libraries.commons.compress.jar:/home/ubuntu/.gradle/caches/8.10.2/transforms/81e4360543fbb01d4f7fb470fa49803d/transformed/ideaIU-2025.3/lib/module-intellij.libraries.commons.imaging.jar:/home/ubuntu/.gradle/caches/8.10.2/transforms/81e4360543fbb01d4f7fb470fa49803d/transformed/ideaIU-2025.3/lib/module-intellij.libraries.commons.io.jar:/home/ubuntu/.gradle/caches/8.10.2/transforms/81e4360543fbb01d4f7fb470fa49803d/transformed/ideaIU-2025.3/lib/module-intellij.libraries.commons.lang3.jar:/home/ubuntu/.gradle/caches/8.10.2/transforms/81e4360543fbb01d4f7fb470fa49803d/transformed/ideaIU-2025.3/lib/module-intellij.libraries.commons.logging.jar:/home/ubuntu/.gradle/caches/8.10.2/transforms/81e4360543fbb01d4f7fb470fa49803d/transformed/ideaIU-2025.3/lib/module-intellij.libraries.fastutil.jar:/home/ubuntu/.gradle/caches/8.10.2/transforms/81e4360543fbb01d4f7fb470fa49803d/transformed/ideaIU-2025.3/lib/module-intellij.libraries.gson.jar:/home/ubuntu/.gradle/caches/8.10.2/transforms/81e4360543fbb01d4f7fb470fa49803d/transformed/ideaIU-2025.3/lib/module-intellij.libraries.guava.jar:/home/ubuntu/.gradle/caches/8.10.2/transforms/81e4360543fbb01d4f7fb470fa49803d/transformed/ideaIU-2025.3/lib/module-intellij.libraries.hash4j.jar:/home/ubuntu/.gradle/caches/8.10.2/transforms/81e4360543fbb01d4f7fb470fa49803d/transformed/ideaIU-2025.3/lib/module-intellij.libraries.hdr.histogram.jar:/home/ubuntu/.gradle/caches/8.10.2/transforms/81e4360543fbb01d4f7fb470fa49803d/transformed/ideaIU-2025.3/lib/module-intellij.libraries.http.client.jar:/home/ubuntu/.gradle/caches/8.10.2/transforms/81e4360543fbb01d4f7fb470fa49803d/transformed/ideaIU-2025.3/lib/module-intellij.libraries.icu4j.jar:/home/ubuntu/.gradle/caches/8.10.2/transforms/81e4360543fbb01d4f7fb470fa49803d/transformed/ideaIU-2025.3/lib/module-intellij.libraries.imgscalr.jar:/home/ubuntu/.gradle/caches/8.10.2/transforms/81e4360543fbb01d4f7fb470fa49803d/transformed/ideaIU-2025.3/lib/module-intellij.libraries.ini4j.jar:/home/ubuntu/.gradle/caches/8.10.2/transforms/81e4360543fbb01d4f7fb470fa49803d/transformed/ideaIU-2025.3/lib/module-intellij.libraries.ion.jar:/home/ubuntu/.gradle/caches/8.10.2/transforms/81e4360543fbb01d4f7fb470fa49803d/transformed/ideaIU-2025.3/lib/module-intellij.libraries.jackson.databind.jar:/home/ubuntu/.gradle/caches/8.10.2/transforms/81e4360543fbb01d4f7fb470fa49803d/transformed/ideaIU-2025.3/lib/module-intellij.libraries.jackson.dataformat.yaml.jar:/home/ubuntu/.gradle/caches/8.10.2/transforms/81e4360543fbb01d4f7fb470fa49803d/transformed/ideaIU-2025.3/lib/module-intellij.libraries.jackson.jar:/home/ubuntu/.gradle/caches/8.10.2/transforms/81e4360543fbb01d4f7fb470fa49803d/transformed/ideaIU-2025.3/lib/module-intellij.libraries.jackson.jr.objects.jar:/home/ubuntu/.gradle/caches/8.10.2/transforms/81e4360543fbb01d4f7fb470fa49803d/transformed/ideaIU-2025.3/lib/module-intellij.libraries.jackson.module.kotlin.jar:/home/ubuntu/.gradle/caches/8.10.2/transforms/81e4360543fbb01d4f7fb470fa49803d/transformed/ideaIU-2025.3/lib/module-intellij.libraries.java.websocket.jar:/home/ubuntu/.gradle/caches/8.10.2/transforms/81e4360543fbb01d4f7fb470fa49803d/transformed/ideaIU-2025.3/lib/module-intellij.libraries.javax.annotation.jar:/home/ubuntu/.gradle/caches/8.10.2/transforms/81e4360543fbb01d4f7fb470fa49803d/transformed/ideaIU-2025.3/lib/module-intellij.libraries.jaxen.jar:/home/ubuntu/.gradle/caches/8.10.2/transforms/81e4360543fbb01d4f7fb470fa49803d/transformed/ideaIU-2025.3/lib/module-intellij.libraries.jbr.jar:/home/ubuntu/.gradle/caches/8.10.2/transforms/81e4360543fbb01d4f7fb470fa49803d/transformed/ideaIU-2025.3/lib/module-intellij.libraries.jcef.jar:/home/ubuntu/.gradle/caches/8.10.2/transforms/81e4360543fbb01d4f7fb470fa49803d/transformed/ideaIU-2025.3/lib/module-intellij.libraries.jcip.jar:/home/ubuntu/.gradle/caches/8.10.2/transforms/81e4360543fbb01d4f7fb470fa49803d/transformed/ideaIU-2025.3/lib/module-intellij.libraries.jediterm.core.jar:/home/ubuntu/.gradle/caches/8.10.2/transforms/81e4360543fbb01d4f7fb470fa49803d/transformed/ideaIU-2025.3/lib/module-intellij.libraries.jediterm.ui.jar:/home/ubuntu/.gradle/caches/8.10.2/transforms/81e4360543fbb01d4f7fb470fa49803d/transformed/ideaIU-2025.3/lib/module-intellij.libraries.jettison.jar:/home/ubuntu/.gradle/caches/8.10.2/transforms/81e4360543fbb01d4f7fb470fa49803d/transformed/ideaIU-2025.3/lib/module-intellij.libraries.jsonpath.jar:/home/ubuntu/.gradle/caches/8.10.2/transforms/81e4360543fbb01d4f7fb470fa49803d/transformed/ideaIU-2025.3/lib/module-intellij.libraries.jsoup.jar:/home/ubuntu/.gradle/caches/8.10.2/transforms/81e4360543fbb01d4f7fb470fa49803d/transformed/ideaIU-2025.3/lib/module-intellij.libraries.jsvg.jar:/home/ubuntu/.gradle/caches/8.10.2/transforms/81e4360543fbb01d4f7fb470fa49803d/transformed/ideaIU-2025.3/lib/module-intellij.libraries.jvm.native.trusted.roots.jar:/home/ubuntu/.gradle/caches/8.10.2/transforms/81e4360543fbb01d4f7fb470fa49803d/transformed/ideaIU-2025.3/lib/module-intellij.libraries.jzlib.jar:/home/ubuntu/.gradle/caches/8.10.2/transforms/81e4360543fbb01d4f7fb470fa49803d/transformed/ideaIU-2025.3/lib/module-intellij.libraries.kotlin.reflect.jar:/home/ubuntu/.gradle/caches/8.10.2/transforms/81e4360543fbb01d4f7fb470fa49803d/transformed/ideaIU-2025.3/lib/module-intellij.libraries.kotlinx.collections.immutable.jar:/home/ubuntu/.gradle/caches/8.10.2/transforms/81e4360543fbb01d4f7fb470fa49803d/transformed/ideaIU-2025.3/lib/module-intellij.libraries.kotlinx.coroutines.slf4j.jar:/home/ubuntu/.gradle/caches/8.10.2/transforms/81e4360543fbb01d4f7fb470fa49803d/transformed/ideaIU-2025.3/lib/module-intellij.libraries.kotlinx.datetime.jar:/home/ubuntu/.gradle/caches/8.10.2/transforms/81e4360543fbb01d4f7fb470fa49803d/transformed/ideaIU-2025.3/lib/module-intellij.libraries.kotlinx.html.jar:/home/ubuntu/.gradle/caches/8.10.2/transforms/81e4360543fbb01d4f7fb470fa49803d/transformed/ideaIU-2025.3/lib/module-intellij.libraries.kotlinx.io.jar:/home/ubuntu/.gradle/caches/8.10.2/transforms/81e4360543fbb01d4f7fb470fa49803d/transformed/ideaIU-2025.3/lib/module-intellij.libraries.kotlinx.serialization.core.jar:/home/ubuntu/.gradle/caches/8.10.2/transforms/81e4360543fbb01d4f7fb470fa49803d/transformed/ideaIU-2025.3/lib/module-intellij.libraries.kotlinx.serialization.json.jar:/home/ubuntu/.gradle/caches/8.10.2/transforms/81e4360543fbb01d4f7fb470fa49803d/transformed/ideaIU-2025.3/lib/module-intellij.libraries.kotlinx.serialization.protobuf.jar:/home/ubuntu/.gradle/caches/8.10.2/transforms/81e4360543fbb01d4f7fb470fa49803d/transformed/ideaIU-2025.3/lib/module-intellij.libraries.kryo5.jar:/home/ubuntu/.gradle/caches/8.10.2/transforms/81e4360543fbb01d4f7fb470fa49803d/transformed/ideaIU-2025.3/lib/module-intellij.libraries.ktor.client.cio.jar:/home/ubuntu/.gradle/caches/8.10.2/transforms/81e4360543fbb01d4f7fb470fa49803d/transformed/ideaIU-2025.3/lib/module-intellij.libraries.ktor.client.jar:/home/ubuntu/.gradle/caches/8.10.2/transforms/81e4360543fbb01d4f7fb470fa49803d/transformed/ideaIU-2025.3/lib/module-intellij.libraries.ktor.io.jar:/home/ubuntu/.gradle/caches/8.10.2/transforms/81e4360543fbb01d4f7fb470fa49803d/transformed/ideaIU-2025.3/lib/module-intellij.libraries.ktor.network.tls.jar:/home/ubuntu/.gradle/caches/8.10.2/transforms/81e4360543fbb01d4f7fb470fa49803d/transformed/ideaIU-2025.3/lib/module-intellij.libraries.ktor.utils.jar:/home/ubuntu/.gradle/caches/8.10.2/transforms/81e4360543fbb01d4f7fb470fa49803d/transformed/ideaIU-2025.3/lib/module-intellij.libraries.lz4.jar:/home/ubuntu/.gradle/caches/8.10.2/transforms/81e4360543fbb01d4f7fb470fa49803d/transformed/ideaIU-2025.3/lib/module-intellij.libraries.markdown.jar:/home/ubuntu/.gradle/caches/8.10.2/transforms/81e4360543fbb01d4f7fb470fa49803d/transformed/ideaIU-2025.3/lib/module-intellij.libraries.miglayout.swing.jar:/home/ubuntu/.gradle/caches/8.10.2/transforms/81e4360543fbb01d4f7fb470fa49803d/transformed/ideaIU-2025.3/lib/module-intellij.libraries.mvstore.jar:/home/ubuntu/.gradle/caches/8.10.2/transforms/81e4360543fbb01d4f7fb470fa49803d/transformed/ideaIU-2025.3/lib/module-intellij.libraries.oro.matcher.jar:/home/ubuntu/.gradle/caches/8.10.2/transforms/81e4360543fbb01d4f7fb470fa49803d/transformed/ideaIU-2025.3/lib/module-intellij.libraries.proxy.vole.jar:/home/ubuntu/.gradle/caches/8.10.2/transforms/81e4360543fbb01d4f7fb470fa49803d/transformed/ideaIU-2025.3/lib/module-intellij.libraries.pty4j.jar:/home/ubuntu/.gradle/caches/8.10.2/transforms/81e4360543fbb01d4f7fb470fa49803d/transformed/ideaIU-2025.3/lib/module-intellij.libraries.rd.text.jar:/home/ubuntu/.gradle/caches/8.10.2/transforms/81e4360543fbb01d4f7fb470fa49803d/transformed/ideaIU-2025.3/lib/module-intellij.libraries.rhino.jar:/home/ubuntu/.gradle/caches/8.10.2/transforms/81e4360543fbb01d4f7fb470fa49803d/transformed/ideaIU-2025.3/lib/module-intellij.libraries.snakeyaml.engine.jar:/home/ubuntu/.gradle/caches/8.10.2/transforms/81e4360543fbb01d4f7fb470fa49803d/transformed/ideaIU-2025.3/lib/module-intellij.libraries.snakeyaml.jar:/home/ubuntu/.gradle/caches/8.10.2/transforms/81e4360543fbb01d4f7fb470fa49803d/transformed/ideaIU-2025.3/lib/module-intellij.libraries.sshj.jar:/home/ubuntu/.gradle/caches/8.10.2/transforms/81e4360543fbb01d4f7fb470fa49803d/transformed/ideaIU-2025.3/lib/module-intellij.libraries.stream.jar:/home/ubuntu/.gradle/caches/8.10.2/transforms/81e4360543fbb01d4f7fb470fa49803d/transformed/ideaIU-2025.3/lib/module-intellij.libraries.velocity.jar:/home/ubuntu/.gradle/caches/8.10.2/transforms/81e4360543fbb01d4f7fb470fa49803d/transformed/ideaIU-2025.3/lib/module-intellij.libraries.winp.jar:/home/ubuntu/.gradle/caches/8.10.2/transforms/81e4360543fbb01d4f7fb470fa49803d/transformed/ideaIU-2025.3/lib/module-intellij.libraries.xerces.jar:/home/ubuntu/.gradle/caches/8.10.2/transforms/81e4360543fbb01d4f7fb470fa49803d/transformed/ideaIU-2025.3/lib/module-intellij.libraries.xstream.jar:/home/ubuntu/.gradle/caches/8.10.2/transforms/81e4360543fbb01d4f7fb470fa49803d/transformed/ideaIU-2025.3/lib/module-intellij.libraries.xtext.xbase.jar:/home/ubuntu/.gradle/caches/8.10.2/transforms/81e4360543fbb01d4f7fb470fa49803d/transformed/ideaIU-2025.3/lib/module-intellij.libraries.xz.jar:/home/ubuntu/.gradle/caches/8.10.2/transforms/81e4360543fbb01d4f7fb470fa49803d/transformed/ideaIU-2025.3/lib/module-intellij.platform.debugger.impl.rpc.jar:/home/ubuntu/.gradle/caches/8.10.2/transforms/81e4360543fbb01d4f7fb470fa49803d/transformed/ideaIU-2025.3/lib/module-intellij.platform.debugger.impl.shared.jar:/home/ubuntu/.gradle/caches/8.10.2/transforms/81e4360543fbb01d4f7fb470fa49803d/transformed/ideaIU-2025.3/lib/module-intellij.platform.eel.impl.jar:/home/ubuntu/.gradle/caches/8.10.2/transforms/81e4360543fbb01d4f7fb470fa49803d/transformed/ideaIU-2025.3/lib/module-intellij.platform.find.jar:/home/ubuntu/.gradle/caches/8.10.2/transforms/81e4360543fbb01d4f7fb470fa49803d/transformed/ideaIU-2025.3/lib/module-intellij.platform.managed.cache.jar:/home/ubuntu/.gradle/caches/8.10.2/transforms/81e4360543fbb01d4f7fb470fa49803d/transformed/ideaIU-2025.3/lib/module-intellij.platform.polySymbols.backend.jar:/home/ubuntu/.gradle/caches/8.10.2/transforms/81e4360543fbb01d4f7fb470fa49803d/transformed/ideaIU-2025.3/lib/module-intellij.platform.polySymbols.jar:/home/ubuntu/.gradle/caches/8.10.2/transforms/81e4360543fbb01d4f7fb470fa49803d/transformed/ideaIU-2025.3/lib/module-intellij.platform.rpc.topics.jar:/home/ubuntu/.gradle/caches/8.10.2/transforms/81e4360543fbb01d4f7fb470fa49803d/transformed/ideaIU-2025.3/lib/module-intellij.platform.scopes.jar:/home/ubuntu/.gradle/caches/8.10.2/transforms/81e4360543fbb01d4f7fb470fa49803d/transformed/ideaIU-2025.3/lib/module-intellij.platform.vcs.core.jar:/home/ubuntu/.gradle/caches/8.10.2/transforms/81e4360543fbb01d4f7fb470fa49803d/transformed/ideaIU-2025.3/lib/module-intellij.platform.vcs.jar:/home/ubuntu/.gradle/caches/8.10.2/transforms/81e4360543fbb01d4f7fb470fa49803d/transformed/ideaIU-2025.3/lib/module-intellij.platform.vcs.shared.jar:/home/ubuntu/.gradle/caches/8.10.2/transforms/81e4360543fbb01d4f7fb470fa49803d/transformed/ideaIU-2025.3/lib/module-intellij.regexp.jar:/home/ubuntu/.gradle/caches/8.10.2/transforms/81e4360543fbb01d4f7fb470fa49803d/transformed/ideaIU-2025.3/lib/module-intellij.xml.analysis.impl.jar:/home/ubuntu/.gradle/caches/8.10.2/transforms/81e4360543fbb01d4f7fb470fa49803d/transformed/ideaIU-2025.3/lib/module-intellij.xml.analysis.jar:/home/ubuntu/.gradle/caches/8.10.2/transforms/81e4360543fbb01d4f7fb470fa49803d/transformed/ideaIU-2025.3/lib/module-intellij.xml.dom.impl.jar:/home/ubuntu/.gradle/caches/8.10.2/transforms/81e4360543fbb01d4f7fb470fa49803d/transformed/ideaIU-2025.3/lib/module-intellij.xml.dom.jar:/home/ubuntu/.gradle/caches/8.10.2/transforms/81e4360543fbb01d4f7fb470fa49803d/transformed/ideaIU-2025.3/lib/module-intellij.xml.impl.jar:/home/ubuntu/.gradle/caches/8.10.2/transforms/81e4360543fbb01d4f7fb470fa49803d/transformed/ideaIU-2025.3/lib/module-intellij.xml.parser.jar:/home/ubuntu/.gradle/caches/8.10.2/transforms/81e4360543fbb01d4f7fb470fa49803d/transformed/ideaIU-2025.3/lib/module-intellij.xml.psi.impl.jar:/home/ubuntu/.gradle/caches/8.10.2/transforms/81e4360543fbb01d4f7fb470fa49803d/transformed/ideaIU-2025.3/lib/module-intellij.xml.psi.jar:/home/ubuntu/.gradle/caches/8.10.2/transforms/81e4360543fbb01d4f7fb470fa49803d/transformed/ideaIU-2025.3/lib/module-intellij.xml.structureView.impl.jar:/home/ubuntu/.gradle/caches/8.10.2/transforms/81e4360543fbb01d4f7fb470fa49803d/transformed/ideaIU-2025.3/lib/module-intellij.xml.structureView.jar:/home/ubuntu/.gradle/caches/8.10.2/transforms/81e4360543fbb01d4f7fb470fa49803d/transformed/ideaIU-2025.3/lib/module-intellij.xml.syntax.jar:/home/ubuntu/.gradle/caches/8.10.2/transforms/81e4360543fbb01d4f7fb470fa49803d/transformed/ideaIU-2025.3/lib/module-intellij.xml.ui.common.jar:/home/ubuntu/.gradle/caches/8.10.2/transforms/81e4360543fbb01d4f7fb470fa49803d/transformed/ideaIU-2025.3/lib/opentelemetry.jar:/home/ubuntu/.gradle/caches/8.10.2/transforms/81e4360543fbb01d4f7fb470fa49803d/transformed/ideaIU-2025.3/lib/product.jar:/home/ubuntu/.gradle/caches/8.10.2/transforms/81e4360543fbb01d4f7fb470fa49803d/transformed/ideaIU-2025.3/lib/protobuf.jar:/home/ubuntu/.gradle/caches/8.10.2/transforms/81e4360543fbb01d4f7fb470fa49803d/transformed/ideaIU-2025.3/lib/rd.jar:/home/ubuntu/.gradle/caches/8.10.2/transforms/81e4360543fbb01d4f7fb470fa49803d/transformed/ideaIU-2025.3/lib/rhino.jar:/home/ubuntu/.gradle/caches/8.10.2/transforms/81e4360543fbb01d4f7fb470fa49803d/transformed/ideaIU-2025.3/lib/stats.jar:/home/ubuntu/.gradle/caches/8.10.2/transforms/81e4360543fbb01d4f7fb470fa49803d/transformed/ideaIU-2025.3/lib/trove.jar:/home/ubuntu/.gradle/caches/8.10.2/transforms/81e4360543fbb01d4f7fb470fa49803d/transformed/ideaIU-2025.3/lib/util_rt.jar:/home/ubuntu/.gradle/caches/modules-2/files-2.1/com.google.code.gson/gson/2.11.0/527175ca6d81050b53bdd4c457a6d6e017626b0e/gson-2.11.0.jar:/home/ubuntu/.gradle/caches/modules-2/files-2.1/org.junit.jupiter/junit-jupiter-params/5.10.2/359132c82a9d3fa87a325db6edd33b5fdc67a3d8/junit-jupiter-params-5.10.2.jar:/home/ubuntu/.gradle/caches/modules-2/files-2.1/org.junit.jupiter/junit-jupiter-engine/5.10.2/f1f8fe97bd58e85569205f071274d459c2c4f8cd/junit-jupiter-engine-5.10.2.jar:/home/ubuntu/.gradle/caches/modules-2/files-2.1/org.junit.jupiter/junit-jupiter-api/5.10.2/fb55d6e2bce173f35fd28422e7975539621055ef/junit-jupiter-api-5.10.2.jar:/home/ubuntu/.gradle/caches/modules-2/files-2.1/org.junit.platform/junit-platform-launcher/1.10.2/8125dd29e847ca274dd1a7a9ca54859acc284cb3/junit-platform-launcher-1.10.2.jar:/home/ubuntu/.gradle/caches/modules-2/files-2.1/org.junit.platform/junit-platform-engine/1.10.2/d53bb4e0ce7f211a498705783440614bfaf0df2e/junit-platform-engine-1.10.2.jar:/home/ubuntu/.gradle/caches/modules-2/files-2.1/org.junit.platform/junit-platform-commons/1.10.2/3197154a1f0c88da46c47a9ca27611ac7ec5d797/junit-platform-commons-1.10.2.jar:/home/ubuntu/.gradle/caches/modules-2/files-2.1/org.junit.jupiter/junit-jupiter/5.10.2/831c0b86ddc2ce38391c5b81ea662b0cfdc02cce/junit-jupiter-5.10.2.jar:/home/ubuntu/.gradle/caches/modules-2/files-2.1/com.google.errorprone/error_prone_annotations/2.27.0/91b2c29d8a6148b5e2e4930f070d4840e2e48e34/error_prone_annotations-2.27.0.jar:/home/ubuntu/.gradle/caches/modules-2/files-2.1/org.opentest4j/opentest4j/1.3.0/152ea56b3a72f655d4fd677fc0ef2596c3dd5e6e/opentest4j-1.3.0.jar:/home/ubuntu/.gradle/caches/8.10.2/transforms/81e4360543fbb01d4f7fb470fa49803d/transformed/ideaIU-2025.3/lib/modules/intellij.charts.jar:/home/ubuntu/.gradle/caches/8.10.2/transforms/81e4360543fbb01d4f7fb470fa49803d/transformed/ideaIU-2025.3/lib/modules/intellij.debugger.streams.backend.jar:/home/ubuntu/.gradle/caches/8.10.2/transforms/81e4360543fbb01d4f7fb470fa49803d/transformed/ideaIU-2025.3/lib/modules/intellij.debugger.streams.core.jar:/home/ubuntu/.gradle/caches/8.10.2/transforms/81e4360543fbb01d4f7fb470fa49803d/transformed/ideaIU-2025.3/lib/modules/intellij.debugger.streams.shared.jar:/home/ubuntu/.gradle/caches/8.10.2/transforms/81e4360543fbb01d4f7fb470fa49803d/transformed/ideaIU-2025.3/lib/modules/intellij.emojipicker.jar:/home/ubuntu/.gradle/caches/8.10.2/transforms/81e4360543fbb01d4f7fb470fa49803d/transformed/ideaIU-2025.3/lib/modules/intellij.execution.process.elevation.jar:/home/ubuntu/.gradle/caches/8.10.2/transforms/81e4360543fbb01d4f7fb470fa49803d/transformed/ideaIU-2025.3/lib/modules/intellij.execution.process.mediator.client.jar:/home/ubuntu/.gradle/caches/8.10.2/transforms/81e4360543fbb01d4f7fb470fa49803d/transformed/ideaIU-2025.3/lib/modules/intellij.execution.process.mediator.common.jar:/home/ubuntu/.gradle/caches/8.10.2/transforms/81e4360543fbb01d4f7fb470fa49803d/transformed/ideaIU-2025.3/lib/modules/intellij.execution.process.mediator.daemon.jar:/home/ubuntu/.gradle/caches/8.10.2/transforms/81e4360543fbb01d4f7fb470fa49803d/transformed/ideaIU-2025.3/lib/modules/intellij.grid.jar:/home/ubuntu/.gradle/caches/8.10.2/transforms/81e4360543fbb01d4f7fb470fa49803d/transformed/ideaIU-2025.3/lib/modules/intellij.grid.core.impl.jar:/home/ubuntu/.gradle/caches/8.10.2/transforms/81e4360543fbb01d4f7fb470fa49803d/transformed/ideaIU-2025.3/lib/modules/intellij.grid.csv.core.impl.jar:/home/ubuntu/.gradle/caches/8.10.2/transforms/81e4360543fbb01d4f7fb470fa49803d/transformed/ideaIU-2025.3/lib/modules/intellij.grid.impl.jar:/home/ubuntu/.gradle/caches/8.10.2/transforms/81e4360543fbb01d4f7fb470fa49803d/transformed/ideaIU-2025.3/lib/modules/intellij.grid.types.jar:/home/ubuntu/.gradle/caches/8.10.2/transforms/81e4360543fbb01d4f7fb470fa49803d/transformed/ideaIU-2025.3/lib/modules/intellij.ide.startup.importSettings.jar:/home/ubuntu/.gradle/caches/8.10.2/transforms/81e4360543fbb01d4f7fb470fa49803d/transformed/ideaIU-2025.3/lib/modules/intellij.idea.customization.backend.jar:/home/ubuntu/.gradle/caches/8.10.2/transforms/81e4360543fbb01d4f7fb470fa49803d/transformed/ideaIU-2025.3/lib/modules/intellij.idea.customization.base.jar:/home/ubuntu/.gradle/caches/8.10.2/transforms/81e4360543fbb01d4f7fb470fa49803d/transformed/ideaIU-2025.3/lib/modules/intellij.idea.ultimate.customizationTrial.jar:/home/ubuntu/.gradle/caches/8.10.2/transforms/81e4360543fbb01d4f7fb470fa49803d/transformed/ideaIU-2025.3/lib/modules/intellij.idea.ultimate.feedback.jar:/home/ubuntu/.gradle/caches/8.10.2/transforms/81e4360543fbb01d4f7fb470fa49803d/transformed/ideaIU-2025.3/lib/modules/intellij.libraries.coil.jar:/home/ubuntu/.gradle/caches/8.10.2/transforms/81e4360543fbb01d4f7fb470fa49803d/transformed/ideaIU-2025.3/lib/modules/intellij.libraries.commons.text.jar:/home/ubuntu/.gradle/caches/8.10.2/transforms/81e4360543fbb01d4f7fb470fa49803d/transformed/ideaIU-2025.3/lib/modules/intellij.libraries.compose.foundation.desktop.jar:/home/ubuntu/.gradle/caches/8.10.2/transforms/81e4360543fbb01d4f7fb470fa49803d/transformed/ideaIU-2025.3/lib/modules/intellij.libraries.compose.runtime.desktop.jar:/home/ubuntu/.gradle/caches/8.10.2/transforms/81e4360543fbb01d4f7fb470fa49803d/transformed/ideaIU-2025.3/lib/modules/intellij.libraries.grpc.jar:/home/ubuntu/.gradle/caches/8.10.2/transforms/81e4360543fbb01d4f7fb470fa49803d/transformed/ideaIU-2025.3/lib/modules/intellij.libraries.grpc.netty.shaded.jar:/home/ubuntu/.gradle/caches/8.10.2/transforms/81e4360543fbb01d4f7fb470fa49803d/transformed/ideaIU-2025.3/lib/modules/intellij.libraries.javax.activation.jar:/home/ubuntu/.gradle/caches/8.10.2/transforms/81e4360543fbb01d4f7fb470fa49803d/transformed/ideaIU-2025.3/lib/modules/intellij.libraries.kotlinx.document.store.mvstore.jar:/home/ubuntu/.gradle/caches/8.10.2/transforms/81e4360543fbb01d4f7fb470fa49803d/transformed/ideaIU-2025.3/lib/modules/intellij.libraries.lucene.common.jar:/home/ubuntu/.gradle/caches/8.10.2/transforms/81e4360543fbb01d4f7fb470fa49803d/transformed/ideaIU-2025.3/lib/modules/intellij.libraries.microba.jar:/home/ubuntu/.gradle/caches/8.10.2/transforms/81e4360543fbb01d4f7fb470fa49803d/transformed/ideaIU-2025.3/lib/modules/intellij.libraries.skiko.jar:/home/ubuntu/.gradle/caches/8.10.2/transforms/81e4360543fbb01d4f7fb470fa49803d/transformed/ideaIU-2025.3/lib/modules/intellij.libraries.xml.rpc.jar:/home/ubuntu/.gradle/caches/8.10.2/transforms/81e4360543fbb01d4f7fb470fa49803d/transformed/ideaIU-2025.3/lib/modules/intellij.platform.backend.jar:/home/ubuntu/.gradle/caches/8.10.2/transforms/81e4360543fbb01d4f7fb470fa49803d/transformed/ideaIU-2025.3/lib/modules/intellij.platform.bookmarks.backend.jar:/home/ubuntu/.gradle/caches/8.10.2/transforms/81e4360543fbb01d4f7fb470fa49803d/transformed/ideaIU-2025.3/lib/modules/intellij.platform.bookmarks.frontend.jar:/home/ubuntu/.gradle/caches/8.10.2/transforms/81e4360543fbb01d4f7fb470fa49803d/transformed/ideaIU-2025.3/lib/modules/intellij.platform.buildView.jar:/home/ubuntu/.gradle/caches/8.10.2/transforms/81e4360543fbb01d4f7fb470fa49803d/transformed/ideaIU-2025.3/lib/modules/intellij.platform.buildView.backend.jar:/home/ubuntu/.gradle/caches/8.10.2/transforms/81e4360543fbb01d4f7fb470fa49803d/transformed/ideaIU-2025.3/lib/modules/intellij.platform.buildView.frontend.jar:/home/ubuntu/.gradle/caches/8.10.2/transforms/81e4360543fbb01d4f7fb470fa49803d/transformed/ideaIU-2025.3/lib/modules/intellij.platform.clouds.jar:/home/ubuntu/.gradle/caches/8.10.2/transforms/81e4360543fbb01d4f7fb470fa49803d/transformed/ideaIU-2025.3/lib/modules/intellij.platform.collaborationTools.jar:/home/ubuntu/.gradle/caches/8.10.2/transforms/81e4360543fbb01d4f7fb470fa49803d/transformed/ideaIU-2025.3/lib/modules/intellij.platform.collaborationTools.auth.jar:/home/ubuntu/.gradle/caches/8.10.2/transforms/81e4360543fbb01d4f7fb470fa49803d/transformed/ideaIU-2025.3/lib/modules/intellij.platform.collaborationTools.auth.base.jar:/home/ubuntu/.gradle/caches/8.10.2/transforms/81e4360543fbb01d4f7fb470fa49803d/transformed/ideaIU-2025.3/lib/modules/intellij.platform.completion.backend.jar:/home/ubuntu/.gradle/caches/8.10.2/transforms/81e4360543fbb01d4f7fb470fa49803d/transformed/ideaIU-2025.3/lib/modules/intellij.platform.completion.common.jar:/home/ubuntu/.gradle/caches/8.10.2/transforms/81e4360543fbb01d4f7fb470fa49803d/transformed/ideaIU-2025.3/lib/modules/intellij.platform.completion.frontend.jar:/home/ubuntu/.gradle/caches/8.10.2/transforms/81e4360543fbb01d4f7fb470fa49803d/transformed/ideaIU-2025.3/lib/modules/intellij.platform.compose.jar:/home/ubuntu/.gradle/caches/8.10.2/transforms/81e4360543fbb01d4f7fb470fa49803d/transformed/ideaIU-2025.3/lib/modules/intellij.platform.compose.markdown.jar:/home/ubuntu/.gradle/caches/8.10.2/transforms/81e4360543fbb01d4f7fb470fa49803d/transformed/ideaIU-2025.3/lib/modules/intellij.platform.coverage.jar:/home/ubuntu/.gradle/caches/8.10.2/transforms/81e4360543fbb01d4f7fb470fa49803d/transformed/ideaIU-2025.3/lib/modules/intellij.platform.coverage.agent.jar:/home/ubuntu/.gradle/caches/8.10.2/transforms/81e4360543fbb01d4f7fb470fa49803d/transformed/ideaIU-2025.3/lib/modules/intellij.platform.customization.min.jar:/home/ubuntu/.gradle/caches/8.10.2/transforms/81e4360543fbb01d4f7fb470fa49803d/transformed/ideaIU-2025.3/lib/modules/intellij.platform.dap.jar:/home/ubuntu/.gradle/caches/8.10.2/transforms/81e4360543fbb01d4f7fb470fa49803d/transformed/ideaIU-2025.3/lib/modules/intellij.platform.debugger.impl.backend.jar:/home/ubuntu/.gradle/caches/8.10.2/transforms/81e4360543fbb01d4f7fb470fa49803d/transformed/ideaIU-2025.3/lib/modules/intellij.platform.debugger.impl.frontend.jar:/home/ubuntu/.gradle/caches/8.10.2/transforms/81e4360543fbb01d4f7fb470fa49803d/transformed/ideaIU-2025.3/lib/modules/intellij.platform.diagnostic.freezeAnalyzer.jar:/home/ubuntu/.gradle/caches/8.10.2/transforms/81e4360543fbb01d4f7fb470fa49803d/transformed/ideaIU-2025.3/lib/modules/intellij.platform.diagnostic.freezes.jar:/home/ubuntu/.gradle/caches/8.10.2/transforms/81e4360543fbb01d4f7fb470fa49803d/transformed/ideaIU-2025.3/lib/modules/intellij.platform.diagnostic.telemetry.agent.extension.jar:/home/ubuntu/.gradle/caches/8.10.2/transforms/81e4360543fbb01d4f7fb470fa49803d/transformed/ideaIU-2025.3/lib/modules/intellij.platform.editor.jar:/home/ubuntu/.gradle/caches/8.10.2/transforms/81e4360543fbb01d4f7fb470fa49803d/transformed/ideaIU-2025.3/lib/modules/intellij.platform.editor.backend.jar:/home/ubuntu/.gradle/caches/8.10.2/transforms/81e4360543fbb01d4f7fb470fa49803d/transformed/ideaIU-2025.3/lib/modules/intellij.platform.editor.frontend.jar:/home/ubuntu/.gradle/caches/8.10.2/transforms/81e4360543fbb01d4f7fb470fa49803d/transformed/ideaIU-2025.3/lib/modules/intellij.platform.execution.dashboard.jar:/home/ubuntu/.gradle/caches/8.10.2/transforms/81e4360543fbb01d4f7fb470fa49803d/transformed/ideaIU-2025.3/lib/modules/intellij.platform.execution.dashboard.backend.jar:/home/ubuntu/.gradle/caches/8.10.2/transforms/81e4360543fbb01d4f7fb470fa49803d/transformed/ideaIU-2025.3/lib/modules/intellij.platform.execution.dashboard.frontend.jar:/home/ubuntu/.gradle/caches/8.10.2/transforms/81e4360543fbb01d4f7fb470fa49803d/transformed/ideaIU-2025.3/lib/modules/intellij.platform.execution.impl.backend.jar:/home/ubuntu/.gradle/caches/8.10.2/transforms/81e4360543fbb01d4f7fb470fa49803d/transformed/ideaIU-2025.3/lib/modules/intellij.platform.execution.impl.frontend.jar:/home/ubuntu/.gradle/caches/8.10.2/transforms/81e4360543fbb01d4f7fb470fa49803d/transformed/ideaIU-2025.3/lib/modules/intellij.platform.execution.serviceView.jar:/home/ubuntu/.gradle/caches/8.10.2/transforms/81e4360543fbb01d4f7fb470fa49803d/transformed/ideaIU-2025.3/lib/modules/intellij.platform.execution.serviceView.backend.jar:/home/ubuntu/.gradle/caches/8.10.2/transforms/81e4360543fbb01d4f7fb470fa49803d/transformed/ideaIU-2025.3/lib/modules/intellij.platform.execution.serviceView.frontend.jar:/home/ubuntu/.gradle/caches/8.10.2/transforms/81e4360543fbb01d4f7fb470fa49803d/transformed/ideaIU-2025.3/lib/modules/intellij.platform.find.backend.jar:/home/ubuntu/.gradle/caches/8.10.2/transforms/81e4360543fbb01d4f7fb470fa49803d/transformed/ideaIU-2025.3/lib/modules/intellij.platform.frontend.jar:/home/ubuntu/.gradle/caches/8.10.2/transforms/81e4360543fbb01d4f7fb470fa49803d/transformed/ideaIU-2025.3/lib/modules/intellij.platform.ide.impl.wsl.jar:/home/ubuntu/.gradle/caches/8.10.2/transforms/81e4360543fbb01d4f7fb470fa49803d/transformed/ideaIU-2025.3/lib/modules/intellij.platform.ide.newUiOnboarding.jar:/home/ubuntu/.gradle/caches/8.10.2/transforms/81e4360543fbb01d4f7fb470fa49803d/transformed/ideaIU-2025.3/lib/modules/intellij.platform.ide.newUsersOnboarding.jar:/home/ubuntu/.gradle/caches/8.10.2/transforms/81e4360543fbb01d4f7fb470fa49803d/transformed/ideaIU-2025.3/lib/modules/intellij.platform.identifiers.highlighting.backend.jar:/home/ubuntu/.gradle/caches/8.10.2/transforms/81e4360543fbb01d4f7fb470fa49803d/transformed/ideaIU-2025.3/lib/modules/intellij.platform.identifiers.highlighting.shared.jar:/home/ubuntu/.gradle/caches/8.10.2/transforms/81e4360543fbb01d4f7fb470fa49803d/transformed/ideaIU-2025.3/lib/modules/intellij.platform.inline.completion.jar:/home/ubuntu/.gradle/caches/8.10.2/transforms/81e4360543fbb01d4f7fb470fa49803d/transformed/ideaIU-2025.3/lib/modules/intellij.platform.inspect.jar:/home/ubuntu/.gradle/caches/8.10.2/transforms/81e4360543fbb01d4f7fb470fa49803d/transformed/ideaIU-2025.3/lib/modules/intellij.platform.jewel.foundation.jar:/home/ubuntu/.gradle/caches/8.10.2/transforms/81e4360543fbb01d4f7fb470fa49803d/transformed/ideaIU-2025.3/lib/modules/intellij.platform.jewel.ideLafBridge.jar:/home/ubuntu/.gradle/caches/8.10.2/transforms/81e4360543fbb01d4f7fb470fa49803d/transformed/ideaIU-2025.3/lib/modules/intellij.platform.jewel.markdown.core.jar:/home/ubuntu/.gradle/caches/8.10.2/transforms/81e4360543fbb01d4f7fb470fa49803d/transformed/ideaIU-2025.3/lib/modules/intellij.platform.jewel.markdown.extensions.autolink.jar:/home/ubuntu/.gradle/caches/8.10.2/transforms/81e4360543fbb01d4f7fb470fa49803d/transformed/ideaIU-2025.3/lib/modules/intellij.platform.jewel.markdown.extensions.gfmAlerts.jar:/home/ubuntu/.gradle/caches/8.10.2/transforms/81e4360543fbb01d4f7fb470fa49803d/transformed/ideaIU-2025.3/lib/modules/intellij.platform.jewel.markdown.extensions.gfmStrikethrough.jar:/home/ubuntu/.gradle/caches/8.10.2/transforms/81e4360543fbb01d4f7fb470fa49803d/transformed/ideaIU-2025.3/lib/modules/intellij.platform.jewel.markdown.extensions.gfmTables.jar:/home/ubuntu/.gradle/caches/8.10.2/transforms/81e4360543fbb01d4f7fb470fa49803d/transformed/ideaIU-2025.3/lib/modules/intellij.platform.jewel.markdown.extensions.images.jar:/home/ubuntu/.gradle/caches/8.10.2/transforms/81e4360543fbb01d4f7fb470fa49803d/transformed/ideaIU-2025.3/lib/modules/intellij.platform.jewel.markdown.ideLafBridgeStyling.jar:/home/ubuntu/.gradle/caches/8.10.2/transforms/81e4360543fbb01d4f7fb470fa49803d/transformed/ideaIU-2025.3/lib/modules/intellij.platform.jewel.ui.jar:/home/ubuntu/.gradle/caches/8.10.2/transforms/81e4360543fbb01d4f7fb470fa49803d/transformed/ideaIU-2025.3/lib/modules/intellij.platform.kernel.backend.jar:/home/ubuntu/.gradle/caches/8.10.2/transforms/81e4360543fbb01d4f7fb470fa49803d/transformed/ideaIU-2025.3/lib/modules/intellij.platform.kernel.impl.jar:/home/ubuntu/.gradle/caches/8.10.2/transforms/81e4360543fbb01d4f7fb470fa49803d/transformed/ideaIU-2025.3/lib/modules/intellij.platform.lang.impl.backend.jar:/home/ubuntu/.gradle/caches/8.10.2/transforms/81e4360543fbb01d4f7fb470fa49803d/transformed/ideaIU-2025.3/lib/modules/intellij.platform.langInjection.jar:/home/ubuntu/.gradle/caches/8.10.2/transforms/81e4360543fbb01d4f7fb470fa49803d/transformed/ideaIU-2025.3/lib/modules/intellij.platform.langInjection.backend.jar:/home/ubuntu/.gradle/caches/8.10.2/transforms/81e4360543fbb01d4f7fb470fa49803d/transformed/ideaIU-2025.3/lib/modules/intellij.platform.lvcs.impl.jar:/home/ubuntu/.gradle/caches/8.10.2/transforms/81e4360543fbb01d4f7fb470fa49803d/transformed/ideaIU-2025.3/lib/modules/intellij.platform.managed.cache.backend.jar:/home/ubuntu/.gradle/caches/8.10.2/transforms/81e4360543fbb01d4f7fb470fa49803d/transformed/ideaIU-2025.3/lib/modules/intellij.platform.ml.impl.jar:/home/ubuntu/.gradle/caches/8.10.2/transforms/81e4360543fbb01d4f7fb470fa49803d/transformed/ideaIU-2025.3/lib/modules/intellij.platform.monolith.jar:/home/ubuntu/.gradle/caches/8.10.2/transforms/81e4360543fbb01d4f7fb470fa49803d/transformed/ideaIU-2025.3/lib/modules/intellij.platform.navbar.jar:/home/ubuntu/.gradle/caches/8.10.2/transforms/81e4360543fbb01d4f7fb470fa49803d/transformed/ideaIU-2025.3/lib/modules/intellij.platform.navbar.backend.jar:/home/ubuntu/.gradle/caches/8.10.2/transforms/81e4360543fbb01d4f7fb470fa49803d/transformed/ideaIU-2025.3/lib/modules/intellij.platform.navbar.frontend.jar:/home/ubuntu/.gradle/caches/8.10.2/transforms/81e4360543fbb01d4f7fb470fa49803d/transformed/ideaIU-2025.3/lib/modules/intellij.platform.navbar.monolith.jar:/home/ubuntu/.gradle/caches/8.10.2/transforms/81e4360543fbb01d4f7fb470fa49803d/transformed/ideaIU-2025.3/lib/modules/intellij.platform.pluginManager.backend.jar:/home/ubuntu/.gradle/caches/8.10.2/transforms/81e4360543fbb01d4f7fb470fa49803d/transformed/ideaIU-2025.3/lib/modules/intellij.platform.pluginManager.frontend.jar:/home/ubuntu/.gradle/caches/8.10.2/transforms/81e4360543fbb01d4f7fb470fa49803d/transformed/ideaIU-2025.3/lib/modules/intellij.platform.pluginManager.shared.jar:/home/ubuntu/.gradle/caches/8.10.2/transforms/81e4360543fbb01d4f7fb470fa49803d/transformed/ideaIU-2025.3/lib/modules/intellij.platform.progress.backend.jar:/home/ubuntu/.gradle/caches/8.10.2/transforms/81e4360543fbb01d4f7fb470fa49803d/transformed/ideaIU-2025.3/lib/modules/intellij.platform.project.backend.jar:/home/ubuntu/.gradle/caches/8.10.2/transforms/81e4360543fbb01d4f7fb470fa49803d/transformed/ideaIU-2025.3/lib/modules/intellij.platform.recentFiles.jar:/home/ubuntu/.gradle/caches/8.10.2/transforms/81e4360543fbb01d4f7fb470fa49803d/transformed/ideaIU-2025.3/lib/modules/intellij.platform.recentFiles.backend.jar:/home/ubuntu/.gradle/caches/8.10.2/transforms/81e4360543fbb01d4f7fb470fa49803d/transformed/ideaIU-2025.3/lib/modules/intellij.platform.recentFiles.frontend.jar:/home/ubuntu/.gradle/caches/8.10.2/transforms/81e4360543fbb01d4f7fb470fa49803d/transformed/ideaIU-2025.3/lib/modules/intellij.platform.registry.cloud.jar:/home/ubuntu/.gradle/caches/8.10.2/transforms/81e4360543fbb01d4f7fb470fa49803d/transformed/ideaIU-2025.3/lib/modules/intellij.platform.rpc.backend.jar:/home/ubuntu/.gradle/caches/8.10.2/transforms/81e4360543fbb01d4f7fb470fa49803d/transformed/ideaIU-2025.3/lib/modules/intellij.platform.rpc.topics.backend.jar:/home/ubuntu/.gradle/caches/8.10.2/transforms/81e4360543fbb01d4f7fb470fa49803d/transformed/ideaIU-2025.3/lib/modules/intellij.platform.rpc.topics.frontend.jar:/home/ubuntu/.gradle/caches/8.10.2/transforms/81e4360543fbb01d4f7fb470fa49803d/transformed/ideaIU-2025.3/lib/modules/intellij.platform.scopes.backend.jar:/home/ubuntu/.gradle/caches/8.10.2/transforms/81e4360543fbb01d4f7fb470fa49803d/transformed/ideaIU-2025.3/lib/modules/intellij.platform.scriptDebugger.backend.jar:/home/ubuntu/.gradle/caches/8.10.2/transforms/81e4360543fbb01d4f7fb470fa49803d/transformed/ideaIU-2025.3/lib/modules/intellij.platform.scriptDebugger.protocolReaderRuntime.jar:/home/ubuntu/.gradle/caches/8.10.2/transforms/81e4360543fbb01d4f7fb470fa49803d/transformed/ideaIU-2025.3/lib/modules/intellij.platform.scriptDebugger.ui.jar:/home/ubuntu/.gradle/caches/8.10.2/transforms/81e4360543fbb01d4f7fb470fa49803d/transformed/ideaIU-2025.3/lib/modules/intellij.platform.searchEverywhere.jar:/home/ubuntu/.gradle/caches/8.10.2/transforms/81e4360543fbb01d4f7fb470fa49803d/transformed/ideaIU-2025.3/lib/modules/intellij.platform.searchEverywhere.backend.jar:/home/ubuntu/.gradle/caches/8.10.2/transforms/81e4360543fbb01d4f7fb470fa49803d/transformed/ideaIU-2025.3/lib/modules/intellij.platform.searchEverywhere.frontend.jar:/home/ubuntu/.gradle/caches/8.10.2/transforms/81e4360543fbb01d4f7fb470fa49803d/transformed/ideaIU-2025.3/lib/modules/intellij.platform.settings.local.jar:/home/ubuntu/.gradle/caches/8.10.2/transforms/81e4360543fbb01d4f7fb470fa49803d/transformed/ideaIU-2025.3/lib/modules/intellij.platform.smRunner.vcs.jar:/home/ubuntu/.gradle/caches/8.10.2/transforms/81e4360543fbb01d4f7fb470fa49803d/transformed/ideaIU-2025.3/lib/modules/intellij.platform.tasks.jar:/home/ubuntu/.gradle/caches/8.10.2/transforms/81e4360543fbb01d4f7fb470fa49803d/transformed/ideaIU-2025.3/lib/modules/intellij.platform.tasks.impl.jar:/home/ubuntu/.gradle/caches/8.10.2/transforms/81e4360543fbb01d4f7fb470fa49803d/transformed/ideaIU-2025.3/lib/modules/intellij.platform.tips.jar:/home/ubuntu/.gradle/caches/8.10.2/transforms/81e4360543fbb01d4f7fb470fa49803d/transformed/ideaIU-2025.3/lib/modules/intellij.platform.trialPromotion.common.jar:/home/ubuntu/.gradle/caches/8.10.2/transforms/81e4360543fbb01d4f7fb470fa49803d/transformed/ideaIU-2025.3/lib/modules/intellij.platform.trialPromotion.idesWithFreeTier.jar:/home/ubuntu/.gradle/caches/8.10.2/transforms/81e4360543fbb01d4f7fb470fa49803d/transformed/ideaIU-2025.3/lib/modules/intellij.platform.vcs.dvcs.jar:/home/ubuntu/.gradle/caches/8.10.2/transforms/81e4360543fbb01d4f7fb470fa49803d/transformed/ideaIU-2025.3/lib/modules/intellij.platform.vcs.dvcs.impl.jar:/home/ubuntu/.gradle/caches/8.10.2/transforms/81e4360543fbb01d4f7fb470fa49803d/transformed/ideaIU-2025.3/lib/modules/intellij.platform.vcs.dvcs.impl.shared.jar:/home/ubuntu/.gradle/caches/8.10.2/transforms/81e4360543fbb01d4f7fb470fa49803d/transformed/ideaIU-2025.3/lib/modules/intellij.platform.vcs.impl.jar:/home/ubuntu/.gradle/caches/8.10.2/transforms/81e4360543fbb01d4f7fb470fa49803d/transformed/ideaIU-2025.3/lib/modules/intellij.platform.vcs.impl.exec.jar:/home/ubuntu/.gradle/caches/8.10.2/transforms/81e4360543fbb01d4f7fb470fa49803d/transformed/ideaIU-2025.3/lib/modules/intellij.platform.vcs.impl.frontend.jar:/home/ubuntu/.gradle/caches/8.10.2/transforms/81e4360543fbb01d4f7fb470fa49803d/transformed/ideaIU-2025.3/lib/modules/intellij.platform.vcs.impl.lang.jar:/home/ubuntu/.gradle/caches/8.10.2/transforms/81e4360543fbb01d4f7fb470fa49803d/transformed/ideaIU-2025.3/lib/modules/intellij.platform.vcs.impl.lang.actions.jar:/home/ubuntu/.gradle/caches/8.10.2/transforms/81e4360543fbb01d4f7fb470fa49803d/transformed/ideaIU-2025.3/lib/modules/intellij.platform.vcs.impl.shared.jar:/home/ubuntu/.gradle/caches/8.10.2/transforms/81e4360543fbb01d4f7fb470fa49803d/transformed/ideaIU-2025.3/lib/modules/intellij.platform.vcs.log.jar:/home/ubuntu/.gradle/caches/8.10.2/transforms/81e4360543fbb01d4f7fb470fa49803d/transformed/ideaIU-2025.3/lib/modules/intellij.platform.vcs.log.graph.jar:/home/ubuntu/.gradle/caches/8.10.2/transforms/81e4360543fbb01d4f7fb470fa49803d/transformed/ideaIU-2025.3/lib/modules/intellij.platform.vcs.log.graph.impl.jar:/home/ubuntu/.gradle/caches/8.10.2/transforms/81e4360543fbb01d4f7fb470fa49803d/transformed/ideaIU-2025.3/lib/modules/intellij.platform.vcs.log.impl.jar:/home/ubuntu/.gradle/caches/8.10.2/transforms/81e4360543fbb01d4f7fb470fa49803d/transformed/ideaIU-2025.3/lib/modules/intellij.platform.warmup.jar:/home/ubuntu/.gradle/caches/8.10.2/transforms/81e4360543fbb01d4f7fb470fa49803d/transformed/ideaIU-2025.3/lib/modules/intellij.profiler.asyncOne.jar:/home/ubuntu/.gradle/caches/8.10.2/transforms/81e4360543fbb01d4f7fb470fa49803d/transformed/ideaIU-2025.3/lib/modules/intellij.profiler.common.jar:/home/ubuntu/.gradle/caches/8.10.2/transforms/81e4360543fbb01d4f7fb470fa49803d/transformed/ideaIU-2025.3/lib/modules/intellij.profiler.ultimate.ideaAsyncProfiler.jar:/home/ubuntu/.gradle/caches/8.10.2/transforms/81e4360543fbb01d4f7fb470fa49803d/transformed/ideaIU-2025.3/lib/modules/intellij.rd.ide.model.generated.jar:/home/ubuntu/.gradle/caches/8.10.2/transforms/81e4360543fbb01d4f7fb470fa49803d/transformed/ideaIU-2025.3/lib/modules/intellij.rd.platform.jar:/home/ubuntu/.gradle/caches/8.10.2/transforms/81e4360543fbb01d4f7fb470fa49803d/transformed/ideaIU-2025.3/lib/modules/intellij.rd.ui.jar:/home/ubuntu/.gradle/caches/8.10.2/transforms/81e4360543fbb01d4f7fb470fa49803d/transformed/ideaIU-2025.3/lib/modules/intellij.relaxng.jar:/home/ubuntu/.gradle/caches/8.10.2/transforms/81e4360543fbb01d4f7fb470fa49803d/transformed/ideaIU-2025.3/lib/modules/intellij.rml.dfa.impl.jar:/home/ubuntu/.gradle/caches/8.10.2/transforms/81e4360543fbb01d4f7fb470fa49803d/transformed/ideaIU-2025.3/lib/modules/intellij.settingsSync.core.jar:/home/ubuntu/.gradle/caches/8.10.2/transforms/81e4360543fbb01d4f7fb470fa49803d/transformed/ideaIU-2025.3/lib/modules/intellij.spellchecker.jar:/home/ubuntu/.gradle/caches/8.10.2/transforms/81e4360543fbb01d4f7fb470fa49803d/transformed/ideaIU-2025.3/lib/modules/intellij.spellchecker.xml.jar:/home/ubuntu/.gradle/caches/8.10.2/transforms/81e4360543fbb01d4f7fb470fa49803d/transformed/ideaIU-2025.3/lib/modules/intellij.xml.langInjection.jar:/home/ubuntu/.gradle/caches/8.10.2/transforms/81e4360543fbb01d4f7fb470fa49803d/transformed/ideaIU-2025.3/lib/modules/intellij.xml.langInjection.xpath.jar:/home/ubuntu/.gradle/caches/8.10.2/transforms/81e4360543fbb01d4f7fb470fa49803d/transformed/ideaIU-2025.3/lib/modules/intellij.xml.xmlbeans.jar:/home/ubuntu/.gradle/caches/8.10.2/transforms/81e4360543fbb01d4f7fb470fa49803d/transformed/ideaIU-2025.3/plugins/angular/lib/angular.jar:/home/ubuntu/.gradle/caches/8.10.2/transforms/81e4360543fbb01d4f7fb470fa49803d/transformed/ideaIU-2025.3/plugins/java-byteCodeViewer/lib/java-byteCodeViewer.jar:/home/ubuntu/.gradle/caches/8.10.2/transforms/81e4360543fbb01d4f7fb470fa49803d/transformed/ideaIU-2025.3/plugins/java-coverage/lib/jacoco.jar:/home/ubuntu/.gradle/caches/8.10.2/transforms/81e4360543fbb01d4f7fb470fa49803d/transformed/ideaIU-2025.3/plugins/java-coverage/lib/java-coverage-rt.jar:/home/ubuntu/.gradle/caches/8.10.2/transforms/81e4360543fbb01d4f7fb470fa49803d/transformed/ideaIU-2025.3/plugins/java-coverage/lib/coverage-report.jar:/home/ubuntu/.gradle/caches/8.10.2/transforms/81e4360543fbb01d4f7fb470fa49803d/transformed/ideaIU-2025.3/plugins/java-coverage/lib/java-coverage.jar:/home/ubuntu/.gradle/caches/8.10.2/transforms/81e4360543fbb01d4f7fb470fa49803d/transformed/ideaIU-2025.3/plugins/clouds-docker-impl/lib/com.github.docker-java-docker-java-transport.jar:/home/ubuntu/.gradle/caches/8.10.2/transforms/81e4360543fbb01d4f7fb470fa49803d/transformed/ideaIU-2025.3/plugins/clouds-docker-impl/lib/clouds-docker-impl.jar:/home/ubuntu/.gradle/caches/8.10.2/transforms/81e4360543fbb01d4f7fb470fa49803d/transformed/ideaIU-2025.3/plugins/clouds-docker-impl/lib/com.github.docker-java-docker-java-api.jar:/home/ubuntu/.gradle/caches/8.10.2/transforms/81e4360543fbb01d4f7fb470fa49803d/transformed/ideaIU-2025.3/plugins/clouds-docker-impl/lib/com.github.docker-java-docker-java-core.jar:/home/ubuntu/.gradle/caches/8.10.2/transforms/81e4360543fbb01d4f7fb470fa49803d/transformed/ideaIU-2025.3/plugins/clouds-docker-impl/lib/com.github.docker-java-docker-java-transport-httpclient5.jar:/home/ubuntu/.gradle/caches/8.10.2/transforms/81e4360543fbb01d4f7fb470fa49803d/transformed/ideaIU-2025.3/plugins/clouds-docker-impl/lib/modules/intellij.clouds.docker.file.backend.jar:/home/ubuntu/.gradle/caches/8.10.2/transforms/81e4360543fbb01d4f7fb470fa49803d/transformed/ideaIU-2025.3/plugins/clouds-docker-impl/lib/modules/intellij.clouds.docker.jar:/home/ubuntu/.gradle/caches/8.10.2/transforms/81e4360543fbb01d4f7fb470fa49803d/transformed/ideaIU-2025.3/plugins/clouds-docker-impl/lib/modules/intellij.clouds.docker.shared.jar:/home/ubuntu/.gradle/caches/8.10.2/transforms/81e4360543fbb01d4f7fb470fa49803d/transformed/ideaIU-2025.3/plugins/clouds-docker-impl/lib/modules/intellij.clouds.docker.frontend.jar:/home/ubuntu/.gradle/caches/8.10.2/transforms/81e4360543fbb01d4f7fb470fa49803d/transformed/ideaIU-2025.3/plugins/clouds-docker-impl/lib/modules/intellij.clouds.docker.file.frontend.split.jar:/home/ubuntu/.gradle/caches/8.10.2/transforms/81e4360543fbb01d4f7fb470fa49803d/transformed/ideaIU-2025.3/plugins/vcs-git/lib/vcs-git-frontend.jar:/home/ubuntu/.gradle/caches/8.10.2/transforms/81e4360543fbb01d4f7fb470fa49803d/transformed/ideaIU-2025.3/plugins/vcs-git/lib/git4idea-rt.jar:/home/ubuntu/.gradle/caches/8.10.2/transforms/81e4360543fbb01d4f7fb470fa49803d/transformed/ideaIU-2025.3/plugins/vcs-git/lib/vcs-git.jar:/home/ubuntu/.gradle/caches/8.10.2/transforms/81e4360543fbb01d4f7fb470fa49803d/transformed/ideaIU-2025.3/plugins/vcs-git/lib/modules/intellij.vcs.git.frontend.jar:/home/ubuntu/.gradle/caches/8.10.2/transforms/81e4360543fbb01d4f7fb470fa49803d/transformed/ideaIU-2025.3/plugins/html-tools/lib/html-tools.jar:/home/ubuntu/.gradle/caches/8.10.2/transforms/81e4360543fbb01d4f7fb470fa49803d/transformed/ideaIU-2025.3/plugins/javaee-appServers-jboss/lib/javaee-appServers-jboss.jar:/home/ubuntu/.gradle/caches/8.10.2/transforms/81e4360543fbb01d4f7fb470fa49803d/transformed/ideaIU-2025.3/plugins/javascript-intentions/lib/javascript-intentions.jar:/home/ubuntu/.gradle/caches/8.10.2/transforms/81e4360543fbb01d4f7fb470fa49803d/transformed/ideaIU-2025.3/plugins/junit/lib/junit-rt.jar:/home/ubuntu/.gradle/caches/8.10.2/transforms/81e4360543fbb01d4f7fb470fa49803d/transformed/ideaIU-2025.3/plugins/junit/lib/junit5-rt.jar:/home/ubuntu/.gradle/caches/8.10.2/transforms/81e4360543fbb01d4f7fb470fa49803d/transformed/ideaIU-2025.3/plugins/junit/lib/junit.jar:/home/ubuntu/.gradle/caches/8.10.2/transforms/81e4360543fbb01d4f7fb470fa49803d/transformed/ideaIU-2025.3/plugins/junit/lib/junit6-rt.jar:/home/ubuntu/.gradle/caches/8.10.2/transforms/81e4360543fbb01d4f7fb470fa49803d/transformed/ideaIU-2025.3/plugins/javascript-plugin/lib/javascript-plugin-frontend.jar:/home/ubuntu/.gradle/caches/8.10.2/transforms/81e4360543fbb01d4f7fb470fa49803d/transformed/ideaIU-2025.3/plugins/javascript-plugin/lib/semver4j.jar:/home/ubuntu/.gradle/caches/8.10.2/transforms/81e4360543fbb01d4f7fb470fa49803d/transformed/ideaIU-2025.3/plugins/javascript-plugin/lib/completion-ranking-typescript.jar:/home/ubuntu/.gradle/caches/8.10.2/transforms/81e4360543fbb01d4f7fb470fa49803d/transformed/ideaIU-2025.3/plugins/javascript-plugin/lib/completion-ranking-js.jar:/home/ubuntu/.gradle/caches/8.10.2/transforms/81e4360543fbb01d4f7fb470fa49803d/transformed/ideaIU-2025.3/plugins/javascript-plugin/lib/javascript-plugin.jar:/home/ubuntu/.gradle/caches/8.10.2/transforms/81e4360543fbb01d4f7fb470fa49803d/transformed/ideaIU-2025.3/plugins/javascript-plugin/lib/modules/intellij.javascript.frontend.jar:/home/ubuntu/.gradle/caches/8.10.2/transforms/81e4360543fbb01d4f7fb470fa49803d/transformed/ideaIU-2025.3/plugins/javascript-debugger/lib/javascript-debugger.jar:/home/ubuntu/.gradle/caches/8.10.2/transforms/81e4360543fbb01d4f7fb470fa49803d/transformed/ideaIU-2025.3/plugins/javascript-debugger/lib/modules/intellij.javascript.debugger.backend.jar:/home/ubuntu/.gradle/caches/8.10.2/transforms/81e4360543fbb01d4f7fb470fa49803d/transformed/ideaIU-2025.3/plugins/javascript-debugger/lib/modules/intellij.javascript.debugger.webDeployment.jar:/home/ubuntu/.gradle/caches/8.10.2/transforms/81e4360543fbb01d4f7fb470fa49803d/transformed/ideaIU-2025.3/plugins/javascript-debugger/lib/modules/intellij.javascript.wip.backend.jar:/home/ubuntu/.gradle/caches/8.10.2/transforms/81e4360543fbb01d4f7fb470fa49803d/transformed/ideaIU-2025.3/plugins/javascript-debugger/lib/modules/intellij.javascript.reactNativeDebugger.jar:/home/ubuntu/.gradle/caches/8.10.2/transforms/81e4360543fbb01d4f7fb470fa49803d/transformed/ideaIU-2025.3/plugins/javascript-debugger/lib/modules/intellij.javascript.wip.protocol.jar:/home/ubuntu/.gradle/caches/8.10.2/transforms/81e4360543fbb01d4f7fb470fa49803d/transformed/ideaIU-2025.3/plugins/javascript-debugger/lib/modules/intellij.javascript.debugger.backend.rpc.jar:/home/ubuntu/.gradle/caches/8.10.2/transforms/81e4360543fbb01d4f7fb470fa49803d/transformed/ideaIU-2025.3/plugins/javascript-debugger/lib/modules/intellij.javascript.debugger.coverage.jar:/home/ubuntu/.gradle/caches/8.10.2/transforms/81e4360543fbb01d4f7fb470fa49803d/transformed/ideaIU-2025.3/plugins/javascript-debugger/lib/modules/intellij.javascript.debugger.ui.jar:/home/ubuntu/.gradle/caches/8.10.2/transforms/81e4360543fbb01d4f7fb470fa49803d/transformed/ideaIU-2025.3/plugins/javascript-debugger/lib/modules/intellij.javascript.debugger.webstorm.specific.jar:/home/ubuntu/.gradle/caches/8.10.2/transforms/81e4360543fbb01d4f7fb470fa49803d/transformed/ideaIU-2025.3/plugins/karma/lib/karma.jar:/home/ubuntu/.gradle/caches/8.10.2/transforms/81e4360543fbb01d4f7fb470fa49803d/transformed/ideaIU-2025.3/plugins/lombok/lib/lombok.jar:/home/ubuntu/.gradle/caches/8.10.2/transforms/81e4360543fbb01d4f7fb470fa49803d/transformed/ideaIU-2025.3/plugins/nodeJS/lib/nodeJS.jar:/home/ubuntu/.gradle/caches/8.10.2/transforms/81e4360543fbb01d4f7fb470fa49803d/transformed/ideaIU-2025.3/plugins/vcs-perforce/lib/vcs-perforce.jar:/home/ubuntu/.gradle/caches/8.10.2/transforms/81e4360543fbb01d4f7fb470fa49803d/transformed/ideaIU-2025.3/plugins/xml-refactoring/lib/xml-refactoring.jar:/home/ubuntu/.gradle/caches/8.10.2/transforms/81e4360543fbb01d4f7fb470fa49803d/transformed/ideaIU-2025.3/plugins/vcs-svn/lib/vcs-svn.jar:/home/ubuntu/.gradle/caches/8.10.2/transforms/81e4360543fbb01d4f7fb470fa49803d/transformed/ideaIU-2025.3/plugins/vcs-svn/lib/sqlite.jar:/home/ubuntu/.gradle/caches/8.10.2/transforms/81e4360543fbb01d4f7fb470fa49803d/transformed/ideaIU-2025.3/plugins/testng/lib/testng.jar:/home/ubuntu/.gradle/caches/8.10.2/transforms/81e4360543fbb01d4f7fb470fa49803d/transformed/ideaIU-2025.3/plugins/testng/lib/testng-rt.jar:/home/ubuntu/.gradle/caches/8.10.2/transforms/81e4360543fbb01d4f7fb470fa49803d/transformed/ideaIU-2025.3/plugins/testng/lib/testng-plugin.jar:/home/ubuntu/.gradle/caches/8.10.2/transforms/81e4360543fbb01d4f7fb470fa49803d/transformed/ideaIU-2025.3/plugins/javaee-appServers-tomcat/lib/intellij.tomcat.inspector.jar:/home/ubuntu/.gradle/caches/8.10.2/transforms/81e4360543fbb01d4f7fb470fa49803d/transformed/ideaIU-2025.3/plugins/javaee-appServers-tomcat/lib/javaee-appServers-tomcat.jar:/home/ubuntu/.gradle/caches/8.10.2/transforms/81e4360543fbb01d4f7fb470fa49803d/transformed/ideaIU-2025.3/plugins/xpath/lib/xpath.jar:/home/ubuntu/.gradle/caches/8.10.2/transforms/81e4360543fbb01d4f7fb470fa49803d/transformed/ideaIU-2025.3/plugins/android-gradle-declarative-lang-ide/lib/android-gradle-declarative-lang-ide-frontend.jar:/home/ubuntu/.gradle/caches/8.10.2/transforms/81e4360543fbb01d4f7fb470fa49803d/transformed/ideaIU-2025.3/plugins/android-gradle-declarative-lang-ide/lib/android-gradle-declarative-lang-ide.jar:/home/ubuntu/.gradle/caches/8.10.2/transforms/81e4360543fbb01d4f7fb470fa49803d/transformed/ideaIU-2025.3/plugins/styled-components/lib/styled-components.jar:/home/ubuntu/.gradle/caches/8.10.2/transforms/81e4360543fbb01d4f7fb470fa49803d/transformed/ideaIU-2025.3/plugins/profiler-lineProfiler/lib/profiler-lineProfiler.jar:/home/ubuntu/.gradle/caches/8.10.2/transforms/81e4360543fbb01d4f7fb470fa49803d/transformed/ideaIU-2025.3/plugins/aopCommon/lib/aopCommon.jar:/home/ubuntu/.gradle/caches/8.10.2/transforms/81e4360543fbb01d4f7fb470fa49803d/transformed/ideaIU-2025.3/plugins/javaee-beanValidation/lib/javaee-beanValidation.jar:/home/ubuntu/.gradle/caches/8.10.2/transforms/81e4360543fbb01d4f7fb470fa49803d/transformed/ideaIU-2025.3/plugins/javaee-cdi/lib/javaee-cdi.jar:/home/ubuntu/.gradle/caches/8.10.2/transforms/81e4360543fbb01d4f7fb470fa49803d/transformed/ideaIU-2025.3/plugins/completionMlRanking/lib/completionMlRanking.jar:/home/ubuntu/.gradle/caches/8.10.2/transforms/81e4360543fbb01d4f7fb470fa49803d/transformed/ideaIU-2025.3/plugins/compose-ide-plugin/lib/compose-ide-plugin.jar:/home/ubuntu/.gradle/caches/8.10.2/transforms/81e4360543fbb01d4f7fb470fa49803d/transformed/ideaIU-2025.3/plugins/compose-ide-plugin/lib/modules/intellij.compose.ide.plugin.gradleTooling.rt.jar:/home/ubuntu/.gradle/caches/8.10.2/transforms/81e4360543fbb01d4f7fb470fa49803d/transformed/ideaIU-2025.3/plugins/configurationScript/lib/configurationScript.jar:/home/ubuntu/.gradle/caches/8.10.2/transforms/81e4360543fbb01d4f7fb470fa49803d/transformed/ideaIU-2025.3/plugins/copyright/lib/copyright.jar:/home/ubuntu/.gradle/caches/8.10.2/transforms/81e4360543fbb01d4f7fb470fa49803d/transformed/ideaIU-2025.3/plugins/cron/lib/cronutils.cron.utils.jar:/home/ubuntu/.gradle/caches/8.10.2/transforms/81e4360543fbb01d4f7fb470fa49803d/transformed/ideaIU-2025.3/plugins/cron/lib/cron.jar:/home/ubuntu/.gradle/caches/8.10.2/transforms/81e4360543fbb01d4f7fb470fa49803d/transformed/ideaIU-2025.3/plugins/css-plugin/lib/css-plugin.jar:/home/ubuntu/.gradle/caches/8.10.2/transforms/81e4360543fbb01d4f7fb470fa49803d/transformed/ideaIU-2025.3/plugins/css-plugin/lib/modules/intellij.css.watcher.jar:/home/ubuntu/.gradle/caches/8.10.2/transforms/81e4360543fbb01d4f7fb470fa49803d/transformed/ideaIU-2025.3/plugins/css-plugin/lib/modules/intellij.css.schemeGenerator.jar:/home/ubuntu/.gradle/caches/8.10.2/transforms/81e4360543fbb01d4f7fb470fa49803d/transformed/ideaIU-2025.3/plugins/css-plugin/lib/modules/intellij.css.jar:/home/ubuntu/.gradle/caches/8.10.2/transforms/81e4360543fbb01d4f7fb470fa49803d/transformed/ideaIU-2025.3/plugins/css-plugin/lib/modules/intellij.css.xmlSchemeGenerator.jar:/home/ubuntu/.gradle/caches/8.10.2/transforms/81e4360543fbb01d4f7fb470fa49803d/transformed/ideaIU-2025.3/plugins/css-plugin/lib/modules/intellij.css.common.psi.jar:/home/ubuntu/.gradle/caches/8.10.2/transforms/81e4360543fbb01d4f7fb470fa49803d/transformed/ideaIU-2025.3/plugins/css-plugin/lib/modules/intellij.css.common.jar:/home/ubuntu/.gradle/caches/8.10.2/transforms/81e4360543fbb01d4f7fb470fa49803d/transformed/ideaIU-2025.3/plugins/css-plugin/lib/modules/intellij.css.copyright.jar:/home/ubuntu/.gradle/caches/8.10.2/transforms/81e4360543fbb01d4f7fb470fa49803d/transformed/ideaIU-2025.3/plugins/css-plugin/lib/modules/intellij.css.analysis.jar:/home/ubuntu/.gradle/caches/8.10.2/transforms/81e4360543fbb01d4f7fb470fa49803d/transformed/ideaIU-2025.3/plugins/css-plugin/lib/modules/intellij.css.backend.jar:/home/ubuntu/.gradle/caches/8.10.2/transforms/81e4360543fbb01d4f7fb470fa49803d/transformed/ideaIU-2025.3/plugins/css-plugin/lib/modules/intellij.css.psi.jar:/home/ubuntu/.gradle/caches/8.10.2/transforms/81e4360543fbb01d4f7fb470fa49803d/transformed/ideaIU-2025.3/plugins/css-plugin/lib/modules/intellij.css.frontend.split.jar:/home/ubuntu/.gradle/caches/8.10.2/transforms/81e4360543fbb01d4f7fb470fa49803d/transformed/ideaIU-2025.3/plugins/DatabaseTools/lib/maven-resolver-transport-file.jar:/home/ubuntu/.gradle/caches/8.10.2/transforms/81e4360543fbb01d4f7fb470fa49803d/transformed/ideaIU-2025.3/plugins/DatabaseTools/lib/tips-database-plugin.jar:/home/ubuntu/.gradle/caches/8.10.2/transforms/81e4360543fbb01d4f7fb470fa49803d/transformed/ideaIU-2025.3/plugins/DatabaseTools/lib/maven-resolver-connector-basic.jar:/home/ubuntu/.gradle/caches/8.10.2/transforms/81e4360543fbb01d4f7fb470fa49803d/transformed/ideaIU-2025.3/plugins/DatabaseTools/lib/aether-dependency-resolver.jar:/home/ubuntu/.gradle/caches/8.10.2/transforms/81e4360543fbb01d4f7fb470fa49803d/transformed/ideaIU-2025.3/plugins/DatabaseTools/lib/plexus-utils.jar:/home/ubuntu/.gradle/caches/8.10.2/transforms/81e4360543fbb01d4f7fb470fa49803d/transformed/ideaIU-2025.3/plugins/DatabaseTools/lib/maven-resolver-provider.jar:/home/ubuntu/.gradle/caches/8.10.2/transforms/81e4360543fbb01d4f7fb470fa49803d/transformed/ideaIU-2025.3/plugins/DatabaseTools/lib/database-plugin.jar:/home/ubuntu/.gradle/caches/8.10.2/transforms/81e4360543fbb01d4f7fb470fa49803d/transformed/ideaIU-2025.3/plugins/DatabaseTools/lib/maven-resolver-transport-http.jar:/home/ubuntu/.gradle/caches/8.10.2/transforms/81e4360543fbb01d4f7fb470fa49803d/transformed/ideaIU-2025.3/plugins/DatabaseTools/lib/database-plugin-frontend.jar:/home/ubuntu/.gradle/caches/8.10.2/transforms/81e4360543fbb01d4f7fb470fa49803d/transformed/ideaIU-2025.3/plugins/DatabaseTools/lib/modules/intellij.database.dialects.sql92.jar:/home/ubuntu/.gradle/caches/8.10.2/transforms/81e4360543fbb01d4f7fb470fa49803d/transformed/ideaIU-2025.3/plugins/DatabaseTools/lib/modules/intellij.database.dialects.sybase.ex.jar:/home/ubuntu/.gradle/caches/8.10.2/transforms/81e4360543fbb01d4f7fb470fa49803d/transformed/ideaIU-2025.3/plugins/DatabaseTools/lib/modules/intellij.database.core.impl.jar:/home/ubuntu/.gradle/caches/8.10.2/transforms/81e4360543fbb01d4f7fb470fa49803d/transformed/ideaIU-2025.3/plugins/DatabaseTools/lib/modules/intellij.database.dialects.base.jar:/home/ubuntu/.gradle/caches/8.10.2/transforms/81e4360543fbb01d4f7fb470fa49803d/transformed/ideaIU-2025.3/plugins/DatabaseTools/lib/modules/intellij.database.dialects.oracle.jar:/home/ubuntu/.gradle/caches/8.10.2/transforms/81e4360543fbb01d4f7fb470fa49803d/transformed/ideaIU-2025.3/plugins/DatabaseTools/lib/modules/intellij.database.sql.backend.core.jar:/home/ubuntu/.gradle/caches/8.10.2/transforms/81e4360543fbb01d4f7fb470fa49803d/transformed/ideaIU-2025.3/plugins/DatabaseTools/lib/modules/intellij.database.connectivity.jar:/home/ubuntu/.gradle/caches/8.10.2/transforms/81e4360543fbb01d4f7fb470fa49803d/transformed/ideaIU-2025.3/plugins/DatabaseTools/lib/modules/intellij.database.dialects.mongo.jar:/home/ubuntu/.gradle/caches/8.10.2/transforms/81e4360543fbb01d4f7fb470fa49803d/transformed/ideaIU-2025.3/plugins/DatabaseTools/lib/modules/intellij.database.jdbcConsole.shim.jar:/home/ubuntu/.gradle/caches/8.10.2/transforms/81e4360543fbb01d4f7fb470fa49803d/transformed/ideaIU-2025.3/plugins/DatabaseTools/lib/modules/intellij.database.sql.jar:/home/ubuntu/.gradle/caches/8.10.2/transforms/81e4360543fbb01d4f7fb470fa49803d/transformed/ideaIU-2025.3/plugins/DatabaseTools/lib/modules/intellij.database.backend.split.jar:/home/ubuntu/.gradle/caches/8.10.2/transforms/81e4360543fbb01d4f7fb470fa49803d/transformed/ideaIU-2025.3/plugins/DatabaseTools/lib/modules/intellij.database.dialects.oracle.ex.coverage.jar:/home/ubuntu/.gradle/caches/8.10.2/transforms/81e4360543fbb01d4f7fb470fa49803d/transformed/ideaIU-2025.3/plugins/DatabaseTools/lib/modules/intellij.database.dialects.redis.backend.jar:/home/ubuntu/.gradle/caches/8.10.2/transforms/81e4360543fbb01d4f7fb470fa49803d/transformed/ideaIU-2025.3/plugins/DatabaseTools/lib/modules/intellij.database.dialects.maria.jar:/home/ubuntu/.gradle/caches/8.10.2/transforms/81e4360543fbb01d4f7fb470fa49803d/transformed/ideaIU-2025.3/plugins/DatabaseTools/lib/modules/intellij.database.util.jar:/home/ubuntu/.gradle/caches/8.10.2/transforms/81e4360543fbb01d4f7fb470fa49803d/transformed/ideaIU-2025.3/plugins/DatabaseTools/lib/modules/intellij.database.dialects.redis.jar:/home/ubuntu/.gradle/caches/8.10.2/transforms/81e4360543fbb01d4f7fb470fa49803d/transformed/ideaIU-2025.3/plugins/DatabaseTools/lib/modules/intellij.database.dialects.mysql.jar:/home/ubuntu/.gradle/caches/8.10.2/transforms/81e4360543fbb01d4f7fb470fa49803d/transformed/ideaIU-2025.3/plugins/DatabaseTools/lib/modules/intellij.database.sql.core.impl.jar:/home/ubuntu/.gradle/caches/8.10.2/transforms/81e4360543fbb01d4f7fb470fa49803d/transformed/ideaIU-2025.3/plugins/DatabaseTools/lib/modules/intellij.database.dialects.mysqlbase.jar:/home/ubuntu/.gradle/caches/8.10.2/transforms/81e4360543fbb01d4f7fb470fa49803d/transformed/ideaIU-2025.3/plugins/DatabaseTools/lib/modules/intellij.database.dialects.mongo.sql.jar:/home/ubuntu/.gradle/caches/8.10.2/transforms/81e4360543fbb01d4f7fb470fa49803d/transformed/ideaIU-2025.3/plugins/DatabaseTools/lib/modules/intellij.database.jdbcConsole.jar:/home/ubuntu/.gradle/caches/8.10.2/transforms/81e4360543fbb01d4f7fb470fa49803d/transformed/ideaIU-2025.3/plugins/DatabaseTools/lib/modules/intellij.database.completionMlRanking.jar:/home/ubuntu/.gradle/caches/8.10.2/transforms/81e4360543fbb01d4f7fb470fa49803d/transformed/ideaIU-2025.3/plugins/DatabaseTools/lib/modules/intellij.database.sql.common.impl.jar:/home/ubuntu/.gradle/caches/8.10.2/transforms/81e4360543fbb01d4f7fb470fa49803d/transformed/ideaIU-2025.3/plugins/DatabaseTools/lib/modules/intellij.database.dialects.mysqlbase.ex.jar:/home/ubuntu/.gradle/caches/8.10.2/transforms/81e4360543fbb01d4f7fb470fa49803d/transformed/ideaIU-2025.3/plugins/DatabaseTools/lib/modules/intellij.database.dialects.sqlite.ex.jar:/home/ubuntu/.gradle/caches/8.10.2/transforms/81e4360543fbb01d4f7fb470fa49803d/transformed/ideaIU-2025.3/plugins/DatabaseTools/lib/modules/intellij.database.impl.jar:/home/ubuntu/.gradle/caches/8.10.2/transforms/81e4360543fbb01d4f7fb470fa49803d/transformed/ideaIU-2025.3/plugins/DatabaseTools/lib/modules/intellij.database.dialects.postgresbase.jar:/home/ubuntu/.gradle/caches/8.10.2/transforms/81e4360543fbb01d4f7fb470fa49803d/transformed/ideaIU-2025.3/plugins/DatabaseTools/lib/modules/intellij.database.sql.frontend.core.jar:/home/ubuntu/.gradle/caches/8.10.2/transforms/81e4360543fbb01d4f7fb470fa49803d/transformed/ideaIU-2025.3/plugins/DatabaseTools/lib/modules/intellij.database.trialPromotion.idesWithFreeTier.jar:/home/ubuntu/.gradle/caches/8.10.2/transforms/81e4360543fbb01d4f7fb470fa49803d/transformed/ideaIU-2025.3/plugins/DatabaseTools/lib/modules/intellij.database.dialects.mssql.jar:/home/ubuntu/.gradle/caches/8.10.2/transforms/81e4360543fbb01d4f7fb470fa49803d/transformed/ideaIU-2025.3/plugins/DatabaseTools/lib/modules/intellij.database.dialects.mssql.ex.jar:/home/ubuntu/.gradle/caches/8.10.2/transforms/81e4360543fbb01d4f7fb470fa49803d/transformed/ideaIU-2025.3/plugins/DatabaseTools/lib/modules/intellij.database.sql.frontend.impl.jar:/home/ubuntu/.gradle/caches/8.10.2/transforms/81e4360543fbb01d4f7fb470fa49803d/transformed/ideaIU-2025.3/plugins/DatabaseTools/lib/modules/intellij.database.dialects.mysqlbase.impl.jar:/home/ubuntu/.gradle/caches/8.10.2/transforms/81e4360543fbb01d4f7fb470fa49803d/transformed/ideaIU-2025.3/plugins/DatabaseTools/lib/modules/intellij.database.sql.common.core.jar:/home/ubuntu/.gradle/caches/8.10.2/transforms/81e4360543fbb01d4f7fb470fa49803d/transformed/ideaIU-2025.3/plugins/DatabaseTools/lib/modules/intellij.database.dialects.mongo.ex.jar:/home/ubuntu/.gradle/caches/8.10.2/transforms/81e4360543fbb01d4f7fb470fa49803d/transformed/ideaIU-2025.3/plugins/DatabaseTools/lib/modules/intellij.database.dialects.postgres.jar:/home/ubuntu/.gradle/caches/8.10.2/transforms/81e4360543fbb01d4f7fb470fa49803d/transformed/ideaIU-2025.3/plugins/DatabaseTools/lib/modules/intellij.database.dialects.oracle.ex.jar:/home/ubuntu/.gradle/caches/8.10.2/transforms/81e4360543fbb01d4f7fb470fa49803d/transformed/ideaIU-2025.3/plugins/DatabaseTools/lib/modules/intellij.database.dialects.mongo.js.external.jar:/home/ubuntu/.gradle/caches/8.10.2/transforms/81e4360543fbb01d4f7fb470fa49803d/transformed/ideaIU-2025.3/plugins/DatabaseTools/lib/modules/intellij.database.dialects.generic.jar:/home/ubuntu/.gradle/caches/8.10.2/transforms/81e4360543fbb01d4f7fb470fa49803d/transformed/ideaIU-2025.3/plugins/DatabaseTools/lib/modules/intellij.database.dialects.postgresgreenplumbase.jar:/home/ubuntu/.gradle/caches/8.10.2/transforms/81e4360543fbb01d4f7fb470fa49803d/transformed/ideaIU-2025.3/plugins/DatabaseTools/lib/modules/intellij.database.dialects.mssql.impl.jar:/home/ubuntu/.gradle/caches/8.10.2/transforms/81e4360543fbb01d4f7fb470fa49803d/transformed/ideaIU-2025.3/plugins/DatabaseTools/lib/modules/intellij.database.dialects.sybase.jar:/home/ubuntu/.gradle/caches/8.10.2/transforms/81e4360543fbb01d4f7fb470fa49803d/transformed/ideaIU-2025.3/plugins/DatabaseTools/lib/modules/intellij.database.pro.jar:/home/ubuntu/.gradle/caches/8.10.2/transforms/81e4360543fbb01d4f7fb470fa49803d/transformed/ideaIU-2025.3/plugins/DatabaseTools/lib/modules/intellij.database.sql.impl.jar:/home/ubuntu/.gradle/caches/8.10.2/transforms/81e4360543fbb01d4f7fb470fa49803d/transformed/ideaIU-2025.3/plugins/DatabaseTools/lib/modules/intellij.database.sql.intelliLang.jar:/home/ubuntu/.gradle/caches/8.10.2/transforms/81e4360543fbb01d4f7fb470fa49803d/transformed/ideaIU-2025.3/plugins/DatabaseTools/lib/modules/intellij.database.dialects.sqlite.jar:/home/ubuntu/.gradle/caches/8.10.2/transforms/81e4360543fbb01d4f7fb470fa49803d/transformed/ideaIU-2025.3/plugins/DatabaseTools/lib/modules/intellij.database.frontend.split.jar:/home/ubuntu/.gradle/caches/8.10.2/transforms/81e4360543fbb01d4f7fb470fa49803d/transformed/ideaIU-2025.3/plugins/DatabaseTools/lib/modules/intellij.database.sql.copyright.jar:/home/ubuntu/.gradle/caches/8.10.2/transforms/81e4360543fbb01d4f7fb470fa49803d/transformed/ideaIU-2025.3/plugins/DatabaseTools/lib/modules/intellij.database.dialects.base.ex.jar:/home/ubuntu/.gradle/caches/8.10.2/transforms/81e4360543fbb01d4f7fb470fa49803d/transformed/ideaIU-2025.3/plugins/debugger-collections-visualizer/lib/debugger-collections-visualizer.jar:/home/ubuntu/.gradle/caches/8.10.2/transforms/81e4360543fbb01d4f7fb470fa49803d/transformed/ideaIU-2025.3/plugins/debugger-collections-visualizer/lib/modules/intellij.debugger.collections.visualizer.core.backend.jar:/home/ubuntu/.gradle/caches/8.10.2/transforms/81e4360543fbb01d4f7fb470fa49803d/transformed/ideaIU-2025.3/plugins/debugger-collections-visualizer/lib/modules/intellij.debugger.collections.visualizer.jvm.jar:/home/ubuntu/.gradle/caches/8.10.2/transforms/81e4360543fbb01d4f7fb470fa49803d/transformed/ideaIU-2025.3/plugins/debugger-collections-visualizer/lib/modules/intellij.debugger.collections.visualizer.core.frontend.jar:/home/ubuntu/.gradle/caches/8.10.2/transforms/81e4360543fbb01d4f7fb470fa49803d/transformed/ideaIU-2025.3/plugins/dev/lib/dev.jar:/home/ubuntu/.gradle/caches/8.10.2/transforms/81e4360543fbb01d4f7fb470fa49803d/transformed/ideaIU-2025.3/plugins/uml/lib/uml-support.jar:/home/ubuntu/.gradle/caches/8.10.2/transforms/81e4360543fbb01d4f7fb470fa49803d/transformed/ideaIU-2025.3/plugins/uml/lib/modules/intellij.diagram.vcs.jar:/home/ubuntu/.gradle/caches/8.10.2/transforms/81e4360543fbb01d4f7fb470fa49803d/transformed/ideaIU-2025.3/plugins/uml/lib/modules/intellij.diagram.gradle.jar:/home/ubuntu/.gradle/caches/8.10.2/transforms/81e4360543fbb01d4f7fb470fa49803d/transformed/ideaIU-2025.3/plugins/uml/lib/modules/intellij.diagram.java.jar:/home/ubuntu/.gradle/caches/8.10.2/transforms/81e4360543fbb01d4f7fb470fa49803d/transformed/ideaIU-2025.3/plugins/uml/lib/modules/intellij.diagram.maven.jar:/home/ubuntu/.gradle/caches/8.10.2/transforms/81e4360543fbb01d4f7fb470fa49803d/transformed/ideaIU-2025.3/plugins/uml/lib/modules/intellij.diagram.properties.jar:/home/ubuntu/.gradle/caches/8.10.2/transforms/81e4360543fbb01d4f7fb470fa49803d/transformed/ideaIU-2025.3/plugins/findUsagesMl/lib/findUsagesMl.jar:/home/ubuntu/.gradle/caches/8.10.2/transforms/81e4360543fbb01d4f7fb470fa49803d/transformed/ideaIU-2025.3/plugins/flyway/lib/flyway.jar:/home/ubuntu/.gradle/caches/8.10.2/transforms/81e4360543fbb01d4f7fb470fa49803d/transformed/ideaIU-2025.3/plugins/freemarker/lib/freemarker.jar:/home/ubuntu/.gradle/caches/8.10.2/transforms/81e4360543fbb01d4f7fb470fa49803d/transformed/ideaIU-2025.3/plugins/freemarker/lib/modules/intellij.freemarker.spring.jar:/home/ubuntu/.gradle/caches/8.10.2/transforms/81e4360543fbb01d4f7fb470fa49803d/transformed/ideaIU-2025.3/plugins/gradle/lib/gradle-api-9.0.0.jar:/home/ubuntu/.gradle/caches/8.10.2/transforms/81e4360543fbb01d4f7fb470fa49803d/transformed/ideaIU-2025.3/plugins/gradle/lib/gradle-tooling-extension-api.jar:/home/ubuntu/.gradle/caches/8.10.2/transforms/81e4360543fbb01d4f7fb470fa49803d/transformed/ideaIU-2025.3/plugins/gradle/lib/gradle-tooling-extension-impl.jar:/home/ubuntu/.gradle/caches/8.10.2/transforms/81e4360543fbb01d4f7fb470fa49803d/transformed/ideaIU-2025.3/plugins/gradle/lib/gradle.jar:/home/ubuntu/.gradle/caches/8.10.2/transforms/81e4360543fbb01d4f7fb470fa49803d/transformed/ideaIU-2025.3/plugins/hibernate/lib/hibernate5-console.jar:/home/ubuntu/.gradle/caches/8.10.2/transforms/81e4360543fbb01d4f7fb470fa49803d/transformed/ideaIU-2025.3/plugins/hibernate/lib/hibernate52-console.jar:/home/ubuntu/.gradle/caches/8.10.2/transforms/81e4360543fbb01d4f7fb470fa49803d/transformed/ideaIU-2025.3/plugins/hibernate/lib/hibernate-console.jar:/home/ubuntu/.gradle/caches/8.10.2/transforms/81e4360543fbb01d4f7fb470fa49803d/transformed/ideaIU-2025.3/plugins/hibernate/lib/hibernate4-console.jar:/home/ubuntu/.gradle/caches/8.10.2/transforms/81e4360543fbb01d4f7fb470fa49803d/transformed/ideaIU-2025.3/plugins/hibernate/lib/hibernate3-console.jar:/home/ubuntu/.gradle/caches/8.10.2/transforms/81e4360543fbb01d4f7fb470fa49803d/transformed/ideaIU-2025.3/plugins/hibernate/lib/hibernate.jar:/home/ubuntu/.gradle/caches/8.10.2/transforms/81e4360543fbb01d4f7fb470fa49803d/transformed/ideaIU-2025.3/plugins/localization-ja/lib/localization-ja.jar:/home/ubuntu/.gradle/caches/8.10.2/transforms/81e4360543fbb01d4f7fb470fa49803d/transformed/ideaIU-2025.3/plugins/java/lib/maven-resolver-transport-file.jar:/home/ubuntu/.gradle/caches/8.10.2/transforms/81e4360543fbb01d4f7fb470fa49803d/transformed/ideaIU-2025.3/plugins/java/lib/netty-codec-protobuf.jar:/home/ubuntu/.gradle/caches/8.10.2/transforms/81e4360543fbb01d4f7fb470fa49803d/transformed/ideaIU-2025.3/plugins/java/lib/jb-jdi.jar:/home/ubuntu/.gradle/caches/8.10.2/transforms/81e4360543fbb01d4f7fb470fa49803d/transformed/ideaIU-2025.3/plugins/java/lib/sa-jdwp.jar:/home/ubuntu/.gradle/caches/8.10.2/transforms/81e4360543fbb01d4f7fb470fa49803d/transformed/ideaIU-2025.3/plugins/java/lib/maven-resolver-connector-basic.jar:/home/ubuntu/.gradle/caches/8.10.2/transforms/81e4360543fbb01d4f7fb470fa49803d/transformed/ideaIU-2025.3/plugins/java/lib/jps-javac-extension.jar:/home/ubuntu/.gradle/caches/8.10.2/transforms/81e4360543fbb01d4f7fb470fa49803d/transformed/ideaIU-2025.3/plugins/java/lib/completion-ranking-java.jar:/home/ubuntu/.gradle/caches/8.10.2/transforms/81e4360543fbb01d4f7fb470fa49803d/transformed/ideaIU-2025.3/plugins/java/lib/aether-dependency-resolver.jar:/home/ubuntu/.gradle/caches/8.10.2/transforms/81e4360543fbb01d4f7fb470fa49803d/transformed/ideaIU-2025.3/plugins/java/lib/jps-builders.jar:/home/ubuntu/.gradle/caches/8.10.2/transforms/81e4360543fbb01d4f7fb470fa49803d/transformed/ideaIU-2025.3/plugins/java/lib/java-impl-frontend.jar:/home/ubuntu/.gradle/caches/8.10.2/transforms/81e4360543fbb01d4f7fb470fa49803d/transformed/ideaIU-2025.3/plugins/java/lib/javac2.jar:/home/ubuntu/.gradle/caches/8.10.2/transforms/81e4360543fbb01d4f7fb470fa49803d/transformed/ideaIU-2025.3/plugins/java/lib/java-impl.jar:/home/ubuntu/.gradle/caches/8.10.2/transforms/81e4360543fbb01d4f7fb470fa49803d/transformed/ideaIU-2025.3/plugins/java/lib/jps-launcher.jar:/home/ubuntu/.gradle/caches/8.10.2/transforms/81e4360543fbb01d4f7fb470fa49803d/transformed/ideaIU-2025.3/plugins/java/lib/kotlin-metadata.jar:/home/ubuntu/.gradle/caches/8.10.2/transforms/81e4360543fbb01d4f7fb470fa49803d/transformed/ideaIU-2025.3/plugins/java/lib/jgoodies-common.jar:/home/ubuntu/.gradle/caches/8.10.2/transforms/81e4360543fbb01d4f7fb470fa49803d/transformed/ideaIU-2025.3/plugins/java/lib/debugger-memory-agent.jar:/home/ubuntu/.gradle/caches/8.10.2/transforms/81e4360543fbb01d4f7fb470fa49803d/transformed/ideaIU-2025.3/plugins/java/lib/maven-resolver-transport-http.jar:/home/ubuntu/.gradle/caches/8.10.2/transforms/81e4360543fbb01d4f7fb470fa49803d/transformed/ideaIU-2025.3/plugins/java/lib/jps-builders-6.jar:/home/ubuntu/.gradle/caches/8.10.2/transforms/81e4360543fbb01d4f7fb470fa49803d/transformed/ideaIU-2025.3/plugins/java/lib/modules/intellij.java.execution.impl.frontend.jar:/home/ubuntu/.gradle/caches/8.10.2/transforms/81e4360543fbb01d4f7fb470fa49803d/transformed/ideaIU-2025.3/plugins/java/lib/modules/intellij.java.unscramble.jar:/home/ubuntu/.gradle/caches/8.10.2/transforms/81e4360543fbb01d4f7fb470fa49803d/transformed/ideaIU-2025.3/plugins/java/lib/modules/intellij.java.structuralSearch.jar:/home/ubuntu/.gradle/caches/8.10.2/transforms/81e4360543fbb01d4f7fb470fa49803d/transformed/ideaIU-2025.3/plugins/java/lib/modules/intellij.java.duplicates.analysis.jar:/home/ubuntu/.gradle/caches/8.10.2/transforms/81e4360543fbb01d4f7fb470fa49803d/transformed/ideaIU-2025.3/plugins/java/lib/modules/intellij.jvm.analysis.impl.jar:/home/ubuntu/.gradle/caches/8.10.2/transforms/81e4360543fbb01d4f7fb470fa49803d/transformed/ideaIU-2025.3/plugins/java/lib/modules/intellij.java.vcs.jar:/home/ubuntu/.gradle/caches/8.10.2/transforms/81e4360543fbb01d4f7fb470fa49803d/transformed/ideaIU-2025.3/plugins/java/lib/modules/intellij.java.duplicatesDetection.jar:/home/ubuntu/.gradle/caches/8.10.2/transforms/81e4360543fbb01d4f7fb470fa49803d/transformed/ideaIU-2025.3/plugins/java/lib/modules/intellij.java.debugger.impl.frontend.jar:/home/ubuntu/.gradle/caches/8.10.2/transforms/81e4360543fbb01d4f7fb470fa49803d/transformed/ideaIU-2025.3/plugins/java/lib/modules/intellij.java.langInjection.jar:/home/ubuntu/.gradle/caches/8.10.2/transforms/81e4360543fbb01d4f7fb470fa49803d/transformed/ideaIU-2025.3/plugins/java/lib/modules/intellij.java.featuresTrainer.jar:/home/ubuntu/.gradle/caches/8.10.2/transforms/81e4360543fbb01d4f7fb470fa49803d/transformed/ideaIU-2025.3/plugins/java/lib/modules/intellij.java.jam.impl.jar:/home/ubuntu/.gradle/caches/8.10.2/transforms/81e4360543fbb01d4f7fb470fa49803d/transformed/ideaIU-2025.3/plugins/java/lib/modules/intellij.profiler.ultimate.jar:/home/ubuntu/.gradle/caches/8.10.2/transforms/81e4360543fbb01d4f7fb470fa49803d/transformed/ideaIU-2025.3/plugins/java/lib/modules/intellij.java.langInjection.jps.jar:/home/ubuntu/.gradle/caches/8.10.2/transforms/81e4360543fbb01d4f7fb470fa49803d/transformed/ideaIU-2025.3/plugins/java/lib/modules/intellij.java.execution.impl.backend.jar:/home/ubuntu/.gradle/caches/8.10.2/transforms/81e4360543fbb01d4f7fb470fa49803d/transformed/ideaIU-2025.3/plugins/java-i18n/lib/java-i18n.jar:/home/ubuntu/.gradle/caches/8.10.2/transforms/81e4360543fbb01d4f7fb470fa49803d/transformed/ideaIU-2025.3/plugins/java-ide-customization/lib/java-ide-customization.jar:/home/ubuntu/.gradle/caches/8.10.2/transforms/81e4360543fbb01d4f7fb470fa49803d/transformed/ideaIU-2025.3/plugins/JavaEE/lib/javaee-platform.jar:/home/ubuntu/.gradle/caches/8.10.2/transforms/81e4360543fbb01d4f7fb470fa49803d/transformed/ideaIU-2025.3/plugins/JavaEE/lib/javaee-rt.jar:/home/ubuntu/.gradle/caches/8.10.2/transforms/81e4360543fbb01d4f7fb470fa49803d/transformed/ideaIU-2025.3/plugins/JavaEE/lib/jasper-v2-rt.jar:/home/ubuntu/.gradle/caches/8.10.2/transforms/81e4360543fbb01d4f7fb470fa49803d/transformed/ideaIU-2025.3/plugins/JavaEE/lib/modules/intellij.javaee.web.jar:/home/ubuntu/.gradle/caches/8.10.2/transforms/81e4360543fbb01d4f7fb470fa49803d/transformed/ideaIU-2025.3/plugins/JavaEE/lib/modules/intellij.javaee.platform.impl.jar:/home/ubuntu/.gradle/caches/8.10.2/transforms/81e4360543fbb01d4f7fb470fa49803d/transformed/ideaIU-2025.3/plugins/JavaEE/lib/modules/intellij.javaee.jpa.ql.jar:/home/ubuntu/.gradle/caches/8.10.2/transforms/81e4360543fbb01d4f7fb470fa49803d/transformed/ideaIU-2025.3/plugins/JavaEE/lib/modules/intellij.javaee.platform.impl.database.jar:/home/ubuntu/.gradle/caches/8.10.2/transforms/81e4360543fbb01d4f7fb470fa49803d/transformed/ideaIU-2025.3/plugins/JavaEE/lib/modules/intellij.javaee.platform.jar:/home/ubuntu/.gradle/caches/8.10.2/transforms/81e4360543fbb01d4f7fb470fa49803d/transformed/ideaIU-2025.3/plugins/JavaEE/lib/modules/intellij.javaee.langInjection.jar:/home/ubuntu/.gradle/caches/8.10.2/transforms/81e4360543fbb01d4f7fb470fa49803d/transformed/ideaIU-2025.3/plugins/JavaEE/lib/modules/intellij.javaee.app.servers.jar:/home/ubuntu/.gradle/caches/8.10.2/transforms/81e4360543fbb01d4f7fb470fa49803d/transformed/ideaIU-2025.3/plugins/JavaEE/lib/modules/intellij.javaee.ejb.jar:/home/ubuntu/.gradle/caches/8.10.2/transforms/81e4360543fbb01d4f7fb470fa49803d/transformed/ideaIU-2025.3/plugins/JavaEE/lib/modules/intellij.javaee.platform.free.jar:/home/ubuntu/.gradle/caches/8.10.2/transforms/81e4360543fbb01d4f7fb470fa49803d/transformed/ideaIU-2025.3/plugins/JavaEE/lib/modules/intellij.javaee.application.jar:/home/ubuntu/.gradle/caches/8.10.2/transforms/81e4360543fbb01d4f7fb470fa49803d/transformed/ideaIU-2025.3/plugins/javaee-app-servers-impl/lib/AppServersView.jar:/home/ubuntu/.gradle/caches/8.10.2/transforms/81e4360543fbb01d4f7fb470fa49803d/transformed/ideaIU-2025.3/plugins/javaee-app-servers-impl/lib/javaee-appServers-cloud-rt.jar:/home/ubuntu/.gradle/caches/8.10.2/transforms/81e4360543fbb01d4f7fb470fa49803d/transformed/ideaIU-2025.3/plugins/javaee-app-servers-impl/lib/javaee-app-servers-impl.jar:/home/ubuntu/.gradle/caches/8.10.2/transforms/81e4360543fbb01d4f7fb470fa49803d/transformed/ideaIU-2025.3/plugins/javaee-app-servers-impl/lib/javaee-appServers-rt.jar:/home/ubuntu/.gradle/caches/8.10.2/transforms/81e4360543fbb01d4f7fb470fa49803d/transformed/ideaIU-2025.3/plugins/javaee-el-core/lib/javaee-el-core.jar:/home/ubuntu/.gradle/caches/8.10.2/transforms/81e4360543fbb01d4f7fb470fa49803d/transformed/ideaIU-2025.3/plugins/javaee-extensions/lib/javaee-extensions.jar:/home/ubuntu/.gradle/caches/8.10.2/transforms/81e4360543fbb01d4f7fb470fa49803d/transformed/ideaIU-2025.3/plugins/javaee-jakarta-data/lib/javaee-jakarta-data.jar:/home/ubuntu/.gradle/caches/8.10.2/transforms/81e4360543fbb01d4f7fb470fa49803d/transformed/ideaIU-2025.3/plugins/JPA/lib/jpa-support.jar:/home/ubuntu/.gradle/caches/8.10.2/transforms/81e4360543fbb01d4f7fb470fa49803d/transformed/ideaIU-2025.3/plugins/JPA/lib/modules/intellij.javaee.jpa.kotlin.jar:/home/ubuntu/.gradle/caches/8.10.2/transforms/81e4360543fbb01d4f7fb470fa49803d/transformed/ideaIU-2025.3/plugins/javaee-reverseEngineering/lib/javaee-reverseEngineering.jar:/home/ubuntu/.gradle/caches/8.10.2/transforms/81e4360543fbb01d4f7fb470fa49803d/transformed/ideaIU-2025.3/plugins/JavaeeWeb/lib/javaee-web.jar:/home/ubuntu/.gradle/caches/8.10.2/transforms/81e4360543fbb01d4f7fb470fa49803d/transformed/ideaIU-2025.3/plugins/JPA Model/lib/jpa-model.jar:/home/ubuntu/.gradle/caches/8.10.2/transforms/81e4360543fbb01d4f7fb470fa49803d/transformed/ideaIU-2025.3/plugins/JPA Model/lib/jgoodies.binding.jar:/home/ubuntu/.gradle/caches/8.10.2/transforms/81e4360543fbb01d4f7fb470fa49803d/transformed/ideaIU-2025.3/plugins/jsonpath/lib/jsonpath.jar:/home/ubuntu/.gradle/caches/8.10.2/transforms/81e4360543fbb01d4f7fb470fa49803d/transformed/ideaIU-2025.3/plugins/javaee-jsp-base-impl/lib/jsp.jar:/home/ubuntu/.gradle/caches/8.10.2/transforms/81e4360543fbb01d4f7fb470fa49803d/transformed/ideaIU-2025.3/plugins/javaee-jsp-base-impl/lib/servlets.jar:/home/ubuntu/.gradle/caches/8.10.2/transforms/81e4360543fbb01d4f7fb470fa49803d/transformed/ideaIU-2025.3/plugins/javaee-jsp-base-impl/lib/javaee-jsp-base-impl.jar:/home/ubuntu/.gradle/caches/8.10.2/transforms/81e4360543fbb01d4f7fb470fa49803d/transformed/ideaIU-2025.3/plugins/localization-ko/lib/localization-ko.jar:/home/ubuntu/.gradle/caches/8.10.2/transforms/81e4360543fbb01d4f7fb470fa49803d/transformed/ideaIU-2025.3/plugins/clouds-kubernetes/lib/intellij.kubernetes.k8s.api.spec.jar:/home/ubuntu/.gradle/caches/8.10.2/transforms/81e4360543fbb01d4f7fb470fa49803d/transformed/ideaIU-2025.3/plugins/clouds-kubernetes/lib/semver4j.jar:/home/ubuntu/.gradle/caches/8.10.2/transforms/81e4360543fbb01d4f7fb470fa49803d/transformed/ideaIU-2025.3/plugins/clouds-kubernetes/lib/kubernetes-client-java.jar:/home/ubuntu/.gradle/caches/8.10.2/transforms/81e4360543fbb01d4f7fb470fa49803d/transformed/ideaIU-2025.3/plugins/clouds-kubernetes/lib/clouds-kubernetes.jar:/home/ubuntu/.gradle/caches/8.10.2/transforms/81e4360543fbb01d4f7fb470fa49803d/transformed/ideaIU-2025.3/plugins/clouds-kubernetes/lib/modules/intellij.clouds.kubernetes.cron.jar:/home/ubuntu/.gradle/caches/8.10.2/transforms/81e4360543fbb01d4f7fb470fa49803d/transformed/ideaIU-2025.3/plugins/clouds-kubernetes/lib/modules/intellij.clouds.kubernetes.db.jar:/home/ubuntu/.gradle/caches/8.10.2/transforms/81e4360543fbb01d4f7fb470fa49803d/transformed/ideaIU-2025.3/plugins/clouds-kubernetes/lib/modules/intellij.clouds.kubernetes.backend.jar:/home/ubuntu/.gradle/caches/8.10.2/transforms/81e4360543fbb01d4f7fb470fa49803d/transformed/ideaIU-2025.3/plugins/clouds-kubernetes/lib/modules/intellij.clouds.kubernetes.charts.gotpl.jar:/home/ubuntu/.gradle/caches/8.10.2/transforms/81e4360543fbb01d4f7fb470fa49803d/transformed/ideaIU-2025.3/plugins/clouds-kubernetes/lib/modules/intellij.clouds.kubernetes.frontend.jar:/home/ubuntu/.gradle/caches/8.10.2/transforms/81e4360543fbb01d4f7fb470fa49803d/transformed/ideaIU-2025.3/plugins/liquibase/lib/liquibase-core.jar:/home/ubuntu/.gradle/caches/8.10.2/transforms/81e4360543fbb01d4f7fb470fa49803d/transformed/ideaIU-2025.3/plugins/liquibase/lib/liquibase.jar:/home/ubuntu/.gradle/caches/8.10.2/transforms/81e4360543fbb01d4f7fb470fa49803d/transformed/ideaIU-2025.3/plugins/mcpserver/lib/io.github.smiley4.schema.kenerator.core.jar:/home/ubuntu/.gradle/caches/8.10.2/transforms/81e4360543fbb01d4f7fb470fa49803d/transformed/ideaIU-2025.3/plugins/mcpserver/lib/mcpserver-frontend.jar:/home/ubuntu/.gradle/caches/8.10.2/transforms/81e4360543fbb01d4f7fb470fa49803d/transformed/ideaIU-2025.3/plugins/mcpserver/lib/mcpserver.jar:/home/ubuntu/.gradle/caches/8.10.2/transforms/81e4360543fbb01d4f7fb470fa49803d/transformed/ideaIU-2025.3/plugins/mcpserver/lib/ktor-server-cio-internal.jar:/home/ubuntu/.gradle/caches/8.10.2/transforms/81e4360543fbb01d4f7fb470fa49803d/transformed/ideaIU-2025.3/plugins/mcpserver/lib/io.github.smiley4.schema.kenerator.jsonschema.jar:/home/ubuntu/.gradle/caches/8.10.2/transforms/81e4360543fbb01d4f7fb470fa49803d/transformed/ideaIU-2025.3/plugins/mcpserver/lib/io.github.smiley4.schema.kenerator.serialization.jar:/home/ubuntu/.gradle/caches/8.10.2/transforms/81e4360543fbb01d4f7fb470fa49803d/transformed/ideaIU-2025.3/plugins/micronaut/lib/micronaut.jar:/home/ubuntu/.gradle/caches/8.10.2/transforms/81e4360543fbb01d4f7fb470fa49803d/transformed/ideaIU-2025.3/plugins/micronaut/lib/micronaut-gradle-tooling.jar:/home/ubuntu/.gradle/caches/8.10.2/transforms/81e4360543fbb01d4f7fb470fa49803d/transformed/ideaIU-2025.3/plugins/microservices-jvm/lib/microservices-jvm.jar:/home/ubuntu/.gradle/caches/8.10.2/transforms/81e4360543fbb01d4f7fb470fa49803d/transformed/ideaIU-2025.3/plugins/microservices-jvm/lib/jetbrains.intellij.deps.scheduled.debugger.agent.jar:/home/ubuntu/.gradle/caches/8.10.2/transforms/81e4360543fbb01d4f7fb470fa49803d/transformed/ideaIU-2025.3/plugins/microservices-plugin/lib/microservices-plugin.jar:/home/ubuntu/.gradle/caches/8.10.2/transforms/81e4360543fbb01d4f7fb470fa49803d/transformed/ideaIU-2025.3/plugins/microservices-plugin/lib/modules/intellij.microservices.diagrams.jar:/home/ubuntu/.gradle/caches/8.10.2/transforms/81e4360543fbb01d4f7fb470fa49803d/transformed/ideaIU-2025.3/plugins/json/lib/json.jar:/home/ubuntu/.gradle/caches/8.10.2/transforms/81e4360543fbb01d4f7fb470fa49803d/transformed/ideaIU-2025.3/plugins/json/lib/modules/intellij.json.backend.regexp.jar:/home/ubuntu/.gradle/caches/8.10.2/transforms/81e4360543fbb01d4f7fb470fa49803d/transformed/ideaIU-2025.3/plugins/json/lib/modules/intellij.json.backend.jar:/home/ubuntu/.gradle/caches/8.10.2/transforms/81e4360543fbb01d4f7fb470fa49803d/transformed/ideaIU-2025.3/plugins/json/lib/modules/intellij.json.frontend.split.jar:/home/ubuntu/.gradle/caches/8.10.2/transforms/81e4360543fbb01d4f7fb470fa49803d/transformed/ideaIU-2025.3/plugins/ultimate-plugin/lib/ultimate-plugin.jar:/home/ubuntu/.gradle/caches/8.10.2/transforms/81e4360543fbb01d4f7fb470fa49803d/transformed/ideaIU-2025.3/plugins/notebooks-plugin/lib/notebooks-plugin.jar:/home/ubuntu/.gradle/caches/8.10.2/transforms/81e4360543fbb01d4f7fb470fa49803d/transformed/ideaIU-2025.3/plugins/javaee-persistence-impl/lib/javaee-persistence-impl.jar:/home/ubuntu/.gradle/caches/8.10.2/transforms/81e4360543fbb01d4f7fb470fa49803d/transformed/ideaIU-2025.3/plugins/platform-images/lib/platform-images.jar:/home/ubuntu/.gradle/caches/8.10.2/transforms/81e4360543fbb01d4f7fb470fa49803d/transformed/ideaIU-2025.3/plugins/platform-images/lib/modules/intellij.platform.images.xdebugger.jar:/home/ubuntu/.gradle/caches/8.10.2/transforms/81e4360543fbb01d4f7fb470fa49803d/transformed/ideaIU-2025.3/plugins/keymap-eclipse/lib/keymap-eclipse.jar:/home/ubuntu/.gradle/caches/8.10.2/transforms/81e4360543fbb01d4f7fb470fa49803d/transformed/ideaIU-2025.3/plugins/keymap-netbeans/lib/keymap-netbeans.jar:/home/ubuntu/.gradle/caches/8.10.2/transforms/81e4360543fbb01d4f7fb470fa49803d/transformed/ideaIU-2025.3/plugins/keymap-visualStudio/lib/keymap-visualStudio.jar:/home/ubuntu/.gradle/caches/8.10.2/transforms/81e4360543fbb01d4f7fb470fa49803d/transformed/ideaIU-2025.3/plugins/webComponents/lib/webComponents.jar:/home/ubuntu/.gradle/caches/8.10.2/transforms/81e4360543fbb01d4f7fb470fa49803d/transformed/ideaIU-2025.3/plugins/properties/lib/properties.jar:/home/ubuntu/.gradle/caches/8.10.2/transforms/81e4360543fbb01d4f7fb470fa49803d/transformed/ideaIU-2025.3/plugins/properties/lib/modules/intellij.properties.backend.jar:/home/ubuntu/.gradle/caches/8.10.2/transforms/81e4360543fbb01d4f7fb470fa49803d/transformed/ideaIU-2025.3/plugins/properties/lib/modules/intellij.properties.backend.psi.jar:/home/ubuntu/.gradle/caches/8.10.2/transforms/81e4360543fbb01d4f7fb470fa49803d/transformed/ideaIU-2025.3/plugins/quarkus/lib/quarkus.jar:/home/ubuntu/.gradle/caches/8.10.2/transforms/81e4360543fbb01d4f7fb470fa49803d/transformed/ideaIU-2025.3/plugins/react/lib/react.jar:/home/ubuntu/.gradle/caches/8.10.2/transforms/81e4360543fbb01d4f7fb470fa49803d/transformed/ideaIU-2025.3/plugins/searchEverywhereMl/lib/searchEverywhereMl.jar:/home/ubuntu/.gradle/caches/8.10.2/transforms/81e4360543fbb01d4f7fb470fa49803d/transformed/ideaIU-2025.3/plugins/searchEverywhereMl/lib/ai.grazie.emb.jar:/home/ubuntu/.gradle/caches/8.10.2/transforms/81e4360543fbb01d4f7fb470fa49803d/transformed/ideaIU-2025.3/plugins/searchEverywhereMl/lib/jetbrains.mlapi.core.jar:/home/ubuntu/.gradle/caches/8.10.2/transforms/81e4360543fbb01d4f7fb470fa49803d/transformed/ideaIU-2025.3/plugins/searchEverywhereMl/lib/ai.grazie.model.swagger.annotations.jvm.jar:/home/ubuntu/.gradle/caches/8.10.2/transforms/81e4360543fbb01d4f7fb470fa49803d/transformed/ideaIU-2025.3/plugins/searchEverywhereMl/lib/modules/intellij.searchEverywhereMl.typos.jar:/home/ubuntu/.gradle/caches/8.10.2/transforms/81e4360543fbb01d4f7fb470fa49803d/transformed/ideaIU-2025.3/plugins/searchEverywhereMl/lib/modules/intellij.searchEverywhereMl.ranking.core.jar:/home/ubuntu/.gradle/caches/8.10.2/transforms/81e4360543fbb01d4f7fb470fa49803d/transformed/ideaIU-2025.3/plugins/settingsSync/lib/jetbrains.intellij.deps.eclipse.jgit.jar:/home/ubuntu/.gradle/caches/8.10.2/transforms/81e4360543fbb01d4f7fb470fa49803d/transformed/ideaIU-2025.3/plugins/settingsSync/lib/settingsSync.jar:/home/ubuntu/.gradle/caches/8.10.2/transforms/81e4360543fbb01d4f7fb470fa49803d/transformed/ideaIU-2025.3/plugins/settingsSync/lib/cloud-config-client.jar:/home/ubuntu/.gradle/caches/8.10.2/transforms/81e4360543fbb01d4f7fb470fa49803d/transformed/ideaIU-2025.3/plugins/Spring/lib/spring.jar:/home/ubuntu/.gradle/caches/8.10.2/transforms/81e4360543fbb01d4f7fb470fa49803d/transformed/ideaIU-2025.3/plugins/Spring/lib/modules/intellij.spring.jar:/home/ubuntu/.gradle/caches/8.10.2/transforms/81e4360543fbb01d4f7fb470fa49803d/transformed/ideaIU-2025.3/plugins/Spring/lib/modules/intellij.spring.boot.run.shared.jar:/home/ubuntu/.gradle/caches/8.10.2/transforms/81e4360543fbb01d4f7fb470fa49803d/transformed/ideaIU-2025.3/plugins/Spring/lib/modules/intellij.spring.eclipse.jar:/home/ubuntu/.gradle/caches/8.10.2/transforms/81e4360543fbb01d4f7fb470fa49803d/transformed/ideaIU-2025.3/plugins/Spring/lib/modules/intellij.spring.core.shared.jar:/home/ubuntu/.gradle/caches/8.10.2/transforms/81e4360543fbb01d4f7fb470fa49803d/transformed/ideaIU-2025.3/plugins/Spring/lib/modules/intellij.spring.boot.run.free.jar:/home/ubuntu/.gradle/caches/8.10.2/transforms/81e4360543fbb01d4f7fb470fa49803d/transformed/ideaIU-2025.3/plugins/Spring/lib/modules/intellij.spring.el.jar:/home/ubuntu/.gradle/caches/8.10.2/transforms/81e4360543fbb01d4f7fb470fa49803d/transformed/ideaIU-2025.3/plugins/Spring/lib/modules/intellij.spring.web.jar:/home/ubuntu/.gradle/caches/8.10.2/transforms/81e4360543fbb01d4f7fb470fa49803d/transformed/ideaIU-2025.3/plugins/Spring/lib/modules/intellij.spring.aop.jar:/home/ubuntu/.gradle/caches/8.10.2/transforms/81e4360543fbb01d4f7fb470fa49803d/transformed/ideaIU-2025.3/plugins/Spring/lib/modules/intellij.spring.core.injections.jar:/home/ubuntu/.gradle/caches/8.10.2/transforms/81e4360543fbb01d4f7fb470fa49803d/transformed/ideaIU-2025.3/plugins/Spring/lib/modules/intellij.spring.boot.shared.jar:/home/ubuntu/.gradle/caches/8.10.2/transforms/81e4360543fbb01d4f7fb470fa49803d/transformed/ideaIU-2025.3/plugins/Spring/lib/modules/intellij.spring.core.free.jar:/home/ubuntu/.gradle/caches/8.10.2/transforms/81e4360543fbb01d4f7fb470fa49803d/transformed/ideaIU-2025.3/plugins/Spring/lib/modules/intellij.spring.persistence.jpa.jar:/home/ubuntu/.gradle/caches/8.10.2/transforms/81e4360543fbb01d4f7fb470fa49803d/transformed/ideaIU-2025.3/plugins/Spring/lib/modules/intellij.spring.graph.jar:/home/ubuntu/.gradle/caches/8.10.2/transforms/81e4360543fbb01d4f7fb470fa49803d/transformed/ideaIU-2025.3/plugins/Spring/lib/modules/intellij.spring.persistence.jar:/home/ubuntu/.gradle/caches/8.10.2/transforms/81e4360543fbb01d4f7fb470fa49803d/transformed/ideaIU-2025.3/plugins/Spring/lib/modules/intellij.spring.jsf.jar:/home/ubuntu/.gradle/caches/8.10.2/transforms/81e4360543fbb01d4f7fb470fa49803d/transformed/ideaIU-2025.3/plugins/Spring/lib/modules/intellij.spring.persistence.hibernate.jar:/home/ubuntu/.gradle/caches/8.10.2/transforms/81e4360543fbb01d4f7fb470fa49803d/transformed/ideaIU-2025.3/plugins/Spring/lib/modules/intellij.spring.kotlin.jar:/home/ubuntu/.gradle/caches/8.10.2/transforms/81e4360543fbb01d4f7fb470fa49803d/transformed/ideaIU-2025.3/plugins/Spring/lib/modules/intellij.spring.core.jar:/home/ubuntu/.gradle/caches/8.10.2/transforms/81e4360543fbb01d4f7fb470fa49803d/transformed/ideaIU-2025.3/plugins/Spring/lib/modules/intellij.spring.data.jpa.ql.jar:/home/ubuntu/.gradle/caches/8.10.2/transforms/81e4360543fbb01d4f7fb470fa49803d/transformed/ideaIU-2025.3/plugins/spring-boot-core/lib/spring-boot-core.jar:/home/ubuntu/.gradle/caches/8.10.2/transforms/81e4360543fbb01d4f7fb470fa49803d/transformed/ideaIU-2025.3/plugins/spring-boot-core/lib/modules/intellij.spring.boot.maven.shared.jar:/home/ubuntu/.gradle/caches/8.10.2/transforms/81e4360543fbb01d4f7fb470fa49803d/transformed/ideaIU-2025.3/plugins/spring-boot-core/lib/modules/intellij.spring.boot.rewrite.jar:/home/ubuntu/.gradle/caches/8.10.2/transforms/81e4360543fbb01d4f7fb470fa49803d/transformed/ideaIU-2025.3/plugins/spring-boot-core/lib/modules/intellij.spring.boot.jpa.jar:/home/ubuntu/.gradle/caches/8.10.2/transforms/81e4360543fbb01d4f7fb470fa49803d/transformed/ideaIU-2025.3/plugins/spring-boot-core/lib/modules/intellij.spring.boot.gradle.shared.jar:/home/ubuntu/.gradle/caches/8.10.2/transforms/81e4360543fbb01d4f7fb470fa49803d/transformed/ideaIU-2025.3/plugins/spring-boot-core/lib/modules/intellij.spring.boot.gradle.kts.shared.jar:/home/ubuntu/.gradle/caches/8.10.2/transforms/81e4360543fbb01d4f7fb470fa49803d/transformed/ideaIU-2025.3/plugins/spring-boot-core/lib/modules/intellij.spring.boot.cron.jar:/home/ubuntu/.gradle/caches/8.10.2/transforms/81e4360543fbb01d4f7fb470fa49803d/transformed/ideaIU-2025.3/plugins/spring-boot-initializr/lib/spring-boot-initializr.jar:/home/ubuntu/.gradle/caches/8.10.2/transforms/81e4360543fbb01d4f7fb470fa49803d/transformed/ideaIU-2025.3/plugins/spring-boot-cloud/lib/spring-boot-cloud.jar:/home/ubuntu/.gradle/caches/8.10.2/transforms/81e4360543fbb01d4f7fb470fa49803d/transformed/ideaIU-2025.3/plugins/spring-data/lib/spring-data.jar:/home/ubuntu/.gradle/caches/8.10.2/transforms/81e4360543fbb01d4f7fb470fa49803d/transformed/ideaIU-2025.3/plugins/spring-data/lib/modules/intellij.spring.data.el.jar:/home/ubuntu/.gradle/caches/8.10.2/transforms/81e4360543fbb01d4f7fb470fa49803d/transformed/ideaIU-2025.3/plugins/spring-data/lib/modules/intellij.spring.data.ql.jar:/home/ubuntu/.gradle/caches/8.10.2/transforms/81e4360543fbb01d4f7fb470fa49803d/transformed/ideaIU-2025.3/plugins/spring-data/lib/modules/intellij.spring.data.liquibase.jar:/home/ubuntu/.gradle/caches/8.10.2/transforms/81e4360543fbb01d4f7fb470fa49803d/transformed/ideaIU-2025.3/plugins/spring-data/lib/modules/intellij.spring.data.jpa.jar:/home/ubuntu/.gradle/caches/8.10.2/transforms/81e4360543fbb01d4f7fb470fa49803d/transformed/ideaIU-2025.3/plugins/spring-data/lib/modules/intellij.spring.data.mongodb.jar:/home/ubuntu/.gradle/caches/8.10.2/transforms/81e4360543fbb01d4f7fb470fa49803d/transformed/ideaIU-2025.3/plugins/spring-integration-core/lib/spring-integration-core.jar:/home/ubuntu/.gradle/caches/8.10.2/transforms/81e4360543fbb01d4f7fb470fa49803d/transformed/ideaIU-2025.3/plugins/spring-messaging/lib/spring-messaging.jar:/home/ubuntu/.gradle/caches/8.10.2/transforms/81e4360543fbb01d4f7fb470fa49803d/transformed/ideaIU-2025.3/plugins/spring-modulith/lib/spring-modulith.jar:/home/ubuntu/.gradle/caches/8.10.2/transforms/81e4360543fbb01d4f7fb470fa49803d/transformed/ideaIU-2025.3/plugins/spring-mvc-impl/lib/spring-mvc-impl.jar:/home/ubuntu/.gradle/caches/8.10.2/transforms/81e4360543fbb01d4f7fb470fa49803d/transformed/ideaIU-2025.3/plugins/spring-security/lib/spring-security.jar:/home/ubuntu/.gradle/caches/8.10.2/transforms/81e4360543fbb01d4f7fb470fa49803d/transformed/ideaIU-2025.3/plugins/stylelint/lib/stylelint.jar:/home/ubuntu/.gradle/caches/8.10.2/transforms/81e4360543fbb01d4f7fb470fa49803d/transformed/ideaIU-2025.3/plugins/swagger/lib/org.webjars.npm-asyncapi__react-component.jar:/home/ubuntu/.gradle/caches/8.10.2/transforms/81e4360543fbb01d4f7fb470fa49803d/transformed/ideaIU-2025.3/plugins/swagger/lib/swagger.jar:/home/ubuntu/.gradle/caches/8.10.2/transforms/81e4360543fbb01d4f7fb470fa49803d/transformed/ideaIU-2025.3/plugins/swagger/lib/intellij.swagger.redoc.jar:/home/ubuntu/.gradle/caches/8.10.2/transforms/81e4360543fbb01d4f7fb470fa49803d/transformed/ideaIU-2025.3/plugins/swagger/lib/org.webjars-swagger-ui.jar:/home/ubuntu/.gradle/caches/8.10.2/transforms/81e4360543fbb01d4f7fb470fa49803d/transformed/ideaIU-2025.3/plugins/tailwindcss/lib/tailwindcss.jar:/home/ubuntu/.gradle/caches/8.10.2/transforms/81e4360543fbb01d4f7fb470fa49803d/transformed/ideaIU-2025.3/plugins/tasks/lib/commons-discovery.jar:/home/ubuntu/.gradle/caches/8.10.2/transforms/81e4360543fbb01d4f7fb470fa49803d/transformed/ideaIU-2025.3/plugins/tasks/lib/axis.jar:/home/ubuntu/.gradle/caches/8.10.2/transforms/81e4360543fbb01d4f7fb470fa49803d/transformed/ideaIU-2025.3/plugins/tasks/lib/tasks-core.jar:/home/ubuntu/.gradle/caches/8.10.2/transforms/81e4360543fbb01d4f7fb470fa49803d/transformed/ideaIU-2025.3/plugins/tasks/lib/http-client.jar:/home/ubuntu/.gradle/caches/8.10.2/transforms/81e4360543fbb01d4f7fb470fa49803d/transformed/ideaIU-2025.3/plugins/tasks/lib/modules/intellij.tasks.trac.jar:/home/ubuntu/.gradle/caches/8.10.2/transforms/81e4360543fbb01d4f7fb470fa49803d/transformed/ideaIU-2025.3/plugins/tasks/lib/modules/intellij.tasks.bugzilla.jar:/home/ubuntu/.gradle/caches/8.10.2/transforms/81e4360543fbb01d4f7fb470fa49803d/transformed/ideaIU-2025.3/plugins/tasks/lib/modules/intellij.tasks.jira.jar:/home/ubuntu/.gradle/caches/8.10.2/transforms/81e4360543fbb01d4f7fb470fa49803d/transformed/ideaIU-2025.3/plugins/tasks-timeTracking/lib/tasks-timeTracking.jar:/home/ubuntu/.gradle/caches/8.10.2/transforms/81e4360543fbb01d4f7fb470fa49803d/transformed/ideaIU-2025.3/plugins/thymeleaf-plugin/lib/thymeleaf-plugin.jar:/home/ubuntu/.gradle/caches/8.10.2/transforms/81e4360543fbb01d4f7fb470fa49803d/transformed/ideaIU-2025.3/plugins/thymeleaf-plugin/lib/modules/intellij.thymeleaf.spring.security.jar:/home/ubuntu/.gradle/caches/8.10.2/transforms/81e4360543fbb01d4f7fb470fa49803d/transformed/ideaIU-2025.3/plugins/thymeleaf-plugin/lib/modules/intellij.thymeleaf.free.jar:/home/ubuntu/.gradle/caches/8.10.2/transforms/81e4360543fbb01d4f7fb470fa49803d/transformed/ideaIU-2025.3/plugins/thymeleaf-plugin/lib/modules/intellij.thymeleaf.vue.jar:/home/ubuntu/.gradle/caches/8.10.2/transforms/81e4360543fbb01d4f7fb470fa49803d/transformed/ideaIU-2025.3/plugins/thymeleaf-plugin/lib/modules/intellij.thymeleaf.paid.jar:/home/ubuntu/.gradle/caches/8.10.2/transforms/81e4360543fbb01d4f7fb470fa49803d/transformed/ideaIU-2025.3/plugins/thymeleaf-plugin/lib/modules/intellij.thymeleaf.spring.el.jar:/home/ubuntu/.gradle/caches/8.10.2/transforms/81e4360543fbb01d4f7fb470fa49803d/transformed/ideaIU-2025.3/plugins/velocity/lib/velocity.jar:/home/ubuntu/.gradle/caches/8.10.2/transforms/81e4360543fbb01d4f7fb470fa49803d/transformed/ideaIU-2025.3/plugins/localization-zh/lib/localization-zh.jar:/home/ubuntu/.gradle/caches/8.10.2/transforms/81e4360543fbb01d4f7fb470fa49803d/transformed/ideaIU-2025.3/plugins/cwm-plugin/lib/jstun.jar:/home/ubuntu/.gradle/caches/8.10.2/transforms/81e4360543fbb01d4f7fb470fa49803d/transformed/ideaIU-2025.3/plugins/cwm-plugin/lib/split-protocol.jar:/home/ubuntu/.gradle/caches/8.10.2/transforms/81e4360543fbb01d4f7fb470fa49803d/transformed/ideaIU-2025.3/plugins/cwm-plugin/lib/intellij.community.wintools.jar:/home/ubuntu/.gradle/caches/8.10.2/transforms/81e4360543fbb01d4f7fb470fa49803d/transformed/ideaIU-2025.3/plugins/cwm-plugin/lib/intellij.platform.remoteController.jar:/home/ubuntu/.gradle/caches/8.10.2/transforms/81e4360543fbb01d4f7fb470fa49803d/transformed/ideaIU-2025.3/plugins/cwm-plugin/lib/cwm-connection-backend.jar:/home/ubuntu/.gradle/caches/8.10.2/transforms/81e4360543fbb01d4f7fb470fa49803d/transformed/ideaIU-2025.3/plugins/cwm-plugin/lib/jnaerator-runtime.jar:/home/ubuntu/.gradle/caches/8.10.2/transforms/81e4360543fbb01d4f7fb470fa49803d/transformed/ideaIU-2025.3/plugins/cwm-plugin/lib/split-connection.jar:/home/ubuntu/.gradle/caches/8.10.2/transforms/81e4360543fbb01d4f7fb470fa49803d/transformed/ideaIU-2025.3/plugins/cwm-plugin/lib/intellij.platform.remoteController.backend.jar:/home/ubuntu/.gradle/caches/8.10.2/transforms/81e4360543fbb01d4f7fb470fa49803d/transformed/ideaIU-2025.3/plugins/cwm-plugin/lib/cwm-plugin.jar:/home/ubuntu/.gradle/caches/8.10.2/transforms/81e4360543fbb01d4f7fb470fa49803d/transformed/ideaIU-2025.3/plugins/cwm-plugin/lib/intellij.platform.backend.split.jar:/home/ubuntu/.gradle/caches/8.10.2/transforms/81e4360543fbb01d4f7fb470fa49803d/transformed/ideaIU-2025.3/plugins/cwm-plugin/lib/ice4j.jar:/home/ubuntu/.gradle/caches/8.10.2/transforms/81e4360543fbb01d4f7fb470fa49803d/transformed/ideaIU-2025.3/plugins/cwm-plugin/lib/intellij.platform.split.jar:/home/ubuntu/.gradle/caches/8.10.2/transforms/81e4360543fbb01d4f7fb470fa49803d/transformed/ideaIU-2025.3/plugins/cwm-plugin/lib/tls-channel.jar:/home/ubuntu/.gradle/caches/8.10.2/transforms/81e4360543fbb01d4f7fb470fa49803d/transformed/ideaIU-2025.3/plugins/cwm-plugin/lib/quiche-jna-stubs.jar:/home/ubuntu/.gradle/caches/8.10.2/transforms/81e4360543fbb01d4f7fb470fa49803d/transformed/ideaIU-2025.3/plugins/cwm-plugin/lib/jitsi-utils.jar:/home/ubuntu/.gradle/caches/8.10.2/transforms/81e4360543fbb01d4f7fb470fa49803d/transformed/ideaIU-2025.3/plugins/cwm-plugin/lib/vcs-protocol.jar:/home/ubuntu/.gradle/caches/8.10.2/transforms/81e4360543fbb01d4f7fb470fa49803d/transformed/ideaIU-2025.3/plugins/cwm-plugin/lib/java-websocket.jar:/home/ubuntu/.gradle/caches/8.10.2/transforms/81e4360543fbb01d4f7fb470fa49803d/transformed/ideaIU-2025.3/plugins/cwm-plugin/lib/bouncy-castle-pgp.jar:/home/ubuntu/.gradle/caches/8.10.2/transforms/81e4360543fbb01d4f7fb470fa49803d/transformed/ideaIU-2025.3/plugins/cwm-plugin/lib/cwm-plugin-android.jar:/home/ubuntu/.gradle/caches/8.10.2/transforms/81e4360543fbb01d4f7fb470fa49803d/transformed/ideaIU-2025.3/plugins/cwm-plugin/lib/intellij.cwm.plugin.jar:/home/ubuntu/.gradle/caches/8.10.2/transforms/81e4360543fbb01d4f7fb470fa49803d/transformed/ideaIU-2025.3/plugins/cwm-plugin/lib/intellij.cwm.plugin.common.jar:/home/ubuntu/.gradle/caches/8.10.2/transforms/81e4360543fbb01d4f7fb470fa49803d/transformed/ideaIU-2025.3/plugins/cwm-plugin/lib/git-protocol.jar:/home/ubuntu/.gradle/caches/8.10.2/transforms/81e4360543fbb01d4f7fb470fa49803d/transformed/ideaIU-2025.3/plugins/cwm-plugin/lib/cwm-connection-common.jar:/home/ubuntu/.gradle/caches/8.10.2/transforms/81e4360543fbb01d4f7fb470fa49803d/transformed/ideaIU-2025.3/plugins/cwm-plugin/lib/modules/intellij.platform.navbar.backend.split.jar:/home/ubuntu/.gradle/caches/8.10.2/transforms/81e4360543fbb01d4f7fb470fa49803d/transformed/ideaIU-2025.3/plugins/cwm-plugin/lib/modules/intellij.platform.vcs.frontend.split.jar:/home/ubuntu/.gradle/caches/8.10.2/transforms/81e4360543fbb01d4f7fb470fa49803d/transformed/ideaIU-2025.3/plugins/cwm-plugin/lib/modules/intellij.performanceTesting.backend.split.jar:/home/ubuntu/.gradle/caches/8.10.2/transforms/81e4360543fbb01d4f7fb470fa49803d/transformed/ideaIU-2025.3/plugins/cwm-plugin/lib/modules/intellij.terminal.backend.split.jar:/home/ubuntu/.gradle/caches/8.10.2/transforms/81e4360543fbb01d4f7fb470fa49803d/transformed/ideaIU-2025.3/plugins/cwm-plugin/lib/modules/intellij.platform.searchEverywhere.frontend.split.jar:/home/ubuntu/.gradle/caches/8.10.2/transforms/81e4360543fbb01d4f7fb470fa49803d/transformed/ideaIU-2025.3/plugins/cwm-plugin/lib/modules/intellij.platform.execution.frontend.split.jar:/home/ubuntu/.gradle/caches/8.10.2/transforms/81e4360543fbb01d4f7fb470fa49803d/transformed/ideaIU-2025.3/plugins/cwm-plugin/lib/modules/intellij.platform.vcs.backend.split.jar:/home/ubuntu/.gradle/caches/8.10.2/transforms/81e4360543fbb01d4f7fb470fa49803d/transformed/ideaIU-2025.3/plugins/cwm-plugin/lib/modules/intellij.cwm.vcs.jar:/home/ubuntu/.gradle/caches/8.10.2/transforms/81e4360543fbb01d4f7fb470fa49803d/transformed/ideaIU-2025.3/plugins/cwm-plugin/lib/modules/intellij.platform.completion.backend.split.jar:/home/ubuntu/.gradle/caches/8.10.2/transforms/81e4360543fbb01d4f7fb470fa49803d/transformed/ideaIU-2025.3/plugins/cwm-plugin/lib/modules/intellij.platform.inline.completion.split.jar:/home/ubuntu/.gradle/caches/8.10.2/transforms/81e4360543fbb01d4f7fb470fa49803d/transformed/ideaIU-2025.3/plugins/cwm-plugin/lib/modules/intellij.platform.identifiers.highlighting.frontend.split.jar:/home/ubuntu/.gradle/caches/8.10.2/transforms/81e4360543fbb01d4f7fb470fa49803d/transformed/ideaIU-2025.3/plugins/cwm-plugin/lib/modules/intellij.platform.rpc.split.jar:/home/ubuntu/.gradle/caches/8.10.2/transforms/81e4360543fbb01d4f7fb470fa49803d/transformed/ideaIU-2025.3/plugins/cwm-plugin/lib/modules/intellij.driver.backend.split.jar:/home/ubuntu/.gradle/caches/8.10.2/transforms/81e4360543fbb01d4f7fb470fa49803d/transformed/ideaIU-2025.3/plugins/cwm-plugin/lib/modules/intellij.vcs.git.frontend.split.jar:/home/ubuntu/.gradle/caches/8.10.2/transforms/81e4360543fbb01d4f7fb470fa49803d/transformed/ideaIU-2025.3/plugins/cwm-plugin/lib/modules/intellij.vcs.git.backend.split.jar:/home/ubuntu/.gradle/caches/8.10.2/transforms/81e4360543fbb01d4f7fb470fa49803d/transformed/ideaIU-2025.3/plugins/cwm-plugin/lib/modules/intellij.platform.inline.completion.frontend.split.jar:/home/ubuntu/.gradle/caches/8.10.2/transforms/81e4360543fbb01d4f7fb470fa49803d/transformed/ideaIU-2025.3/plugins/cwm-plugin/lib/modules/intellij.station.backend.split.jar:/home/ubuntu/.gradle/caches/8.10.2/transforms/81e4360543fbb01d4f7fb470fa49803d/transformed/ideaIU-2025.3/plugins/cwm-plugin/lib/modules/intellij.platform.project.frontend.split.jar:/home/ubuntu/.gradle/caches/8.10.2/transforms/81e4360543fbb01d4f7fb470fa49803d/transformed/ideaIU-2025.3/plugins/cwm-plugin/lib/modules/intellij.platform.plugins.frontend.split.jar:/home/ubuntu/.gradle/caches/8.10.2/transforms/81e4360543fbb01d4f7fb470fa49803d/transformed/ideaIU-2025.3/plugins/cwm-plugin/lib/modules/intellij.platform.kernel.backend.split.jar:/home/ubuntu/.gradle/caches/8.10.2/transforms/81e4360543fbb01d4f7fb470fa49803d/transformed/ideaIU-2025.3/plugins/cwm-plugin/lib/modules/intellij.platform.plugins.shared.split.jar:/home/ubuntu/.gradle/caches/8.10.2/transforms/81e4360543fbb01d4f7fb470fa49803d/transformed/ideaIU-2025.3/plugins/cwm-plugin/lib/modules/intellij.xml.frontend.split.jar:/home/ubuntu/.gradle/caches/8.10.2/transforms/81e4360543fbb01d4f7fb470fa49803d/transformed/ideaIU-2025.3/plugins/cwm-plugin/lib/modules/intellij.platform.completion.frontend.split.jar:/home/ubuntu/.gradle/caches/8.10.2/transforms/81e4360543fbb01d4f7fb470fa49803d/transformed/ideaIU-2025.3/plugins/cwm-plugin/lib/modules/intellij.platform.plugins.backend.split.jar:/home/ubuntu/.gradle/caches/8.10.2/transforms/81e4360543fbb01d4f7fb470fa49803d/transformed/ideaIU-2025.3/plugins/cwm-plugin/lib/modules/intellij.platform.completion.common.split.jar:/home/ubuntu/.gradle/caches/8.10.2/transforms/81e4360543fbb01d4f7fb470fa49803d/transformed/ideaIU-2025.3/plugins/cwm-plugin/lib/modules/intellij.docker.backend.split.jar:/home/ubuntu/.gradle/caches/8.10.2/transforms/81e4360543fbb01d4f7fb470fa49803d/transformed/ideaIU-2025.3/plugins/cwm-plugin/lib/modules/intellij.java.backend.split.jar:/home/ubuntu/.gradle/caches/8.10.2/transforms/81e4360543fbb01d4f7fb470fa49803d/transformed/ideaIU-2025.3/plugins/cwm-plugin/lib/modules/intellij.platform.buildView.split.jar:/home/ubuntu/.gradle/caches/8.10.2/transforms/81e4360543fbb01d4f7fb470fa49803d/transformed/ideaIU-2025.3/plugins/cwm-plugin/lib/modules/intellij.platform.inline.completion.backend.split.jar:/home/ubuntu/.gradle/caches/8.10.2/transforms/81e4360543fbb01d4f7fb470fa49803d/transformed/ideaIU-2025.3/plugins/cwm-plugin/lib/modules/intellij.platform.vcs.common.split.jar:/home/ubuntu/.gradle/caches/8.10.2/transforms/81e4360543fbb01d4f7fb470fa49803d/transformed/ideaIU-2025.3/plugins/cwm-plugin/lib/modules/intellij.platform.progress.frontend.split.jar:/home/ubuntu/.gradle/caches/8.10.2/transforms/81e4360543fbb01d4f7fb470fa49803d/transformed/ideaIU-2025.3/plugins/gateway-plugin/lib/gateway-plugin.jar:/home/ubuntu/.gradle/caches/8.10.2/transforms/81e4360543fbb01d4f7fb470fa49803d/transformed/ideaIU-2025.3/plugins/gateway-plugin/lib/modules/intellij.gateway.station.jar:/home/ubuntu/.gradle/caches/8.10.2/transforms/81e4360543fbb01d4f7fb470fa49803d/transformed/ideaIU-2025.3/plugins/gateway-plugin/lib/modules/intellij.gateway.terminal.jar:/home/ubuntu/.gradle/caches/8.10.2/transforms/81e4360543fbb01d4f7fb470fa49803d/transformed/ideaIU-2025.3/plugins/performanceTesting/lib/assertj-swing.jar:/home/ubuntu/.gradle/caches/8.10.2/transforms/81e4360543fbb01d4f7fb470fa49803d/transformed/ideaIU-2025.3/plugins/performanceTesting/lib/performanceTesting.jar:/home/ubuntu/.gradle/caches/8.10.2/transforms/81e4360543fbb01d4f7fb470fa49803d/transformed/ideaIU-2025.3/plugins/performanceTesting/lib/github.oshi.core.jar:/home/ubuntu/.gradle/caches/8.10.2/transforms/81e4360543fbb01d4f7fb470fa49803d/transformed/ideaIU-2025.3/plugins/performanceTesting/lib/assertj.jar:/home/ubuntu/.gradle/caches/8.10.2/transforms/81e4360543fbb01d4f7fb470fa49803d/transformed/ideaIU-2025.3/plugins/performanceTesting/lib/modules/intellij.performanceTesting.frontend.jar:/home/ubuntu/.gradle/caches/8.10.2/transforms/81e4360543fbb01d4f7fb470fa49803d/transformed/ideaIU-2025.3/plugins/performanceTesting-async/lib/performanceTesting-async.jar:/home/ubuntu/.gradle/caches/8.10.2/transforms/81e4360543fbb01d4f7fb470fa49803d/transformed/ideaIU-2025.3/plugins/webDeployment/lib/jackrabbit2.jar:/home/ubuntu/.gradle/caches/8.10.2/transforms/81e4360543fbb01d4f7fb470fa49803d/transformed/ideaIU-2025.3/plugins/webDeployment/lib/commons-net.jar:/home/ubuntu/.gradle/caches/8.10.2/transforms/81e4360543fbb01d4f7fb470fa49803d/transformed/ideaIU-2025.3/plugins/webDeployment/lib/commons vfs.jar:/home/ubuntu/.gradle/caches/8.10.2/transforms/81e4360543fbb01d4f7fb470fa49803d/transformed/ideaIU-2025.3/plugins/webDeployment/lib/commons-pool2.jar:/home/ubuntu/.gradle/caches/8.10.2/transforms/81e4360543fbb01d4f7fb470fa49803d/transformed/ideaIU-2025.3/plugins/webDeployment/lib/webDeployment.jar:/home/ubuntu/.gradle/caches/8.10.2/transforms/81e4360543fbb01d4f7fb470fa49803d/transformed/ideaIU-2025.3/plugins/remote-dev-server/lib/remote-dev-server.jar:/home/ubuntu/.gradle/caches/8.10.2/transforms/81e4360543fbb01d4f7fb470fa49803d/transformed/ideaIU-2025.3/plugins/restClient/lib/github.javafaker.jar:/home/ubuntu/.gradle/caches/8.10.2/transforms/81e4360543fbb01d4f7fb470fa49803d/transformed/ideaIU-2025.3/plugins/restClient/lib/jooq.joox.jar:/home/ubuntu/.gradle/caches/8.10.2/transforms/81e4360543fbb01d4f7fb470fa49803d/transformed/ideaIU-2025.3/plugins/restClient/lib/restClient.jar:/home/ubuntu/.gradle/caches/8.10.2/transforms/81e4360543fbb01d4f7fb470fa49803d/transformed/ideaIU-2025.3/plugins/restClient/lib/brotli.dec.jar:/home/ubuntu/.gradle/caches/8.10.2/transforms/81e4360543fbb01d4f7fb470fa49803d/transformed/ideaIU-2025.3/plugins/restClient/lib/grpc.jar:/home/ubuntu/.gradle/caches/8.10.2/transforms/81e4360543fbb01d4f7fb470fa49803d/transformed/ideaIU-2025.3/plugins/restClient/lib/reactor-netty-http.jar:/home/ubuntu/.gradle/caches/8.10.2/transforms/81e4360543fbb01d4f7fb470fa49803d/transformed/ideaIU-2025.3/plugins/restClient/lib/graalvm.js.jar:/home/ubuntu/.gradle/caches/8.10.2/transforms/81e4360543fbb01d4f7fb470fa49803d/transformed/ideaIU-2025.3/plugins/restClient/lib/kotlinx-coroutines-reactor.jar:/home/ubuntu/.gradle/caches/8.10.2/transforms/81e4360543fbb01d4f7fb470fa49803d/transformed/ideaIU-2025.3/plugins/restClient/lib/modules/intellij.httpClient.grpc.jar:/home/ubuntu/.gradle/caches/8.10.2/transforms/81e4360543fbb01d4f7fb470fa49803d/transformed/ideaIU-2025.3/plugins/javaee-jax-rs/lib/javaee-jax-rs.jar:/home/ubuntu/.gradle/caches/8.10.2/transforms/81e4360543fbb01d4f7fb470fa49803d/transformed/ideaIU-2025.3/plugins/javaee-jax-rs/lib/javaee-jax-ws-rt.jar:/home/ubuntu/.gradle/caches/8.10.2/transforms/81e4360543fbb01d4f7fb470fa49803d/transformed/ideaIU-2025.3/plugins/sh-plugin/lib/sh-plugin.jar:/home/ubuntu/.gradle/caches/8.10.2/transforms/81e4360543fbb01d4f7fb470fa49803d/transformed/ideaIU-2025.3/plugins/sh-plugin/lib/modules/intellij.sh.backend.jar:/home/ubuntu/.gradle/caches/8.10.2/transforms/81e4360543fbb01d4f7fb470fa49803d/transformed/ideaIU-2025.3/plugins/sh-plugin/lib/modules/intellij.sh.frontend.split.jar:/home/ubuntu/.gradle/caches/8.10.2/transforms/81e4360543fbb01d4f7fb470fa49803d/transformed/ideaIU-2025.3/plugins/station-plugin/lib/station-plugin.jar:/home/ubuntu/.gradle/caches/8.10.2/transforms/81e4360543fbb01d4f7fb470fa49803d/transformed/ideaIU-2025.3/plugins/station-plugin/lib/modules/intellij.station.frontend.jar:/home/ubuntu/.gradle/caches/8.10.2/transforms/81e4360543fbb01d4f7fb470fa49803d/transformed/ideaIU-2025.3/plugins/station-plugin/lib/modules/intellij.station.aia.jar:/home/ubuntu/.gradle/caches/8.10.2/transforms/81e4360543fbb01d4f7fb470fa49803d/transformed/ideaIU-2025.3/plugins/station-plugin/lib/modules/intellij.station.frontend.split.jar:/home/ubuntu/.gradle/caches/8.10.2/transforms/81e4360543fbb01d4f7fb470fa49803d/transformed/ideaIU-2025.3/plugins/vcs-hg/lib/vcs-hg.jar:/home/ubuntu/.gradle/caches/8.10.2/transforms/81e4360543fbb01d4f7fb470fa49803d/transformed/ideaIU-2025.3/plugins/protoeditor/lib/protoeditor.jar:/home/ubuntu/.gradle/caches/8.10.2/transforms/81e4360543fbb01d4f7fb470fa49803d/transformed/ideaIU-2025.3/plugins/protoeditor/lib/google.protobuf.java.util.jar:/home/ubuntu/.gradle/caches/8.10.2/transforms/81e4360543fbb01d4f7fb470fa49803d/transformed/ideaIU-2025.3/plugins/vcs-git-commit-modal/lib/vcs-git-commit-modal.jar:/home/ubuntu/.gradle/caches/8.10.2/transforms/81e4360543fbb01d4f7fb470fa49803d/transformed/ideaIU-2025.3/plugins/grid-plugin/lib/grid-plugin.jar:/home/ubuntu/.gradle/caches/8.10.2/transforms/81e4360543fbb01d4f7fb470fa49803d/transformed/ideaIU-2025.3/plugins/grid-plugin/lib/modules/intellij.grid.scripting.rt.jar:/home/ubuntu/.gradle/caches/8.10.2/transforms/81e4360543fbb01d4f7fb470fa49803d/transformed/ideaIU-2025.3/plugins/indexing-shared-ultimate-plugin-bundled/lib/indexing-shared-ultimate-plugin-bundled.jar:/home/ubuntu/.gradle/caches/8.10.2/transforms/81e4360543fbb01d4f7fb470fa49803d/transformed/ideaIU-2025.3/plugins/indexing-shared-ultimate-plugin-bundled/lib/modules/intellij.indexing.shared.generator.jar:/home/ubuntu/.gradle/caches/8.10.2/transforms/81e4360543fbb01d4f7fb470fa49803d/transformed/ideaIU-2025.3/plugins/indexing-shared-ultimate-plugin-bundled/lib/modules/intellij.indexing.shared.ultimate.java.jar:/home/ubuntu/.gradle/caches/8.10.2/transforms/81e4360543fbb01d4f7fb470fa49803d/transformed/ideaIU-2025.3/plugins/indexing-shared-ultimate-plugin-bundled/lib/modules/intellij.indexing.shared.ultimate.git.jar:/home/ubuntu/.gradle/caches/8.10.2/transforms/81e4360543fbb01d4f7fb470fa49803d/transformed/ideaIU-2025.3/plugins/indexing-shared-ultimate-plugin-bundled/lib/modules/intellij.indexing.shared.ultimate.jar:/home/ubuntu/.gradle/caches/8.10.2/transforms/81e4360543fbb01d4f7fb470fa49803d/transformed/ideaIU-2025.3/plugins/indexing-shared/lib/indexing-shared.jar:/home/ubuntu/.gradle/caches/8.10.2/transforms/81e4360543fbb01d4f7fb470fa49803d/transformed/ideaIU-2025.3/plugins/jupyter-plugin/lib/jupyter-plugin.jar:/home/ubuntu/.gradle/caches/8.10.2/transforms/81e4360543fbb01d4f7fb470fa49803d/transformed/ideaIU-2025.3/plugins/jupyter-plugin/lib/modules/intellij.jupyter.split.frontend.jar:/home/ubuntu/.gradle/caches/8.10.2/transforms/81e4360543fbb01d4f7fb470fa49803d/transformed/ideaIU-2025.3/plugins/jupyter-plugin/lib/modules/intellij.jupyter.py.completion.ml.ranking.jar:/home/ubuntu/.gradle/caches/8.10.2/transforms/81e4360543fbb01d4f7fb470fa49803d/transformed/ideaIU-2025.3/plugins/jupyter-plugin/lib/modules/intellij.jupyter.py.psi.jar:/home/ubuntu/.gradle/caches/8.10.2/transforms/81e4360543fbb01d4f7fb470fa49803d/transformed/ideaIU-2025.3/plugins/jupyter-plugin/lib/modules/intellij.jupyter.core.jar:/home/ubuntu/.gradle/caches/8.10.2/transforms/81e4360543fbb01d4f7fb470fa49803d/transformed/ideaIU-2025.3/plugins/jupyter-plugin/lib/modules/intellij.jupyter.py.jar:/home/ubuntu/.gradle/caches/8.10.2/transforms/81e4360543fbb01d4f7fb470fa49803d/transformed/ideaIU-2025.3/plugins/jupyter-plugin/lib/modules/intellij.jupyter.execution.jar:/home/ubuntu/.gradle/caches/8.10.2/transforms/81e4360543fbb01d4f7fb470fa49803d/transformed/ideaIU-2025.3/plugins/jupyter-plugin/lib/modules/intellij.jupyter.split.frontend.py.jar:/home/ubuntu/.gradle/caches/8.10.2/transforms/81e4360543fbb01d4f7fb470fa49803d/transformed/ideaIU-2025.3/plugins/ktor/lib/ktor-gradle-tooling.jar:/home/ubuntu/.gradle/caches/8.10.2/transforms/81e4360543fbb01d4f7fb470fa49803d/transformed/ideaIU-2025.3/plugins/ktor/lib/ktor.jar:/home/ubuntu/.gradle/caches/8.10.2/transforms/81e4360543fbb01d4f7fb470fa49803d/transformed/ideaIU-2025.3/plugins/nextjs/lib/nextjs.jar:/home/ubuntu/.gradle/caches/8.10.2/transforms/81e4360543fbb01d4f7fb470fa49803d/transformed/ideaIU-2025.3/plugins/platform-ijent-impl/lib/google.protobuf.kotlin.jar:/home/ubuntu/.gradle/caches/8.10.2/transforms/81e4360543fbb01d4f7fb470fa49803d/transformed/ideaIU-2025.3/plugins/platform-ijent-impl/lib/platform-ijent-impl.jar:/home/ubuntu/.gradle/caches/8.10.2/transforms/81e4360543fbb01d4f7fb470fa49803d/transformed/ideaIU-2025.3/plugins/prettierJS/lib/prettierJS.jar:/home/ubuntu/.gradle/caches/8.10.2/transforms/81e4360543fbb01d4f7fb470fa49803d/transformed/ideaIU-2025.3/plugins/vitejs/lib/vitejs.jar:/home/ubuntu/.gradle/caches/8.10.2/transforms/81e4360543fbb01d4f7fb470fa49803d/transformed/ideaIU-2025.3/plugins/webpack/lib/webpack.jar:/home/ubuntu/.gradle/caches/8.10.2/transforms/81e4360543fbb01d4f7fb470fa49803d/transformed/ideaIU-2025.3/plugins/editorconfig-plugin/lib/editorconfig-plugin.jar:/home/ubuntu/.gradle/caches/8.10.2/transforms/81e4360543fbb01d4f7fb470fa49803d/transformed/ideaIU-2025.3/plugins/editorconfig-plugin/lib/modules/intellij.editorconfig.frontend.split.jar:/home/ubuntu/.gradle/caches/8.10.2/transforms/81e4360543fbb01d4f7fb470fa49803d/transformed/ideaIU-2025.3/plugins/editorconfig-plugin/lib/modules/intellij.editorconfig.frontend.jar:/home/ubuntu/.gradle/caches/8.10.2/transforms/81e4360543fbb01d4f7fb470fa49803d/transformed/ideaIU-2025.3/plugins/editorconfig-plugin/lib/modules/intellij.editorconfig.common.jar:/home/ubuntu/.gradle/caches/8.10.2/transforms/81e4360543fbb01d4f7fb470fa49803d/transformed/ideaIU-2025.3/plugins/editorconfig-plugin/lib/modules/intellij.editorconfig.backend.jar:/home/ubuntu/.gradle/caches/8.10.2/transforms/81e4360543fbb01d4f7fb470fa49803d/transformed/ideaIU-2025.3/plugins/Groovy/lib/groovy-jps.jar:/home/ubuntu/.gradle/caches/8.10.2/transforms/81e4360543fbb01d4f7fb470fa49803d/transformed/ideaIU-2025.3/plugins/Groovy/lib/groovy-rt-class-loader.jar:/home/ubuntu/.gradle/caches/8.10.2/transforms/81e4360543fbb01d4f7fb470fa49803d/transformed/ideaIU-2025.3/plugins/Groovy/lib/Groovy.jar:/home/ubuntu/.gradle/caches/8.10.2/transforms/81e4360543fbb01d4f7fb470fa49803d/transformed/ideaIU-2025.3/plugins/Groovy/lib/groovy-rt.jar:/home/ubuntu/.gradle/caches/8.10.2/transforms/81e4360543fbb01d4f7fb470fa49803d/transformed/ideaIU-2025.3/plugins/Groovy/lib/groovy-constants-rt.jar:/home/ubuntu/.gradle/caches/8.10.2/transforms/81e4360543fbb01d4f7fb470fa49803d/transformed/ideaIU-2025.3/plugins/Groovy/lib/groovy-spock-rt.jar:/home/ubuntu/.gradle/caches/8.10.2/transforms/81e4360543fbb01d4f7fb470fa49803d/transformed/ideaIU-2025.3/plugins/markdown/lib/markdown.jar:/home/ubuntu/.gradle/caches/8.10.2/transforms/81e4360543fbb01d4f7fb470fa49803d/transformed/ideaIU-2025.3/plugins/markdown/lib/modules/intellij.markdown.backend.jar:/home/ubuntu/.gradle/caches/8.10.2/transforms/81e4360543fbb01d4f7fb470fa49803d/transformed/ideaIU-2025.3/plugins/markdown/lib/modules/intellij.markdown.frontend.jar:/home/ubuntu/.gradle/caches/8.10.2/transforms/81e4360543fbb01d4f7fb470fa49803d/transformed/ideaIU-2025.3/plugins/postcss/lib/postcss.jar:/home/ubuntu/.gradle/caches/8.10.2/transforms/81e4360543fbb01d4f7fb470fa49803d/transformed/ideaIU-2025.3/plugins/qodana/lib/jetbrains.qodana.cloud.kotlin.client.jar:/home/ubuntu/.gradle/caches/8.10.2/transforms/81e4360543fbb01d4f7fb470fa49803d/transformed/ideaIU-2025.3/plugins/qodana/lib/qodana.jar:/home/ubuntu/.gradle/caches/8.10.2/transforms/81e4360543fbb01d4f7fb470fa49803d/transformed/ideaIU-2025.3/plugins/qodana/lib/jetbrains.qodana.web.ui.jar:/home/ubuntu/.gradle/caches/8.10.2/transforms/81e4360543fbb01d4f7fb470fa49803d/transformed/ideaIU-2025.3/plugins/qodana/lib/jetbrains.qodana.configuration.jar:/home/ubuntu/.gradle/caches/8.10.2/transforms/81e4360543fbb01d4f7fb470fa49803d/transformed/ideaIU-2025.3/plugins/qodana/lib/jetbrains.qodana.sarif.converter.jar:/home/ubuntu/.gradle/caches/8.10.2/transforms/81e4360543fbb01d4f7fb470fa49803d/transformed/ideaIU-2025.3/plugins/qodana/lib/jline.jar:/home/ubuntu/.gradle/caches/8.10.2/transforms/81e4360543fbb01d4f7fb470fa49803d/transformed/ideaIU-2025.3/plugins/qodana/lib/qodana-sarif.jar:/home/ubuntu/.gradle/caches/8.10.2/transforms/81e4360543fbb01d4f7fb470fa49803d/transformed/ideaIU-2025.3/plugins/qodana/lib/jetbrains.qodana.publisher.jar:/home/ubuntu/.gradle/caches/8.10.2/transforms/81e4360543fbb01d4f7fb470fa49803d/transformed/ideaIU-2025.3/plugins/qodana/lib/flexmark.jar:/home/ubuntu/.gradle/caches/8.10.2/transforms/81e4360543fbb01d4f7fb470fa49803d/transformed/ideaIU-2025.3/plugins/fullLine/lib/fullLine.jar:/home/ubuntu/.gradle/caches/8.10.2/transforms/81e4360543fbb01d4f7fb470fa49803d/transformed/ideaIU-2025.3/plugins/fullLine/lib/jgrapht.core.jar:/home/ubuntu/.gradle/caches/8.10.2/transforms/81e4360543fbb01d4f7fb470fa49803d/transformed/ideaIU-2025.3/plugins/fullLine/lib/jetbrains.mlapi.core.jar:/home/ubuntu/.gradle/caches/8.10.2/transforms/81e4360543fbb01d4f7fb470fa49803d/transformed/ideaIU-2025.3/plugins/fullLine/lib/jetbrains.ai.completion.trigger.model.polyglot.cloud.jar:/home/ubuntu/.gradle/caches/8.10.2/transforms/81e4360543fbb01d4f7fb470fa49803d/transformed/ideaIU-2025.3/plugins/fullLine/lib/clikt.jar:/home/ubuntu/.gradle/caches/8.10.2/transforms/81e4360543fbb01d4f7fb470fa49803d/transformed/ideaIU-2025.3/plugins/fullLine/lib/modules/intellij.fullLine.xml.jar:/home/ubuntu/.gradle/caches/8.10.2/transforms/81e4360543fbb01d4f7fb470fa49803d/transformed/ideaIU-2025.3/plugins/fullLine/lib/modules/intellij.fullLine.text.jar:/home/ubuntu/.gradle/caches/8.10.2/transforms/81e4360543fbb01d4f7fb470fa49803d/transformed/ideaIU-2025.3/plugins/fullLine/lib/modules/intellij.ml.llm.completion.trigger.model.jar:/home/ubuntu/.gradle/caches/8.10.2/transforms/81e4360543fbb01d4f7fb470fa49803d/transformed/ideaIU-2025.3/plugins/fullLine/lib/modules/intellij.fullLine.java.local.jar:/home/ubuntu/.gradle/caches/8.10.2/transforms/81e4360543fbb01d4f7fb470fa49803d/transformed/ideaIU-2025.3/plugins/fullLine/lib/modules/intellij.ml.llm.cpp.completion.jar:/home/ubuntu/.gradle/caches/8.10.2/transforms/81e4360543fbb01d4f7fb470fa49803d/transformed/ideaIU-2025.3/plugins/fullLine/lib/modules/intellij.ml.llm.php.completion.jar:/home/ubuntu/.gradle/caches/8.10.2/transforms/81e4360543fbb01d4f7fb470fa49803d/transformed/ideaIU-2025.3/plugins/fullLine/lib/modules/intellij.fullLine.properties.jar:/home/ubuntu/.gradle/caches/8.10.2/transforms/81e4360543fbb01d4f7fb470fa49803d/transformed/ideaIU-2025.3/plugins/fullLine/lib/modules/intellij.fullLine.php.local.jar:/home/ubuntu/.gradle/caches/8.10.2/transforms/81e4360543fbb01d4f7fb470fa49803d/transformed/ideaIU-2025.3/plugins/fullLine/lib/modules/intellij.fullLine.rbs.jar:/home/ubuntu/.gradle/caches/8.10.2/transforms/81e4360543fbb01d4f7fb470fa49803d/transformed/ideaIU-2025.3/plugins/fullLine/lib/modules/intellij.fullLine.rider.godot.jar:/home/ubuntu/.gradle/caches/8.10.2/transforms/81e4360543fbb01d4f7fb470fa49803d/transformed/ideaIU-2025.3/plugins/fullLine/lib/modules/intellij.ml.llm.go.completion.jar:/home/ubuntu/.gradle/caches/8.10.2/transforms/81e4360543fbb01d4f7fb470fa49803d/transformed/ideaIU-2025.3/plugins/fullLine/lib/modules/intellij.ml.llm.rider.shaderlab.completion.jar:/home/ubuntu/.gradle/caches/8.10.2/transforms/81e4360543fbb01d4f7fb470fa49803d/transformed/ideaIU-2025.3/plugins/fullLine/lib/modules/intellij.fullLine.js.local.jar:/home/ubuntu/.gradle/caches/8.10.2/transforms/81e4360543fbb01d4f7fb470fa49803d/transformed/ideaIU-2025.3/plugins/fullLine/lib/modules/intellij.fullLine.kotlin.local.jar:/home/ubuntu/.gradle/caches/8.10.2/transforms/81e4360543fbb01d4f7fb470fa49803d/transformed/ideaIU-2025.3/plugins/fullLine/lib/modules/intellij.fullLine.json.jar:/home/ubuntu/.gradle/caches/8.10.2/transforms/81e4360543fbb01d4f7fb470fa49803d/transformed/ideaIU-2025.3/plugins/fullLine/lib/modules/intellij.ml.llm.rider.fsharp.completion.jar:/home/ubuntu/.gradle/caches/8.10.2/transforms/81e4360543fbb01d4f7fb470fa49803d/transformed/ideaIU-2025.3/plugins/fullLine/lib/modules/intellij.ml.llm.css.completion.jar:/home/ubuntu/.gradle/caches/8.10.2/transforms/81e4360543fbb01d4f7fb470fa49803d/transformed/ideaIU-2025.3/plugins/fullLine/lib/modules/intellij.fullLine.yaml.jar:/home/ubuntu/.gradle/caches/8.10.2/transforms/81e4360543fbb01d4f7fb470fa49803d/transformed/ideaIU-2025.3/plugins/fullLine/lib/modules/intellij.ml.llm.python.completion.jar:/home/ubuntu/.gradle/caches/8.10.2/transforms/81e4360543fbb01d4f7fb470fa49803d/transformed/ideaIU-2025.3/plugins/fullLine/lib/modules/intellij.ml.llm.html.completion.jar:/home/ubuntu/.gradle/caches/8.10.2/transforms/81e4360543fbb01d4f7fb470fa49803d/transformed/ideaIU-2025.3/plugins/fullLine/lib/modules/intellij.fullLine.rider.shaderlab.jar:/home/ubuntu/.gradle/caches/8.10.2/transforms/81e4360543fbb01d4f7fb470fa49803d/transformed/ideaIU-2025.3/plugins/fullLine/lib/modules/intellij.fullLine.ruby.local.jar:/home/ubuntu/.gradle/caches/8.10.2/transforms/81e4360543fbb01d4f7fb470fa49803d/transformed/ideaIU-2025.3/plugins/fullLine/lib/modules/intellij.ml.llm.rust.completion.jar:/home/ubuntu/.gradle/caches/8.10.2/transforms/81e4360543fbb01d4f7fb470fa49803d/transformed/ideaIU-2025.3/plugins/fullLine/lib/modules/intellij.ml.llm.rider.cpp.completion.jar:/home/ubuntu/.gradle/caches/8.10.2/transforms/81e4360543fbb01d4f7fb470fa49803d/transformed/ideaIU-2025.3/plugins/fullLine/lib/modules/intellij.fullLine.rust.local.jar:/home/ubuntu/.gradle/caches/8.10.2/transforms/81e4360543fbb01d4f7fb470fa49803d/transformed/ideaIU-2025.3/plugins/fullLine/lib/modules/intellij.fullLine.python.local.jar:/home/ubuntu/.gradle/caches/8.10.2/transforms/81e4360543fbb01d4f7fb470fa49803d/transformed/ideaIU-2025.3/plugins/fullLine/lib/modules/intellij.fullLine.css.local.jar:/home/ubuntu/.gradle/caches/8.10.2/transforms/81e4360543fbb01d4f7fb470fa49803d/transformed/ideaIU-2025.3/plugins/fullLine/lib/modules/intellij.fullLine.terraform.local.jar:/home/ubuntu/.gradle/caches/8.10.2/transforms/81e4360543fbb01d4f7fb470fa49803d/transformed/ideaIU-2025.3/plugins/fullLine/lib/modules/intellij.ml.llm.rider.csharp.completion.jar:/home/ubuntu/.gradle/caches/8.10.2/transforms/81e4360543fbb01d4f7fb470fa49803d/transformed/ideaIU-2025.3/plugins/fullLine/lib/modules/intellij.ml.llm.kotlin.completion.jar:/home/ubuntu/.gradle/caches/8.10.2/transforms/81e4360543fbb01d4f7fb470fa49803d/transformed/ideaIU-2025.3/plugins/fullLine/lib/modules/intellij.fullLine.rider.csharp.local.jar:/home/ubuntu/.gradle/caches/8.10.2/transforms/81e4360543fbb01d4f7fb470fa49803d/transformed/ideaIU-2025.3/plugins/fullLine/lib/modules/intellij.fullLine.erb.jar:/home/ubuntu/.gradle/caches/8.10.2/transforms/81e4360543fbb01d4f7fb470fa49803d/transformed/ideaIU-2025.3/plugins/fullLine/lib/modules/intellij.ml.llm.ruby.completion.jar:/home/ubuntu/.gradle/caches/8.10.2/transforms/81e4360543fbb01d4f7fb470fa49803d/transformed/ideaIU-2025.3/plugins/fullLine/lib/modules/intellij.ml.llm.javascript.completion.jar:/home/ubuntu/.gradle/caches/8.10.2/transforms/81e4360543fbb01d4f7fb470fa49803d/transformed/ideaIU-2025.3/plugins/fullLine/lib/modules/intellij.ml.llm.rider.godot.completion.jar:/home/ubuntu/.gradle/caches/8.10.2/transforms/81e4360543fbb01d4f7fb470fa49803d/transformed/ideaIU-2025.3/plugins/fullLine/lib/modules/intellij.fullLine.rider.cpp.local.jar:/home/ubuntu/.gradle/caches/8.10.2/transforms/81e4360543fbb01d4f7fb470fa49803d/transformed/ideaIU-2025.3/plugins/fullLine/lib/modules/intellij.ml.llm.java.completion.jar:/home/ubuntu/.gradle/caches/8.10.2/transforms/81e4360543fbb01d4f7fb470fa49803d/transformed/ideaIU-2025.3/plugins/fullLine/lib/modules/intellij.fullLine.sql.jar:/home/ubuntu/.gradle/caches/8.10.2/transforms/81e4360543fbb01d4f7fb470fa49803d/transformed/ideaIU-2025.3/plugins/fullLine/lib/modules/intellij.fullLine.chat.jar:/home/ubuntu/.gradle/caches/8.10.2/transforms/81e4360543fbb01d4f7fb470fa49803d/transformed/ideaIU-2025.3/plugins/fullLine/lib/modules/intellij.fullLine.go.local.jar:/home/ubuntu/.gradle/caches/8.10.2/transforms/81e4360543fbb01d4f7fb470fa49803d/transformed/ideaIU-2025.3/plugins/fullLine/lib/modules/intellij.fullLine.rider.fsharp.jar:/home/ubuntu/.gradle/caches/8.10.2/transforms/81e4360543fbb01d4f7fb470fa49803d/transformed/ideaIU-2025.3/plugins/fullLine/lib/modules/intellij.fullLine.local.jar:/home/ubuntu/.gradle/caches/8.10.2/transforms/81e4360543fbb01d4f7fb470fa49803d/transformed/ideaIU-2025.3/plugins/fullLine/lib/modules/intellij.ml.llm.chat.completion.jar:/home/ubuntu/.gradle/caches/8.10.2/transforms/81e4360543fbb01d4f7fb470fa49803d/transformed/ideaIU-2025.3/plugins/fullLine/lib/modules/intellij.fullLine.fake.frontend.jar:/home/ubuntu/.gradle/caches/8.10.2/transforms/81e4360543fbb01d4f7fb470fa49803d/transformed/ideaIU-2025.3/plugins/fullLine/lib/modules/intellij.fullLine.html.local.jar:/home/ubuntu/.gradle/caches/8.10.2/transforms/81e4360543fbb01d4f7fb470fa49803d/transformed/ideaIU-2025.3/plugins/fullLine/lib/modules/intellij.fullLine.markdown.jar:/home/ubuntu/.gradle/caches/8.10.2/transforms/81e4360543fbb01d4f7fb470fa49803d/transformed/ideaIU-2025.3/plugins/java-debugger-streams/lib/java-debugger-streams.jar:/home/ubuntu/.gradle/caches/8.10.2/transforms/81e4360543fbb01d4f7fb470fa49803d/transformed/ideaIU-2025.3/plugins/eclipse/lib/eclipse.jar:/home/ubuntu/.gradle/caches/8.10.2/transforms/81e4360543fbb01d4f7fb470fa49803d/transformed/ideaIU-2025.3/plugins/eclipse/lib/eclipse-jps.jar:/home/ubuntu/.gradle/caches/8.10.2/transforms/81e4360543fbb01d4f7fb470fa49803d/transformed/ideaIU-2025.3/plugins/eclipse/lib/eclipse-common.jar:/home/ubuntu/.gradle/caches/8.10.2/transforms/81e4360543fbb01d4f7fb470fa49803d/transformed/ideaIU-2025.3/plugins/android-gradle-dsl/lib/android-gradle-dsl.jar:/home/ubuntu/.gradle/caches/8.10.2/transforms/81e4360543fbb01d4f7fb470fa49803d/transformed/ideaIU-2025.3/plugins/android-gradle-dsl/lib/modules/intellij.android.gradle.dsl.flags.jar:/home/ubuntu/.gradle/caches/8.10.2/transforms/81e4360543fbb01d4f7fb470fa49803d/transformed/ideaIU-2025.3/plugins/maven/lib/maven.jar:/home/ubuntu/.gradle/caches/8.10.2/transforms/81e4360543fbb01d4f7fb470fa49803d/transformed/ideaIU-2025.3/plugins/maven/lib/maven-server.jar:/home/ubuntu/.gradle/caches/8.10.2/transforms/81e4360543fbb01d4f7fb470fa49803d/transformed/ideaIU-2025.3/plugins/maven/lib/maven-jps.jar:/home/ubuntu/.gradle/caches/8.10.2/transforms/81e4360543fbb01d4f7fb470fa49803d/transformed/ideaIU-2025.3/plugins/maven/lib/maven-server-telemetry.jar:/home/ubuntu/.gradle/caches/8.10.2/transforms/81e4360543fbb01d4f7fb470fa49803d/transformed/ideaIU-2025.3/plugins/maven/lib/artifact-resolver-m31.jar:/home/ubuntu/.gradle/caches/8.10.2/transforms/81e4360543fbb01d4f7fb470fa49803d/transformed/ideaIU-2025.3/plugins/maven/lib/maven-server-indexer.jar:/home/ubuntu/.gradle/caches/8.10.2/transforms/81e4360543fbb01d4f7fb470fa49803d/transformed/ideaIU-2025.3/plugins/maven/lib/plexus-archiver.jar:/home/ubuntu/.gradle/caches/8.10.2/transforms/81e4360543fbb01d4f7fb470fa49803d/transformed/ideaIU-2025.3/plugins/maven/lib/jetbrains.idea.maven.indexer.api.rt.jar:/home/ubuntu/.gradle/caches/8.10.2/transforms/81e4360543fbb01d4f7fb470fa49803d/transformed/ideaIU-2025.3/plugins/maven/lib/maven-event-listener.jar:/home/ubuntu/.gradle/caches/8.10.2/transforms/81e4360543fbb01d4f7fb470fa49803d/transformed/ideaIU-2025.3/plugins/maven/lib/maven40-server.jar:/home/ubuntu/.gradle/caches/8.10.2/transforms/81e4360543fbb01d4f7fb470fa49803d/transformed/ideaIU-2025.3/plugins/maven/lib/maven3-server-common.jar:/home/ubuntu/.gradle/caches/8.10.2/transforms/81e4360543fbb01d4f7fb470fa49803d/transformed/ideaIU-2025.3/plugins/maven/lib/maven36-server.jar:/home/ubuntu/.gradle/caches/8.10.2/transforms/81e4360543fbb01d4f7fb470fa49803d/transformed/ideaIU-2025.3/plugins/maven/lib/maven3-server.jar:/home/ubuntu/.gradle/caches/8.10.2/transforms/81e4360543fbb01d4f7fb470fa49803d/transformed/ideaIU-2025.3/plugins/maven/lib/modules/intellij.maven.profiler.jar:/home/ubuntu/.gradle/caches/8.10.2/transforms/81e4360543fbb01d4f7fb470fa49803d/transformed/ideaIU-2025.3/plugins/repository-search/lib/maven-model.jar:/home/ubuntu/.gradle/caches/8.10.2/transforms/81e4360543fbb01d4f7fb470fa49803d/transformed/ideaIU-2025.3/plugins/repository-search/lib/repository-search.jar:/home/ubuntu/.gradle/caches/8.10.2/transforms/81e4360543fbb01d4f7fb470fa49803d/transformed/ideaIU-2025.3/plugins/repository-search/lib/kotlinx-document-store-mvstore.jar:/home/ubuntu/.gradle/caches/8.10.2/transforms/81e4360543fbb01d4f7fb470fa49803d/transformed/ideaIU-2025.3/plugins/repository-search/lib/package-search-api-client.jar:/home/ubuntu/.gradle/caches/8.10.2/transforms/81e4360543fbb01d4f7fb470fa49803d/transformed/ideaIU-2025.3/plugins/java-decompiler/lib/java-decompiler.jar:/home/ubuntu/.gradle/caches/8.10.2/transforms/81e4360543fbb01d4f7fb470fa49803d/transformed/ideaIU-2025.3/plugins/Kotlin/lib/kotlinc.scripting-compiler-plugin.jar:/home/ubuntu/.gradle/caches/8.10.2/transforms/81e4360543fbb01d4f7fb470fa49803d/transformed/ideaIU-2025.3/plugins/Kotlin/lib/kotlinc.js-plain-objects-compiler-plugin.jar:/home/ubuntu/.gradle/caches/8.10.2/transforms/81e4360543fbb01d4f7fb470fa49803d/transformed/ideaIU-2025.3/plugins/Kotlin/lib/kotlin-base-jps.jar:/home/ubuntu/.gradle/caches/8.10.2/transforms/81e4360543fbb01d4f7fb470fa49803d/transformed/ideaIU-2025.3/plugins/Kotlin/lib/kotlinc.kotlinx-serialization-compiler-plugin.jar:/home/ubuntu/.gradle/caches/8.10.2/transforms/81e4360543fbb01d4f7fb470fa49803d/transformed/ideaIU-2025.3/plugins/Kotlin/lib/kotlin-plugin.jar:/home/ubuntu/.gradle/caches/8.10.2/transforms/81e4360543fbb01d4f7fb470fa49803d/transformed/ideaIU-2025.3/plugins/Kotlin/lib/kotlinc.kotlin-jps-common.jar:/home/ubuntu/.gradle/caches/8.10.2/transforms/81e4360543fbb01d4f7fb470fa49803d/transformed/ideaIU-2025.3/plugins/Kotlin/lib/kotlinc.assignment-compiler-plugin.jar:/home/ubuntu/.gradle/caches/8.10.2/transforms/81e4360543fbb01d4f7fb470fa49803d/transformed/ideaIU-2025.3/plugins/Kotlin/lib/kotlinc.noarg-compiler-plugin.jar:/home/ubuntu/.gradle/caches/8.10.2/transforms/81e4360543fbb01d4f7fb470fa49803d/transformed/ideaIU-2025.3/plugins/Kotlin/lib/javax-inject.jar:/home/ubuntu/.gradle/caches/8.10.2/transforms/81e4360543fbb01d4f7fb470fa49803d/transformed/ideaIU-2025.3/plugins/Kotlin/lib/completion-ranking-kotlin.jar:/home/ubuntu/.gradle/caches/8.10.2/transforms/81e4360543fbb01d4f7fb470fa49803d/transformed/ideaIU-2025.3/plugins/Kotlin/lib/kotlinc.sam-with-receiver-compiler-plugin.jar:/home/ubuntu/.gradle/caches/8.10.2/transforms/81e4360543fbb01d4f7fb470fa49803d/transformed/ideaIU-2025.3/plugins/Kotlin/lib/kotlin-gradle-tooling.jar:/home/ubuntu/.gradle/caches/8.10.2/transforms/81e4360543fbb01d4f7fb470fa49803d/transformed/ideaIU-2025.3/plugins/Kotlin/lib/kotlinc.kotlin-dataframe-compiler-plugin.jar:/home/ubuntu/.gradle/caches/8.10.2/transforms/81e4360543fbb01d4f7fb470fa49803d/transformed/ideaIU-2025.3/plugins/Kotlin/lib/kotlinc.kotlin-compiler-common.jar:/home/ubuntu/.gradle/caches/8.10.2/transforms/81e4360543fbb01d4f7fb470fa49803d/transformed/ideaIU-2025.3/plugins/Kotlin/lib/kotlinc.parcelize-compiler-plugin.jar:/home/ubuntu/.gradle/caches/8.10.2/transforms/81e4360543fbb01d4f7fb470fa49803d/transformed/ideaIU-2025.3/plugins/Kotlin/lib/kotlinc.kotlin-compiler-fe10.jar:/home/ubuntu/.gradle/caches/8.10.2/transforms/81e4360543fbb01d4f7fb470fa49803d/transformed/ideaIU-2025.3/plugins/Kotlin/lib/ehcache.sizeof.jar:/home/ubuntu/.gradle/caches/8.10.2/transforms/81e4360543fbb01d4f7fb470fa49803d/transformed/ideaIU-2025.3/plugins/Kotlin/lib/kotlinc.compose-compiler-plugin.jar:/home/ubuntu/.gradle/caches/8.10.2/transforms/81e4360543fbb01d4f7fb470fa49803d/transformed/ideaIU-2025.3/plugins/Kotlin/lib/kotlinc.lombok-compiler-plugin.jar:/home/ubuntu/.gradle/caches/8.10.2/transforms/81e4360543fbb01d4f7fb470fa49803d/transformed/ideaIU-2025.3/plugins/Kotlin/lib/vavr.jar:/home/ubuntu/.gradle/caches/8.10.2/transforms/81e4360543fbb01d4f7fb470fa49803d/transformed/ideaIU-2025.3/plugins/Kotlin/lib/kotlin-plugin-shared.jar:/home/ubuntu/.gradle/caches/8.10.2/transforms/81e4360543fbb01d4f7fb470fa49803d/transformed/ideaIU-2025.3/plugins/Kotlin/lib/kotlinc.allopen-compiler-plugin.jar:/home/ubuntu/.gradle/caches/8.10.2/transforms/81e4360543fbb01d4f7fb470fa49803d/transformed/ideaIU-2025.3/plugins/Kotlin/lib/jackson-dataformat-toml.jar:/home/ubuntu/.gradle/caches/8.10.2/transforms/81e4360543fbb01d4f7fb470fa49803d/transformed/ideaIU-2025.3/plugins/Kotlin/lib/kotlinc.kotlin-compiler-ir.jar:/home/ubuntu/.gradle/caches/8.10.2/transforms/81e4360543fbb01d4f7fb470fa49803d/transformed/ideaIU-2025.3/plugins/clouds-docker-gateway/lib/clouds-docker-gateway.jar:/home/ubuntu/.gradle/caches/8.10.2/transforms/81e4360543fbb01d4f7fb470fa49803d/transformed/ideaIU-2025.3/plugins/clouds-docker-gateway/lib/clouds-docker-gateway-frontend.jar:/home/ubuntu/.gradle/caches/8.10.2/transforms/81e4360543fbb01d4f7fb470fa49803d/transformed/ideaIU-2025.3/plugins/vcs-github/lib/vcs-github.jar:/home/ubuntu/.gradle/caches/8.10.2/transforms/81e4360543fbb01d4f7fb470fa49803d/transformed/ideaIU-2025.3/plugins/vcs-github/lib/modules/intellij.vcs.github.ultimatePromo.jar:/home/ubuntu/.gradle/caches/8.10.2/transforms/81e4360543fbb01d4f7fb470fa49803d/transformed/ideaIU-2025.3/plugins/vcs-github/lib/modules/intellij.vcs.github.ultimate.cron.jar:/home/ubuntu/.gradle/caches/8.10.2/transforms/81e4360543fbb01d4f7fb470fa49803d/transformed/ideaIU-2025.3/plugins/vcs-github/lib/modules/intellij.vcs.github.ultimate.features.jar:/home/ubuntu/.gradle/caches/8.10.2/transforms/81e4360543fbb01d4f7fb470fa49803d/transformed/ideaIU-2025.3/plugins/vcs-github/lib/modules/intellij.vcs.github.git.jar:/home/ubuntu/.gradle/caches/8.10.2/transforms/81e4360543fbb01d4f7fb470fa49803d/transformed/ideaIU-2025.3/plugins/vcs-github/lib/modules/intellij.vcs.github.tracker.jar:/home/ubuntu/.gradle/caches/8.10.2/transforms/81e4360543fbb01d4f7fb470fa49803d/transformed/ideaIU-2025.3/plugins/vcs-github/lib/modules/intellij.vcs.github.json.jar:/home/ubuntu/.gradle/caches/8.10.2/transforms/81e4360543fbb01d4f7fb470fa49803d/transformed/ideaIU-2025.3/plugins/vcs-github/lib/modules/intellij.vcs.github.ultimate.docker.jar:/home/ubuntu/.gradle/caches/8.10.2/transforms/81e4360543fbb01d4f7fb470fa49803d/transformed/ideaIU-2025.3/plugins/vcs-gitlab/lib/vcs-gitlab.jar:/home/ubuntu/.gradle/caches/8.10.2/transforms/81e4360543fbb01d4f7fb470fa49803d/transformed/ideaIU-2025.3/plugins/vcs-gitlab/lib/modules/intellij.vcs.gitlab.ultimate.ci.sh.jar:/home/ubuntu/.gradle/caches/8.10.2/transforms/81e4360543fbb01d4f7fb470fa49803d/transformed/ideaIU-2025.3/plugins/vcs-gitlab/lib/modules/intellij.vcs.gitlab.git.jar:/home/ubuntu/.gradle/caches/8.10.2/transforms/81e4360543fbb01d4f7fb470fa49803d/transformed/ideaIU-2025.3/plugins/vcs-gitlab/lib/modules/intellij.vcs.gitlab.yaml.jar:/home/ubuntu/.gradle/caches/8.10.2/transforms/81e4360543fbb01d4f7fb470fa49803d/transformed/ideaIU-2025.3/plugins/vcs-gitlab/lib/modules/intellij.vcs.gitlab.ultimate.features.jar:/home/ubuntu/.gradle/caches/8.10.2/transforms/81e4360543fbb01d4f7fb470fa49803d/transformed/ideaIU-2025.3/plugins/gradle-java/lib/gradle-java.jar:/home/ubuntu/.gradle/caches/8.10.2/transforms/81e4360543fbb01d4f7fb470fa49803d/transformed/ideaIU-2025.3/plugins/gradle-java/lib/gradle-jps.jar:/home/ubuntu/.gradle/caches/8.10.2/transforms/81e4360543fbb01d4f7fb470fa49803d/transformed/ideaIU-2025.3/plugins/gradle-java/lib/modules/intellij.gradle.analysis.jar:/home/ubuntu/.gradle/caches/8.10.2/transforms/81e4360543fbb01d4f7fb470fa49803d/transformed/ideaIU-2025.3/plugins/gradle-java/lib/modules/intellij.gradle.profiler.jar:/home/ubuntu/.gradle/caches/8.10.2/transforms/81e4360543fbb01d4f7fb470fa49803d/transformed/ideaIU-2025.3/plugins/gradle-java/lib/modules/intellij.gradle.dependencyUpdater.jar:/home/ubuntu/.gradle/caches/8.10.2/transforms/81e4360543fbb01d4f7fb470fa49803d/transformed/ideaIU-2025.3/plugins/gradle-java/lib/modules/intellij.gradle.java.maven.jar:/home/ubuntu/.gradle/caches/8.10.2/transforms/81e4360543fbb01d4f7fb470fa49803d/transformed/ideaIU-2025.3/plugins/javaFX/lib/javaFX-jps.jar:/home/ubuntu/.gradle/caches/8.10.2/transforms/81e4360543fbb01d4f7fb470fa49803d/transformed/ideaIU-2025.3/plugins/javaFX/lib/javaFX-common.jar:/home/ubuntu/.gradle/caches/8.10.2/transforms/81e4360543fbb01d4f7fb470fa49803d/transformed/ideaIU-2025.3/plugins/javaFX/lib/javaFX.jar:/home/ubuntu/.gradle/caches/8.10.2/transforms/81e4360543fbb01d4f7fb470fa49803d/transformed/ideaIU-2025.3/plugins/javaFX/lib/modules/intellij.javaFX.jar:/home/ubuntu/.gradle/caches/8.10.2/transforms/81e4360543fbb01d4f7fb470fa49803d/transformed/ideaIU-2025.3/plugins/javaFX/lib/modules/intellij.javaFX.css.intellilang.jar:/home/ubuntu/.gradle/caches/8.10.2/transforms/81e4360543fbb01d4f7fb470fa49803d/transformed/ideaIU-2025.3/plugins/kotlin-jupyter-plugin/lib/batik-transcoder.jar:/home/ubuntu/.gradle/caches/8.10.2/transforms/81e4360543fbb01d4f7fb470fa49803d/transformed/ideaIU-2025.3/plugins/kotlin-jupyter-plugin/lib/xml-apis-ext.jar:/home/ubuntu/.gradle/caches/8.10.2/transforms/81e4360543fbb01d4f7fb470fa49803d/transformed/ideaIU-2025.3/plugins/kotlin-jupyter-plugin/lib/kotlin-jupyter-plugin.jar:/home/ubuntu/.gradle/caches/8.10.2/transforms/81e4360543fbb01d4f7fb470fa49803d/transformed/ideaIU-2025.3/plugins/kotlin-jupyter-plugin/lib/modules/intellij.kotlin.jupyter.liveTemplates.jar:/home/ubuntu/.gradle/caches/8.10.2/transforms/81e4360543fbb01d4f7fb470fa49803d/transformed/ideaIU-2025.3/plugins/kotlin-jupyter-plugin/lib/modules/intellij.kotlin.jupyter.k2.jar:/home/ubuntu/.gradle/caches/8.10.2/transforms/81e4360543fbb01d4f7fb470fa49803d/transformed/ideaIU-2025.3/plugins/kotlin-jupyter-plugin/lib/modules/intellij.kotlin.jupyter.k1.jar:/home/ubuntu/.gradle/caches/8.10.2/transforms/81e4360543fbb01d4f7fb470fa49803d/transformed/ideaIU-2025.3/plugins/kotlin-jupyter-plugin/lib/modules/intellij.kotlin.jupyter.core.jar:/home/ubuntu/.gradle/caches/8.10.2/transforms/81e4360543fbb01d4f7fb470fa49803d/transformed/ideaIU-2025.3/plugins/kotlin-jupyter-plugin/lib/modules/intellij.kotlin.jupyter.plots.jar:/home/ubuntu/.gradle/caches/8.10.2/transforms/81e4360543fbb01d4f7fb470fa49803d/transformed/ideaIU-2025.3/plugins/kotlin-jupyter-plugin/lib/modules/intellij.kotlin.jupyter.buildSystems.gradle.jar:/home/ubuntu/.gradle/caches/8.10.2/transforms/81e4360543fbb01d4f7fb470fa49803d/transformed/ideaIU-2025.3/plugins/kotlin-jupyter-plugin/lib/modules/intellij.kotlin.jupyter.tables.jar:/home/ubuntu/.gradle/caches/8.10.2/transforms/81e4360543fbb01d4f7fb470fa49803d/transformed/ideaIU-2025.3/plugins/less/lib/less.jar:/home/ubuntu/.gradle/caches/8.10.2/transforms/81e4360543fbb01d4f7fb470fa49803d/transformed/ideaIU-2025.3/plugins/nodeJS-remoteInterpreter/lib/nodeJS-remoteInterpreter.jar:/home/ubuntu/.gradle/caches/8.10.2/transforms/81e4360543fbb01d4f7fb470fa49803d/transformed/ideaIU-2025.3/plugins/remoteRun/lib/remoteRun.jar:/home/ubuntu/.gradle/caches/8.10.2/transforms/81e4360543fbb01d4f7fb470fa49803d/transformed/ideaIU-2025.3/plugins/remoteRun/lib/modules/intellij.remoteRun.gradle.jar:/home/ubuntu/.gradle/caches/8.10.2/transforms/81e4360543fbb01d4f7fb470fa49803d/transformed/ideaIU-2025.3/plugins/remoteRun/lib/modules/intellij.remoteRun.gradle.docker.jar:/home/ubuntu/.gradle/caches/8.10.2/transforms/81e4360543fbb01d4f7fb470fa49803d/transformed/ideaIU-2025.3/plugins/sass-plugin/lib/sass-plugin.jar:/home/ubuntu/.gradle/caches/8.10.2/transforms/81e4360543fbb01d4f7fb470fa49803d/transformed/ideaIU-2025.3/plugins/sass-plugin/lib/modules/intellij.sass.watcher.jar:/home/ubuntu/.gradle/caches/8.10.2/transforms/81e4360543fbb01d4f7fb470fa49803d/transformed/ideaIU-2025.3/plugins/sass-plugin/lib/modules/intellij.sass.frontend.split.jar:/home/ubuntu/.gradle/caches/8.10.2/transforms/81e4360543fbb01d4f7fb470fa49803d/transformed/ideaIU-2025.3/plugins/sass-plugin/lib/modules/intellij.sass.copyright.jar:/home/ubuntu/.gradle/caches/8.10.2/transforms/81e4360543fbb01d4f7fb470fa49803d/transformed/ideaIU-2025.3/plugins/sass-plugin/lib/modules/intellij.sass.jar:/home/ubuntu/.gradle/caches/8.10.2/transforms/81e4360543fbb01d4f7fb470fa49803d/transformed/ideaIU-2025.3/plugins/sass-plugin/lib/modules/intellij.sass.backend.jar:/home/ubuntu/.gradle/caches/8.10.2/transforms/81e4360543fbb01d4f7fb470fa49803d/transformed/ideaIU-2025.3/plugins/sass-plugin/lib/modules/intellij.sass.common.jar:/home/ubuntu/.gradle/caches/8.10.2/transforms/81e4360543fbb01d4f7fb470fa49803d/transformed/ideaIU-2025.3/plugins/terminal/lib/terminal-completion-db-with-extensions.jar:/home/ubuntu/.gradle/caches/8.10.2/transforms/81e4360543fbb01d4f7fb470fa49803d/transformed/ideaIU-2025.3/plugins/terminal/lib/terminal.jar:/home/ubuntu/.gradle/caches/8.10.2/transforms/81e4360543fbb01d4f7fb470fa49803d/transformed/ideaIU-2025.3/plugins/terminal/lib/completion-ranking-sh.jar:/home/ubuntu/.gradle/caches/8.10.2/transforms/81e4360543fbb01d4f7fb470fa49803d/transformed/ideaIU-2025.3/plugins/terminal/lib/terminal-completion-spec.jar:/home/ubuntu/.gradle/caches/8.10.2/transforms/81e4360543fbb01d4f7fb470fa49803d/transformed/ideaIU-2025.3/plugins/terminal/lib/modules/intellij.terminal.frontend.split.jar:/home/ubuntu/.gradle/caches/8.10.2/transforms/81e4360543fbb01d4f7fb470fa49803d/transformed/ideaIU-2025.3/plugins/textmate-plugin/lib/textmate-plugin.jar:/home/ubuntu/.gradle/caches/8.10.2/transforms/81e4360543fbb01d4f7fb470fa49803d/transformed/ideaIU-2025.3/plugins/textmate-plugin/lib/modules/intellij.textmate.joni.jar:/home/ubuntu/.gradle/caches/8.10.2/transforms/81e4360543fbb01d4f7fb470fa49803d/transformed/ideaIU-2025.3/plugins/textmate-plugin/lib/modules/intellij.textmate.core.jar:/home/ubuntu/.gradle/caches/8.10.2/transforms/81e4360543fbb01d4f7fb470fa49803d/transformed/ideaIU-2025.3/plugins/textmate-plugin/lib/modules/intellij.textmate.backend.jar:/home/ubuntu/.gradle/caches/8.10.2/transforms/81e4360543fbb01d4f7fb470fa49803d/transformed/ideaIU-2025.3/plugins/textmate-plugin/lib/modules/intellij.textmate.jar:/home/ubuntu/.gradle/caches/8.10.2/transforms/81e4360543fbb01d4f7fb470fa49803d/transformed/ideaIU-2025.3/plugins/textmate-plugin/lib/modules/intellij.textmate.common.jar:/home/ubuntu/.gradle/caches/8.10.2/transforms/81e4360543fbb01d4f7fb470fa49803d/transformed/ideaIU-2025.3/plugins/textmate-plugin/lib/modules/intellij.textmate.frontend.split.jar:/home/ubuntu/.gradle/caches/8.10.2/transforms/81e4360543fbb01d4f7fb470fa49803d/transformed/ideaIU-2025.3/plugins/vuejs-plugin/lib/vuejs-plugin.jar:/home/ubuntu/.gradle/caches/8.10.2/transforms/81e4360543fbb01d4f7fb470fa49803d/transformed/ideaIU-2025.3/plugins/vuejs-plugin/lib/modules/intellij.vuejs.debugger.jar:/home/ubuntu/.gradle/caches/8.10.2/transforms/81e4360543fbb01d4f7fb470fa49803d/transformed/ideaIU-2025.3/plugins/vuejs-plugin/lib/modules/intellij.vuejs.markdown.jar:/home/ubuntu/.gradle/caches/8.10.2/transforms/81e4360543fbb01d4f7fb470fa49803d/transformed/ideaIU-2025.3/plugins/vuejs-plugin/lib/modules/intellij.vuejs.prettier.jar:/home/ubuntu/.gradle/caches/8.10.2/transforms/81e4360543fbb01d4f7fb470fa49803d/transformed/ideaIU-2025.3/plugins/vuejs-plugin/lib/modules/intellij.vuejs.backend.jar:/home/ubuntu/.gradle/caches/8.10.2/transforms/81e4360543fbb01d4f7fb470fa49803d/transformed/ideaIU-2025.3/plugins/vuejs-plugin/lib/modules/intellij.vuejs.copyright.jar:/home/ubuntu/.gradle/caches/8.10.2/transforms/81e4360543fbb01d4f7fb470fa49803d/transformed/ideaIU-2025.3/plugins/vuejs-plugin/lib/modules/intellij.vuejs.common.jar:/home/ubuntu/.gradle/caches/8.10.2/transforms/81e4360543fbb01d4f7fb470fa49803d/transformed/ideaIU-2025.3/plugins/yaml/lib/yaml.jar:/home/ubuntu/.gradle/caches/8.10.2/transforms/81e4360543fbb01d4f7fb470fa49803d/transformed/ideaIU-2025.3/plugins/yaml/lib/modules/intellij.yaml.frontend.split.jar:/home/ubuntu/.gradle/caches/8.10.2/transforms/81e4360543fbb01d4f7fb470fa49803d/transformed/ideaIU-2025.3/plugins/yaml/lib/modules/intellij.yaml.helm.jar:/home/ubuntu/.gradle/caches/8.10.2/transforms/81e4360543fbb01d4f7fb470fa49803d/transformed/ideaIU-2025.3/plugins/yaml/lib/modules/intellij.yaml.backend.jar:/home/ubuntu/.gradle/caches/8.10.2/transforms/81e4360543fbb01d4f7fb470fa49803d/transformed/ideaIU-2025.3/plugins/packageChecker/lib/packageChecker.jar:/home/ubuntu/.gradle/caches/8.10.2/transforms/81e4360543fbb01d4f7fb470fa49803d/transformed/ideaIU-2025.3/plugins/toml/lib/toml.jar:/home/ubuntu/.gradle/caches/8.10.2/transforms/81e4360543fbb01d4f7fb470fa49803d/transformed/ideaIU-2025.3/plugins/toml/lib/modules/intellij.toml.frontend.jar:/home/ubuntu/.gradle/caches/8.10.2/transforms/81e4360543fbb01d4f7fb470fa49803d/transformed/ideaIU-2025.3/plugins/toml/lib/modules/intellij.toml.backend.jar:/home/ubuntu/.gradle/caches/8.10.2/transforms/81e4360543fbb01d4f7fb470fa49803d/transformed/ideaIU-2025.3/plugins/toml/lib/modules/intellij.toml.frontend.split.jar:/home/ubuntu/.gradle/caches/8.10.2/transforms/81e4360543fbb01d4f7fb470fa49803d/transformed/ideaIU-2025.3/plugins/grazie/lib/org.jetbrains.intellij.deps.languagetool-languagetool-core.jar:/home/ubuntu/.gradle/caches/8.10.2/transforms/81e4360543fbb01d4f7fb470fa49803d/transformed/ideaIU-2025.3/plugins/grazie/lib/ai.grazie.model.tree.jvm.jar:/home/ubuntu/.gradle/caches/8.10.2/transforms/81e4360543fbb01d4f7fb470fa49803d/transformed/ideaIU-2025.3/plugins/grazie/lib/net.loomchild-segment.jar:/home/ubuntu/.gradle/caches/8.10.2/transforms/81e4360543fbb01d4f7fb470fa49803d/transformed/ideaIU-2025.3/plugins/grazie/lib/ai.grazie.model.ner.jvm.jar:/home/ubuntu/.gradle/caches/8.10.2/transforms/81e4360543fbb01d4f7fb470fa49803d/transformed/ideaIU-2025.3/plugins/grazie/lib/com.carrotsearch-hppc.jar:/home/ubuntu/.gradle/caches/8.10.2/transforms/81e4360543fbb01d4f7fb470fa49803d/transformed/ideaIU-2025.3/plugins/grazie/lib/tech.uom.lib-uom-lib-common.jar:/home/ubuntu/.gradle/caches/8.10.2/transforms/81e4360543fbb01d4f7fb470fa49803d/transformed/ideaIU-2025.3/plugins/grazie/lib/ai.grazie.tasks.library.api.jvm.jar:/home/ubuntu/.gradle/caches/8.10.2/transforms/81e4360543fbb01d4f7fb470fa49803d/transformed/ideaIU-2025.3/plugins/grazie/lib/org.carrot2-morfologik-fsa-builders.jar:/home/ubuntu/.gradle/caches/8.10.2/transforms/81e4360543fbb01d4f7fb470fa49803d/transformed/ideaIU-2025.3/plugins/grazie/lib/javax.measure-unit-api.jar:/home/ubuntu/.gradle/caches/8.10.2/transforms/81e4360543fbb01d4f7fb470fa49803d/transformed/ideaIU-2025.3/plugins/grazie/lib/org.carrot2-morfologik-fsa.jar:/home/ubuntu/.gradle/caches/8.10.2/transforms/81e4360543fbb01d4f7fb470fa49803d/transformed/ideaIU-2025.3/plugins/grazie/lib/ai.grazie.tasks.library.model.jvm.jar:/home/ubuntu/.gradle/caches/8.10.2/transforms/81e4360543fbb01d4f7fb470fa49803d/transformed/ideaIU-2025.3/plugins/grazie/lib/org.carrot2-morfologik-stemming.jar:/home/ubuntu/.gradle/caches/8.10.2/transforms/81e4360543fbb01d4f7fb470fa49803d/transformed/ideaIU-2025.3/plugins/grazie/lib/com.hankcs-aho-corasick-double-array-trie.jar:/home/ubuntu/.gradle/caches/8.10.2/transforms/81e4360543fbb01d4f7fb470fa49803d/transformed/ideaIU-2025.3/plugins/grazie/lib/tech.units-indriya.jar:/home/ubuntu/.gradle/caches/8.10.2/transforms/81e4360543fbb01d4f7fb470fa49803d/transformed/ideaIU-2025.3/plugins/grazie/lib/ai.grazie.client.ktor.jvm.jar:/home/ubuntu/.gradle/caches/8.10.2/transforms/81e4360543fbb01d4f7fb470fa49803d/transformed/ideaIU-2025.3/plugins/grazie/lib/org.json-json.jar:/home/ubuntu/.gradle/caches/8.10.2/transforms/81e4360543fbb01d4f7fb470fa49803d/transformed/ideaIU-2025.3/plugins/grazie/lib/ai.grazie.rule.engine.jar:/home/ubuntu/.gradle/caches/8.10.2/transforms/81e4360543fbb01d4f7fb470fa49803d/transformed/ideaIU-2025.3/plugins/grazie/lib/com.vdurmont-emoji-java.jar:/home/ubuntu/.gradle/caches/8.10.2/transforms/81e4360543fbb01d4f7fb470fa49803d/transformed/ideaIU-2025.3/plugins/grazie/lib/ai.grazie.api.gateway.client.jvm.jar:/home/ubuntu/.gradle/caches/8.10.2/transforms/81e4360543fbb01d4f7fb470fa49803d/transformed/ideaIU-2025.3/plugins/grazie/lib/org.jetbrains.intellij.deps.languagetool-language-en.jar:/home/ubuntu/.gradle/caches/8.10.2/transforms/81e4360543fbb01d4f7fb470fa49803d/transformed/ideaIU-2025.3/plugins/grazie/lib/grazie.jar:/home/ubuntu/.gradle/caches/8.10.2/transforms/81e4360543fbb01d4f7fb470fa49803d/transformed/ideaIU-2025.3/plugins/grazie/lib/grazie-frontend.jar:/home/ubuntu/.gradle/caches/8.10.2/transforms/81e4360543fbb01d4f7fb470fa49803d/transformed/ideaIU-2025.3/plugins/grazie/lib/org.carrot2-morfologik-speller.jar:/home/ubuntu/.gradle/caches/8.10.2/transforms/81e4360543fbb01d4f7fb470fa49803d/transformed/ideaIU-2025.3/plugins/featuresTrainer/lib/assertj-swing.jar:/home/ubuntu/.gradle/caches/8.10.2/transforms/81e4360543fbb01d4f7fb470fa49803d/transformed/ideaIU-2025.3/plugins/featuresTrainer/lib/git-learning-project.jar:/home/ubuntu/.gradle/caches/8.10.2/transforms/81e4360543fbb01d4f7fb470fa49803d/transformed/ideaIU-2025.3/plugins/featuresTrainer/lib/assertj.jar:/home/ubuntu/.gradle/caches/8.10.2/transforms/81e4360543fbb01d4f7fb470fa49803d/transformed/ideaIU-2025.3/plugins/featuresTrainer/lib/featuresTrainer.jar:/home/ubuntu/.gradle/caches/8.10.2/transforms/81e4360543fbb01d4f7fb470fa49803d/transformed/ideaIU-2025.3/plugins/tslint/lib/tslint.jar
Launcher Type: SUN_STANDARD

[Global flags]
     intx CICompilerCount                          = 2                                         {product} {command line}
     uint ConcGCThreads                            = 2                                         {product} {ergonomic}
     uint G1ConcRefinementThreads                  = 8                                         {product} {ergonomic}
   size_t G1HeapRegionSize                         = 1048576                                   {product} {ergonomic}
    uintx GCDrainStackTargetSize                   = 64                                        {product} {ergonomic}
     bool HeapDumpOnOutOfMemoryError               = true                                   {manageable} {command line}
     bool IgnoreUnrecognizedVMOptions              = true                                      {product} {command line}
   size_t InitialHeapSize                          = 134217728                                 {product} {command line}
    uintx JbrShrinkingGcMaxHeapFreeRatio           = 40                                     {manageable} {command line}
   size_t MarkStackSize                            = 4194304                                   {product} {ergonomic}
   size_t MaxHeapSize                              = 2147483648                                {product} {command line}
   size_t MaxNewSize                               = 1287651328                                {product} {ergonomic}
   size_t MinHeapDeltaBytes                        = 1048576                                   {product} {ergonomic}
   size_t MinHeapSize                              = 134217728                                 {product} {command line}
    uintx NonNMethodCodeHeapSize                   = 5826188                                {pd product} {ergonomic}
    uintx NonProfiledCodeHeapSize                  = 265522362                              {pd product} {ergonomic}
     bool OmitStackTraceInFastThrow                = false                                     {product} {command line}
    uintx ProfiledCodeHeapSize                     = 265522362                              {pd product} {ergonomic}
    uintx ReservedCodeCacheSize                    = 536870912                              {pd product} {command line}
     bool SegmentedCodeCache                       = true                                      {product} {ergonomic}
   size_t SoftMaxHeapSize                          = 2147483648                             {manageable} {ergonomic}
     bool THPStackMitigation                       = false                                  {diagnostic} {ergonomic}
     intx TieredOldPercentage                      = 100000                                 {diagnostic} {command line}
     bool UnlockDiagnosticVMOptions                = true                                   {diagnostic} {command line}
     bool UseCompressedOops                        = true                           {product lp64_product} {ergonomic}
     bool UseG1GC                                  = true                                      {product} {ergonomic}

Logging:
Log output configuration:
 #0: stdout all=warning uptime,level,tags foldmultilines=false
 #1: stderr all=off uptime,level,tags foldmultilines=false

Environment Variables:
PATH=/opt/.devin/package/custom_binaries:/home/ubuntu/swift624/usr/bin:/home/ubuntu/repos/index-futures-stat-arb/.venv/bin:/home/ubuntu/.pixi/bin:/home/ubuntu/.local/bin:/opt/.devin/package/custom_binaries:/home/ubuntu/.local/bin:/home/linuxbrew/.linuxbrew/bin:/home/linuxbrew/.linuxbrew/sbin:/home/ubuntu/.cargo/bin:/home/ubuntu/.pyenv/shims:/home/ubuntu/.pyenv/bin:/home/ubuntu/.nvm/versions/node/v24.19.0/bin:/usr/local/sbin:/usr/local/bin:/usr/sbin:/usr/bin:/sbin:/bin:/usr/games:/usr/local/games:/snap/bin
SHELL=/bin/bash
DISPLAY=:0
LANG=C.UTF-8

Active Locale:
LC_ALL=C.UTF-8
LC_COLLATE=C.UTF-8
LC_CTYPE=C.UTF-8
LC_MESSAGES=C.UTF-8
LC_MONETARY=C.UTF-8
LC_NUMERIC=C.UTF-8
LC_TIME=C.UTF-8

Signal Handlers:
   SIGSEGV: crash_handler in libjvm.so, mask=11100100010111111101111111111110, flags=SA_RESTART|SA_SIGINFO, unblocked
    SIGBUS: crash_handler in libjvm.so, mask=11100100010111111101111111111110, flags=SA_RESTART|SA_SIGINFO, unblocked
    SIGFPE: crash_handler in libjvm.so, mask=11100100010111111101111111111110, flags=SA_RESTART|SA_SIGINFO, unblocked
   SIGPIPE: javaSignalHandler in libjvm.so, mask=11100100010111111101111111111110, flags=SA_RESTART|SA_SIGINFO, blocked
   SIGXFSZ: javaSignalHandler in libjvm.so, mask=11100100010111111101111111111110, flags=SA_RESTART|SA_SIGINFO, blocked
    SIGILL: crash_handler in libjvm.so, mask=11100100010111111101111111111110, flags=SA_RESTART|SA_SIGINFO, unblocked
   SIGUSR2: SR_handler in libjvm.so, mask=00100000000000000000000000000000, flags=SA_RESTART|SA_SIGINFO, blocked
    SIGHUP: UserHandler in libjvm.so, mask=11100100010111111101111111111110, flags=SA_RESTART|SA_SIGINFO, blocked
    SIGINT: UserHandler in libjvm.so, mask=11100100010111111101111111111110, flags=SA_RESTART|SA_SIGINFO, blocked
   SIGTERM: UserHandler in libjvm.so, mask=11100100010111111101111111111110, flags=SA_RESTART|SA_SIGINFO, blocked
   SIGQUIT: UserHandler in libjvm.so, mask=11100100010111111101111111111110, flags=SA_RESTART|SA_SIGINFO, blocked
   SIGTRAP: crash_handler in libjvm.so, mask=11100100010111111101111111111110, flags=SA_RESTART|SA_SIGINFO, unblocked


Periodic native trim disabled

JNI global refs:
JNI global refs: 8, weak refs: 0

JNI global refs memory usage: 859, weak refs: 857

Process memory usage:
Resident Set Size: 320640K (0% of 32865196K total physical memory with 26928088K free physical memory)

OOME stack traces (most recent first):
Classloader memory used:
Loader bootstrap                                                                       : 943K
Loader jdk.internal.loader.ClassLoaders$AppClassLoader                                 : 401K

---------------  S Y S T E M  ---------------

OS:
DISTRIB_ID=Ubuntu
DISTRIB_RELEASE=22.04
DISTRIB_CODENAME=jammy
DISTRIB_DESCRIPTION="Ubuntu 22.04.5 LTS"
uname: Linux 6.8.0-1061-aws #64~22.04.1-Ubuntu SMP Thu Jul 16 14:38:59 UTC 2026 x86_64
OS uptime: 0 days 2:54 hours
libc: glibc 2.35 NPTL 2.35 
rlimit (soft/hard): STACK 8192k/infinity , CORE 0k/infinity , NPROC 128106/128106 , NOFILE 524288/524288 , AS infinity/infinity , CPU infinity/infinity , DATA infinity/infinity , FSIZE infinity/infinity , MEMLOCK 8192k/8192k
load average: 1.86 0.80 0.38

/proc/meminfo:
MemTotal:       32865196 kB
MemFree:         7118688 kB
MemAvailable:   26928088 kB
Buffers:          362640 kB
Cached:         19161156 kB
SwapCached:            0 kB
Active:          6230144 kB
Inactive:       18332588 kB
Active(anon):    5094780 kB
Inactive(anon):        0 kB
Active(file):    1135364 kB
Inactive(file): 18332588 kB
Unevictable:       27656 kB
Mlocked:           27656 kB
SwapTotal:             0 kB
SwapFree:              0 kB
Zswap:                 0 kB
Zswapped:              0 kB
Dirty:               500 kB
Writeback:             0 kB
AnonPages:       5066820 kB
Mapped:           904160 kB
Shmem:             46780 kB
KReclaimable:     806692 kB
Slab:             992244 kB
SReclaimable:     806692 kB
SUnreclaim:       185552 kB
KernelStack:       12496 kB
PageTables:        31760 kB
SecPageTables:         0 kB
NFS_Unstable:          0 kB
Bounce:                0 kB
WritebackTmp:          0 kB
CommitLimit:    16432596 kB
Committed_AS:    9556196 kB
VmallocTotal:   13743895347199 kB
VmallocUsed:       28776 kB
VmallocChunk:          0 kB
Percpu:            20128 kB
HardwareCorrupted:     0 kB
AnonHugePages:         0 kB
ShmemHugePages:        0 kB
ShmemPmdMapped:        0 kB
FileHugePages:         0 kB
FilePmdMapped:         0 kB
Unaccepted:            0 kB
HugePages_Total:       0
HugePages_Free:        0
HugePages_Rsvd:        0
HugePages_Surp:        0
Hugepagesize:       2048 kB
Hugetlb:               0 kB
DirectMap4k:      144872 kB
DirectMap2M:     3000320 kB
DirectMap1G:    32505856 kB

/sys/kernel/mm/transparent_hugepage/enabled: always [madvise] never
/sys/kernel/mm/transparent_hugepage/hpage_pmd_size: 2097152
/sys/kernel/mm/transparent_hugepage/defrag (defrag/compaction efforts parameter): always defer defer+madvise [madvise] never

Process Memory:
Virtual Size: 8137864K (peak: 8200556K)
Resident Set Size: 320672K (peak: 320672K) (anon: 232504K, file: 88168K, shmem: 0K)
Swapped out: 0K
C-Heap outstanding allocations: 33512K, retained: 2695K
glibc malloc tunables: (default)

/proc/sys/kernel/threads-max (system-wide limit on the number of threads): 256213
/proc/sys/vm/max_map_count (maximum number of memory map areas a process may have): 65530
/proc/sys/vm/swappiness (control to define how aggressively the kernel swaps out anonymous memory): 60
/proc/sys/kernel/pid_max (system-wide limit on number of process identifiers): 4194304

container (cgroup) information:
container_type: cgroupv2
cpu_cpuset_cpus: not supported
cpu_memory_nodes: not supported
active_processor_count: 8
cpu_quota: no quota
cpu_period: 100000
cpu_shares: no shares
memory_limit_in_bytes: unlimited
memory_and_swap_limit_in_bytes: unlimited
memory_soft_limit_in_bytes: 0
memory_usage_in_bytes: 23646440 k
memory_max_usage_in_bytes: not supported
memory_swap_current_in_bytes: 0
memory_swap_max_limit_in_bytes: unlimited
maximum number of tasks: 38431
current number of tasks: 510

KVM virtualization detected
Steal ticks since vm start: 1
Steal ticks percentage since vm start:  0.004

CPU: total 8 (initial active 8) (8 cores per cpu, 1 threads per core) family 6 model 207 stepping 2 microcode 0x1, cx8, cmov, fxsr, mmx, 3dnowpref, sse, sse2, sse3, ssse3, sse4.1, sse4.2, popcnt, lzcnt, tsc, tscinvbit, avx, avx2, aes, erms, clmul, bmi1, bmi2, adx, avx512f, avx512dq, avx512cd, avx512bw, avx512vl, sha, fma, vzeroupper, avx512_vpopcntdq, avx512_vpclmulqdq, avx512_vaes, avx512_vnni, clflush, clflushopt, clwb, avx512_vbmi2, avx512_vbmi, hv, serialize, rdtscp, rdpid, fsrm, gfni, avx512_bitalg, f16c, pku, ospke, cet_ibt, cet_ss, avx512_ifma
CPU Model and flags from /proc/cpuinfo:
model name	: INTEL(R) XEON(R) PLATINUM 8559C
flags		: fpu vme de pse tsc msr pae mce cx8 apic sep mtrr pge mca cmov pat pse36 clflush dts mmx fxsr sse sse2 ss ht syscall nx pdpe1gb rdtscp lm constant_tsc arch_perfmon pebs bts rep_good nopl xtopology nonstop_tsc cpuid tsc_known_freq pni pclmulqdq dtes64 vmx ssse3 fma cx16 pdcm pcid sse4_1 sse4_2 x2apic movbe popcnt tsc_deadline_timer aes xsave avx f16c rdrand hypervisor lahf_lm abm 3dnowprefetch cpuid_fault ssbd ibrs ibpb stibp ibrs_enhanced tpr_shadow flexpriority ept vpid ept_ad fsgsbase tsc_adjust bmi1 avx2 smep bmi2 erms invpcid avx512f avx512dq rdseed adx smap avx512ifma clflushopt clwb avx512cd sha_ni avx512bw avx512vl xsaveopt xsavec xgetbv1 xsaves user_shstk avx_vnni avx512_bf16 wbnoinvd arat vnmi avx512vbmi umip pku ospke waitpkg avx512_vbmi2 gfni vaes vpclmulqdq avx512_vnni avx512_bitalg avx512_vpopcntdq la57 rdpid bus_lock_detect cldemote movdiri movdir64b fsrm md_clear serialize tsxldtrk ibt avx512_fp16 flush_l1d arch_capabilities

Online cpus: 0-7
Offline cpus: 
BIOS frequency limitation: <Not Available>
Frequency switch latency (ns): <Not Available>
Available cpu frequencies: <Not Available>
Current governor: <Not Available>
Core performance/turbo boost: <Not Available>

Memory: 4k page, physical 32865196k(26928088k free), swap 0k(0k free)
Page Sizes: 4k

vm_info: OpenJDK 64-Bit Server VM (21.0.8+9-b1163.69) for linux-amd64 JRE (21.0.8+9-b1163.69), built on 2025-10-24 by "builduser" with gcc 10.3.1 20210422 (Red Hat 10.3.1-1.2.0.1)

END.
